,url,date,content,id,username,outlinks,outlinksss,tcooutlinks,tcooutlinksss
0,https://twitter.com/dangerousxgoods/status/1412775554915266574,2021-07-07 14:08:35+00:00,"@TURNSTILEHC 3 years ago today in pre-covid Singapore 🇸🇬🇸🇬🇸🇬
Fun Times!🚨🚨🚨👌🏻 https://t.co/BUzfK7lseA",1412775554915266574,dangerousxgoods,[],,[],
1,https://twitter.com/FirdausAirways/status/1412577103359348747,2021-07-07 01:00:00+00:00,#India permits carriers to fly 65% of pre-Covid domestic levels https://t.co/DBUPNqCQUu,1412577103359348747,FirdausAirways,['https://www.flightglobal.com/airlines/india-permits-carriers-to-fly-65-of-pre-covid-domestic-levels/144463.article'],https://www.flightglobal.com/airlines/india-permits-carriers-to-fly-65-of-pre-covid-domestic-levels/144463.article,['https://t.co/DBUPNqCQUu'],https://t.co/DBUPNqCQUu
2,https://twitter.com/ChannelNewsAsia/status/1412346612169408513,2021-07-06 09:44:07+00:00,Japan government expects economy to return to pre-COVID levels by year-end https://t.co/Jz7Ie0cIOP https://t.co/5Olgw8Aqal,1412346612169408513,ChannelNewsAsia,['https://cna.asia/3xmhwmG'],https://cna.asia/3xmhwmG,['https://t.co/Jz7Ie0cIOP'],https://t.co/Jz7Ie0cIOP
3,https://twitter.com/SujitMittra/status/1412272364251869187,2021-07-06 04:49:05+00:00,@jasmeenGdugal @sonalikasahay Someone tell me this is fake. Or from pre-covid times. @AltNews,1412272364251869187,SujitMittra,[],,[],
4,https://twitter.com/_nlofr_brvn_/status/1411802392652226561,2021-07-04 21:41:35+00:00,my shifts are 6-11 again. just like pre-covid :'),1411802392652226561,_nlofr_brvn_,[],,[],
5,https://twitter.com/audidraws/status/1411695716716539910,2021-07-04 14:37:41+00:00,"Business class lounge waiting for my flight! I’ve never flied business class before so I’m gonna be weird about it! Apparently pre-Covid, there’s usually a buffet but because we’re in a pandemic, food is prepared to order and that’s better I think! https://t.co/PJTBSq7J3w",1411695716716539910,audidraws,[],,[],
6,https://twitter.com/MPHO_eL/status/1411582518017548295,2021-07-04 07:07:52+00:00,"Woke up with an overwhelming longing and nostalgia for the world pre-covid…🥺

We’ve really lost so much…so so much",1411582518017548295,MPHO_eL,[],,[],
7,https://twitter.com/monoinlife/status/1411532728588066819,2021-07-04 03:50:02+00:00,Have you tried The Butter Studio in SG? — I really can’t recall 😅 My friends &amp; I cafe hopped a whole lot pre-covid days.  https://t.co/dJyvZnT47y,1411532728588066819,monoinlife,['https://curiouscat.qa/monoinlife/post/1222217213'],https://curiouscat.qa/monoinlife/post/1222217213,['https://t.co/dJyvZnT47y'],https://t.co/dJyvZnT47y
8,https://twitter.com/syiqinnn/status/1411318821768491010,2021-07-03 13:40:02+00:00,I miss my life pre-covid. What have covid did to all of us?,1411318821768491010,syiqinnn,[],,[],
9,https://twitter.com/_radhiyyah/status/1411079575476609026,2021-07-02 21:49:22+00:00,I miss my pre-covid life mahn 😭,1411079575476609026,_radhiyyah,[],,[],
10,https://twitter.com/lizalinwsj/status/1410851236102905866,2021-07-02 06:42:01+00:00,"Absolutely fascinating piece about the decimated wildlife farms that were thriving in China pre-covid. Bamboo rats, salamanders and racoon dogs were among the animals bred for food or fur before, but not anymore. via @JNBPage 
https://t.co/rbfAX4AKtj",1410851236102905866,lizalinwsj,['https://www.wsj.com/articles/covid-origins-china-wild-animal-farms-pandemic-source-11625060088?mod=trending_now_news_3'],https://www.wsj.com/articles/covid-origins-china-wild-animal-farms-pandemic-source-11625060088?mod=trending_now_news_3,['https://t.co/rbfAX4AKtj'],https://t.co/rbfAX4AKtj
11,https://twitter.com/BarshaPanda/status/1410834912609935362,2021-07-02 05:37:09+00:00,"Pre-covid, this organic connection might not have happened. Or at least would have taken a lot longer.
 
Because we are conditioned to not show our vulnerabilities. Especially at work.",1410834912609935362,BarshaPanda,[],,[],
12,https://twitter.com/AudiKhalid/status/1410770175238889476,2021-07-02 01:19:55+00:00,not sure whether to be jealous of these kids where they’ve never worked in a world pre-covid. there’s a lot of inertia with people who think we can ‘go back’ to pre covid status quo and over the months they’ve gone nuts yearning of a world that doesn’t exist anymore,1410770175238889476,AudiKhalid,[],,[],
13,https://twitter.com/muse_singapore/status/1410538791102783490,2021-07-01 10:00:28+00:00,"The weekend is only one day away! Are you as excited as us about the weekends? Share with us in the comment section below on what your plans are for this weekend?
P.S This was taken pre-covid, hence the mask-less crew!

#MusePL #Singapore #Video #film #postproduction #animation https://t.co/CRcxhMtq7S",1410538791102783490,muse_singapore,[],,[],
14,https://twitter.com/kingphalez/status/1399884657685053442,2021-06-02 00:24:45+00:00,"A pre-Covid photo, colourized. @ Singapore https://t.co/xbPpKwkyK0",1399884657685053442,kingphalez,['https://www.instagram.com/p/CPmPst2hGQZ/?utm_medium=twitter'],https://www.instagram.com/p/CPmPst2hGQZ/?utm_medium=twitter,['https://t.co/xbPpKwkyK0'],https://t.co/xbPpKwkyK0
15,https://twitter.com/YamashitaPhoto/status/1394472808042934274,2021-05-18 02:00:00+00:00,This short video from a workshop I was giving in Singapore  just popped up on my screen as a memory from pre-covid life.  #singapore #photoworkshop @ Singapore https://t.co/zKzIANy0J6,1394472808042934274,YamashitaPhoto,['https://www.instagram.com/p/CO_uDY8hhXP/?utm_medium=twitter'],https://www.instagram.com/p/CO_uDY8hhXP/?utm_medium=twitter,['https://t.co/zKzIANy0J6'],https://t.co/zKzIANy0J6
16,https://twitter.com/_1NF1N1TYY_/status/1393076234997932033,2021-05-14 05:30:31+00:00,' I really really miss pre-covid period,1393076234997932033,_1NF1N1TYY_,[],,[],
17,https://twitter.com/AndricChia/status/1384434427476987904,2021-04-20 09:11:03+00:00,Pre-covid craziness is what I miss! All the parties and brunches got so wild! 😈 Also got to meet the baddest bitch in town @badgalriri at @sephorasg! Miss those days! @ Singapore https://t.co/5bfVQNYq9s,1384434427476987904,AndricChia,['https://www.instagram.com/p/CN4dYxrl5C5/?igshid=1smw89ki0fojm'],https://www.instagram.com/p/CN4dYxrl5C5/?igshid=1smw89ki0fojm,['https://t.co/5bfVQNYq9s'],https://t.co/5bfVQNYq9s
18,https://twitter.com/chandrakumar/status/1378868539860295684,2021-04-05 00:34:12+00:00,Change is like a pendulum in today’s world... will it go back to Pre-CoVId days or will it permanently alter how we work and study and all else...too early to predict,1378868539860295684,chandrakumar,[],,[],
19,https://twitter.com/shirls6900/status/1374274745848360968,2021-03-23 08:20:06+00:00,"Driving to town can be stressful. Traffic is almost at pre-covid levels. Nice to enjoy a sip of lemongrass tea while waiting for the traffic light to change in the far distance..

在交通中享用柠香茅茶。 https://t.co/cQCsOfJIhq",1374274745848360968,shirls6900,[],,[],
20,https://twitter.com/zulyadainishak/status/1361710811073318913,2021-02-16 16:15:31+00:00,"750/month biaya sara hidup seorang (selalu terbabas jugak ni)

Kalau berdua, 1500/month.

Aku punya gaji taklepas nak sara 1500 sebulan. Kalau demand Grab naik balik mcm pre-covid, InsyaAllah mampu.",1361710811073318913,zulyadainishak,[],,[],
21,https://twitter.com/JosephJohnAdam1/status/1360777370832015360,2021-02-14 02:26:21+00:00,@taurusangel26 In some countries an investment is required for permanent residency. I live in Singapore and travel the region (pre-Covid) so I am pretty familiar with these pre-requisites.,1360777370832015360,JosephJohnAdam1,[],,[],
22,https://twitter.com/VandanaHari_SG/status/1358726407463923712,2021-02-08 10:36:34+00:00,"@Stockminator I don't look at individual counters but oil prices right now are a rising tide that should lift all boats. US drilling has been picking up for a few months, might accelerate a bit now, though I don't see it going anywhere close to pre-Covid pace of activity.",1358726407463923712,VandanaHari_SG,[],,[],
23,https://twitter.com/spencerpapady/status/1354989935900516356,2021-01-29 03:09:09+00:00,At Singapore Changi Airport Terminal 3 departure hall now as meeting someone before lunch. It’s really empty. This place is always very packed during pre-covid but now.... Hope the situation will improve soon! https://t.co/AzeyQd4O8G,1354989935900516356,spencerpapady,[],,[],
24,https://twitter.com/davidjrainey/status/1352219607122079744,2021-01-21 11:40:52+00:00,"@benedictevans @wrklsshrd In the car dependant suburbs, probably not, but probably yes in walkable and more dense areas. 
The little Korean cafe opposite my apartment (20min tube to CBD) was deserted on weekdays pre-covid. Now they have a 90min Max seating policy and a ban on laptops. It’s mobbed 7 days.",1352219607122079744,davidjrainey,[],,[],
25,https://twitter.com/jaschintaz/status/1351379506959773697,2021-01-19 04:02:36+00:00,How the hell did I use to work out the way I did pre-covid? I’m dying now just doing barely half of everything! 😫,1351379506959773697,jaschintaz,[],,[],
26,https://twitter.com/XXIIndigo/status/1351155467133837316,2021-01-18 13:12:21+00:00,Rest? I've not have actual rest since the first year. Can't even go on holidays (pre-covid) cos my sem breaks are filled with projects fml. https://t.co/8vBa9nO40Q,1351155467133837316,XXIIndigo,['https://twitter.com/nearsily/status/1350122357986353153'],https://twitter.com/nearsily/status/1350122357986353153,['https://t.co/8vBa9nO40Q'],https://t.co/8vBa9nO40Q
27,https://twitter.com/valerieangg_/status/1347267830928994304,2021-01-07 19:44:16+00:00,"Photos from a Jay Chou concert (pre-covid times). Wasn't able to get any close-ups because of the seat I was in, and I didn't have a DSLR on me...#iPhone8 #JayChou #NationalStadium #Singapore #concert #music #Mpop #singer #singing #aesthetic #photography https://t.co/kFDbocwCOS",1347267830928994304,valerieangg_,[],,[],
28,https://twitter.com/valerieangg_/status/1347264525897093122,2021-01-07 19:31:08+00:00,"More beach shots (pre-covid times) from my visit to East Coast Park, Singapore. #iPhone8 #EastCoastPark #beach #people #seaside #sand #Singapore #aesthetic #photography https://t.co/n5cBvAohTS",1347264525897093122,valerieangg_,[],,[],
29,https://twitter.com/bavrara/status/1346731456819695616,2021-01-06 08:12:55+00:00,*pre-covid,1346731456819695616,bavrara,[],,[],
30,https://twitter.com/valerieangg_/status/1346679477561036801,2021-01-06 04:46:22+00:00,"Just behind Waterway Point @ Punggol, Singapore. A large field where people often gather for picnics (pre-covid times). #iPhone8 #WaterwayPoint #Punggol #field #picnic #sunset #aesthetic #photography https://t.co/NpnMlDZ4ut",1346679477561036801,valerieangg_,[],,[],
31,https://twitter.com/valerieangg_/status/1346524873154199552,2021-01-05 18:32:01+00:00,"Orchard / Somerset / Wisma Atria. A typical Saturday night, pre-covid times. I'd see buskers and crowds everywhere. The lively atmosphere is just lovely. This is Andrew Paul Chen, one of my favourite buskers. #iPhone8 #busking #music #nightlife #aesthetic #photography https://t.co/9mwjNnbvvT",1346524873154199552,valerieangg_,[],,[],
32,https://twitter.com/valerieangg_/status/1346517284697776131,2021-01-05 18:01:52+00:00,"Spotted quite a number of tour groups at Gardens By The Bay, Singapore [Flower Dome]. - photos were taken pre-covid lockdown #CanonDSLR #tourists #tourgroup #GardensByTheBay #FlowerDome #aesthetic #photography https://t.co/sYzpsTzSQY",1346517284697776131,valerieangg_,[],,[],
