,url,date,content,id,username,outlinks,outlinksss,tcooutlinks,tcooutlinksss
0,https://twitter.com/amell_juan/status/1412485431707504640,2021-07-06 18:55:44+00:00,"Que dilema 
Tan bipolar tengo con mi vida de adulto 🙃",1412485431707504640,amell_juan,[],,[],
1,https://twitter.com/dil33Y/status/1412430507397156866,2021-07-06 15:17:29+00:00,"i think this cat got bipolar ah. skejap manje lepas tu tkde angin tkde ribu, nak cekau orang",1412430507397156866,dil33Y,[],,[],
2,https://twitter.com/aaseychee/status/1412103664508887041,2021-07-05 17:38:43+00:00,yo i think syaf bipolar rn,1412103664508887041,aaseychee,[],,[],
3,https://twitter.com/Merrypohhsahh/status/1411733118529130498,2021-07-04 17:06:18+00:00,"Ni kalau pegi jumpe psychiatry ni confirm segala jenis depress, bipolar semua ada kt aku. Korang tk nampak kan? Sbb aku sorok. Bape tahun aku sorok? Bertahun. So if kau tkde nasib mcm aku maka bersyukurlah.",1411733118529130498,Merrypohhsahh,[],,[],
4,https://twitter.com/adhdkhanagakhan/status/1411632465207169025,2021-07-04 10:26:21+00:00,"This is some of the prescribed medication to treat my #bipolar #anxietydisorder #depresssion which some of it cause undesired side effects 👉 Sertraline, Epilim, Aripiprazole, Alprazolam, Brintelix, Olanzapine, Mirtazapine, Lamotrigine. 

And Ritalin to treat my #ADHD. https://t.co/2OtejrQfpx",1411632465207169025,adhdkhanagakhan,[],,[],
5,https://twitter.com/Liberfachos/status/1411466944658685961,2021-07-03 23:28:38+00:00,"@josefante @JorgeIvanOspina Ospina es bipolar, mitómano. Pero todo eso se lo perdonan porque está dando contratos. Y puestos en la alcaldía sin miseria.",1411466944658685961,Liberfachos,[],,[],
6,https://twitter.com/Fatihah_Juhari/status/1411188398610554887,2021-07-03 05:01:47+00:00,Bipolar disorder in Manic Phase. https://t.co/POlMIvybZR,1411188398610554887,Fatihah_Juhari,['https://twitter.com/ulat_bulu_bulu/status/1411143167911501829'],https://twitter.com/ulat_bulu_bulu/status/1411143167911501829,['https://t.co/POlMIvybZR'],https://t.co/POlMIvybZR
7,https://twitter.com/LKLKLKLK777/status/1410917060465467392,2021-07-02 11:03:35+00:00,@jackalchien You’re 小蝗蟲? Thought your name was Chien. So you’re Chien or 小蝗蟲? Very serious bipolar.,1410917060465467392,LKLKLKLK777,[],,[],
8,https://twitter.com/ruchern_chong/status/1410788979771727872,2021-07-02 02:34:38+00:00,@Geopol2030 This account is fucking bipolar.,1410788979771727872,ruchern_chong,[],,[],
9,https://twitter.com/aegistalks/status/1410622953046233098,2021-07-01 15:34:54+00:00,"....today truly trying to get its own bipolar diagnosis in the last hour of its existence, or sth",1410622953046233098,aegistalks,[],,[],
10,https://twitter.com/asianfemifesto/status/1410575878896033795,2021-07-01 12:27:51+00:00,"As someone who was misdiagnosd with bipolar (same thing like Britney), I know how psych meds are misused. Her drunk on lithium is real. I was so dizzy, confused and dropped from a star athlete to a fall risk. My real diagnosis was CPTSD from abuse. I believe her! #FreeBritney https://t.co/0ve2M72GIZ",1410575878896033795,asianfemifesto,['https://twitter.com/SeeMiaRoll/status/1410434132015030272'],https://twitter.com/SeeMiaRoll/status/1410434132015030272,['https://t.co/0ve2M72GIZ'],https://t.co/0ve2M72GIZ
11,https://twitter.com/repployy/status/1407925012338601985,2021-06-24 04:54:15+00:00,@MuhyiddinYassin aku taktaulah dosa besar apa aku buat sampai dapat PM macam kau. Aku peh bipolar makin hari makin teruk tau yidin. Semua sebab kau dan kerajaan kau. Kau memang takkan hidup tenang kau buat rakyat gini.,1407925012338601985,repployy,[],,[],
12,https://twitter.com/repployy/status/1404050557375942656,2021-06-13 12:18:33+00:00,"@MuhyiddinYassin i swear to god, you and your bloody government will pay for this. I have bipolar disorder and now its getting worse because of you. KALAU KORANG TAK GILA KUASA MASA PRN SABAH, TAKDE MAKNANYA ADA PKP WAKTU MACAMNI. KAU TAHU TAK BETAPA STRUGGLE JE FOR ME TO SURVIVE",1404050557375942656,repployy,[],,[],
13,https://twitter.com/Jzvxr/status/1398182548761501696,2021-05-28 07:41:11+00:00,"I think I’m Bipolar and I feel I have split personalities, but I don’t know.",1398182548761501696,Jzvxr,[],,[],
14,https://twitter.com/danmcgowanmt/status/1396012088502284289,2021-05-22 07:56:33+00:00,@thesteveo_fx The amount of emotions you must go through in one day doing that full time must make you feel bipolar 😭🤣,1396012088502284289,danmcgowanmt,[],,[],
15,https://twitter.com/iamhareen/status/1392110524746268673,2021-05-11 13:33:07+00:00,I might be bipolar,1392110524746268673,iamhareen,[],,[],
16,https://twitter.com/repployy/status/1389481038221651973,2021-05-04 07:24:29+00:00,"Haha baru je aku baik mania, dah trigger balik bipolar aku. Naiseee laaa",1389481038221651973,repployy,[],,[],
17,https://twitter.com/bensonkoh/status/1380236864909500416,2021-04-08 19:11:26+00:00,@Klp168 He’s bipolar. He follows what the big money wants him to do,1380236864909500416,bensonkoh,[],,[],
18,https://twitter.com/dannelvira/status/1366799725588975619,2021-03-02 17:17:03+00:00,@marcohaikal7 Bipolar,1366799725588975619,dannelvira,[],,[],
19,https://twitter.com/dannelvira/status/1366133353418645511,2021-02-28 21:09:07+00:00,Bipolar bodoh,1366133353418645511,dannelvira,[],,[],
20,https://twitter.com/HafizEdison/status/1364918174601240584,2021-02-25 12:40:26+00:00,"Pengen deh konsul ke psikiater tapi gasiap di diagnosa depresi berat, bipolar, skisofrenia🥲",1364918174601240584,HafizEdison,[],,[],
21,https://twitter.com/lubnakalani/status/1363298234743971845,2021-02-21 01:23:22+00:00,@siasatpk @MaryamNSharif Ye right coz ur bipolar patient,1363298234743971845,lubnakalani,[],,[],
22,https://twitter.com/_badrool/status/1358418030502367232,2021-02-07 14:11:11+00:00,Penat tau deal dgn bipolar ni. Side effect medication lagi huhuhu penat penat,1358418030502367232,_badrool,[],,[],
23,https://twitter.com/syahirLMNlovato/status/1356892709647077381,2021-02-03 09:10:06+00:00,Tibe dkt timeline instagram aku banyak gila keluar pasal bipolar disorder. Tibe mcm nak self diagnose diri ini ada bipolar. Laaa tibee. Kena pergi check jumpe psychiatrist ni😂 laaa tibe,1356892709647077381,syahirLMNlovato,[],,[],
