,url,date,content,id,username,outlinks,outlinksss,tcooutlinks,tcooutlinksss
0,https://twitter.com/FHxpjm/status/1412795041395838976,2021-07-07 15:26:00+00:00,"@Hazellakoo Cream ver and thank you 🥺. My all time fav song is butterfly bcs it unveils a version of myself I never admit. The insecurity, loneliness tho loved, hopelessness tht I felt. It’s a reminiscent of tht feeling but it’s sweet too. I feel like I cared for.💜
https://t.co/iwRyjtyOCR",1412795041395838976,FHxpjm,[],,[],
1,https://twitter.com/AshuraCyn/status/1412791207801999363,2021-07-07 15:10:46+00:00,Loneliness is fucking killing me,1412791207801999363,AshuraCyn,[],,[],
2,https://twitter.com/ABoyNamedDeath/status/1412790574365609987,2021-07-07 15:08:15+00:00,"That there is nothing in between
For I am the accomplice
Aghast and tender, indulged in sin
Embraced by loneliness, legions who grin
I blunder into the realms of slumber
I collide with the obscure
And see the last fraction of light go by",1412790574365609987,ABoyNamedDeath,[],,[],
3,https://twitter.com/emgegai/status/1412780490000506880,2021-07-07 14:28:11+00:00,Loneliness suddenly struck me like a giant building,1412780490000506880,emgegai,[],,[],
4,https://twitter.com/Mizushima_S4/status/1412730943136165890,2021-07-07 11:11:18+00:00,"English Translation Thread for Evan's 6★Twilight Facet [暮光之境] date 
#光与夜之恋 #LightAndNight  

“I couldn’t quite put my finger on it, but I suddenly felt like he exuded loneliness unlike any other.”

Prologue:
https://t.co/1TGx3gNGSM

Aka MAID CARD🥰 updates slowly",1412730943136165890,Mizushima_S4,['https://jokertrap-ran.tumblr.com/post/656021065162735616/%E5%85%89%E4%B8%8E%E5%A4%9C%E4%B9%8B%E6%81%8B-light-and-night-evans-6-inspiration'],https://jokertrap-ran.tumblr.com/post/656021065162735616/%E5%85%89%E4%B8%8E%E5%A4%9C%E4%B9%8B%E6%81%8B-light-and-night-evans-6-inspiration,['https://t.co/1TGx3gNGSM'],https://t.co/1TGx3gNGSM
5,https://twitter.com/winbukansih/status/1412432437943037965,2021-07-06 15:25:09+00:00,at least i stay true to my feeling of loss and loneliness,1412432437943037965,winbukansih,[],,[],
6,https://twitter.com/SnowyWingz/status/1412408421404524554,2021-07-06 13:49:43+00:00,My bolster be my comfort of loneliness 😭 https://t.co/A07HSiTg7u,1412408421404524554,SnowyWingz,[],,[],
7,https://twitter.com/aminlasiaa/status/1412312016606224384,2021-07-06 07:26:38+00:00,this loneliness is killing me,1412312016606224384,aminlasiaa,[],,[],
8,https://twitter.com/btohtoh/status/1412236377274535939,2021-07-06 02:26:05+00:00,"I say this more as cope, for feelings of rejection and loneliness.",1412236377274535939,btohtoh,[],,[],
9,https://twitter.com/BarshaPanda/status/1412209490468818944,2021-07-06 00:39:14+00:00,"‘Loneliness of the shopping mall’
Mar 2021 / Singapore 

Marina Bay Sands, usually bustling with tourists, shoppers and window shoppers. Now a ghost town. 

Should feel sad but the architecture is so beautiful it still lifts your spirits up. 

#photography #architecture #bnw https://t.co/7CvCbD2oSY",1412209490468818944,BarshaPanda,[],,[],
10,https://twitter.com/puuuurrrrrr/status/1412075001038073857,2021-07-05 15:44:49+00:00,There’s a loneliness minister in Japan 😞,1412075001038073857,puuuurrrrrr,[],,[],
11,https://twitter.com/FonnitaCarol/status/1412042515650269185,2021-07-05 13:35:44+00:00,Never ever let Loneliness drive you back into arms of someone you know you dont belong with anymore .,1412042515650269185,FonnitaCarol,[],,[],
12,https://twitter.com/fancybootsx/status/1411561652911153152,2021-07-04 05:44:58+00:00,"&amp; I've always lived like this
Keeping a comfortable distance
And up until now I had sworn to myself
That I'm content with loneliness
Because none of it was ever worth the risk",1411561652911153152,fancybootsx,[],,[],
13,https://twitter.com/MovieBaller_JP/status/1411499666139533314,2021-07-04 01:38:39+00:00,"@georgendebele22 He really is the auteur of our generation. PTA's P-DL has and is a few kind of films: ""an arthouse Adam Sandler film"" (as described by PTA), a film about loneliness &amp; panic, a romantic drama and lowkey a brilliant superhero/Superman film (yes, PTA has already made a CBM).",1411499666139533314,MovieBaller_JP,[],,[],
14,https://twitter.com/Thenjlos/status/1411406142027309056,2021-07-03 19:27:01+00:00,"But there's loneliness that comes with being misunderstood. There's a place of weeping in the pit of my heart that has never wept before. As frustrated as one gets, I still say Yes to You. https://t.co/cA2DXQDS4e",1411406142027309056,Thenjlos,['https://twitter.com/Thenjlos/status/1411405596994179073'],https://twitter.com/Thenjlos/status/1411405596994179073,['https://t.co/cA2DXQDS4e'],https://t.co/cA2DXQDS4e
15,https://twitter.com/shafiqjpeg/status/1411362520154087436,2021-07-03 16:33:41+00:00,"just watched can you ever forgive me (2018) - quite an offbeat caper that caught me off guard with its tender study of loneliness, companionship and authenticity. https://t.co/mAcBgX3K2i",1411362520154087436,shafiqjpeg,[],,[],
16,https://twitter.com/pixdamage/status/1411219000428662787,2021-07-03 07:03:23+00:00,"Poor #CEO is unable to adapt and whines about loneliness because his underlings are not in the same building 🤨

https://t.co/D15khfAdhE",1411219000428662787,pixdamage,['https://www.ft.com/content/c6ba4621-d2c1-4140-96e1-e6cfc29806e2'],https://www.ft.com/content/c6ba4621-d2c1-4140-96e1-e6cfc29806e2,['https://t.co/D15khfAdhE'],https://t.co/D15khfAdhE
17,https://twitter.com/salmaverastica/status/1411148104599019523,2021-07-03 02:21:40+00:00,the world don’t give a fuck about your loneliness,1411148104599019523,salmaverastica,[],,[],
18,https://twitter.com/emeldawuaku/status/1411103360665722882,2021-07-02 23:23:52+00:00,Loneliness is really something,1411103360665722882,emeldawuaku,[],,[],
19,https://twitter.com/HumXin/status/1410959382716698627,2021-07-02 13:51:45+00:00,@Tallynchan Thank you 😊 I draw mermaids to convey feelings of love and loneliness,1410959382716698627,HumXin,[],,[],
20,https://twitter.com/AnceArt/status/1410902823127056386,2021-07-02 10:07:00+00:00,"@VT_OliviaMonroe Congratulations! 

I'd like to learn how to do that as well! TBH I don't have many support from friends as well, and at this  stage i feel like nobody's going to watch and sometime it's a bit sad since i start streaming to overcome my loneliness. Your words encourage me! ^^",1410902823127056386,AnceArt,[],,[],
21,https://twitter.com/NTUsgLibrary/status/1410785264616706051,2021-07-02 02:19:52+00:00,"#ReadsofNTUsgLibrary📚

A message about the importance of human connection, hidden impact of loneliness on our health, and social power of community.

Check out OverDrive @ NTU Library (https://t.co/j0EXysKqbd) to read this ebook.💻

#NTUOverDrive
#NTUsgLibrary
#Overdrive
#ebooks https://t.co/9wmxaezXEb",1410785264616706051,NTUsgLibrary,['http://ntu.overdrive.com'],http://ntu.overdrive.com,['https://t.co/j0EXysKqbd'],https://t.co/j0EXysKqbd
22,https://twitter.com/Farhana_Mazlan_/status/1410606411558506498,2021-07-01 14:29:10+00:00,"When you’re in a super elated mood but have no one to really share and vibe with, all that energy kinda just turns to loneliness. https://t.co/8h3GHt208B",1410606411558506498,Farhana_Mazlan_,[],,[],
23,https://twitter.com/FonnitaCarol/status/1410494280389459968,2021-07-01 07:03:36+00:00,Never ever let Loneliness drive you back into arms of someone you know you dont belong with anymore .,1410494280389459968,FonnitaCarol,[],,[],
24,https://twitter.com/VinodxAshwam/status/1410340445712830464,2021-06-30 20:52:19+00:00,"Love hurts for a reason
Pain makes u feel alive
Loneliness questions all
The mind knows best
But ur heart still hopes

Trust me ull eventually
Have monumental growth",1410340445712830464,VinodxAshwam,[],,[],
25,https://twitter.com/pipsyanf/status/1410219706103914501,2021-06-30 12:52:33+00:00,Sadness that hides insides the loneliness. Sorrowful thoughts that breaks every lane of the heart. Cries drizzling heavyly with no one heard. Make a way to make things okay again. But it felt like stabbed,1410219706103914501,pipsyanf,[],,[],
26,https://twitter.com/FakkahFuzz/status/1398509453335425032,2021-05-29 05:20:11+00:00,True power is being confident in loneliness,1398509453335425032,FakkahFuzz,[],,[],
27,https://twitter.com/ajayvidyasagar/status/1398467331236384768,2021-05-29 02:32:48+00:00,"The Loneliness that accompanies geniuses like @bobdylan. A great read on a week the world celebrated his 80th birthday.
""“All the Friends I Ever Had Are Gone.” On the Later Years of Bob Dylan ‹ Literary Hub"" https://t.co/CClo1WAOPv",1398467331236384768,ajayvidyasagar,['https://lithub.com/all-the-friends-i-ever-had-are-gone-on-the-later-years-of-bob-dylan/'],https://lithub.com/all-the-friends-i-ever-had-are-gone-on-the-later-years-of-bob-dylan/,['https://t.co/CClo1WAOPv'],https://t.co/CClo1WAOPv
28,https://twitter.com/thekfederation/status/1398272832530878470,2021-05-28 13:39:56+00:00,"I got so much feels from this. Like I felt Oh Aew’s pain. That fear and loneliness that starts to creep but you just keep ignoring until such time that it starts to eat you and drown you in it. This totally broke my heart. 😔😭💔
#IPromisedYouTheMoonEp1 https://t.co/453J67Sxfn",1398272832530878470,thekfederation,['https://twitter.com/Dramas4thewin/status/1397977404942045185'],https://twitter.com/Dramas4thewin/status/1397977404942045185,['https://t.co/453J67Sxfn'],https://t.co/453J67Sxfn
29,https://twitter.com/AFatElectron/status/1393965490305863680,2021-05-16 16:24:06+00:00,"Lady, is indeed normal person , with ok resources and just learning the wrong things. It's maybe reasonable  to chatitse her

But if it is latter case. 

You all are just shoving the real issues under carpet.

People in Singpaore who are receiving full brunt of loneliness, stress",1393965490305863680,AFatElectron,[],,[],
30,https://twitter.com/AFatElectron/status/1393965488506478593,2021-05-16 16:24:05+00:00,"Under prolonged loneliness.
And stress.

It's no wonder people in this group behave they want they do.

If u people just make meme out of it and laugh and ridicule and those others who join in.

It's psychotic even more of you all.

Of course. If it turns out that the person",1393965488506478593,AFatElectron,[],,[],
31,https://twitter.com/SarcasticLibra9/status/1392330815623860231,2021-05-12 04:08:29+00:00,"@PenguinIndia @Scaachi @BuzzFeed Finished this in one sitting. This book follows a woman occupying various spots in an unnamed Italian City. Written in first person, it collects moments from this woman’s life using anecdotes. Every place is an inflection of this woman’s solitude, a different kind of loneliness.",1392330815623860231,SarcasticLibra9,[],,[],
32,https://twitter.com/SarcasticLibra9/status/1387631889901555712,2021-04-29 04:56:38+00:00,"Finished this in one sitting. This book follows a woman occupying various spots in an unnamed Italian City. Written in first person, it collects moments from this woman’s life using anecdotes. Every place is an inflection of this woman’s solitude, a different kind of loneliness. https://t.co/UlnTftKint",1387631889901555712,SarcasticLibra9,[],,[],
33,https://twitter.com/gluttoh/status/1375847556333330436,2021-03-27 16:29:54+00:00,"“ when we met, i wasn’t me. i was so numb, i was so lonely.  

when i left, i wasn’t sure that i could love, love anymore 

i led you into the garden of my loneliness “

- Julia by Lauv @ Botanic Gardens,Singapore https://t.co/Erqm2Rzk6y",1375847556333330436,gluttoh,['https://www.instagram.com/p/CM7c5A8MVKr/?igshid=9ac15b6yuge5'],https://www.instagram.com/p/CM7c5A8MVKr/?igshid=9ac15b6yuge5,['https://t.co/Erqm2Rzk6y'],https://t.co/Erqm2Rzk6y
34,https://twitter.com/HuaLiSha/status/1375682318682185735,2021-03-27 05:33:18+00:00,We all have our own version of loneliness.,1375682318682185735,HuaLiSha,[],,[],
35,https://twitter.com/nur_faalihah/status/1372897600643366920,2021-03-19 13:07:49+00:00,bruh you know that feeling of loneliness even when you're surrounded by millions of people and yet you still feel so alone yes it's painful,1372897600643366920,nur_faalihah,[],,[],
36,https://twitter.com/ntclmzq/status/1361556262215766021,2021-02-16 06:01:24+00:00,"@kytalli Yeah those are elements i know i want too. loneliness, queerness, magic, superstition, portals. That tension i feel b/w the imaginary &amp; the gritty real. I would love 2 see lots of strange creatures n symbols (incl. NPCs) in 迷信 realm. N OBJECTS 2 COLLECT",1361556262215766021,ntclmzq,[],,[],
37,https://twitter.com/djaashiq_sg/status/1359710025229344770,2021-02-11 03:45:06+00:00,In the end I'm left with nothing. But loneliness. I guess this is what was written for me.,1359710025229344770,djaashiq_sg,[],,[],
38,https://twitter.com/djaashiq_sg/status/1358783910394490888,2021-02-08 14:25:03+00:00,Emptiness. Loneliness. 😓 https://t.co/L5isMrr2JD,1358783910394490888,djaashiq_sg,[],,[],
39,https://twitter.com/djaashiq_sg/status/1357181501016743936,2021-02-04 04:17:39+00:00,I can forsee the loneliness ahead in the future. Guess this is the time to get used to it. 🙃,1357181501016743936,djaashiq_sg,[],,[],
40,https://twitter.com/djaashiq_sg/status/1348227425289687040,2021-01-10 11:17:21+00:00,"Cold weather. Anxiety attacks. 
Heavy heart. Loneliness. 🙃",1348227425289687040,djaashiq_sg,[],,[],
41,https://twitter.com/syakiwifruit/status/1346161801453469696,2021-01-04 18:29:18+00:00,2am is a constant battle of confronting your loneliness or entertaining that sudden burst of energy to start a completely new hobby or continue making that project that youve put off for months,1346161801453469696,syakiwifruit,[],,[],
42,https://twitter.com/kborsetti/status/1345251158852399105,2021-01-02 06:10:44+00:00,"The loneliness in these voices, including those of my parents, should be enough of a reminder on why staying home is vital. When will the individualistic US culture understand that a collective effort will make a difference? 
Travel can wait.

 https://t.co/JjQPPfj9tT",1345251158852399105,kborsetti,['https://nyti.ms/3b3vilJ'],https://nyti.ms/3b3vilJ,['https://t.co/JjQPPfj9tT'],https://t.co/JjQPPfj9tT
