,url,date,content,id,username,outlinks,outlinksss,tcooutlinks,tcooutlinksss
0,https://twitter.com/KewinSiah/status/1340946977295540225,2020-12-21 09:07:27+00:00,"1st ACG Clinical Guideline on IBS 🤓 Management of Irritable Bowel... : Official journal of the American College of Gastroenterology | ACG https://t.co/2TWF64ARbH

#gitweet #ibs #nuhgi #nuhgastro #nuhibs #giresidents @DrCalvinKoh @AndrewOngML @sunnyheiwong @DrHuangDQ",1340946977295540225,KewinSiah,['https://pdfs.journals.lww.com/ajg/9000/00000/ACG_Clinical_Guideline__Management_of_Irritable.98972.pdf'],https://pdfs.journals.lww.com/ajg/9000/00000/ACG_Clinical_Guideline__Management_of_Irritable.98972.pdf,['https://t.co/2TWF64ARbH'],https://t.co/2TWF64ARbH
1,https://twitter.com/AmuMinaj/status/1327811309505638400,2020-11-15 03:11:00+00:00,So irritable.,1327811309505638400,AmuMinaj,[],,[],
2,https://twitter.com/tiffanyyongwt/status/1288348754106634240,2020-07-29 05:40:53+00:00,"I have a love-hate thing for mask. I love doing #MaskMakeup where I just do my eye makeup, parading with different masks daily but going on under the mask all day makes my skin more sensitive and irritable. So which… https://t.co/sL4dTGsqRy",1288348754106634240,tiffanyyongwt,['https://www.instagram.com/p/CDNvC1eAmY-/?igshid=1m3xtby5dfp7g'],https://www.instagram.com/p/CDNvC1eAmY-/?igshid=1m3xtby5dfp7g,['https://t.co/sL4dTGsqRy'],https://t.co/sL4dTGsqRy
