,url,date,content,id,username,outlinks,outlinksss,tcooutlinks,tcooutlinksss
0,https://twitter.com/DestinyMuah/status/1343712892412194818,2020-12-29 00:18:13+00:00,Beauty is in the 👁 of the beholder......I...AM....the beholder......😘 #selflove #musicislife @ -=Outer Space=- https://t.co/Omgu8KTPew,1343712892412194818,DestinyMuah,['https://www.instagram.com/p/CJXHvKELER5/?igshid=4n73rfeuhxy3'],https://www.instagram.com/p/CJXHvKELER5/?igshid=4n73rfeuhxy3,['https://t.co/Omgu8KTPew'],https://t.co/Omgu8KTPew
1,https://twitter.com/Kohgulan_K/status/1341116582886457344,2020-12-21 20:21:24+00:00,"If you got bullied, embarrassed yourself, missed your opportunity and had a terrible day, please remember that tomorrow is another chance to start again! Hugs 🤗 

#hug #staystrong #youareawesome #hope #tomorrowisablessing #selflove #Blessings #blessed #gratitude https://t.co/SgCodI8r7U",1341116582886457344,Kohgulan_K,[],,[],
2,https://twitter.com/kwokhua72/status/1340823014728822786,2020-12-21 00:54:52+00:00,A bright future awaits!   Beautiful Singapore @URAsg @PaulOMahony #singapore #selflove #selfcare #loveyourself #laugh #Play #LaughMore https://t.co/j93M8W69zY,1340823014728822786,kwokhua72,[],,[],
3,https://twitter.com/JaiAdnan/status/1340578736228474881,2020-12-20 08:44:12+00:00,"one more to wrap up the week at my most fave club, by far! 💜 #selflove #mystorysg #jaistoryhealthstory 201220 @ One George Street https://t.co/9g05FYRJet",1340578736228474881,JaiAdnan,['https://www.instagram.com/p/CJA1-mQHNYo/?igshid=jwbjku0g2epg'],https://www.instagram.com/p/CJA1-mQHNYo/?igshid=jwbjku0g2epg,['https://t.co/9g05FYRJet'],https://t.co/9g05FYRJet
4,https://twitter.com/ThePanicRoom_SG/status/1339124967745654785,2020-12-16 08:27:26+00:00,"This kissmess tak mo bushuk .. if your partner got bantal bushuk from young till now haven’t wash one ,better send them go IMH check abit. #selfcare #selfie #selflove #besokmc @ The Panic Room SG https://t.co/tewo0PDZ7C",1339124967745654785,ThePanicRoom_SG,['https://www.instagram.com/p/CI2hZIHnMHn/?igshid=1jnijjm0ozkf3'],https://www.instagram.com/p/CI2hZIHnMHn/?igshid=1jnijjm0ozkf3,['https://t.co/tewo0PDZ7C'],https://t.co/tewo0PDZ7C
5,https://twitter.com/Enthiran_Raj/status/1334481855580692480,2020-12-03 12:57:22+00:00,"Nevertheless the brightness is way too vivid, there is always a darkness hidden inside me.. 😊
#me #myself #mylife #lifelessons #silence #secret #hurt #pain #agony #survıvor #selfmastery #selfdiscovery #selflove https://t.co/IFTwFPYZ6U",1334481855580692480,Enthiran_Raj,['https://www.instagram.com/p/CIVh8k-F5LK/?igshid=yhhyneihjrjq'],https://www.instagram.com/p/CIVh8k-F5LK/?igshid=yhhyneihjrjq,['https://t.co/IFTwFPYZ6U'],https://t.co/IFTwFPYZ6U
6,https://twitter.com/merryandjoyous/status/1333466621659148289,2020-11-30 17:43:11+00:00,"Its So True. Lets all implement it to make everyone in our society MERRY AND JOYOUS ❤️
.
.⁣
.⁣
.⁣
.⁣
#life #lifestyle  #happy #instadaily #success #positivity #instagood #fashion #quotes #inspire #motivationalquotes #selflove #mindset #MotivationMonday #happiness #fact #goals https://t.co/FA8swLuwdM",1333466621659148289,merryandjoyous,[],,[],
7,https://twitter.com/ThePanicRoom_SG/status/1332256548769435648,2020-11-27 09:34:48+00:00,Black Friday . Friday got people work meh ? #selfcare #besokmc #selflove @ The Panic Room SG https://t.co/UpyuSgtohP,1332256548769435648,ThePanicRoom_SG,['https://www.instagram.com/p/CIFt7URn7tO/?igshid=xzng03pctc7d'],https://www.instagram.com/p/CIFt7URn7tO/?igshid=xzng03pctc7d,['https://t.co/UpyuSgtohP'],https://t.co/UpyuSgtohP
8,https://twitter.com/cwcchun/status/1331627717813444609,2020-11-25 15:56:03+00:00,"Sometimes, I look in the mirror and realised I’m in love with myself. 😍❤️ #selflove #love",1331627717813444609,cwcchun,[],,[],
9,https://twitter.com/ThePanicRoom_SG/status/1331541254040133633,2020-11-25 10:12:28+00:00,Mid week walking out of the office / tomorrow mc ... #selfcare #selflove #besokmc @ The Panic Room SG https://t.co/BhKGQJKHDa,1331541254040133633,ThePanicRoom_SG,['https://www.instagram.com/p/CIAoowAn7oP/?igshid=pgrxdrgudle1'],https://www.instagram.com/p/CIAoowAn7oP/?igshid=pgrxdrgudle1,['https://t.co/BhKGQJKHDa'],https://t.co/BhKGQJKHDa
10,https://twitter.com/JaiAdnan/status/1330406969765634048,2020-11-22 07:05:14+00:00,"#ceritasemalam 🍰 of #cravings after gym, hooray on a #saturyay,🕺🏽and #calories I couldn’t resist! 😉 tis is #selflove because I so deserve 💙 #mystorysg #jaistorymakanstory 221120 @ Singapore Marriott Tang Plaza Hotel https://t.co/Gh0dX15uO4",1330406969765634048,JaiAdnan,['https://www.instagram.com/p/CH4k54anCgv/?igshid=4l3e88gxcui0'],https://www.instagram.com/p/CH4k54anCgv/?igshid=4l3e88gxcui0,['https://t.co/Gh0dX15uO4'],https://t.co/Gh0dX15uO4
11,https://twitter.com/kjejercito/status/1328637238180274183,2020-11-17 09:52:57+00:00,"Never rip yourself into million pieces just to keep someone whole 😉 

#SelfLove 
#TUESera @ Haji Lane https://t.co/Hz7O7LDhXV",1328637238180274183,kjejercito,['https://www.instagram.com/p/CHsAH_cJ-bE/?igshid=14j0ip20gdeeg'],https://www.instagram.com/p/CHsAH_cJ-bE/?igshid=14j0ip20gdeeg,['https://t.co/Hz7O7LDhXV'],https://t.co/Hz7O7LDhXV
12,https://twitter.com/AtomeSg/status/1325837517803847680,2020-11-09 16:27:51+00:00,"There's no better company than your amazing self 💖 So #selflove and splurge on your passions while staying on track with your financial goals 👉🏻 https://t.co/nO2wW2B1C8. Treat yourself &amp; stand to win more than $3800 worth of amazing prizes 😎 

#GetAllTheOnesYouWant #Singapore https://t.co/CjD4rfGG29",1325837517803847680,AtomeSg,['http://bit.ly/Atome1111SinglesDay'],http://bit.ly/Atome1111SinglesDay,['https://t.co/nO2wW2B1C8'],https://t.co/nO2wW2B1C8
13,https://twitter.com/unicomijo/status/1325138987019771914,2020-11-07 18:12:09+00:00,the accuracy... tama lang talaga na nagresign ako. #selflove muna. 💪🏼♥️🙏🏼 https://t.co/c8biydRXfT,1325138987019771914,unicomijo,['https://twitter.com/avxxtarot/status/1325075354688647171'],https://twitter.com/avxxtarot/status/1325075354688647171,['https://t.co/c8biydRXfT'],https://t.co/c8biydRXfT
14,https://twitter.com/abasmayorrrr/status/1322164733324140545,2020-10-30 13:13:31+00:00,“To fall in love with yourself is the first secret to happiness.” #selflove https://t.co/jGTUsVoU8s,1322164733324140545,abasmayorrrr,[],,[],
15,https://twitter.com/iamdemydegracia/status/1321452133653229570,2020-10-28 14:01:54+00:00,Celebrating a lot of things to be thankful for. #grateful #selflove #SelfCare https://t.co/OsH2otrPyS,1321452133653229570,iamdemydegracia,[],,[],
16,https://twitter.com/iamdemydegracia/status/1320982085486653440,2020-10-27 06:54:06+00:00,Celebrating a lot of things to be thankful for. #GRATEFUL #SelfLove #SelfCare @ LAVO Singapore https://t.co/L3LEKGA9WQ,1320982085486653440,iamdemydegracia,['https://www.instagram.com/p/CG1m9uZgHUq/?igshid=1mm8wlk5wazad'],https://www.instagram.com/p/CG1m9uZgHUq/?igshid=1mm8wlk5wazad,['https://t.co/L3LEKGA9WQ'],https://t.co/L3LEKGA9WQ
17,https://twitter.com/ThePanicRoom_SG/status/1320974286115328001,2020-10-27 06:23:06+00:00,If armpit center parting hair must like this to follow suit. Can sing like this is a bonus. #cementfloors #geylangtakeover #selfcare #selflove #tmrmc #besokmc @ The Panic Room SG https://t.co/9JtFO63kk2,1320974286115328001,ThePanicRoom_SG,['https://www.instagram.com/p/CG1jQaSDSfF/?igshid=11p05yjiiuuk5'],https://www.instagram.com/p/CG1jQaSDSfF/?igshid=11p05yjiiuuk5,['https://t.co/9JtFO63kk2'],https://t.co/9JtFO63kk2
18,https://twitter.com/ThePanicRoom_SG/status/1320377333568733191,2020-10-25 14:51:02+00:00,Do you dream? Two monitors means can play two players .. 📺 by : @jimmy_phua @8storeytree @artistandcontractor @miunartist @miun #panicsquad #geylangtakeover #8storeytree #selfcare #selflove #besokmc @ The Panic Room SG https://t.co/htKCQEScwH,1320377333568733191,ThePanicRoom_SG,['https://www.instagram.com/p/CGxT9EsH-cG/?igshid=3iulyucgx8sd'],https://www.instagram.com/p/CGxT9EsH-cG/?igshid=3iulyucgx8sd,['https://t.co/htKCQEScwH'],https://t.co/htKCQEScwH
19,https://twitter.com/thearlynist/status/1318896860350849024,2020-10-21 12:48:10+00:00,"Much needed advise came to me through a song.. - ""Now.. I'd like to dedicate this song to ME!!"" ❤
#whatevermotivates #thearlynist #selflove #selfcare #love @ Hougang MRT Station(NE14) https://t.co/YFviY7CShC",1318896860350849024,thearlynist,['https://www.instagram.com/p/CGmytsXn9O9c4XY6tU78t9CMHIxTNk612klqRI0/?igshid=hz4whfwdv7cf'],https://www.instagram.com/p/CGmytsXn9O9c4XY6tU78t9CMHIxTNk612klqRI0/?igshid=hz4whfwdv7cf,['https://t.co/YFviY7CShC'],https://t.co/YFviY7CShC
20,https://twitter.com/iamdemydegracia/status/1318122494432247810,2020-10-19 09:31:06+00:00,"I mean don’t you love the other side of Singapore?! #pulauubin #naturelovers #ichoosehappiness #SelfLove #SelfCare 💞 @ Pulau Ubin, Singapore https://t.co/SZ9snOaVzk",1318122494432247810,iamdemydegracia,['https://www.instagram.com/p/CGhSkZmAF64/?igshid=dcj0p276oxoa'],https://www.instagram.com/p/CGhSkZmAF64/?igshid=dcj0p276oxoa,['https://t.co/SZ9snOaVzk'],https://t.co/SZ9snOaVzk
21,https://twitter.com/Spec_Decomp/status/1317508458132930560,2020-10-17 16:51:09+00:00,#selflove @ Singapore Zoo https://t.co/y81uasR6HH,1317508458132930560,Spec_Decomp,['https://www.instagram.com/p/CGc7V1YlupL/?igshid=qoomd597g30m'],https://www.instagram.com/p/CGc7V1YlupL/?igshid=qoomd597g30m,['https://t.co/y81uasR6HH'],https://t.co/y81uasR6HH
22,https://twitter.com/Aniqah19/status/1317117865212792832,2020-10-16 14:59:04+00:00,"My heart telling me if i want to continue doing this that i like to do.  But there stopping me or pull me back and that my family and my friends that i love. 🙌🤍❤

I will still continue what i will do. My compassion to work, the people that i really care. ❤😎. #selflove",1317117865212792832,Aniqah19,[],,[],
23,https://twitter.com/ThePanicRoom_SG/status/1317020941851951104,2020-10-16 08:33:56+00:00,"If I smile to fast, you alls can get sugar rush ... #selflove #selfcare #besokmc #geylangtakeover @ The Panic Room SG https://t.co/dxPxWnDnDY",1317020941851951104,ThePanicRoom_SG,['https://www.instagram.com/p/CGZdpD_D9xW/?igshid=1v99w5rfwyuhl'],https://www.instagram.com/p/CGZdpD_D9xW/?igshid=1v99w5rfwyuhl,['https://t.co/dxPxWnDnDY'],https://t.co/dxPxWnDnDY
24,https://twitter.com/ThePanicRoom_SG/status/1317010765241606145,2020-10-16 07:53:29+00:00,"Nows the days if the picture blur , they call it art. Cut and styled by @dannymullen_  book your apprentice slot before it’s gone . #selflove #selfcare #besokmc @ The Panic Room SG https://t.co/QPbJB00OV4",1317010765241606145,ThePanicRoom_SG,['https://www.instagram.com/p/CGZZA6ljGGW/?igshid=1af3hr8r8rsyu'],https://www.instagram.com/p/CGZZA6ljGGW/?igshid=1af3hr8r8rsyu,['https://t.co/QPbJB00OV4'],https://t.co/QPbJB00OV4
25,https://twitter.com/ThePanicRoom_SG/status/1316949639954898944,2020-10-16 03:50:36+00:00,Stop 🛑 look and listen. If you cannot listen. Stop talking. #cementfloors #selflove #selfcare #besokmc #panicsquad #geylangtakeover @ The Panic Room SG https://t.co/SAP2GuaXkk,1316949639954898944,ThePanicRoom_SG,['https://www.instagram.com/p/CGY9N05DaEV/?igshid=3tlhbzmh7x59'],https://www.instagram.com/p/CGY9N05DaEV/?igshid=3tlhbzmh7x59,['https://t.co/SAP2GuaXkk'],https://t.co/SAP2GuaXkk
26,https://twitter.com/Shay_Tej/status/1316908623302414337,2020-10-16 01:07:37+00:00,"Give Yourself Enough Respect To Walk Away From Anyone That Doesn't See Your Worth!
#selfworth #selflove https://t.co/TGbFHI4qIL",1316908623302414337,Shay_Tej,[],,[],
27,https://twitter.com/ThePanicRoom_SG/status/1316772796609949696,2020-10-15 16:07:53+00:00,Many can give you a good haircut. But not many are barbers.. #selfcare #selflove #geylangtakeover #besokmc credits @koles1aw @ The Panic Room SG https://t.co/B9jxMwIhtG,1316772796609949696,ThePanicRoom_SG,['https://www.instagram.com/p/CGXsy6tnJQz/?igshid=z6tx9ngq3hlm'],https://www.instagram.com/p/CGXsy6tnJQz/?igshid=z6tx9ngq3hlm,['https://t.co/B9jxMwIhtG'],https://t.co/B9jxMwIhtG
28,https://twitter.com/ThePanicRoom_SG/status/1316370634524495874,2020-10-14 13:29:50+00:00,"Dinner 🥘... Jaws pedas, the trilogy. #jaws #selfhelp #selflove #pedas #geylangtakeover @ The Panic Room SG https://t.co/PccdRv9Jd4",1316370634524495874,ThePanicRoom_SG,['https://www.instagram.com/p/CGU16t4HF4O/?igshid=1tsys2e766frr'],https://www.instagram.com/p/CGU16t4HF4O/?igshid=1tsys2e766frr,['https://t.co/PccdRv9Jd4'],https://t.co/PccdRv9Jd4
29,https://twitter.com/GiliLankanfushi/status/1316351304155889664,2020-10-14 12:13:02+00:00,"PAUSE. Breathe. Reflect.
.
.
.
#gililankanfushi #mentalhealth #wellnesswednesday #mindfulness #selflove #maldives #wanderlust https://t.co/Fw8JenKDJv",1316351304155889664,GiliLankanfushi,[],,[],
30,https://twitter.com/ZephyrKhambatta/status/1315929273052483584,2020-10-13 08:16:02+00:00,"I will not let childhood conditioning get in the way of loving myself.
I will not let childhood conditioning get in the way of loving myself.
I will not let childhood conditioning get in the way of loving myself.
❤️ #selflove #life #realisations",1315929273052483584,ZephyrKhambatta,[],,[],
31,https://twitter.com/iamdemydegracia/status/1311887016976474112,2020-10-02 04:33:33+00:00,"It’s been awhile what’s Good Friday?!? Well, aside from me what else?! I mean who else?! Or whatever?!?!? LELS

#Hashtag #allnaturalskincare #noedit #nagalaw #reallife #SelfLove #SelfCare #PrayHard @ Singapore https://t.co/88juVJOeli",1311887016976474112,iamdemydegracia,['https://www.instagram.com/p/CF0-QSlgKL3/?igshid=hgl6ea5tv7jc'],https://www.instagram.com/p/CF0-QSlgKL3/?igshid=hgl6ea5tv7jc,['https://t.co/88juVJOeli'],https://t.co/88juVJOeli
32,https://twitter.com/jwalantudesai/status/1310123447876423681,2020-09-27 07:45:45+00:00,"Optimism, pessimism and clueless.. world around with variety of perceptions @Twitter @MindfulOnline @vikrantjhala #Leadership #Believe #Perception #NLP #selflove #selfieforbetter https://t.co/wl12IaEtyV",1310123447876423681,jwalantudesai,[],,[],
33,https://twitter.com/ThePanicRoom_SG/status/1308245386373607424,2020-09-22 03:23:00+00:00,"If everyone is happy all the time, no one is ever happy ... - boy 4 fingers #selfcare #selflove #besokmc #geylangtakeover @ The Panic Room SG https://t.co/bmWYEIoeeB",1308245386373607424,ThePanicRoom_SG,['https://www.instagram.com/p/CFbG-s1jTxI/?igshid=jbuven5vvd6a'],https://www.instagram.com/p/CFbG-s1jTxI/?igshid=jbuven5vvd6a,['https://t.co/bmWYEIoeeB'],https://t.co/bmWYEIoeeB
34,https://twitter.com/Shay_Tej/status/1307124491173101568,2020-09-19 01:08:58+00:00,"Know Your Worth.
Know The Difference Between What You're Getting And What You Deserve!
#selfLove💕 
-Good Morning!😊 https://t.co/nNjWpq4Q4O",1307124491173101568,Shay_Tej,[],,[],
35,https://twitter.com/ThePanicRoom_SG/status/1306418210871357445,2020-09-17 02:22:28+00:00,Lepas mandi minom teh kinda Thursday #juniperridge #selflove #selfcare #besokmclagi @ The Panic Room SG https://t.co/0wOXqLNprR,1306418210871357445,ThePanicRoom_SG,['https://www.instagram.com/p/CFOIEp5Dp_P/?igshid=y3h6h60a81nd'],https://www.instagram.com/p/CFOIEp5Dp_P/?igshid=y3h6h60a81nd,['https://t.co/0wOXqLNprR'],https://t.co/0wOXqLNprR
36,https://twitter.com/ThePanicRoom_SG/status/1306416510173290498,2020-09-17 02:15:42+00:00,Jangan lupa beros gigi yer kawan kawan.. Kalau nak make sure .. Arr gunakanlah 3 toothbrushes #antineverbrushteethclub #selflove #selfcare #besokmclagi @ The Panic Room SG https://t.co/NLsQoxEWFc,1306416510173290498,ThePanicRoom_SG,['https://www.instagram.com/p/CFOHTOADkq5/?igshid=1awc3gyfj3tsq'],https://www.instagram.com/p/CFOHTOADkq5/?igshid=1awc3gyfj3tsq,['https://t.co/NLsQoxEWFc'],https://t.co/NLsQoxEWFc
37,https://twitter.com/ThePanicRoom_SG/status/1306113641423319041,2020-09-16 06:12:13+00:00,Snowflakers be calling other snowflakes. #geylangtakeover #selflove #selfcare #besokmc @ The Panic Room SG https://t.co/jYpusH5g40,1306113641423319041,ThePanicRoom_SG,['https://www.instagram.com/p/CFL9k6mjIEU/?igshid=7kzbzh8kxajv'],https://www.instagram.com/p/CFL9k6mjIEU/?igshid=7kzbzh8kxajv,['https://t.co/jYpusH5g40'],https://t.co/jYpusH5g40
38,https://twitter.com/AzimZali/status/1305814028447395840,2020-09-15 10:21:39+00:00,"In the end , people will judge you anyway.

So, don't live your life impressing others. 
Live your life impressing yourself.

#judgementalpeople #selflove #motivation #quotes #inspire #tiktok #tiktoksingapore #tiktokmalaysia #tiktoksg #viral #loveyourself https://t.co/yVi32NVVbd",1305814028447395840,AzimZali,[],,[],
39,https://twitter.com/ThePanicRoom_SG/status/1305727501189160960,2020-09-15 04:37:50+00:00,MC Tuesdays... #selflove #selfcare #workfromhotel @ The Panic Room SG https://t.co/PPSPlgWFAk,1305727501189160960,ThePanicRoom_SG,['https://www.instagram.com/p/CFJN-mFD4L5/?igshid=vsxr0nxwoqgf'],https://www.instagram.com/p/CFJN-mFD4L5/?igshid=vsxr0nxwoqgf,['https://t.co/PPSPlgWFAk'],https://t.co/PPSPlgWFAk
40,https://twitter.com/thearlynist/status/1304961273923330049,2020-09-13 01:53:07+00:00,"""Today I am allowing myself fo feel whatever I'm feeling - without any judgement or self-criticism. Because.. I am human. I am not a robot 💋""
.
#thestruggleisreal #rawandreal #selflove #healing #sundayfeels @ Singapore https://t.co/Gc87tVLPbz",1304961273923330049,thearlynist,['https://www.instagram.com/p/CFDxiw-HE6B/?igshid=1lfhiapi60e9w'],https://www.instagram.com/p/CFDxiw-HE6B/?igshid=1lfhiapi60e9w,['https://t.co/Gc87tVLPbz'],https://t.co/Gc87tVLPbz
41,https://twitter.com/jwalantudesai/status/1304730546015145984,2020-09-12 10:36:17+00:00,"Bright sunny ☀️ weather after a day full of rain , sitting on the bench with just zero thoughts #mindfulness #doingnothing #weekendvibes #SaturdayMotivation #Singapore #thoughtoftheday #ThoughtLeadership #Leadership #selflove #selfreminder https://t.co/N8U1gg48cz",1304730546015145984,jwalantudesai,[],,[],
42,https://twitter.com/ThePanicRoom_SG/status/1304286891752042497,2020-09-11 05:13:22+00:00,Umpama batok dalam batok #selfcafe #selflove #geylangtakeover @ The Panic Room SG https://t.co/SKUqSsI5Li,1304286891752042497,ThePanicRoom_SG,['https://www.instagram.com/p/CE--3RajTFu/?igshid=1mcq03u518lni'],https://www.instagram.com/p/CE--3RajTFu/?igshid=1mcq03u518lni,['https://t.co/SKUqSsI5Li'],https://t.co/SKUqSsI5Li
43,https://twitter.com/champagne5hower/status/1303017305530482689,2020-09-07 17:08:29+00:00,"Hey there. Here's a new original poetry. Have a read ❤️#poetry #poet #poem #write #blog #blogger #words #life #hope #selfcare #selflove #dream #fight #live #easy #try #hard #failure #success #empty #days #soul #peace #Mindset #art #dark #fearless #death #i
https://t.co/bHEBgsBajg",1303017305530482689,champagne5hower,['http://youthdilemmas.blogspot.com/2020/09/poetry-hopeful-song.html'],http://youthdilemmas.blogspot.com/2020/09/poetry-hopeful-song.html,['https://t.co/bHEBgsBajg'],https://t.co/bHEBgsBajg
44,https://twitter.com/JaiAdnan/status/1302585754468708353,2020-09-06 12:33:39+00:00,"done for the night, and ready for a brand new work week! bring jt on! 😎✌🏼🤞🏼🖤#positivity #selflove #mystorysg #jaistorylifestory 060920 @ Westgate https://t.co/h2LwkISsxO",1302585754468708353,JaiAdnan,['https://www.instagram.com/p/CEy5SDwn-bx/?igshid=15i8nujw4v34k'],https://www.instagram.com/p/CEy5SDwn-bx/?igshid=15i8nujw4v34k,['https://t.co/h2LwkISsxO'],https://t.co/h2LwkISsxO
45,https://twitter.com/ThePanicRoom_SG/status/1302177465310248960,2020-09-05 09:31:15+00:00,"Without chaos, nothing really changes. Curb your chaos before the chaos curbs you. #selflove #selfcare #besokmc #geylangtake @ The Panic Room SG https://t.co/wbZDVvKf0l",1302177465310248960,ThePanicRoom_SG,['https://www.instagram.com/p/CEv_nInD68D/?igshid=ixknxz9dpz4r'],https://www.instagram.com/p/CEv_nInD68D/?igshid=ixknxz9dpz4r,['https://t.co/wbZDVvKf0l'],https://t.co/wbZDVvKf0l
46,https://twitter.com/ThePanicRoom_SG/status/1301874055528755201,2020-09-04 13:25:37+00:00,Sleep tight Geylang ... besok mc #selfcare #selflove #geylangtakeover @ The Panic Room SG https://t.co/tpRiWWABgo,1301874055528755201,ThePanicRoom_SG,['https://www.instagram.com/p/CEt1owBDurb/?igshid=1vou8hkhsgxjb'],https://www.instagram.com/p/CEt1owBDurb/?igshid=1vou8hkhsgxjb,['https://t.co/tpRiWWABgo'],https://t.co/tpRiWWABgo
47,https://twitter.com/ThePanicRoom_SG/status/1300632112912109570,2020-09-01 03:10:34+00:00,Dropping soon. #oakenlab #selfcare #selflove #mc #geylangtakeover @ The Panic Room SG https://t.co/rTyqdtJ457,1300632112912109570,ThePanicRoom_SG,['https://www.instagram.com/p/CElA3YTjlDD/?igshid=1anjvqyds1uof'],https://www.instagram.com/p/CElA3YTjlDD/?igshid=1anjvqyds1uof,['https://t.co/rTyqdtJ457'],https://t.co/rTyqdtJ457
48,https://twitter.com/ThePanicRoom_SG/status/1300276113785212929,2020-08-31 03:35:58+00:00,Doesn’t matter your black or white ... or red - Michelle Jordan #babylisspro #selfcare #selflove #barbersupply @ The Panic Room SG https://t.co/x9fqc5dzlz,1300276113785212929,ThePanicRoom_SG,['https://www.instagram.com/p/CEie-T-jyKH/?igshid=1l1py5i1fftpa'],https://www.instagram.com/p/CEie-T-jyKH/?igshid=1l1py5i1fftpa,['https://t.co/x9fqc5dzlz'],https://t.co/x9fqc5dzlz
49,https://twitter.com/ThePanicRoom_SG/status/1300266883665612801,2020-08-31 02:59:17+00:00,"If your hair too long, you look like your sister ... akidamir #geylangtakeover #panicsquad #readbookmustpostig #livestreamyoga #selflove #selfcare @ The Panic Room SG https://t.co/OdqqrIsNYD",1300266883665612801,ThePanicRoom_SG,['https://www.instagram.com/p/CEiaxoHj-GC/?igshid=341veg6c42ft'],https://www.instagram.com/p/CEiaxoHj-GC/?igshid=341veg6c42ft,['https://t.co/OdqqrIsNYD'],https://t.co/OdqqrIsNYD
50,https://twitter.com/ThePanicRoom_SG/status/1300246096577548292,2020-08-31 01:36:41+00:00,Today mc. #selflove #livestreamyoga #geylangtakeover #andisclippers @ The Panic Room SG https://t.co/d9feEb4zRa,1300246096577548292,ThePanicRoom_SG,['https://www.instagram.com/p/CEiRNZajlbB/?igshid=9ti1qt9jszlu'],https://www.instagram.com/p/CEiRNZajlbB/?igshid=9ti1qt9jszlu,['https://t.co/d9feEb4zRa'],https://t.co/d9feEb4zRa
51,https://twitter.com/remind_sg/status/1297800697853825024,2020-08-24 07:39:32+00:00,"There are actually 100 trillion ways which you can practice self-care. Swipe and read about the importance, benefits and examples of self-care!

Have a good day ahead Re:Mind fam! ☀️

#ReMind #mentalhealth #mentalhealthawareness #anxiety #selfcare #selflove #health #mentalillness https://t.co/X0lomJCrlI",1297800697853825024,remind_sg,[],,[],
52,https://twitter.com/remind_sg/status/1297800435382681600,2020-08-24 07:38:30+00:00,"💆🏿‍♂️🌸𝙎𝙚𝙡𝙛-𝙘𝙖𝙧𝙚 🌸🙆🏼

The term self-care is used so commonly in the social media landscape today. Do you know what self-care is? ❤️

#ReMind #mentalhealth #mentalhealthawareness #anxiety #depression #selfcare #selflove #health #mentalillness #selfcare https://t.co/kuD985DXfD",1297800435382681600,remind_sg,[],,[],
53,https://twitter.com/wanderingginny/status/1295905048690663425,2020-08-19 02:06:55+00:00,Oops! Just another set of throwback photos 💃🏽 #Singapore #universalstudios #selflove #wanderlust https://t.co/urrpG6qP3o,1295905048690663425,wanderingginny,[],,[],
54,https://twitter.com/michellefrani/status/1294474630552584195,2020-08-15 03:22:56+00:00,Shine bright like my forehead 🌟 #lapadnoo #selflove 😂 @ Singapore https://t.co/Gp6kaVBSRw,1294474630552584195,michellefrani,['https://www.instagram.com/p/CD5QxIPpSFH/?igshid=68y5kci17mzb'],https://www.instagram.com/p/CD5QxIPpSFH/?igshid=68y5kci17mzb,['https://t.co/Gp6kaVBSRw'],https://t.co/Gp6kaVBSRw
55,https://twitter.com/balvin00/status/1292369952826040323,2020-08-09 07:59:42+00:00,"“Don't ask if your dreams are crazy, ask if they’re crazy enough.""  Never thought in my wildest dreams that I would be running inside 5 star hotel room in singapore. 5km, 45 minutes, in room running 🏃‍♂️ #QuarantineLife #fitness #Quarantine_day5  #selflove https://t.co/GjZxRv35R2",1292369952826040323,balvin00,[],,[],
56,https://twitter.com/remind_sg/status/1292318534232494082,2020-08-09 04:35:23+00:00,"We want to hear from you too! What are you grateful for the most this National Day? 💌

#ReMind #Singapore #NationalDay2020 #NDP2020 #celebrate #mentalhealth #mentalhealthawareness #selfcare #selflove #health #mentalillness https://t.co/uhGswEIWaT",1292318534232494082,remind_sg,[],,[],
57,https://twitter.com/balvin00/status/1292036574473936897,2020-08-08 09:54:58+00:00,Do you think quarantine life can be better than this ?? #QuarantineLife #Quarantine #books #reading #selflove #Quarantine_day4 https://t.co/PTV7O4h6jX,1292036574473936897,balvin00,[],,[],
58,https://twitter.com/FluffyBadrina/status/1291576368145133568,2020-08-07 03:26:17+00:00,"mornoon..
#selflove #plussizegirls #BodyPositivity https://t.co/IpuIosgaES",1291576368145133568,FluffyBadrina,[],,[],
59,https://twitter.com/ThePanicRoom_SG/status/1290241808061014023,2020-08-03 11:03:13+00:00,"Wow, another book drop. Another collaboration with Dr Phill and @muffynliuliu himself. #gamingchair #selflove #selfcare #lifehack #selfie #selfeverything #geylangtakeover @ The Panic Room SG https://t.co/zkvs7FwiGE",1290241808061014023,ThePanicRoom_SG,['https://www.instagram.com/p/CDbL5nPjoa8/?igshid=11yycj6os6fl7'],https://www.instagram.com/p/CDbL5nPjoa8/?igshid=11yycj6os6fl7,['https://t.co/zkvs7FwiGE'],https://t.co/zkvs7FwiGE
60,https://twitter.com/ThePanicRoom_SG/status/1290241078210125825,2020-08-03 11:00:19+00:00,Wow another book drop .. limited edition collaboration with Dr phill and @muffynliuliu  #geylangtakeover #lifehacks #selflove #selfcare @ The Panic Room SG https://t.co/AhcII9Nja7,1290241078210125825,ThePanicRoom_SG,['https://www.instagram.com/p/CDbLkoejVyi/?igshid=17pv11v01urdz'],https://www.instagram.com/p/CDbLkoejVyi/?igshid=17pv11v01urdz,['https://t.co/AhcII9Nja7'],https://t.co/AhcII9Nja7
61,https://twitter.com/JaiAdnan/status/1290179060547457024,2020-08-03 06:53:53+00:00,of #flatwhite and #raspberryripple ~  whiling away time little by little 😉 and because I deserve tis more than triple 😝 #selflove❤️ #jaionabreak #tea #mystorysg #jaistorymakanstory 030820 @ Mandarin Orchard Singapore https://t.co/Z0eJIjEG1w,1290179060547457024,JaiAdnan,['https://www.instagram.com/p/CDavXuvnHIT/?igshid=1sczrukmx4e9g'],https://www.instagram.com/p/CDavXuvnHIT/?igshid=1sczrukmx4e9g,['https://t.co/Z0eJIjEG1w'],https://t.co/Z0eJIjEG1w
62,https://twitter.com/ThePanicRoom_SG/status/1290144567350538247,2020-08-03 04:36:49+00:00,Another self help book drop ... available at the barbershop inside borders last tam #selfhelp #selflove #cheese #besokmc #geylangtakeover @ The Panic Room SG https://t.co/BLhFJCEWNt,1290144567350538247,ThePanicRoom_SG,['https://www.instagram.com/p/CDafrr9jTSS/?igshid=1c4otm2ekrv94'],https://www.instagram.com/p/CDafrr9jTSS/?igshid=1c4otm2ekrv94,['https://t.co/BLhFJCEWNt'],https://t.co/BLhFJCEWNt
63,https://twitter.com/remind_sg/status/1289202222643810304,2020-07-31 14:12:16+00:00,"🤔 𝗚𝘂𝗲𝘀𝘀 𝘁𝗵𝗲 𝗹𝗼𝗴𝗼! 🤔

Hey #ReMind fam! For this week’s #ReMindGames, we want to know how much you know of Singapore’s mental health organisations! 🧠💚✏️

#GuesstheLogo #games #Singapore #Mentalhealth #MentalHealthAwareness #organisations #selflove #selfcare https://t.co/eJU8T1Mx77",1289202222643810304,remind_sg,[],,[],
64,https://twitter.com/Dadeswift/status/1288831956789211137,2020-07-30 13:40:58+00:00,"Chillin’ with this Parisian homie on the new bed from https://t.co/Sbl11cIZWT.
🏠🏠🏠
#nads2020wefies #BibikNai #NetflixAndChill #becokboy #cloudywithachanceofmeatballs2 #narcissisticAF #selflove #noRBF… https://t.co/RTxoS81I6Y",1288831956789211137,Dadeswift,"['http://fortytwo.sg', 'https://www.instagram.com/p/CDRKx1fB_EQFx68klBFneDnhcWsYrK5aLlnCLc0/?igshid=1s1ekqum6mtqb']",http://fortytwo.sg https://www.instagram.com/p/CDRKx1fB_EQFx68klBFneDnhcWsYrK5aLlnCLc0/?igshid=1s1ekqum6mtqb,"['https://t.co/Sbl11cIZWT', 'https://t.co/RTxoS81I6Y']",https://t.co/Sbl11cIZWT https://t.co/RTxoS81I6Y
65,https://twitter.com/rosse_tdl/status/1288595013354520582,2020-07-29 21:59:26+00:00,"#challengeaccepted by rozliana_aziz .. ☺️😅😅

#lifeofrosse 
#rossetraveldancelog 
#blackandwhite 
#selflove 
#selfcare 
#selfies 
#me 
#memyselfandi 
#blackandwhitephotos 
#dancer 
#choreographer 
#talent… https://t.co/zsbj7VZCNu",1288595013354520582,rosse_tdl,['https://www.instagram.com/p/CDPfB2eh-9M/?igshid=1tih7ndbxxvst'],https://www.instagram.com/p/CDPfB2eh-9M/?igshid=1tih7ndbxxvst,['https://t.co/zsbj7VZCNu'],https://t.co/zsbj7VZCNu
66,https://twitter.com/WendyBella29/status/1287401102179090432,2020-07-26 14:55:16+00:00,🌛🌕🌜#mantra #yoga #meditation #love #o #krishna #om #spiritual #spirituality #mindfulness #bhakti #peace #kirtan #mantras #namaste #shiva #india #healing #chakras #chanting #motivation #selflove #tantra #amor #n #god https://t.co/VVG3DGhS6A,1287401102179090432,WendyBella29,[],,[],
67,https://twitter.com/Niaradean36/status/1287242388004458496,2020-07-26 04:24:35+00:00,"Sawatdee kha! Letting go of some toxic people in your life is called maturity...Don't forget to love yourself, self love is a must...let me tell you something important you are worth it okey.. ⚽️🤟🐼❤🌈 
#selflove #MewSuppasit #GulfKanawut #MewGulf
#MewGulflivewithLove #TTTSS2 https://t.co/BRVkPTO06p",1287242388004458496,Niaradean36,[],,[],
68,https://twitter.com/remind_sg/status/1286564869316071431,2020-07-24 07:32:22+00:00,"From mindfulness to breathing exercises, these proven techniques will help you take control of anxious feelings, so you can get more out of life 😁💚

Retweet to share this wonderful book! 📚

#anxiety #mentalhealth #mentalhealthawareness #mentalillness #selflove #selfcare #tips",1286564869316071431,remind_sg,[],,[],
69,https://twitter.com/BlogBaobab/status/1285863967303307264,2020-07-22 09:07:14+00:00,"✨Fall in love with you✨.
.
#quotes #love #loveyourself #selflove #selfcare #happy #quoteoftheday #singapore #asia @ Singapore https://t.co/trXeCTbiAa",1285863967303307264,BlogBaobab,['https://www.instagram.com/p/CC8FFzGjgZd/?igshid=1aaqyfng0djt8'],https://www.instagram.com/p/CC8FFzGjgZd/?igshid=1aaqyfng0djt8,['https://t.co/trXeCTbiAa'],https://t.co/trXeCTbiAa
70,https://twitter.com/mxzxlxfx96/status/1285814666783084544,2020-07-22 05:51:20+00:00,"I'm working on being a better me for me.
#selflove ❤️ @ Arena Sepang Resort https://t.co/gWO6NIPT0i",1285814666783084544,mxzxlxfx96,['https://www.instagram.com/p/CC7urI1JdUw/?igshid=ztzbc7sdq4g4'],https://www.instagram.com/p/CC7urI1JdUw/?igshid=ztzbc7sdq4g4,['https://t.co/gWO6NIPT0i'],https://t.co/gWO6NIPT0i
71,https://twitter.com/pressonpreston/status/1285113243141156864,2020-07-20 07:24:08+00:00,"Transform for you. The sooner you realise that, the happier you be.

#selflove #youvsyou #fitness",1285113243141156864,pressonpreston,[],,[],
72,https://twitter.com/H4SIF_/status/1284109354778521600,2020-07-17 12:55:02+00:00,@amsyaaar Dont depend on people syar...#selflove...,1284109354778521600,H4SIF_,[],,[],
73,https://twitter.com/pressonpreston/status/1283349114034348032,2020-07-15 10:34:06+00:00,"Workout because you love yourself enough to want to transform, not because you hate your body.

How you speak to yourself is important.

#selflove #confidence #fatloss",1283349114034348032,pressonpreston,[],,[],
74,https://twitter.com/remind_sg/status/1283284905397346305,2020-07-15 06:18:58+00:00,"Good luck and have fun! 🤟🏿👾

#ReMind #ReMindQuiz #quiz #games #singapore #mentalhealth #mentalhealthawareness #mentalillness #mentalwellness #selflove #selfcare",1283284905397346305,remind_sg,[],,[],
75,https://twitter.com/remind_sg/status/1283284476550713345,2020-07-15 06:17:16+00:00,"And that’s not all! Participate in all of our 3 games on 12, 19 &amp; 26 July 2020 and stand a chance to be selected for our 𝙇𝙐𝘾𝙆𝙔 𝘿𝙍𝘼𝙒 💥🎰

#ReMind #ReMindQuiz #quiz #games #singapore #mentalhealth #mentalhealthawareness #mentalillness #mentalwellness #selflove #selfcare",1283284476550713345,remind_sg,[],,[],
76,https://twitter.com/remind_sg/status/1283284338927443970,2020-07-15 06:16:43+00:00,"Easy 3-step instructions:
1. Screenshot the quiz page in our IG story highlight
2. Circle your answers
3. Tag us @remind_sg &amp; 3 other friends!

#ReMind #ReMindQuiz #quiz #games #singapore #mentalhealth #mentalhealthawareness #mentalillness #mentalwellness #selflove #selfcare",1283284338927443970,remind_sg,[],,[],
77,https://twitter.com/remind_sg/status/1280748578944675840,2020-07-08 06:20:31+00:00,"And here are the last 3 quick and essential facts about mental health! 💚

Know more facts about mental health? Tweet us and let us know!

#ReMind #WellnessWednsdays #facts #mentalhealth #mentalhealthawareness #mentalillness #selfcare #selflove #anxiety #Singapore https://t.co/kfu41C9Riw",1280748578944675840,remind_sg,[],,[],
78,https://twitter.com/remind_sg/status/1280063960050356225,2020-07-06 09:00:05+00:00,"We can’t wait to welcome you into our wholesome team! 💚

Tag your friends who may be interested in joining as well! 💌
___
#ReMind #volunteer #marketing #marketers #recruitment #singapore #mentalhealth #mentalhealthmatters #mentalillness #selfcare #selflove #joinus",1280063960050356225,remind_sg,[],,[],
79,https://twitter.com/remind_sg/status/1280063413100531712,2020-07-06 08:57:54+00:00,"Here are our criteria:
•Be able to design and have an interest in marketing ✏️
•Be a final year university student or working in SG 🏫

#ReMind #volunteer #marketing #marketers #recruitment #singapore #mentalhealth #mentalhealthmatters #mentalillness #selfcare #selflove #joinus",1280063413100531712,remind_sg,[],,[],
80,https://twitter.com/remind_sg/status/1276396717559054336,2020-06-26 06:07:46+00:00,"We can’t wait to welcome you into our wholesome team!

Tag your friends who may be interested in joining as well! 💌

#ReMind #volunteer #recruitment #joinus #singapore #mentalhealth #mentalhealthawareness #mentalillness #selfcare #selflove",1276396717559054336,remind_sg,[],,[],
81,https://twitter.com/Iykeikesco/status/1275887693252169730,2020-06-24 20:25:05+00:00,I told you she is my sister you are asking if we are related by blood?  No! We are related By yoghurt ! nonsense #followforfollowback #ifyouknowyouknow #motivation #selflove #wednesday #fearless #iykeikesco… https://t.co/bJZvnb0t1w,1275887693252169730,Iykeikesco,['https://www.instagram.com/p/CB1MaIfpbzf/?igshid=1q9vio2eb124v'],https://www.instagram.com/p/CB1MaIfpbzf/?igshid=1q9vio2eb124v,['https://t.co/bJZvnb0t1w'],https://t.co/bJZvnb0t1w
82,https://twitter.com/remind_sg/status/1273865171329400833,2020-06-19 06:28:18+00:00,"✅ Mental Health Checklist ✅

TGIF! Here's a friendly reminder to reaffirm yourself today 💪🏻

You are doing great! Tag a friend below to remind them too 💌

#ReMind #mentalhealth #mentalhealthawareness #anxiety #depression #selfcare #selflove #health #mentalillness #checklist https://t.co/IlpegByYla",1273865171329400833,remind_sg,[],,[],
83,https://twitter.com/syhikinsamsudin/status/1271977309898067969,2020-06-14 01:26:37+00:00,"After two years of not exercising, I'm glad to be back here even if it has to start with walking.
#selflove #selfcaresunday https://t.co/uY5DJVnsEr",1271977309898067969,syhikinsamsudin,[],,[],
84,https://twitter.com/SrinathPega/status/1262956331411165185,2020-05-20 04:00:28+00:00,"✌️Victory is the sweetest when you've known defeat.👊

#wednesday #morning #selfie #wednesdaywisdom #positivevibes #motivation #streetphotography #morningmotivation #newlife #newlook #selflove #selfiesunday… https://t.co/sGQN3n5DkX",1262956331411165185,SrinathPega,['https://www.instagram.com/p/CAZT6DmFP3-/?igshid=19h41vxn7x5vz'],https://www.instagram.com/p/CAZT6DmFP3-/?igshid=19h41vxn7x5vz,['https://t.co/sGQN3n5DkX'],https://t.co/sGQN3n5DkX
85,https://twitter.com/dickha57/status/1261020618259984384,2020-05-14 19:48:38+00:00,"Procreate ✖
Medibang ✔
😄
.
.
.
.
.
.
.
#palmleaves #palmleaves #coral #pink #lightpink #motivationalquote #youareenough #youareworthy #dickhaartwork #inspirationalquotes #selflove #selflovequotes #loveyourself… https://t.co/QCrAiVAhqI",1261020618259984384,dickha57,['https://www.instagram.com/p/CALjpYoFwUg/?igshid=174scmm8apwet'],https://www.instagram.com/p/CALjpYoFwUg/?igshid=174scmm8apwet,['https://t.co/QCrAiVAhqI'],https://t.co/QCrAiVAhqI
86,https://twitter.com/EdaStitch/status/1259133052904669184,2020-05-09 14:48:08+00:00,"Tilt you head.

#makeupgameonpoint 
#selfie
#selflove 
#selfcare 
#CB2020 @ Singapore https://t.co/J2wiFHZvaV",1259133052904669184,EdaStitch,['https://www.instagram.com/p/B_-JRzqBlRq/?igshid=m2qp196sk8wk'],https://www.instagram.com/p/B_-JRzqBlRq/?igshid=m2qp196sk8wk,['https://t.co/J2wiFHZvaV'],https://t.co/J2wiFHZvaV
87,https://twitter.com/Dadeswift/status/1256338937074745344,2020-05-01 21:45:18+00:00,"“The human face is, after all, nothing more nor less than a mask.” (Agatha Christie)
🎭🎭🎭
#narcissisticAF #nads2020selfies #selflove #RBF #restingbitchface #returnoftheselfies #maskup… https://t.co/NeHwYSGoIx",1256338937074745344,Dadeswift,['https://www.instagram.com/p/B_qSqRsB7k7DA8LoRoeXTx0lPiDpvbxKs5jH5Y0/?igshid=zurlu56q8w9q'],https://www.instagram.com/p/B_qSqRsB7k7DA8LoRoeXTx0lPiDpvbxKs5jH5Y0/?igshid=zurlu56q8w9q,['https://t.co/NeHwYSGoIx'],https://t.co/NeHwYSGoIx
88,https://twitter.com/mna_bayu/status/1253317697816768513,2020-04-23 13:39:59+00:00,"""Disebalik ujian, ada rahmatNya...""

Ramadhan Kareem everyone!🌙

Semoga ramadhan kali ini lebih bermakna bersama keluarga &amp; insan tersayang 😊👨‍👩‍👧‍👦❤️

#saddestramadhan #forgiveandmoveon #staystrong #selflove #alliswell #staysafe #fightcovid19together https://t.co/2ZL4SgeDNu",1253317697816768513,mna_bayu,[],,[],
89,https://twitter.com/Firmansyah2019/status/1251345431499587584,2020-04-18 03:02:54+00:00,".
Sebab ku tau, sembuh bukan berarti kembali utuh!⛔
.
.
.🍞Dragon fruit loaf bread🍞
.
📷 andregovanogovano 
.
Place || @kezsbakery 
.
💪
..
. #lovelife #selflove @ Batam, Riau, Indonesia https://t.co/qWNOt1Q0cn",1251345431499587584,Firmansyah2019,['https://www.instagram.com/p/B_Gz4UHHwIm/?igshid=3r31amwz5601'],https://www.instagram.com/p/B_Gz4UHHwIm/?igshid=3r31amwz5601,['https://t.co/qWNOt1Q0cn'],https://t.co/qWNOt1Q0cn
90,https://twitter.com/Firmansyah2019/status/1250265686833680386,2020-04-15 03:32:23+00:00,".
Bukan nihil, hanya saja hasilnya tidak terlihat sekarang!⛔
.
.
.👺👺
. Place || @kezsbakery 
.📷
.📸 me
.

#lovelife #selflove 
.
..aesteuticc @ Batam, Riau, Indonesia https://t.co/MjziUOWNFz",1250265686833680386,Firmansyah2019,['https://www.instagram.com/p/B-_I3mfH48s/?igshid=z4i3qglsisnf'],https://www.instagram.com/p/B-_I3mfH48s/?igshid=z4i3qglsisnf,['https://t.co/MjziUOWNFz'],https://t.co/MjziUOWNFz
91,https://twitter.com/Firmansyah2019/status/1249174462299283457,2020-04-12 03:16:15+00:00,".
Kamu bukan untukku, kamu hanya pelajaran bagiku. Gak papa! ⛔
.
.
✨💥
.
. 📸 #lovelife #selflove 
.
💣Boom!
...aesteuticc @ Kez's Bakery &amp; Restaurant https://t.co/kPliYyLTCi",1249174462299283457,Firmansyah2019,['https://www.instagram.com/p/B-3Yow8HAmF/?igshid=v3psjwujsulz'],https://www.instagram.com/p/B-3Yow8HAmF/?igshid=v3psjwujsulz,['https://t.co/kPliYyLTCi'],https://t.co/kPliYyLTCi
92,https://twitter.com/Firmansyah2019/status/1247719427774316555,2020-04-08 02:54:27+00:00,".
Rindu paling sesak bukan gak berani bilang, tapi gak bisa ketemu ! ⛔
.
.
 😌😌
.
📸 me
..
Place || @kezsbakery 
.
.
#lovelife #selflove 💥💥 @ Batam, Riau, Indonesia https://t.co/6NpJM7BYWA",1247719427774316555,Firmansyah2019,['https://www.instagram.com/p/B-tC9rcH9Q6/?igshid=hcxz1fm94a4c'],https://www.instagram.com/p/B-tC9rcH9Q6/?igshid=hcxz1fm94a4c,['https://t.co/6NpJM7BYWA'],https://t.co/6NpJM7BYWA
93,https://twitter.com/EmmaAnnur/status/1234821289560375296,2020-03-03 12:41:51+00:00,"You are not one in a million, you are one in 7.7 billion. 🌹
.
.
.
.#selflove#loveyourselffirst❤️ @ Sunway Big Box https://t.co/udJUF0NLNe",1234821289560375296,EmmaAnnur,['https://www.instagram.com/p/B9RZkaBprlhPLbPmUecZ_D7MI_Lp--RZdaQOVc0/?igshid=piz9hu2pn1py'],https://www.instagram.com/p/B9RZkaBprlhPLbPmUecZ_D7MI_Lp--RZdaQOVc0/?igshid=piz9hu2pn1py,['https://t.co/udJUF0NLNe'],https://t.co/udJUF0NLNe
94,https://twitter.com/CheriaVasti/status/1234059991730049025,2020-03-01 10:16:44+00:00,"be happy with nothing and you will be happy with everything 🧡
#selflove #positivevibesonly @ Genting Dream Cruise https://t.co/JzilNKSfkW",1234059991730049025,CheriaVasti,['https://www.instagram.com/p/B9L_Xt7gCes/?igshid=1vdu15pg5j28i'],https://www.instagram.com/p/B9L_Xt7gCes/?igshid=1vdu15pg5j28i,['https://t.co/JzilNKSfkW'],https://t.co/JzilNKSfkW
95,https://twitter.com/widiaroman/status/1214954624043671552,2020-01-08 16:58:49+00:00,Depends on mood. #selfcare #selflove #doyou #beyourself #beyou #moods @ Singapore https://t.co/AU1GLwxW9Z,1214954624043671552,widiaroman,['https://www.instagram.com/p/B7EPQXXhJRy/?igshid=24eimt6wslig'],https://www.instagram.com/p/B7EPQXXhJRy/?igshid=24eimt6wslig,['https://t.co/AU1GLwxW9Z'],https://t.co/AU1GLwxW9Z
96,https://twitter.com/widiaroman/status/1212317191472734211,2020-01-01 10:18:36+00:00,"Happy 2020. Bismillah. 
#stayfocused #bekind #bekindalways #beyourself #beyou #doyou #selflove #selfcare @ Yishun https://t.co/o774LZfaFa",1212317191472734211,widiaroman,['https://www.instagram.com/p/B6xf48VhYFF/?igshid=ggarrlkhb1lm'],https://www.instagram.com/p/B6xf48VhYFF/?igshid=ggarrlkhb1lm,['https://t.co/o774LZfaFa'],https://t.co/o774LZfaFa
