,url,date,content,id,username,outlinks,outlinksss,tcooutlinks,tcooutlinksss
0,https://twitter.com/shirls6900/status/1342820796415152134,2020-12-26 13:13:20+00:00,"This was shot pre-COVID days. 
I love wandering back alleys looking for interesting subjects in the morning. I found these guys on their smoke break before they opened their barber shop. I asked if they would pose for me. https://t.co/GmXn1PALoY",1342820796415152134,shirls6900,[],,[],
1,https://twitter.com/BambangKajairi/status/1334996311670583297,2020-12-04 23:01:38+00:00,I tend to agree. Humans have such short memories and history has shown that we do not learn from the past. We will just want to get back to the pre-Covid days. Not what should happen but likely to. https://t.co/w1GQt7gX8k,1334996311670583297,BambangKajairi,['https://twitter.com/Reuters/status/1334992144319307777'],https://twitter.com/Reuters/status/1334992144319307777,['https://t.co/w1GQt7gX8k'],https://t.co/w1GQt7gX8k
2,https://twitter.com/friztheawesome/status/1332655629287112704,2020-11-28 12:00:36+00:00,Black friday crowd at orchard rd looks like pre-covid,1332655629287112704,friztheawesome,[],,[],
3,https://twitter.com/syedsigaraga/status/1330076081240543233,2020-11-21 09:10:24+00:00,"Sedikit janggal ya melihat crowd yang ramai di shopping mall. Tapi alhamdulillah lah, rasa macam ala ala pre-covid gitu.",1330076081240543233,syedsigaraga,[],,[],
4,https://twitter.com/sufw/status/1327466844664463360,2020-11-14 04:22:13+00:00,"In positive personal news, I’m super chuffed that I can now do 6 unassisted pull-ups! That’s 6 more than a few months ago, and more than I managed pre-COVID. Next goal: Spartan-style monkey bars.",1327466844664463360,sufw,[],,[],
5,https://twitter.com/penzuu/status/1327171505621401600,2020-11-13 08:48:39+00:00,"In an ideal world lah. In reality, unless you work for gahmen or stat board, you're prolly working like you were pre-Covid, social distancing be dammed 🤷🏻‍♀️. https://t.co/dEtBdra5eB",1327171505621401600,penzuu,['https://twitter.com/TODAYonline/status/1327170724805525504'],https://twitter.com/TODAYonline/status/1327170724805525504,['https://t.co/dEtBdra5eB'],https://t.co/dEtBdra5eB
6,https://twitter.com/rajkuttalam/status/1325975185292369920,2020-11-10 01:34:54+00:00,@rahul610 50% of pre-covid times 😔 https://t.co/0VoLYI4Sni,1325975185292369920,rajkuttalam,[],,[],
7,https://twitter.com/sawayamadoll/status/1322405354756481024,2020-10-31 05:09:40+00:00,"pre-covid, may, and now 🥴

so which hair are y’all feeling? https://t.co/48CkZGIkcz https://t.co/ojqF8uvsAm",1322405354756481024,sawayamadoll,['https://twitter.com/lovesoftens/status/1322402555348082688'],https://twitter.com/lovesoftens/status/1322402555348082688,['https://t.co/48CkZGIkcz'],https://t.co/48CkZGIkcz
8,https://twitter.com/cockporn/status/1321501347024261121,2020-10-28 17:17:28+00:00,"This was one of my Grab drivers pre-COVID days

Shuai hor https://t.co/Mzk2nb41Gw",1321501347024261121,cockporn,[],,[],
9,https://twitter.com/DiplomatNick/status/1320020384150736896,2020-10-24 15:12:39+00:00,@RDavidOnTheWire @GiteshPandya You’re right. I’m still in the pre-Covid mentality,1320020384150736896,DiplomatNick,[],,[],
10,https://twitter.com/kickino/status/1319930726486134785,2020-10-24 09:16:22+00:00,"Marina Square - as crowded as pre-Covid 🙂
Pandemic seems officially over.
 🇸🇬 🇸🇬 🇸🇬",1319930726486134785,kickino,[],,[],
11,https://twitter.com/abgikang/status/1307540404003250179,2020-09-20 04:41:39+00:00,@BottomGersang Ni special offer. Pre-covid rate dlm rm400+/night sini. Sbb covid jadi rm250. Now lg offer jadi rm155.,1307540404003250179,abgikang,[],,[],
12,https://twitter.com/ecoangelhsu/status/1303259836574912512,2020-09-08 09:12:13+00:00,Air pollution returning to pre-COVID levels as people return back to work + driving cars more. https://t.co/RbytrcDwV5,1303259836574912512,ecoangelhsu,['https://twitter.com/TheEconomist/status/1303201225983262721'],https://twitter.com/TheEconomist/status/1303201225983262721,['https://t.co/RbytrcDwV5'],https://t.co/RbytrcDwV5
13,https://twitter.com/staciechan/status/1302963244840017920,2020-09-07 13:33:40+00:00,"When I start longing for the pre-Covid days, I re-listen to my friend Alejandro's and my #podcast @SalutationsSG- 10 whole episodes about life, food, travel (and even love!) in our Little Red Dot of a home #SalutationsFromSingapore https://t.co/BXR5AAxmXF https://t.co/pc5Ysgi0xw",1302963244840017920,staciechan,['https://open.spotify.com/show/4KexHsBgiYtMwXv1jVEFwi?si=XuLM8XRRQoCBveetV1H5LA'],https://open.spotify.com/show/4KexHsBgiYtMwXv1jVEFwi?si=XuLM8XRRQoCBveetV1H5LA,['https://t.co/BXR5AAxmXF'],https://t.co/BXR5AAxmXF
14,https://twitter.com/mistahasnul/status/1299931600637943809,2020-08-30 04:46:59+00:00,"We also provide incubation facilities (pre-COVID) - online now, at both #LEVELUPInc and #Kre8tifInc. This is the place where we house creators so they have access to Infra and Mentorship.",1299931600637943809,mistahasnul,[],,[],
15,https://twitter.com/yazbanz/status/1298971323964649472,2020-08-27 13:11:12+00:00,"@RhyshRai Pre-Covid, Jordan Webb still hoping.
For now, we can't even hope for local football matches this year.
Post-Covid, when we hopefully realise it, that Korean lad may still be hoping...
Along with Webb...",1298971323964649472,yazbanz,[],,[],
16,https://twitter.com/juzMarc/status/1292641153586573313,2020-08-10 01:57:21+00:00,"@avalanchelynn I call these poser masks. 
Such masks are fine pre-covid, during the haze period. But now? Nahhh",1292641153586573313,juzMarc,[],,[],
17,https://twitter.com/mulletrider/status/1283671678497615872,2020-07-16 07:55:52+00:00,@TalkingArse Pre-covid I'd agree. It's the money Real are supposedly asking for Dani who's a player we probably need,1283671678497615872,mulletrider,[],,[],
18,https://twitter.com/unitedwomen_sg/status/1283349346021281793,2020-07-15 10:35:02+00:00,"United Women Singapore (UWS), an NGO advocating women’s empowerment and gender equality, conducted a pre-COVID research on perceptions towards domestic violence in Singapore. https://t.co/7yhBf2T5Yd",1283349346021281793,unitedwomen_sg,[],,[],
19,https://twitter.com/mulletrider/status/1278163640017760261,2020-07-01 03:08:53+00:00,@thfcaditya Was just gonna ask you who. Kinda unfortunate that covid must have killed their value. Just like pre-covid Laca was an easy 30 mill in th bank. All those kinda sales look like season long loans with options. Really frustrating in a rebuild,1278163640017760261,mulletrider,[],,[],
20,https://twitter.com/mulletrider/status/1277564589450727424,2020-06-29 11:28:28+00:00,@Flannyballs @1point76acres @DrMJMrBoh Top scores in the U23 league pre-covid? Defo suggests something's their talent-wise. I also just remembered John-Jules exists - another body sitting between Balogun and first team involvement,1277564589450727424,mulletrider,[],,[],
21,https://twitter.com/mulletrider/status/1274631097351995392,2020-06-21 09:11:49+00:00,@htmwc Pre-covid I reckon we'd have got 50 from them. Grrr,1274631097351995392,mulletrider,[],,[],
22,https://twitter.com/mulletrider/status/1274214588674785282,2020-06-20 05:36:46+00:00,@RationalArsenal @YankeeGunner Yeah from that side I'm optimistic. It's the squad that could be a hard problem to solve. Pre-covid I think there was a plan. Now it's harder to sell players I wonder if we might be a bit stuck,1274214588674785282,mulletrider,[],,[],
23,https://twitter.com/ej01yap/status/1253329910770225157,2020-04-23 14:28:31+00:00,pre-covid year 🍀🌳 @ Henderson Waves https://t.co/GxkJjHGtBy,1253329910770225157,ej01yap,['https://www.instagram.com/p/B_U6UV_hz6w/?igshid=167nl0ie3niyl'],https://www.instagram.com/p/B_U6UV_hz6w/?igshid=167nl0ie3niyl,['https://t.co/GxkJjHGtBy'],https://t.co/GxkJjHGtBy
