,url,date,content,id,username,outlinks,outlinksss,tcooutlinks,tcooutlinksss
0,https://twitter.com/alexbhturnbull/status/1412654912136093696,2021-07-07 06:09:11+00:00,"In the end the question is: how many people can you provide oxygen to at a time with your existing beds and medical system? That's the thing that determines whether you have a modest fatality rate, or a lot of people die. #auspol https://t.co/8aFHNEHwxo",1412654912136093696,alexbhturnbull,['https://twitter.com/Johnkehoe23/status/1412652370538811392'],https://twitter.com/Johnkehoe23/status/1412652370538811392,['https://t.co/8aFHNEHwxo'],https://t.co/8aFHNEHwxo
1,https://twitter.com/LT3000Lyall/status/1412637177792503809,2021-07-07 04:58:43+00:00,"@jbartonhills Consequently, the actual covid-specific fatality rate amongst the &gt;65yo age cohort who are below their average life expectancy is likely very considerably below 9%.",1412637177792503809,LT3000Lyall,[],,[],
2,https://twitter.com/Protymes/status/1412115352897589248,2021-07-05 18:25:10+00:00,@berndj @andynza @NvddInnovation @missThabang @sugan2503 No ways. Zweli projected 60% of SAns will get it but mostly with mild symptoms.  No one is spared. Those stats are deliberately made to make covid more deadlier. Un official fatality rate is far lower by over 500%,1412115352897589248,Protymes,[],,[],
3,https://twitter.com/Protymes/status/1412005029821755392,2021-07-05 11:06:47+00:00,@andynza @NvddInnovation @missThabang @sugan2503 Fatality rate isn't what we getting from the stats. Remember most people who get tested are mostly those with dire symptoms. The rest with a cough here and there and energy loses just carry on with their lives. Far lot more people get it and don't even get sick at all.,1412005029821755392,Protymes,[],,[],
4,https://twitter.com/Protymes/status/1411676608558141447,2021-07-04 13:21:45+00:00,"@missThabang @sugan2503 Those numbers only indicate who they tested. Using those numbers you can have a ratio of probability.  Fatality rate is unknown coz the actual numbers are more than what we are given.  
Even a 10yr old understands this. Those cases are only for tested individuals not infections",1411676608558141447,Protymes,[],,[],
5,https://twitter.com/himanshu2904/status/1398139417831763973,2021-05-28 04:49:48+00:00,"FOR THE WEST #COVID19 India update:
recovery rate: &gt; 90%
Fatality rate:1.1%
No. of recoveries have outpaced number of infections in last 7 days
13 States have reported less than 1000 cases in past 24 hrs
TPR is down from 21% to 9.5% in2 weeks bac
Over 200.3 mn #Vaccinated https://t.co/i4ALmzbjMj",1398139417831763973,himanshu2904,['https://twitter.com/Sanju_Verma_/status/1397989204915675139'],https://twitter.com/Sanju_Verma_/status/1397989204915675139,['https://t.co/i4ALmzbjMj'],https://t.co/i4ALmzbjMj
6,https://twitter.com/dariussavelov/status/1367394708696141825,2021-03-04 08:41:18+00:00,This website makes me even more bullish about $TSLA. The fatality rate is so low. God bless them🙏🏻 https://t.co/NZMa9xdHej,1367394708696141825,dariussavelov,['https://www.tesladeaths.com/'],https://www.tesladeaths.com/,['https://t.co/NZMa9xdHej'],https://t.co/NZMa9xdHej
