,url,date,content,id,username,outlinks,outlinksss,tcooutlinks,tcooutlinksss
0,https://twitter.com/marksbirch/status/1412742233657315329,2021-07-07 11:56:10+00:00,"Wrote some thoughts about getting back to in person meetings and what this means for field sales. Some things will remain the same, but in other cases will be radically different...

p.s. includes bonus pic of awesome lobster rolls 🦞😂

https://t.co/fW0YPjITzO

#sales",1412742233657315329,marksbirch,['https://enterprisesales.substack.com/p/in-real-life'],https://enterprisesales.substack.com/p/in-real-life,['https://t.co/fW0YPjITzO'],https://t.co/fW0YPjITzO
1,https://twitter.com/HIREMAIDEA/status/1412691876767887367,2021-07-07 08:36:04+00:00,12 COVID-19 Cases Today (7 Jul); 5 Are Community Cases With 2 of Them Unlinked https://t.co/LHNC739aoc,1412691876767887367,HIREMAIDEA,['http://dlvr.it/S3D65L'],http://dlvr.it/S3D65L,['https://t.co/LHNC739aoc'],https://t.co/LHNC739aoc
2,https://twitter.com/MothershipSG/status/1412418962336456710,2021-07-06 14:31:36+00:00,1 dormitory resident among unlinked community Covid-19 cases announced on Jul. 6 https://t.co/cYKQb8R5x2 https://t.co/vnECJmyRx4,1412418962336456710,MothershipSG,['https://bit.ly/3dQJvTA'],https://bit.ly/3dQJvTA,['https://t.co/cYKQb8R5x2'],https://t.co/cYKQb8R5x2
3,https://twitter.com/BusinessTimes/status/1412325687386513408,2021-07-06 08:20:58+00:00,"Two new #Covid-19 community cases in Singapore, both unlinked https://t.co/EyV8q1Figp https://t.co/O5v8qMmj16",1412325687386513408,BusinessTimes,['https://bt.sg/4FLe'],https://bt.sg/4FLe,['https://t.co/EyV8q1Figp'],https://t.co/EyV8q1Figp
4,https://twitter.com/jas0nsg/status/1412325457832284170,2021-07-06 08:20:03+00:00,"10 new #COVID19 cases were reported in #Singapore 🇸🇬 on July 6:

◾ Community: 2
◾ Dormitories: 0
◾ Imported: 8
◾ Unlinked: 2

62,640 coronavirus cases

#Phase3 #HeightenedAlert #WearAMask #SocialDistancing 
#StayHome #StayAtHome #StayAtHomeSaveLives
https://t.co/04ffCcRJcj",1412325457832284170,jas0nsg,['https://www.channelnewsasia.com/news/singapore/covid-19-new-cases-jul-6-2-locally-transmitted-unlinked-moh-15163158'],https://www.channelnewsasia.com/news/singapore/covid-19-new-cases-jul-6-2-locally-transmitted-unlinked-moh-15163158,['https://t.co/04ffCcRJcj'],https://t.co/04ffCcRJcj
5,https://twitter.com/HIREMAIDEA/status/1412324955446861826,2021-07-06 08:18:03+00:00,10 COVID-19 Cases Today (6 Jul); 2 Are Community Cases &amp; Both Are Unlinked https://t.co/X3Drvbpnuk,1412324955446861826,HIREMAIDEA,['http://dlvr.it/S388wM'],http://dlvr.it/S388wM,['https://t.co/X3Drvbpnuk'],https://t.co/X3Drvbpnuk
6,https://twitter.com/jas0nsg/status/1412323105410748425,2021-07-06 08:10:42+00:00,"10 new #COVID19 cases were reported in #Singapore 🇸🇬 on July 6:

◾ Community: 2
◾ Dormitories: 0
◾ Imported: 8
◾ Unlinked: 2

62,640 coronavirus cases

#Phase3 #HeightenedAlert #WearAMask #SocialDistancing 
#StayHome #StayAtHome #StayAtHomeSaveLives

https://t.co/hXKzxZuwze",1412323105410748425,jas0nsg,['https://www.moh.gov.sg/news-highlights/details/2-new-cases-of-locally-transmitted-covid-19-infection_6Jul'],https://www.moh.gov.sg/news-highlights/details/2-new-cases-of-locally-transmitted-covid-19-infection_6Jul,['https://t.co/hXKzxZuwze'],https://t.co/hXKzxZuwze
7,https://twitter.com/junhaotan_/status/1412072000156143619,2021-07-05 15:32:54+00:00,"@MalayGuha1 Actually, the context was my feed got flooded in 30mins with tweets over another project elsewhere with naming that has a negative connotation. 

I think is just an honest mistake and that the project team has no ill intention. 

In any case, crypto community blow up over it.",1412072000156143619,junhaotan_,[],,[],
8,https://twitter.com/eiupdates/status/1412036677422534657,2021-07-05 13:12:32+00:00,"🤩 Woohoo! And the countdown begins to the biggest education summit of this year!

⏱ 3 DAYS TO GO!
https://t.co/nHymnEUxNT

Discover the top strategies with practical insights and case studies, join the Global Education Summit &amp; accelerate your Education and Community business! https://t.co/oFYkBsFbUm",1412036677422534657,eiupdates,['http://educationsummit.geniusu.com/?a_aid=Twitter_EI'],http://educationsummit.geniusu.com/?a_aid=Twitter_EI,['https://t.co/nHymnEUxNT'],https://t.co/nHymnEUxNT
9,https://twitter.com/PP_Peace_PP/status/1412025708906385414,2021-07-05 12:28:57+00:00,@CreekDrops in case if my luck favours &amp; if I win 😂 kindly distribute to our awesome community 🔥🚀 $WAXP https://t.co/uMhnjOvHJL,1412025708906385414,PP_Peace_PP,['https://twitter.com/CreekDrops/status/1411763951050895371'],https://twitter.com/CreekDrops/status/1411763951050895371,['https://t.co/uMhnjOvHJL'],https://t.co/uMhnjOvHJL
10,https://twitter.com/geniususocial/status/1412017605557239808,2021-07-05 11:56:45+00:00,"🤩 Woohoo! And the countdown begins to the biggest education summit of this year!

⏱ 3 DAYS TO GO!
https://t.co/pwAR0HWjZe

Discover the top strategies with practical insights and case studies, join the Global Education Summit &amp; accelerate your Education and Community business! https://t.co/fMqQm34C6w",1412017605557239808,geniususocial,['https://educationsummit.geniusu.com/?a_aid=Twitter_GU'],https://educationsummit.geniusu.com/?a_aid=Twitter_GU,['https://t.co/pwAR0HWjZe'],https://t.co/pwAR0HWjZe
11,https://twitter.com/BusinessTimes/status/1411966768956907523,2021-07-05 08:34:45+00:00,"Six new #Covid-19 community cases in Singapore, including two unlinked https://t.co/npzqy9pBXi https://t.co/OBXhU9SZeR",1411966768956907523,BusinessTimes,['https://bt.sg/4FBH'],https://bt.sg/4FBH,['https://t.co/npzqy9pBXi'],https://t.co/npzqy9pBXi
12,https://twitter.com/sfatc/status/1411965772805586945,2021-07-05 08:30:47+00:00,"MOH to stop giving details of Covid-19 community cases

To read more: https://t.co/cAXGVGHCP7

#covid #coronavirus #corona #stayhome #love #quarantine #news #lockdown https://t.co/eMLzTuioPl",1411965772805586945,sfatc,['https://bit.ly/2UrPtUo'],https://bit.ly/2UrPtUo,['https://t.co/cAXGVGHCP7'],https://t.co/cAXGVGHCP7
13,https://twitter.com/HIREMAIDEA/status/1411959799630110723,2021-07-05 08:07:03+00:00,13 COVID-19 Cases Today (5 Jul); 6 are Community Cases with 2 Unlinked https://t.co/OIctdApwwM,1411959799630110723,HIREMAIDEA,['http://dlvr.it/S34Xqz'],http://dlvr.it/S34Xqz,['https://t.co/OIctdApwwM'],https://t.co/OIctdApwwM
14,https://twitter.com/jas0nsg/status/1411959003207200770,2021-07-05 08:03:53+00:00,"13 new #COVID19 cases were reported in #Singapore 🇸🇬 on July 5:

◾ Community: 6
◾ Dormitories: 0
◾ Imported: 7
◾ Unlinked: 2

62,630 coronavirus cases

#Phase3 #HeightenedAlert #WearAMask #SocialDistancing 
#StayHome #StayAtHome #StayAtHomeSaveLives

https://t.co/rjSyiFuNnE",1411959003207200770,jas0nsg,['https://www.channelnewsasia.com/news/singapore/covid-19-new-cases-jul-5-locally-transmitted-imported-moh-15156816'],https://www.channelnewsasia.com/news/singapore/covid-19-new-cases-jul-5-locally-transmitted-imported-moh-15156816,['https://t.co/rjSyiFuNnE'],https://t.co/rjSyiFuNnE
15,https://twitter.com/jas0nsg/status/1411955846884466694,2021-07-05 07:51:21+00:00,"13 new #COVID19 cases were reported in #Singapore 🇸🇬 on July 5:

◾ Community: 6
◾ Dormitories: 0
◾ Imported: 7
◾ Unlinked: 2

62,630 coronavirus cases

#Phase3 #HeightenedAlert #WearAMask #SocialDistancing 
#StayHome #StayAtHome #StayAtHomeSaveLives

https://t.co/JzHDoVuf07",1411955846884466694,jas0nsg,['https://www.moh.gov.sg/news-highlights/details/6-new-cases-of-locally-transmitted-covid-19-infection5JULY'],https://www.moh.gov.sg/news-highlights/details/6-new-cases-of-locally-transmitted-covid-19-infection5JULY,['https://t.co/JzHDoVuf07'],https://t.co/JzHDoVuf07
16,https://twitter.com/Genashtim/status/1411867455094468610,2021-07-05 02:00:07+00:00,"Due to the COVID-19 crisis, discrimination against the Asian community has increased, resulting in verbal abuse or, in the worst-case scenario, violence.

#WeeklyUpdates #UsefulUpdates #Awareness #Racism #Coronavirus https://t.co/hIVAKub9k1",1411867455094468610,Genashtim,[],,[],
17,https://twitter.com/jas0nsg/status/1411695836325552129,2021-07-04 14:38:10+00:00,"11 new #COVID19 cases were reported in #Singapore 🇸🇬 on July 4:

◾ Community: 1
◾ Dormitories: 0
◾ Imported: 10
◾ Unlinked: 1

62,617 coronavirus cases

#Phase3 #HeightenedAlert #WearAMask #SocialDistancing 
#StayHome #StayAtHome #StayAtHomeSaveLives

https://t.co/gwssjnntSH",1411695836325552129,jas0nsg,['https://www.channelnewsasia.com/news/singapore/covid-19-locally-transmitted-cases-linked-imported-moh-jul-4-15152454'],https://www.channelnewsasia.com/news/singapore/covid-19-locally-transmitted-cases-linked-imported-moh-jul-4-15152454,['https://t.co/gwssjnntSH'],https://t.co/gwssjnntSH
18,https://twitter.com/jas0nsg/status/1411695767136333828,2021-07-04 14:37:53+00:00,"11 new #COVID19 cases were reported in #Singapore 🇸🇬 on July 4:

◾ Community: 1
◾ Dormitories: 0
◾ Imported: 10
◾ Unlinked: 1

62,617 coronavirus cases

#Phase3 #HeightenedAlert #WearAMask #SocialDistancing 
#StayHome #StayAtHome #StayAtHomeSaveLives

https://t.co/zxqYGmnvIM",1411695767136333828,jas0nsg,['https://www.moh.gov.sg/news-highlights/details/1-new-case-of-locally-transmitted-covid-19-infection-4Jul'],https://www.moh.gov.sg/news-highlights/details/1-new-case-of-locally-transmitted-covid-19-infection-4Jul,['https://t.co/zxqYGmnvIM'],https://t.co/zxqYGmnvIM
19,https://twitter.com/_RaffiFarhan/status/1411693539994578945,2021-07-04 14:29:02+00:00,"I still don't understand at this rate @KKMPutrajaya still doesn't want to increase daily testing to 120,000 and above!

Test more for early detection and avoid cases spread in community. https://t.co/PK7c5PutMe",1411693539994578945,_RaffiFarhan,['https://twitter.com/malaysia_covid/status/1411645633027477512'],https://twitter.com/malaysia_covid/status/1411645633027477512,['https://t.co/PK7c5PutMe'],https://t.co/PK7c5PutMe
20,https://twitter.com/GourmetMale/status/1411676080579043332,2021-07-04 13:19:39+00:00,"@GregDore2 Yep. Where are community positive cases in all but QLD being sent? Home. 

We will arrive (we can only hope, now) full vaxxed. 2x tested negative. Where is the most logical place to send us? Hint: it’s not where positive cases are with shitty procedures.",1411676080579043332,GourmetMale,[],,[],
21,https://twitter.com/MEIP00711/status/1411601092282961920,2021-07-04 08:21:41+00:00,1 community case today.. can we see a 0 tomorrow finally please,1411601092282961920,MEIP00711,[],,[],
22,https://twitter.com/HIREMAIDEA/status/1411597190192005126,2021-07-04 08:06:11+00:00,11 COVID-19 Cases Today (4 Jul); 1 is a Community Case https://t.co/4igYrS5hSJ,1411597190192005126,HIREMAIDEA,['http://dlvr.it/S31jRQ'],http://dlvr.it/S31jRQ,['https://t.co/4igYrS5hSJ'],https://t.co/4igYrS5hSJ
23,https://twitter.com/jun_chong/status/1411596060724629508,2021-07-04 08:01:41+00:00,"@Jonny_Qi @AkuRypto @thorstarter Bro, don’t get me wrong, I am all for experiment and building new thing. As community building is key for any crypto project, I might have excessively commented a lot of negativity towards TS in its IDO. I shall rest my case now. Tks for the reply.",1411596060724629508,jun_chong,[],,[],
24,https://twitter.com/TODAYonline/status/1411331675959689218,2021-07-03 14:31:07+00:00,Covid-19: 2 clusters closed; new community cases linked to Henderson Crescent and Changi General Hospital https://t.co/0RyoOm4Jft https://t.co/VdQzQYDCdD,1411331675959689218,TODAYonline,['https://tdy.sg/369wyjx'],https://tdy.sg/369wyjx,['https://t.co/0RyoOm4Jft'],https://t.co/0RyoOm4Jft
25,https://twitter.com/jas0nsg/status/1411283081214844930,2021-07-03 11:18:01+00:00,"7 new #COVID19 cases were reported in #Singapore 🇸🇬 on July 3:

◾ Community: 4
◾ Dormitories: 0
◾ Imported: 3

62,606 coronavirus cases

#Phase3 #HeightenedAlert #WearAMask #SocialDistancing 
#StayHome #StayAtHome #StayAtHomeSaveLives
https://t.co/f19BnNkKEf",1411283081214844930,jas0nsg,['https://www.channelnewsasia.com/news/singapore/covid-19-locally-transmitted-cases-linked-imported-moh-jul-3-15147212'],https://www.channelnewsasia.com/news/singapore/covid-19-locally-transmitted-cases-linked-imported-moh-jul-3-15147212,['https://t.co/f19BnNkKEf'],https://t.co/f19BnNkKEf
26,https://twitter.com/jas0nsg/status/1411282911291084801,2021-07-03 11:17:21+00:00,"7 new #COVID19 cases were reported in #Singapore 🇸🇬 on July 3:

◾ Community: 4
◾ Dormitories: 0
◾ Imported: 3

62,606 coronavirus cases

#Phase3 #HeightenedAlert #WearAMask #SocialDistancing 
#StayHome #StayAtHome #StayAtHomeSaveLives

https://t.co/T9Mtt0GwIe",1411282911291084801,jas0nsg,['https://www.moh.gov.sg/news-highlights/details/4-new-cases-of-locally-transmitted-covid-19-infection-3-jul-2021'],https://www.moh.gov.sg/news-highlights/details/4-new-cases-of-locally-transmitted-covid-19-infection-3-jul-2021,['https://t.co/T9Mtt0GwIe'],https://t.co/T9Mtt0GwIe
27,https://twitter.com/_rodahidup/status/1411240901112856579,2021-07-03 08:30:25+00:00,Number of linked and unlinked COVID-19 community cases in Singapore https://t.co/VmeLqjgGSU via @ChannelNewsAsia,1411240901112856579,_rodahidup,['https://infographics.channelnewsasia.com/covid-19/sgcovid19_community_cases.html'],https://infographics.channelnewsasia.com/covid-19/sgcovid19_community_cases.html,['https://t.co/VmeLqjgGSU'],https://t.co/VmeLqjgGSU
28,https://twitter.com/MustShareNews/status/1411228161216376835,2021-07-03 07:39:47+00:00,"Singapore reports 7 new Covid-19 cases on 3 July 2021, with 4 in the community all linked to previous cases. https://t.co/S71RBgJCaX https://t.co/g0S9YJiXFW",1411228161216376835,MustShareNews,['https://bit.ly/MSN3julcovid19'],https://bit.ly/MSN3julcovid19,['https://t.co/S71RBgJCaX'],https://t.co/S71RBgJCaX
29,https://twitter.com/HIREMAIDEA/status/1411227724585201666,2021-07-03 07:38:03+00:00,7 COVID-19 Cases Today (3 Jul); 4 are Community Cases https://t.co/iucypYsABB,1411227724585201666,HIREMAIDEA,['http://dlvr.it/S2yxt0'],http://dlvr.it/S2yxt0,['https://t.co/iucypYsABB'],https://t.co/iucypYsABB
30,https://twitter.com/monkeys_united/status/1411227547027660800,2021-07-03 07:37:21+00:00,2 days straight with 4 community cases 👏🏻👏🏻👏🏻 https://t.co/XwtdL6hkP7,1411227547027660800,monkeys_united,['https://twitter.com/MothershipSG/status/1411226773660913664'],https://twitter.com/MothershipSG/status/1411226773660913664,['https://t.co/XwtdL6hkP7'],https://t.co/XwtdL6hkP7
31,https://twitter.com/bourne_2_learn/status/1411104368133173250,2021-07-02 23:27:53+00:00,"@noplaceforsheep And some semblance of competence. Australia needs a 3-tier quarantine arrangement to separate out high, medium and low-risk cases. This could handle greater numbers (low risk would go home after first negative test) and also be much safer for returnees and the community.",1411104368133173250,bourne_2_learn,[],,[],
32,https://twitter.com/BusinessTimes/status/1410868604032098306,2021-07-02 07:51:02+00:00,"Three new #Covid-19 community cases in Singapore, including one unlinked https://t.co/hLCIt1oLFI https://t.co/Bi1cpKVTyb",1410868604032098306,BusinessTimes,['https://bt.sg/4Fnn'],https://bt.sg/4Fnn,['https://t.co/hLCIt1oLFI'],https://t.co/hLCIt1oLFI
33,https://twitter.com/MustShareNews/status/1410866644667101188,2021-07-02 07:43:15+00:00,"Singapore reports 1 unlinked community Covid-19 case on 2 July, breaking the 4-day streak of 0 unlinked cases. https://t.co/Xf8akXiDd3 https://t.co/4EZto6Ofsf",1410866644667101188,MustShareNews,['https://bit.ly/MSN2julcovid19'],https://bit.ly/MSN2julcovid19,['https://t.co/Xf8akXiDd3'],https://t.co/Xf8akXiDd3
34,https://twitter.com/jas0nsg/status/1410866444598870017,2021-07-02 07:42:27+00:00,"10 new #COVID19 cases were reported in #Singapore 🇸🇬 on July 2:

◾ Community: 3
◾ Dormitories: 0
◾ Imported: 7
◾ Unlinked: 1

62,599 coronavirus cases

#Phase3 #HeightenedAlert #WearAMask #SocialDistancing 
#StayHome #StayAtHome #StayAtHomeSaveLives
https://t.co/STgaZ7nvHf",1410866444598870017,jas0nsg,['https://www.channelnewsasia.com/news/singapore/covid-19-locally-transmitted-cases-linked-imported-moh-jul-2-15138688'],https://www.channelnewsasia.com/news/singapore/covid-19-locally-transmitted-cases-linked-imported-moh-jul-2-15138688,['https://t.co/STgaZ7nvHf'],https://t.co/STgaZ7nvHf
35,https://twitter.com/velorunsdeworld/status/1410766831925620740,2021-07-02 01:06:38+00:00,"April 2020, kedapatan puluhan kasus di beberapa migrant worker SG. Padahal community case hanya 1. Yg dilakukan 65: langsung melockdown SG, tracing, testing semua migrant workers &amp; yg sehat &amp; sakit dipisahkan. Hasilnya lebih dari 50k migrant worker ini OTG.",1410766831925620740,velorunsdeworld,[],,[],
36,https://twitter.com/sporeMOH/status/1410625751259385857,2021-07-01 15:46:01+00:00,"This is the 7 day moving average number of community unlinked cases, and community linked cases in the past month. https://t.co/X1vwFc6y0N",1410625751259385857,sporeMOH,[],,[],
37,https://twitter.com/jas0nsg/status/1410526323601076229,2021-07-01 09:10:56+00:00,"10 new #COVID19 cases were reported in #Singapore 🇸🇬 on July 1:

◾ Community: 4
◾ Dormitories: 0
◾ Imported: 6

62,589 coronavirus cases

#Phase3 #HeightenedAlert #WearAMask #SocialDistancing 
#StayHome #StayAtHome #StayAtHomeSaveLives https://t.co/JStQeZ025H",1410526323601076229,jas0nsg,['https://www.channelnewsasia.com/news/singapore/covid-19-4-locally-transmitted-cases-all-linked-imported-moh-15130476'],https://www.channelnewsasia.com/news/singapore/covid-19-4-locally-transmitted-cases-all-linked-imported-moh-15130476,['https://t.co/JStQeZ025H'],https://t.co/JStQeZ025H
38,https://twitter.com/HIREMAIDEA/status/1410505727626514432,2021-07-01 07:49:06+00:00,10 COVID-19 Cases Today (1 Jul); 4 are Community Cases https://t.co/Dv4ZJs8uIC,1410505727626514432,HIREMAIDEA,['http://dlvr.it/S2qTyg'],http://dlvr.it/S2qTyg,['https://t.co/Dv4ZJs8uIC'],https://t.co/Dv4ZJs8uIC
39,https://twitter.com/BusinessTimes/status/1410504349311115267,2021-07-01 07:43:37+00:00,"Four new #Covid-19 community cases in Singapore, all linked https://t.co/1J2BYqMi1V https://t.co/F87OtfEzM5",1410504349311115267,BusinessTimes,['https://bt.sg/4Fmq'],https://bt.sg/4Fmq,['https://t.co/1J2BYqMi1V'],https://t.co/1J2BYqMi1V
40,https://twitter.com/ChannelNewsAsia/status/1410433502575685643,2021-07-01 03:02:06+00:00,"Sydney COVID-19 Delta variant outbreak grows, cases in community stoke worries https://t.co/3IcKt1DFfo https://t.co/mDizrNtSJd",1410433502575685643,ChannelNewsAsia,['https://cna.asia/3Adf7wm'],https://cna.asia/3Adf7wm,['https://t.co/3IcKt1DFfo'],https://t.co/3IcKt1DFfo
41,https://twitter.com/insur_ace/status/1410261198109560836,2021-06-30 15:37:25+00:00,"2/ The #InsurAce Advisory Board started the investigation to verify the case right after receiving the request. A Claim Reference Report was produced and published to the community, proposing a claim payout advice of “Reject”. Full report can be found: https://t.co/XXAflooAwT",1410261198109560836,insur_ace,['http://t.ly/uQIU'],http://t.ly/uQIU,['https://t.co/XXAflooAwT'],https://t.co/XXAflooAwT
42,https://twitter.com/sporeMOH/status/1410248155401129984,2021-06-30 14:45:36+00:00,"This is the 7 day moving average number of community unlinked cases, and community linked cases in the past month. https://t.co/5AUrCga7Ew",1410248155401129984,sporeMOH,[],,[],
43,https://twitter.com/_rodahidup/status/1409524042252513285,2021-06-28 14:48:14+00:00,"4 new COVID-19 community cases in Singapore, all linked

https://t.co/2i6GBvSfFZ",1409524042252513285,_rodahidup,['https://www.channelnewsasia.com/news/singapore/covid-19-new-community-cases-singapore-jun-27-moh-15107670'],https://www.channelnewsasia.com/news/singapore/covid-19-new-community-cases-singapore-jun-27-moh-15107670,['https://t.co/2i6GBvSfFZ'],https://t.co/2i6GBvSfFZ
44,https://twitter.com/_rodahidup/status/1408861777845047297,2021-06-26 18:56:37+00:00,"13 new COVID-19 community cases, 1 more death reported in Singapore

https://t.co/OarNpNluwQ",1408861777845047297,_rodahidup,['https://www.channelnewsasia.com/news/singapore/covid-19-new-cases-woman-died-community-unlinked-moh-15096872'],https://www.channelnewsasia.com/news/singapore/covid-19-new-cases-woman-died-community-unlinked-moh-15096872,['https://t.co/OarNpNluwQ'],https://t.co/OarNpNluwQ
45,https://twitter.com/_rodahidup/status/1407801839081295872,2021-06-23 20:44:48+00:00,"A nurse among 3 unlinked cases.

13 new COVID-19 community cases in Singapore; NCID nurse among 3 unlinked infections

https://t.co/LiWDR4miLr",1407801839081295872,_rodahidup,['https://www.channelnewsasia.com/news/singapore/covid-19-new-cases-june-23-community-unlinked-ncid-nurse-moh-15072164'],https://www.channelnewsasia.com/news/singapore/covid-19-new-cases-june-23-community-unlinked-ncid-nurse-moh-15072164,['https://t.co/LiWDR4miLr'],https://t.co/LiWDR4miLr
46,https://twitter.com/_rodahidup/status/1407050252407001090,2021-06-21 18:58:16+00:00,Number of linked and unlinked COVID-19 community cases in Singapore https://t.co/VmeLqjyihu via @ChannelNewsAsia,1407050252407001090,_rodahidup,['https://infographics.channelnewsasia.com/covid-19/sgcovid19_community_cases.html'],https://infographics.channelnewsasia.com/covid-19/sgcovid19_community_cases.html,['https://t.co/VmeLqjyihu'],https://t.co/VmeLqjyihu
47,https://twitter.com/RatedJOfficial/status/1404618304765919232,2021-06-15 01:54:35+00:00,"Nagkaroon ng 19 na mga local transmission ng COVID-19 infections ngayong June 14. Lahat ito ay mga galing sa community maliban sa isang nanggaling sa dormitoryo.

18 sa mga local case ay linked cases sa mga naunang kaso at isa naman ang unlinked.

#RatedJ https://t.co/lZNKgpebRk",1404618304765919232,RatedJOfficial,[],,[],
48,https://twitter.com/ecownomics/status/1404451115253473281,2021-06-14 14:50:13+00:00,"@dinoXsg unless....

18 community cases....",1404451115253473281,ecownomics,[],,[],
49,https://twitter.com/_rodahidup/status/1404450885288173573,2021-06-14 14:49:19+00:00,"Cases in the community risen to 18 yesterday.

How many cases are there in Singapore? https://t.co/8I3iKaQVne via @ChannelNewsAsia",1404450885288173573,_rodahidup,['https://infographics.channelnewsasia.com/covid-19/sgcircuitbreaker.html'],https://infographics.channelnewsasia.com/covid-19/sgcircuitbreaker.html,['https://t.co/8I3iKaQVne'],https://t.co/8I3iKaQVne
50,https://twitter.com/yoshihirokin/status/1403735663485374478,2021-06-12 15:27:16+00:00,"濃厚接触者多そうだからQuarantine多くなりそうと思っていたら、案の定IONがホットスポット化してて再来週の外食解禁に暗雲が立ち込めてきた。

Nine new community cases; cleaner at Ion Orchard among 5 unlinked Covid-19 cases https://t.co/3QkBkfrQVI",1403735663485374478,yoshihirokin,['https://www.straitstimes.com/singapore/nine-new-community-cases-cleaner-at-ion-orchard-among-5-unlinked-covid-19-cases'],https://www.straitstimes.com/singapore/nine-new-community-cases-cleaner-at-ion-orchard-among-5-unlinked-covid-19-cases,['https://t.co/3QkBkfrQVI'],https://t.co/3QkBkfrQVI
51,https://twitter.com/_rodahidup/status/1403278904735924224,2021-06-11 09:12:17+00:00,"Singapore reports 3 new COVID-19 cases in the community, all unlinked

https://t.co/GUupw2ezED",1403278904735924224,_rodahidup,['https://www.channelnewsasia.com/news/singapore/covid-19-new-cases-june-11-community-unlinked-dormitory-moh-14992296'],https://www.channelnewsasia.com/news/singapore/covid-19-new-cases-june-11-community-unlinked-dormitory-moh-14992296,['https://t.co/GUupw2ezED'],https://t.co/GUupw2ezED
52,https://twitter.com/_rodahidup/status/1401883754189053966,2021-06-07 12:48:27+00:00,"Why contact-tracing is the key factor in current campaign against Covid19.

5 new COVID-19 community infections in Singapore, all linked to previous cases

https://t.co/LlSipxJ9Bu",1401883754189053966,_rodahidup,['https://www.channelnewsasia.com/news/singapore/covid-19-cases-singapore-community-linked-june-7-moh-14965118'],https://www.channelnewsasia.com/news/singapore/covid-19-cases-singapore-community-linked-june-7-moh-14965118,['https://t.co/LlSipxJ9Bu'],https://t.co/LlSipxJ9Bu
53,https://twitter.com/_rodahidup/status/1401627915868000259,2021-06-06 19:51:50+00:00,"Downward trend, most of them under quarantine.

6 new community COVID-19 cases in Singapore; Tan Tock Seng Hospital cluster closes

https://t.co/NAHpV4VRLd",1401627915868000259,_rodahidup,['https://www.channelnewsasia.com/news/singapore/covid-19-cases-singapore-community-june-6-ttsh-cluster-closed-14958000'],https://www.channelnewsasia.com/news/singapore/covid-19-cases-singapore-community-june-6-ttsh-cluster-closed-14958000,['https://t.co/NAHpV4VRLd'],https://t.co/NAHpV4VRLd
54,https://twitter.com/_rodahidup/status/1401202145945260034,2021-06-05 15:39:59+00:00,"Barber Shop cluster.

13 new COVID-19 community infections all linked to earlier cases; new cluster at barber shop at Simpang Bedok

https://t.co/SaX34tVLib",1401202145945260034,_rodahidup,['https://www.channelnewsasia.com/news/singapore/covid-19-new-singapore-cases-community-june-5-14953456'],https://www.channelnewsasia.com/news/singapore/covid-19-new-singapore-cases-community-june-5-14953456,['https://t.co/SaX34tVLib'],https://t.co/SaX34tVLib
55,https://twitter.com/_rodahidup/status/1400887787692298242,2021-06-04 18:50:50+00:00,"7 new community COVID-19 cases in Singapore, including new cluster linked to karaoke lounge manager

https://t.co/MahAR0hLsV",1400887787692298242,_rodahidup,['https://www.channelnewsasia.com/news/singapore/singapore-new-covid-19-cases-community-june-4-karaoke-cluster-14945090'],https://www.channelnewsasia.com/news/singapore/singapore-new-covid-19-cases-community-june-4-karaoke-cluster-14945090,['https://t.co/MahAR0hLsV'],https://t.co/MahAR0hLsV
56,https://twitter.com/_rodahidup/status/1400465080815296520,2021-06-03 14:51:09+00:00,"35 new community COVID-19 cases in Singapore, Hougang block identified as new cluster

https://t.co/qYe3jdnJnc",1400465080815296520,_rodahidup,['https://www.channelnewsasia.com/news/singapore/covid-19-new-cases-mindsville-june-3-hougang-ave-8-cluster-14937558'],https://www.channelnewsasia.com/news/singapore/covid-19-new-cases-mindsville-june-3-hougang-ave-8-cluster-14937558,['https://t.co/qYe3jdnJnc'],https://t.co/qYe3jdnJnc
57,https://twitter.com/_rodahidup/status/1400441616221949958,2021-06-03 13:17:54+00:00,Hidden Covid-19 cases in S'pore community 'very concerning': Lawrence Wong https://t.co/Ps3bWAm4Kf,1400441616221949958,_rodahidup,['https://str.sg/3Zkh'],https://str.sg/3Zkh,['https://t.co/Ps3bWAm4Kf'],https://t.co/Ps3bWAm4Kf
58,https://twitter.com/_rodahidup/status/1400423154229547015,2021-06-03 12:04:33+00:00,"Authorities 'very concerned' about hidden COVID-19 cases in the community: Lawrence Wong

https://t.co/nP21pvF9H6",1400423154229547015,_rodahidup,['https://www.channelnewsasia.com/news/singapore/hidden-covid-19-cases-community-mindsville-lawrence-wong-14939664'],https://www.channelnewsasia.com/news/singapore/hidden-covid-19-cases-community-mindsville-lawrence-wong-14939664,['https://t.co/nP21pvF9H6'],https://t.co/nP21pvF9H6
59,https://twitter.com/_rodahidup/status/1399755426569154561,2021-06-01 15:51:14+00:00,"15 new COVID-19 community cases in Singapore; all Hua Zai food stalls to shut amid 'likely ongoing transmission' among workers

https://t.co/Vx3BkgSkCK",1399755426569154561,_rodahidup,['https://www.channelnewsasia.com/news/singapore/covid-19-jun-1-community-cases-unlinked-moh-hua-zai-foodfare-14924268'],https://www.channelnewsasia.com/news/singapore/covid-19-jun-1-community-cases-unlinked-moh-hua-zai-foodfare-14924268,['https://t.co/Vx3BkgSkCK'],https://t.co/Vx3BkgSkCK
60,https://twitter.com/mdhxrith_/status/1399332672820813829,2021-05-31 11:51:22+00:00,"In all honesty, I don't believe it's a good idea for the easing of measures until in Singapore, we have 0 community cases whether cluster or unlinked cases. I believe too that going into Phase 3 on 28th December 2020 was actually too early and indeed, a mistake.",1399332672820813829,mdhxrith_,[],,[],
61,https://twitter.com/_rodahidup/status/1398724345992601600,2021-05-29 19:34:05+00:00,"23 new community COVID-19 cases in Singapore, including 4 unlinked infections

https://t.co/JKNq8w6Tfs",1398724345992601600,_rodahidup,['https://www.channelnewsasia.com/news/singapore/covid-19-community-cases-singapore-may-29-cluster-14910034'],https://www.channelnewsasia.com/news/singapore/covid-19-community-cases-singapore-may-29-cluster-14910034,['https://t.co/JKNq8w6Tfs'],https://t.co/JKNq8w6Tfs
62,https://twitter.com/AFatElectron/status/1398482589938184193,2021-05-29 03:33:26+00:00,"No matter how strongly u feel about ur reasoning. 

So tldr version of what I am saying is 

Please go to sleep more. 
Then u will not be like me a mental drunk who is shagged .

11.32am 29 May 2021 Saturday ,Singapore.

Covid era. Around 14 community cases.",1398482589938184193,AFatElectron,[],,[],
63,https://twitter.com/ImAnis95_/status/1398475918629236742,2021-05-29 03:06:56+00:00,@ub_aidil Community cases belas² jee..campur imported cases kdg 30+ kdg 40+ tapi masih maintain bawah 50..tapi still considered 'tak selamat'..huhu,1398475918629236742,ImAnis95_,[],,[],
64,https://twitter.com/MyChauffeurV/status/1398198220082188288,2021-05-28 08:43:27+00:00,"“Likely no need to further tighten Singapore's Covid-19 rules 
for now as community cases have stabilised” Lawrence Wong, 28 May ‘21.

Hopefully all dine-in can resume and our services can be revived from 13 June 2021. 

#reopening #restaurant #dinein #COVID19 #phase #alcohol https://t.co/Z5OWI5ewQ2",1398198220082188288,MyChauffeurV,[],,[],
65,https://twitter.com/_rodahidup/status/1398185155882151936,2021-05-28 07:51:32+00:00,"15 new COVID-19 community cases in Singapore, including 4 unlinked infections

https://t.co/NhT6avMBA3",1398185155882151936,_rodahidup,['https://www.channelnewsasia.com/news/singapore/covid-19-cases-community-may-28-moh-unlinked-quarantine-imported-14902254'],https://www.channelnewsasia.com/news/singapore/covid-19-cases-community-may-28-moh-unlinked-quarantine-imported-14902254,['https://t.co/NhT6avMBA3'],https://t.co/NhT6avMBA3
66,https://twitter.com/RatedJOfficial/status/1398124835004305410,2021-05-28 03:51:51+00:00,"PATULOY ANG PAGBABA NG COMMUNITY CASES FOR THE WEEK KUMPARA SA NAKARAANG LINGO
Nagkaroon ng 15 na mga local transmission ng COVID-19 infections ngayong araw ng May 27, 2021.

14 sa local transmission ang galing sa community at 1 sa dormitory. https://t.co/XLyB1olmBZ",1398124835004305410,RatedJOfficial,[],,[],
67,https://twitter.com/_rodahidup/status/1397623727131553795,2021-05-26 18:40:37+00:00,"23 new COVID-19 community cases in Singapore, including students and pastor linked to Jem/Westgate cluster

https://t.co/exodgBV7IL",1397623727131553795,_rodahidup,['https://www.channelnewsasia.com/news/singapore/covid-19-cases-community-may-26-dormitory-unlinked-jem-westgate-14888262'],https://www.channelnewsasia.com/news/singapore/covid-19-cases-community-may-26-dormitory-unlinked-jem-westgate-14888262,['https://t.co/exodgBV7IL'],https://t.co/exodgBV7IL
68,https://twitter.com/_rodahidup/status/1396751541336305664,2021-05-24 08:54:52+00:00,"24 new community COVID-19 cases in Singapore, including 2 unlinked infections

https://t.co/6WG5D6hmLD",1396751541336305664,_rodahidup,['https://www.channelnewsasia.com/news/singapore/covid-19-new-cases-community-cluster-moh-may-24-unlinked-14874594'],https://www.channelnewsasia.com/news/singapore/covid-19-new-cases-community-cluster-moh-may-24-unlinked-14874594,['https://t.co/6WG5D6hmLD'],https://t.co/6WG5D6hmLD
69,https://twitter.com/mdhxrith_/status/1396257648866054144,2021-05-23 00:12:19+00:00,"Dear @SMRT_Singapore  and @SBSTransit_Ltd, isn't it about time you start putting back the ""X"" on MRT and bus seats since community cases have been going up?",1396257648866054144,mdhxrith_,[],,[],
70,https://twitter.com/_rodahidup/status/1395465788941750272,2021-05-20 19:45:45+00:00,"27 new COVID-19 community cases in Singapore, 1 new death

https://t.co/fstyWWv3p7",1395465788941750272,_rodahidup,['https://www.channelnewsasia.com/news/singapore/covid-19-cases-community-tan-tock-seng-hospital-cluster-death-14847418'],https://www.channelnewsasia.com/news/singapore/covid-19-cases-community-tan-tock-seng-hospital-cluster-death-14847418,['https://t.co/fstyWWv3p7'],https://t.co/fstyWWv3p7
71,https://twitter.com/_rodahidup/status/1395117099442327553,2021-05-19 20:40:11+00:00,"34 new community COVID-19 cases in Singapore, including 5 students and 2 pre-school teachers

https://t.co/wn38y9vWIQ",1395117099442327553,_rodahidup,['https://www.channelnewsasia.com/news/singapore/covid-19-community-cases-may-19-clusters-pre-school-teachers-14838394'],https://www.channelnewsasia.com/news/singapore/covid-19-community-cases-may-19-clusters-pre-school-teachers-14838394,['https://t.co/wn38y9vWIQ'],https://t.co/wn38y9vWIQ
72,https://twitter.com/_rodahidup/status/1394718534358376449,2021-05-18 18:16:25+00:00,"27 new community COVID-19 cases in Singapore; 4 new clusters identified

https://t.co/5YSKWF0nJ1",1394718534358376449,_rodahidup,['https://www.channelnewsasia.com/news/singapore/covid-19-new-community-cases-unlinked-clusters-may-18-14831160'],https://www.channelnewsasia.com/news/singapore/covid-19-new-community-cases-unlinked-clusters-may-18-14831160,['https://t.co/5YSKWF0nJ1'],https://t.co/5YSKWF0nJ1
73,https://twitter.com/_rodahidup/status/1394717711733727234,2021-05-18 18:13:09+00:00,"27 new community COVID-19 cases in Singapore; 4 new clusters identified

https://t.co/5YSKWF0nJ1",1394717711733727234,_rodahidup,['https://www.channelnewsasia.com/news/singapore/covid-19-new-community-cases-unlinked-clusters-may-18-14831160'],https://www.channelnewsasia.com/news/singapore/covid-19-new-community-cases-unlinked-clusters-may-18-14831160,['https://t.co/5YSKWF0nJ1'],https://t.co/5YSKWF0nJ1
74,https://twitter.com/DathuRulz/status/1394597951431872520,2021-05-18 10:17:16+00:00,@kakashii_stan Entha strict and mask mandatory unna deggara everyday 25+ cases reporting community lo,1394597951431872520,DathuRulz,[],,[],
75,https://twitter.com/GeorgePutong/status/1394226974843817984,2021-05-17 09:43:08+00:00,A couple of recent cases in our neck of the woods. Medyo picky na rin ako sa delivery since many of our deliveries are from White Sands. Some of the recent community cases are Filipinos who share households. https://t.co/4EKUpcErQZ,1394226974843817984,GeorgePutong,[],,[],
76,https://twitter.com/DarlingJJS/status/1393394200008445953,2021-05-15 02:33:59+00:00,Back to Pratta breakfast!!! But only for today as tomorrow SG is starting to have “half lockdown”.. 😞 sedih banget community cases naik lagi di SG.. kapan kelarnyah sih inih? @ Pasir Ris Central Hawker Centre https://t.co/1j4WgVGM7m,1393394200008445953,DarlingJJS,['https://www.instagram.com/p/CO4ILeAsoU6/?igshid=vv70o9cfxak8'],https://www.instagram.com/p/CO4ILeAsoU6/?igshid=vv70o9cfxak8,['https://t.co/1j4WgVGM7m'],https://t.co/1j4WgVGM7m
77,https://twitter.com/MaverickKhoo/status/1393078612341919744,2021-05-14 05:39:57+00:00,"shouldn’t the lockdown be imposed as soon as you see a spike in community cases? And not dragged and give people a few more days for one last blast? 

man you guys gotta learn a thing or two on how western australia tackle this community case shit",1393078612341919744,MaverickKhoo,[],,[],
78,https://twitter.com/hysglads/status/1393075572931104768,2021-05-14 05:27:53+00:00,"Government tightening measures again due to rise in community cases. Gotta lock myself at home again with all my books, netflix etc",1393075572931104768,hysglads,[],,[],
79,https://twitter.com/henrychanesq/status/1393046350598602757,2021-05-14 03:31:46+00:00,"In recent days, Covid-19 cases spike suddenly in the SG community. We need to be more vigilant and employers should allow their staff to WFH.",1393046350598602757,henrychanesq,[],,[],
80,https://twitter.com/eviltofu/status/1392768117802102788,2021-05-13 09:06:10+00:00,24 community covid-19 cases in Singapore.,1392768117802102788,eviltofu,[],,[],
81,https://twitter.com/ecownomics/status/1392746281500483586,2021-05-13 07:39:24+00:00,24 community cases. GWS.,1392746281500483586,ecownomics,[],,[],
82,https://twitter.com/RatedJOfficial/status/1392393656384950276,2021-05-12 08:18:11+00:00,"At this crucial period when we have tightened measures to bring down community cases, let’s all do our part to be safe and responsible. Follow the rules, and support our nurses in this battle.",1392393656384950276,RatedJOfficial,[],,[],
83,https://twitter.com/_rodahidup/status/1392201753559326720,2021-05-11 19:35:38+00:00,"13 new community COVID-19 cases, including operating theatre technician at Ng Teng Fong General Hospital

https://t.co/TvrIPz0FNf",1392201753559326720,_rodahidup,['https://www.channelnewsasia.com/news/singapore/covid-19-community-new-cases-imported-ng-teng-fong-14784934'],https://www.channelnewsasia.com/news/singapore/covid-19-community-new-cases-imported-ng-teng-fong-14784934,['https://t.co/TvrIPz0FNf'],https://t.co/TvrIPz0FNf
84,https://twitter.com/RatedJOfficial/status/1391585430450040840,2021-05-10 02:46:35+00:00,"MALLS SA ORCHARD, JURONG EAST AT TAMPINES KABILANG SA MGA NAIDAGDAG SA LISTAHAN NG MGA LUGAR NA BINISITA NG COMMUNITY CASES (Updated: May 9)
Narito ang updated na listahan ng mga lugar na binisita ng mahigit 30 minutes ng mga community cases ng COVID-19 Infection sa Singapore. https://t.co/xQq7HW3O7K",1391585430450040840,RatedJOfficial,[],,[],
85,https://twitter.com/Kel_O_Official/status/1389975070773104641,2021-05-05 16:07:36+00:00,"Dear Residents,

In view of the increased number of COVID-19 cases in the community, Weekly house visits will be suspended until further notice. You can still reach SDA Team through private message, Our Team will get back to you as soon as possible.

[1/2] https://t.co/gynGLfHggi",1389975070773104641,Kel_O_Official,[],,[],
86,https://twitter.com/ecownomics/status/1389886694845939714,2021-05-05 10:16:25+00:00,@mrgear_recon no more lockdown la. Community cases down to 1 liao....,1389886694845939714,ecownomics,[],,[],
87,https://twitter.com/muhdmirza160194/status/1389804619274936323,2021-05-05 04:50:17+00:00,We tried to maintain zero community cases and meanwhile the imported cases keep increasing n now the community cases from a single digit have increased to two digits. The government should stop letting people coming to Singapore for the meantime even though for few years,1389804619274936323,muhdmirza160194,[],,[],
88,https://twitter.com/kissacastaneda/status/1389728567387295744,2021-05-04 23:48:05+00:00,"Due to a hospital cluster, #Singapore now has the highest number of community cases recorded in about 10 months. 

I’m confident we can handle this but it just goes to show how quickly things can change. The word relax does not exist in a pandemic. 

https://t.co/DB7B8Qpdlq",1389728567387295744,kissacastaneda,['https://www.straitstimes.com/singapore/health/singapore-to-cut-social-gathering-size-from-8-to-5-amid-rising-covid-19-cases'],https://www.straitstimes.com/singapore/health/singapore-to-cut-social-gathering-size-from-8-to-5-amid-rising-covid-19-cases,['https://t.co/DB7B8Qpdlq'],https://t.co/DB7B8Qpdlq
89,https://twitter.com/MaicaReynoso/status/1389567143612538880,2021-05-04 13:06:38+00:00,@nixxxjasmin Dumadami nanaman community cases. Hay,1389567143612538880,MaicaReynoso,[],,[],
90,https://twitter.com/RatedJOfficial/status/1389398377285050371,2021-05-04 01:56:01+00:00,"Sa 10 na community transmission, lahat ay may kaugnayan sa mga nauna nang mga biktima at galing sa mga cluster.

Narito ang breakdown ng imported cases:
3 - PR kabilang ang galing Pilipinas
1 - Dependent Pass holder
2 - Work Pass holders
1 - Short-term visit pass holders (2/3)",1389398377285050371,RatedJOfficial,[],,[],
91,https://twitter.com/RatedJOfficial/status/1389398374839820288,2021-05-04 01:56:00+00:00,"MAS MARAMING NAGPOSITIBO NA GALING COMMUNITY TRANSMISSION KAYSA SA IMPOTED CASES NGAYONG MAY 3

Nagkaroon ng 7 na imported cases at 10 na local transmission ng COVID-19 infections sa Singapore ngayong May 3. Walang naiulat na kaso mula sa dormitoryo. (1/3) https://t.co/doIZx8qdDg",1389398374839820288,RatedJOfficial,[],,[],
92,https://twitter.com/amrates/status/1389180081206005761,2021-05-03 11:28:35+00:00,Gg the rise in community cases making all the share price drop,1389180081206005761,amrates,[],,[],
93,https://twitter.com/_rodahidup/status/1388959899174903808,2021-05-02 20:53:40+00:00,"PAP advise MPs to suspend physical meet-the-people sessions amid rise in unlinked COVID-19 community cases

https://t.co/F6dOnQnUXd",1388959899174903808,_rodahidup,['https://www.channelnewsasia.com/news/singapore/pap-meet-the-people-sessions-virtual-covid-19-community-cases-14732968'],https://www.channelnewsasia.com/news/singapore/pap-meet-the-people-sessions-virtual-covid-19-community-cases-14732968,['https://t.co/F6dOnQnUXd'],https://t.co/F6dOnQnUXd
94,https://twitter.com/_rodahidup/status/1388898728124157954,2021-05-02 16:50:35+00:00,"14 new community COVID-19 cases in Singapore, including 11 linked to Tan Tock Seng Hospital cluster

https://t.co/BsSAi29oHr",1388898728124157954,_rodahidup,['https://www.channelnewsasia.com/news/singapore/covid-19-cases-imported-community-moh-hospital-ttsh-may-2-14731190'],https://www.channelnewsasia.com/news/singapore/covid-19-cases-imported-community-moh-hospital-ttsh-may-2-14731190,['https://t.co/BsSAi29oHr'],https://t.co/BsSAi29oHr
95,https://twitter.com/ecownomics/status/1388764261367705605,2021-05-02 07:56:16+00:00,14 community cases! Lai liao lai liao!,1388764261367705605,ecownomics,[],,[],
96,https://twitter.com/jaschintaz/status/1388394127897677825,2021-05-01 07:25:29+00:00,@wenjie Precisely. The recent community cases must have originated from outside of Singapore 🙄,1388394127897677825,jaschintaz,[],,[],
97,https://twitter.com/nasseramparna/status/1388147260890902530,2021-04-30 15:04:32+00:00,"Singapore, after tagged for being the best country to be in this Pandemic, now gearing up for unlinked community cases of Covid infection. Second wave??? Letsee in the coming days. Hopefully not. 🙏",1388147260890902530,nasseramparna,[],,[],
98,https://twitter.com/buschoti/status/1388123043625459712,2021-04-30 13:28:18+00:00,สิงคโปร์เริ่มจะเข้มข้นกับมาตรการโควิดอีกรอบแล้ว เริ่มจำกัดกิจกรรมนอกบ้านบางกิจกรรม ลดจำนวนคนในพื้นที่ร้านอาหาร ห้าง หลังจาก community case เพิ่มจำนวนขึ้นในช่วงสัปดาห์ที่ผ่านมา https://t.co/vCWs4v1T8E,1388123043625459712,buschoti,[],,[],
99,https://twitter.com/mhdsyualfiann/status/1387911727694573568,2021-04-29 23:28:36+00:00,puki kau peyh mak peyh laki ah sundal. time raya je ada je 16 new community cases bloody fuckery dog https://t.co/is3NtEzS6K,1387911727694573568,mhdsyualfiann,['https://twitter.com/ChannelNewsAsia/status/1387688700117610500'],https://twitter.com/ChannelNewsAsia/status/1387688700117610500,['https://t.co/is3NtEzS6K'],https://t.co/is3NtEzS6K
100,https://twitter.com/abasmayorrrr/status/1387695354036903939,2021-04-29 09:08:49+00:00,16 community cases today 😓 https://t.co/AolQn20ekP,1387695354036903939,abasmayorrrr,['https://twitter.com/MothershipSG/status/1387691717403430917'],https://twitter.com/MothershipSG/status/1387691717403430917,['https://t.co/AolQn20ekP'],https://t.co/AolQn20ekP
101,https://twitter.com/_rodahidup/status/1387066580543016961,2021-04-27 15:30:17+00:00,"1 community case among 12 new COVID-19 infections in Singapore

https://t.co/sOVFMWdgnZ",1387066580543016961,_rodahidup,['https://www.channelnewsasia.com/news/singapore/covid-19-new-cases-april-27-imported-community-dormitory-moh-14701980'],https://www.channelnewsasia.com/news/singapore/covid-19-new-cases-april-27-imported-community-dormitory-moh-14701980,['https://t.co/sOVFMWdgnZ'],https://t.co/sOVFMWdgnZ
102,https://twitter.com/_rodahidup/status/1385917227421945857,2021-04-24 11:23:10+00:00,"23 new cases of Covid-19, including 5 in the community https://t.co/ouAL6Du3Mg via @TODAYonline",1385917227421945857,_rodahidup,['https://www.todayonline.com/singapore/23-new-cases-covid-19-including-5-community?utm_source=dlvr.it&utm_medium=twitter#.YIP_mUZeoos.twitter'],https://www.todayonline.com/singapore/23-new-cases-covid-19-including-5-community?utm_source=dlvr.it&utm_medium=twitter#.YIP_mUZeoos.twitter,['https://t.co/ouAL6Du3Mg'],https://t.co/ouAL6Du3Mg
103,https://twitter.com/Sgboy01/status/1375971698932019202,2021-03-28 00:43:12+00:00,So we had 2 community cases in almost 2 weeks  and Mustafa centre appeared on the visited while infected  list Twice! Tough break M tough,1375971698932019202,Sgboy01,[],,[],
104,https://twitter.com/_rodahidup/status/1375527522969001985,2021-03-26 19:18:12+00:00,Myanmar maid is Singapore's first COVID-19 community case in 2 weeks; developed symptoms the day she started work https://t.co/WKB2EG3g2y,1375527522969001985,_rodahidup,['https://www.channelnewsasia.com/news/singapore/covid-19-new-cases-community-first-in-2-weeks-march-26-14495150#.YF4zYpwynns.twitter'],https://www.channelnewsasia.com/news/singapore/covid-19-new-cases-community-first-in-2-weeks-march-26-14495150#.YF4zYpwynns.twitter,['https://t.co/WKB2EG3g2y'],https://t.co/WKB2EG3g2y
105,https://twitter.com/mercy_flores1/status/1371452965450510346,2021-03-15 13:27:21+00:00,@arianepoblete Dito malaki na te ung 1K dati ngaun 1 cases in community nalng pero minsan madami ung mga pabalik SG mga below 20 gnun. Pero diretso sila quarantine.,1371452965450510346,mercy_flores1,[],,[],
106,https://twitter.com/AndrewAu/status/1367816445128626176,2021-03-05 12:37:07+00:00,@domtouche Well... Taking the vaccine is voluntary (at least for now) and we have near zero community cases and borders are effectively shut so the risk is pretty low I would say.,1367816445128626176,AndrewAu,[],,[],
107,https://twitter.com/_KYLEEEE/status/1358287907367182342,2021-02-07 05:34:07+00:00,can everyone in the pc building community please stop it with the damn lian li cases walao all look the same leh,1358287907367182342,_KYLEEEE,[],,[],
108,https://twitter.com/madihahsaleh/status/1353120741797974016,2021-01-23 23:21:39+00:00,"While my lovely country is battling with high number of cases daily, confusions over SOPs, funny politicians etc. SG is gradually opening their multi-sports events and no cases in the community most of the days! Always one step ahead from us! 

So here you go! 🏊🏻‍♀️🏃🏻‍♀️ https://t.co/RuMV02rfl0",1353120741797974016,madihahsaleh,[],,[],
109,https://twitter.com/officiallykumar/status/1352170743279218688,2021-01-21 08:26:41+00:00,not sg stepping into phase 3 and then getting 4 community cases on the daily.... lmao bye,1352170743279218688,officiallykumar,[],,[],
110,https://twitter.com/friztheawesome/status/1351865742774341638,2021-01-20 12:14:44+00:00,"See, that is 1 of the many valid reasons why ppl dont go see doctor, especially nowadays u automatically get 5 days mc. I dont blame the recent community case lady for not seeing the doc soon enough #keyboardwoyah https://t.co/YeSAej4yIK",1351865742774341638,friztheawesome,['https://twitter.com/friztheawesome/status/1351864877074112514'],https://twitter.com/friztheawesome/status/1351864877074112514,['https://t.co/YeSAej4yIK'],https://t.co/YeSAej4yIK
111,https://twitter.com/DasKaiserSJH/status/1351799013570351106,2021-01-20 07:49:34+00:00,Is the number of community cases gonna go up like a fibonacci sequence?  😰 https://t.co/x41vImv8sE,1351799013570351106,DasKaiserSJH,['https://twitter.com/MothershipSG/status/1351797533144612864'],https://twitter.com/MothershipSG/status/1351797533144612864,['https://t.co/x41vImv8sE'],https://t.co/x41vImv8sE
112,https://twitter.com/XXIIndigo/status/1351617391055179777,2021-01-19 19:47:52+00:00,@Genesisynthesis The community case is at my area.,1351617391055179777,XXIIndigo,[],,[],
113,https://twitter.com/tulunsokit/status/1351202638398959621,2021-01-18 16:19:47+00:00,"We are presently leading ASEAN in terms of daily new cases per million population. Testing wise we are lagging behind all but Indonesia.
It's in the community. 
We will not get to ""25 cases per day by May"" https://t.co/4dg89fLBU1",1351202638398959621,tulunsokit,[],,[],
114,https://twitter.com/gavin_kelleher/status/1350344553304186880,2021-01-16 07:30:04+00:00,It is completely bizarre that when I pack up in Singapore after 3+ years and head back to the UK next week I will have to get a Covid test in *Singapore* to be allowed into the UK - we’ve had about 1 case in the community here in the past week...,1350344553304186880,gavin_kelleher,[],,[],
115,https://twitter.com/AFatElectron/status/1348992727875084290,2021-01-12 13:58:24+00:00,"Taiwan almost zero local cases for many many months.. but still it's in community and somehow appear recently a few...

We are fucked..

It will never be gone until vaccine developed can run faster than mutation .

https://t.co/UfxEIid2xy",1348992727875084290,AFatElectron,['https://youtu.be/wQbKyJ2kR7c'],https://youtu.be/wQbKyJ2kR7c,['https://t.co/UfxEIid2xy'],https://t.co/UfxEIid2xy
