,url,date,content,id,username,outlinks,outlinksss,tcooutlinks,tcooutlinksss
0,https://twitter.com/cockporn/status/1336576306830446593,2020-12-09 07:39:58+00:00,"One of the men thought I was 22 (thank you so much) and kept calling me cute which I denied but I should have just thanked him, right? Lawl.

My self-esteem is so high right now. 
It's very bad. 
I feel powerful. 
That's a foreign feeling.",1336576306830446593,cockporn,[],,[],
1,https://twitter.com/4syrxff/status/1335884374059798528,2020-12-07 09:50:28+00:00,ego be skyhigh but self esteem be lower than the depths of hell,1335884374059798528,4syrxff,[],,[],
2,https://twitter.com/ohbergedil/status/1334287379427835904,2020-12-03 00:04:35+00:00,Congrats my self esteem dropped to -76.8%,1334287379427835904,ohbergedil,[],,[],
3,https://twitter.com/InkkyTwinkky/status/1331607674790690820,2020-11-25 14:36:24+00:00,"i wanna sing but like ✨insecurities✨, ✨low self-esteem✨, and ✨you-know-what✨

im a shy person to begin with so 🤷🏽‍♂️",1331607674790690820,InkkyTwinkky,[],,[],
4,https://twitter.com/qiskoaiko/status/1326165956201123842,2020-11-10 14:12:57+00:00,hving low self esteem my whole life isnt a bad idea i guess,1326165956201123842,qiskoaiko,[],,[],
5,https://twitter.com/hoeriyono/status/1316799932293021696,2020-10-15 17:55:43+00:00,hard to swallow when you realised you've been selfish and let down the people that mattered. big self esteem L,1316799932293021696,hoeriyono,[],,[],
6,https://twitter.com/_dvnivll/status/1313069697642889216,2020-10-05 10:53:06+00:00,"@suphagrid once in awhile feeling feeling, u like this. haisss ppl like u make my self esteem so low",1313069697642889216,_dvnivll,[],,[],
7,https://twitter.com/pedrosumi/status/1308226572063657984,2020-09-22 02:08:15+00:00,"I got troubled thoughts and the self-esteem to match, what a catch.",1308226572063657984,pedrosumi,[],,[],
8,https://twitter.com/ellyyyyyna/status/1304059255444484097,2020-09-10 14:08:49+00:00,"honestly my self-esteem dropped so rapidly, but here i am! holding on! and getting myself! back together!!!!!!!! 🥰🐍",1304059255444484097,ellyyyyyna,[],,[],
9,https://twitter.com/syakiwifruit/status/1302276265039114241,2020-09-05 16:03:51+00:00,"girls, daily reminder to stop thinking abt the terrible men that made ur self esteem dwindle ❤️ fk men",1302276265039114241,syakiwifruit,[],,[],
10,https://twitter.com/inpinsantipin/status/1300717698670706689,2020-09-01 08:50:40+00:00,Ok la we don’t post our pictures or delete afterwards because we low self esteem la fk is that what you want to hear zz,1300717698670706689,inpinsantipin,[],,[],
11,https://twitter.com/kennedesng/status/1298803365808283649,2020-08-27 02:03:47+00:00,Exercise and grooming is such a self-esteem boost. I want to visit a wellness resort after the pandemic is over 😩,1298803365808283649,kennedesng,[],,[],
12,https://twitter.com/SugengTegar1148/status/1298558439669534720,2020-08-26 09:50:32+00:00,"Meskipun Self Esteem dan Self Confidence punya pengertian yang berbeda, namun sebenarnya kedua hal tersebut justru saling mendukung satu sama lain agar kamu tidak menjadi orang yang minderan atau ragu dengan diri… https://t.co/r3co9dMay2",1298558439669534720,SugengTegar1148,['https://www.instagram.com/p/CEWR3n1Dzqj/?igshid=14y36kvwa9lkf'],https://www.instagram.com/p/CEWR3n1Dzqj/?igshid=14y36kvwa9lkf,['https://t.co/r3co9dMay2'],https://t.co/r3co9dMay2
13,https://twitter.com/ohmais_/status/1295760831448195073,2020-08-18 16:33:50+00:00,my self esteem just went from 100-0,1295760831448195073,ohmais_,[],,[],
14,https://twitter.com/cockporn/status/1293134204541136905,2020-08-11 10:36:34+00:00,"I hate to admit it but playing with the hunks last night boosted my self-esteem a bit

It's like: you *are* good enough

This is such a toxic mentality urgh 
abort 
abort 
abort",1293134204541136905,cockporn,[],,[],
15,https://twitter.com/inpinsantipin/status/1292491639164776448,2020-08-09 16:03:14+00:00,What ever happened to my self esteem,1292491639164776448,inpinsantipin,[],,[],
16,https://twitter.com/himanshu2904/status/1288986453343531009,2020-07-30 23:54:53+00:00,"@iabhinavKhare @aishe_ghosh These people have absolutely no power, no credibility, they are corrupt and have no self esteem.The only friends they have is other commies or scavengers. They are at the extreme end of the IQ chart and can only be compared to a parasite. Ignoring them is the only way to counter.",1288986453343531009,himanshu2904,[],,[],
17,https://twitter.com/pauriahcarey/status/1283628685979865089,2020-07-16 05:05:02+00:00,His jawline can not only cut paper it also cuts my self esteem into shreds https://t.co/aTfzv30vkS,1283628685979865089,pauriahcarey,['https://twitter.com/SPLENDOR1999/status/1283465247630786565'],https://twitter.com/SPLENDOR1999/status/1283465247630786565,['https://t.co/aTfzv30vkS'],https://t.co/aTfzv30vkS
18,https://twitter.com/FarieRose/status/1283368981240270848,2020-07-15 11:53:03+00:00,This is my reality in many social contexts too.. I'm NT fyi (as far as I can tell). Always wondering if it's me who's inadequate to earn or form the bond I see in that group. I usually chock it up to lack of self esteem. 🤷🏽 https://t.co/bFOGkI51TB,1283368981240270848,FarieRose,['https://twitter.com/supersoupdragon/status/1283365683531780096'],https://twitter.com/supersoupdragon/status/1283365683531780096,['https://t.co/bFOGkI51TB'],https://t.co/bFOGkI51TB
19,https://twitter.com/JAEMlNCEO/status/1281216823959023616,2020-07-09 13:21:09+00:00,bro wtf why is everyone so pretty😖 my self esteem went📉📉📉,1281216823959023616,JAEMlNCEO,[],,[],
20,https://twitter.com/heyfeyt/status/1274202144904671232,2020-06-20 04:47:19+00:00,"Yes, I’m insecure, yes I have low self-esteem ✋🏻 no I’m not happy the way I am. No, I don’t need your positivity. I hate how my body looks.",1274202144904671232,heyfeyt,[],,[],
21,https://twitter.com/Riya2124/status/1273208453725425666,2020-06-17 10:58:45+00:00,"It says that exercising amongst nature leads to increased self-esteem and improved mood. I second that, today was very much needed.. #Nature #TeamGreen 🍃 🌲 💚 https://t.co/K65r2ji2q5",1273208453725425666,Riya2124,[],,[],
22,https://twitter.com/brenLoveDon/status/1271691178472165377,2020-06-13 06:29:38+00:00,"Sejak dah gemuk sesangat ni, ambil gambar macam mana pun susah nak rasa diri ni cantik... Hmmm.. Low self esteem dah... Huhuhu",1271691178472165377,brenLoveDon,[],,[],
23,https://twitter.com/msmsaifullah/status/1270714240467255309,2020-06-10 13:47:38+00:00,@raneunn This guy got hammered not too long ago for being a government stenographer even though China had intruded deep inside LAC. Clearly the above one is the case of misplaced self-esteem.,1270714240467255309,msmsaifullah,[],,[],
24,https://twitter.com/HoIyCunty/status/1270377607737995274,2020-06-09 15:29:58+00:00,there goes my self esteem,1270377607737995274,HoIyCunty,[],,[],
25,https://twitter.com/Ashanntze/status/1258239707407716352,2020-05-07 03:38:17+00:00,"I won't give time, breath or energy to haters, trolls &amp; bought bots. There'll always be differing opinions. Name-calling, bitchiness, bullying, inciting hate, stems from insecurity, jealousy, EGO, envy, fear, unfounded prejudices, intolerance, lack of self esteem.",1258239707407716352,Ashanntze,[],,[],
26,https://twitter.com/_bilav/status/1257931238444134400,2020-05-06 07:12:33+00:00,"when men have fragile egoes, poor self-esteem, terrible communication skills, and a lack of self-awareness, drama ensues. (lol not @ me) https://t.co/hHcKJzPXpT",1257931238444134400,_bilav,['https://twitter.com/Mattlhr69/status/1257904911129296896'],https://twitter.com/Mattlhr69/status/1257904911129296896,['https://t.co/hHcKJzPXpT'],https://t.co/hHcKJzPXpT
27,https://twitter.com/shaymeowmeow/status/1253681767799599105,2020-04-24 13:46:40+00:00,Sigh there goes my self esteem 📉📉📉 https://t.co/vlGuAKeXDo,1253681767799599105,shaymeowmeow,['https://twitter.com/ripvanwinkle99/status/1253294772787150848'],https://twitter.com/ripvanwinkle99/status/1253294772787150848,['https://t.co/vlGuAKeXDo'],https://t.co/vlGuAKeXDo
28,https://twitter.com/chaesobas/status/1241048511392542721,2020-03-20 17:06:37+00:00,@akmudfurries me cuz ig be makin me lose my self esteem by realising hw ugly i am thr,1241048511392542721,chaesobas,[],,[],
29,https://twitter.com/mirashafiee/status/1237951983421554688,2020-03-12 04:02:07+00:00,my self esteem suddenly drop today hm can i just die ?,1237951983421554688,mirashafiee,[],,[],
30,https://twitter.com/iamshawy/status/1236502653368221696,2020-03-08 04:03:00+00:00,What The Lion King Can Teach You About Self-Esteem https://t.co/vdLbaAFpcr,1236502653368221696,iamshawy,['https://addicted2success.com/life/what-the-lion-king-can-teach-you-about-self-esteem/'],https://addicted2success.com/life/what-the-lion-king-can-teach-you-about-self-esteem/,['https://t.co/vdLbaAFpcr'],https://t.co/vdLbaAFpcr
31,https://twitter.com/beeha_bihah/status/1236488588084146176,2020-03-08 03:07:06+00:00,"Whenever I feel like hating myself, this is good for self-esteem.
Coincidentally, today is Woman's Day.
Jaga jaga bang, falsetto tu. 
https://t.co/uzlEhIMj98",1236488588084146176,beeha_bihah,['https://www.youtube.com/playlist?list=RDHr9TaQw-L-M'],https://www.youtube.com/playlist?list=RDHr9TaQw-L-M,['https://t.co/uzlEhIMj98'],https://t.co/uzlEhIMj98
32,https://twitter.com/pravin_bigshotz/status/1236306222833209344,2020-03-07 15:02:27+00:00,@Shamini22 Self esteem +9000 https://t.co/b3p9NMEqEs,1236306222833209344,pravin_bigshotz,[],,[],
33,https://twitter.com/dxn_nyy/status/1235054447006322688,2020-03-04 04:08:21+00:00,it’s scary when u overthink how someone close to you can use your darkest secrets against you which would greatly affect your self-esteem &amp; self-respect.,1235054447006322688,dxn_nyy,[],,[],
34,https://twitter.com/dzadzadzaiimah/status/1233979599257649152,2020-03-01 04:57:17+00:00,"I had people advising me when I was at the wrong side of life. Always sad and unhappy with things and mostly, insecurity. My self-esteem was very terrible. I dont think I wanted to change then. I just DID NOT WANT TO GOT THROUGH THAT but I didnt change anything.",1233979599257649152,dzadzadzaiimah,[],,[],
35,https://twitter.com/MommyMiaIca/status/1230862036529242114,2020-02-21 14:29:12+00:00,"🌷Before you diagnose yourself with depression or low self-esteem, first make sure you are not, in fact, just in need of a massage.🌷

#mobilespajb #traditionalmassagejb #mobilemassagejb #Tukangurutjb @ Tampoi, Johor,… https://t.co/Zubm5tge9m",1230862036529242114,MommyMiaIca,['https://www.instagram.com/p/B81RHA8pRVV/?igshid=1ntfitzu0ax5l'],https://www.instagram.com/p/B81RHA8pRVV/?igshid=1ntfitzu0ax5l,['https://t.co/Zubm5tge9m'],https://t.co/Zubm5tge9m
36,https://twitter.com/TeamLauraRogers/status/1229652461930942466,2020-02-18 06:22:47+00:00,"You probably don't realise it but 'fit people' also: 

- have cravings 
- sometimes eat 'too much' 
- don't feel like working out 
- have problems inc body image issues 
- experience low self esteem and body confidence 
- have to work hard to keep their physique

We're human too.",1229652461930942466,TeamLauraRogers,[],,[],
37,https://twitter.com/qxxncy_/status/1222513743029886978,2020-01-29 13:36:04+00:00,wanna look cute everyday but then my self esteem just pulled me down everytime,1222513743029886978,qxxncy_,[],,[],
38,https://twitter.com/myrvzainal/status/1216995800531648513,2020-01-14 08:09:44+00:00,i need this kind of husband 😂 kalau lelaki complain bab masak nie dia punya self esteem kan fuh berkecai 😅 https://t.co/ErJqbzAJhA,1216995800531648513,myrvzainal,['https://twitter.com/amirulhanafy/status/1216702544849752069'],https://twitter.com/amirulhanafy/status/1216702544849752069,['https://t.co/ErJqbzAJhA'],https://t.co/ErJqbzAJhA
