,url,date,content,id,username,outlinks,outlinksss,tcooutlinks,tcooutlinksss
0,https://twitter.com/septian/status/1412779890403778560,2021-07-07 14:25:48+00:00,"Singapore reported 12 #COVID19 cases on 7 Jul.

- 7 imported cases
- 5 local cases (3 linked, 2 unlinked)

Total: 62,652
Discharged: 62,341 (+28)
Isolation facilities: 185 (-7)
Hospitalized: 90 (-9)
+oxygen: 7 (-1)
ICU: 3
Deaths: 36

https://t.co/k2q1KbiaSt https://t.co/UwSyfYrOzp",1412779890403778560,septian,['https://www.moh.gov.sg/news-highlights/details/update-on-local-covid-19-situation-(7-july-2021)'],https://www.moh.gov.sg/news-highlights/details/update-on-local-covid-19-situation-(7-july-2021),['https://t.co/k2q1KbiaSt'],https://t.co/k2q1KbiaSt
1,https://twitter.com/eelnadliahkim/status/1412747477514555399,2021-07-07 12:17:00+00:00,@AudiKhalid Let’s dine in again soon boo. Once I’m done serving my 7 days isolation from London,1412747477514555399,eelnadliahkim,[],,[],
2,https://twitter.com/sehof/status/1412740196617969664,2021-07-07 11:48:04+00:00,"Out-going German representative Thomas Prinz says in interview that Taiwan’s attempt to purchase from BioNTech was affected by its isolation, Berlin reached out to BioNTech to express support for deal, even though it is between private parties. Chinese licence-holder was a factor https://t.co/4GE0cAWQOj",1412740196617969664,sehof,['https://twitter.com/sehof/status/1412739196381327363'],https://twitter.com/sehof/status/1412739196381327363,['https://t.co/4GE0cAWQOj'],https://t.co/4GE0cAWQOj
3,https://twitter.com/aasripokperi/status/1412730096092209153,2021-07-07 11:07:56+00:00,Kenyng alhamdulillah duk isolation ward ni,1412730096092209153,aasripokperi,[],,[],
4,https://twitter.com/youk55/status/1412666976334356481,2021-07-07 06:57:07+00:00,"@oideyosingapore シンガポールのコロナ患者を救急車で迎えに来てくれたり、community isolation facility が結局無料なのは本当に感謝。

もっと、税金払おっと",1412666976334356481,youk55,[],,[],
5,https://twitter.com/Chinesepop/status/1412608997677408256,2021-07-07 03:06:44+00:00,"England to scrap self-isolation for children, fully vaccinated after Covid contact | Malay Mail https://t.co/lyydS1dgWV",1412608997677408256,Chinesepop,['https://www.malaymail.com/news/world/2021/07/06/england-to-scrap-self-isolation-for-children-fully-vaccinated-after-covid-c/1987742#.YOUaO09sEAY.twitter'],https://www.malaymail.com/news/world/2021/07/06/england-to-scrap-self-isolation-for-children-fully-vaccinated-after-covid-c/1987742#.YOUaO09sEAY.twitter,['https://t.co/lyydS1dgWV'],https://t.co/lyydS1dgWV
6,https://twitter.com/Chinesepop/status/1412608000624234496,2021-07-07 03:02:46+00:00,"UK to scrap self-isolation for kids, fully vaccinated after Covid contact

https://t.co/fs0pi3DOmc",1412608000624234496,Chinesepop,['https://www.freemalaysiatoday.com/category/world/2021/07/06/uk-to-scrap-self-isolation-for-kids-fully-vaccinated-after-covid-contact/'],https://www.freemalaysiatoday.com/category/world/2021/07/06/uk-to-scrap-self-isolation-for-kids-fully-vaccinated-after-covid-contact/,['https://t.co/fs0pi3DOmc'],https://t.co/fs0pi3DOmc
7,https://twitter.com/Chinesepop/status/1412602377840959491,2021-07-07 02:40:26+00:00,"England to scrap self-isolation for children, fully vaccinated after Covid-19 contact
https://t.co/xJGniArxyJ

Download the TODAY app at https://t.co/pzP2j5QBya",1412602377840959491,Chinesepop,"['https://bit.ly/3qNl27b', 'http://www.todayonline.com/apps']",https://bit.ly/3qNl27b http://www.todayonline.com/apps,"['https://t.co/xJGniArxyJ', 'https://t.co/pzP2j5QBya']",https://t.co/xJGniArxyJ https://t.co/pzP2j5QBya
8,https://twitter.com/Cocoveda/status/1412586912322228225,2021-07-07 01:38:59+00:00,"Hi, you.
Things can get hard so we hope you can get through this week! Here are some #selfcare ideas you can do and remember: it’s okay to take a break

#cocoveda #mentalhealth #wednesdaywisdom #wellbeing #mentalhealthmatters #covid #covid19 #depression #isolation #anxiety #love https://t.co/7qg5yPeTM9",1412586912322228225,Cocoveda,[],,[],
9,https://twitter.com/septian/status/1412427410608431112,2021-07-06 15:05:10+00:00,"Singapore reported 10 #COVID19 cases on 6 Jul.

- 8 imported cases
- 2 local cases (both unlinked)

Total: 62,640
Discharged: 62,313 (+14)
Isolation facilities: 192 (-1)
Hospitalized: 99 (-3)
+oxygen: 8 (-2)
ICU: 3
Deaths: 36

https://t.co/plL7FBg0wz https://t.co/ctzJSQ26ON",1412427410608431112,septian,['https://www.moh.gov.sg/news-highlights/details/update-on-local-covid-19-situation-(6-july-2021)'],https://www.moh.gov.sg/news-highlights/details/update-on-local-covid-19-situation-(6-july-2021),['https://t.co/plL7FBg0wz'],https://t.co/plL7FBg0wz
10,https://twitter.com/TODAYonline/status/1412403601582919682,2021-07-06 13:30:34+00:00,"England to scrap self-isolation for children, fully vaccinated after Covid-19 contact https://t.co/B6txn3R1Z9 https://t.co/XJpSoJDI9M",1412403601582919682,TODAYonline,['https://tdy.sg/3jJKr01'],https://tdy.sg/3jJKr01,['https://t.co/B6txn3R1Z9'],https://t.co/B6txn3R1Z9
11,https://twitter.com/chiakokhua/status/1412371473831010305,2021-07-06 11:22:54+00:00,@AkhileshH3 That quote in isolation is a bit misleading. I appended the full para below it. Take a look.,1412371473831010305,chiakokhua,[],,[],
12,https://twitter.com/chiakokhua/status/1412347902240854021,2021-07-06 09:49:14+00:00,"@davidbepo Because it sounds desperate, and suggests that Intel has given up trying to catch up with TSMC.

Anyways, that's what @witeken's quote in isolation suggests. In its full and proper context, it ain't so bad. See here:

https://t.co/gB3bdEVote",1412347902240854021,chiakokhua,['https://twitter.com/chiakokhua/status/1412343772646576141?s=20'],https://twitter.com/chiakokhua/status/1412343772646576141?s=20,['https://t.co/gB3bdEVote'],https://t.co/gB3bdEVote
13,https://twitter.com/chiakokhua/status/1412346016083316757,2021-07-06 09:41:45+00:00,"@ShahinKhan Sure, but as CEO of Intel, you shouldn't be using that as a sales pitch. Anyways, that quote in isolation looks really bad but in full and proper context, it isn't so bad. See here:

https://t.co/gB3bdEVote",1412346016083316757,chiakokhua,['https://twitter.com/chiakokhua/status/1412343772646576141?s=20'],https://twitter.com/chiakokhua/status/1412343772646576141?s=20,['https://t.co/gB3bdEVote'],https://t.co/gB3bdEVote
14,https://twitter.com/ST_LifeTweets/status/1412309603895840773,2021-07-06 07:17:03+00:00,Foda (fear of dating again) is real - after Covid-19 isolation https://t.co/SHQUwi3Cw0,1412309603895840773,ST_LifeTweets,['http://www.straitstimes.com/life/foda-fear-of-dating-again-is-real-after-covid-19-isolation?utm_source=twitter&utm_medium=social-organic&utm_keyword=dlvr.it'],http://www.straitstimes.com/life/foda-fear-of-dating-again-is-real-after-covid-19-isolation?utm_source=twitter&utm_medium=social-organic&utm_keyword=dlvr.it,['https://t.co/SHQUwi3Cw0'],https://t.co/SHQUwi3Cw0
15,https://twitter.com/MrAsyraf_/status/1412281229659967493,2021-07-06 05:24:18+00:00,Lama ea isolation,1412281229659967493,MrAsyraf_,[],,[],
16,https://twitter.com/CampusSingapore/status/1412280044693557249,2021-07-06 05:19:36+00:00,"Check out these anime that tackle mental health. Some are about protagonists seeking validation &amp; redemption or coping with isolation &amp; societal pressure. There's also one that links criminal activity with mental state.

#MentalHealthMatters #anime 
https://t.co/lH0OcnqABk",1412280044693557249,CampusSingapore,['https://bit.ly/AnimeMental'],https://bit.ly/AnimeMental,['https://t.co/lH0OcnqABk'],https://t.co/lH0OcnqABk
17,https://twitter.com/Chinesepop/status/1412226321879494667,2021-07-06 01:46:07+00:00,"British royal Kate in self-isolation after Covid-19 contact

https://t.co/TPSn9FfjIC",1412226321879494667,Chinesepop,['https://www.freemalaysiatoday.com/category/world/2021/07/05/british-royal-kate-in-self-isolation-after-covid-19-contact/'],https://www.freemalaysiatoday.com/category/world/2021/07/05/british-royal-kate-in-self-isolation-after-covid-19-contact/,['https://t.co/TPSn9FfjIC'],https://t.co/TPSn9FfjIC
18,https://twitter.com/jamescrabtree/status/1412196447445913604,2021-07-05 23:47:25+00:00,"Excellent graph from @TomOrlik showing scenarios where China never actually overtake US GDP. 

Xi ""nightmare scenario"" is reform failure + international isolation + financial crisis combining, esp if it turns out Beijing has been cooking the books.

https://t.co/Prk9iXG9Wz https://t.co/BgkApfhM4z",1412196447445913604,jamescrabtree,['https://www.bloomberg.com/news/features/2021-07-05/when-will-china-s-economy-beat-the-u-s-to-become-no-1-why-it-may-never-happen'],https://www.bloomberg.com/news/features/2021-07-05/when-will-china-s-economy-beat-the-u-s-to-become-no-1-why-it-may-never-happen,['https://t.co/Prk9iXG9Wz'],https://t.co/Prk9iXG9Wz
19,https://twitter.com/tessie18/status/1412093682778509314,2021-07-05 16:59:04+00:00,@benita_reddi I understand. I am also in isolation so that compounds matters,1412093682778509314,tessie18,[],,[],
20,https://twitter.com/leeb85/status/1412085388261294082,2021-07-05 16:26:06+00:00,"Cases are rising yes.
Hospitalisation and death is flat. Economic devastation and social isolation will now kill more than a vaccinated population https://t.co/1I7j1mLdj7",1412085388261294082,leeb85,['https://twitter.com/borisjohnson_mp/status/1412083218946396166'],https://twitter.com/borisjohnson_mp/status/1412083218946396166,['https://t.co/1I7j1mLdj7'],https://t.co/1I7j1mLdj7
21,https://twitter.com/septian/status/1412058212682006528,2021-07-05 14:38:07+00:00,"Singapore reported 13 #COVID19 cases on 5 Jul.

- 7 imported cases
- 6 local cases (4 linked, 2 unlinked)

Total: 62,630
Discharged: 62,299 (+13)
Isolation facilities: 193 (+1)
Hospitalized: 102 (-1)
+oxygen: 10
ICU: 3 (+1)
Deaths: 36

https://t.co/3r58jtnjxY https://t.co/QXb1WXBm1f",1412058212682006528,septian,['https://www.moh.gov.sg/news-highlights/details/update-on-local-covid-19-situation-(5-julyfullpr)'],https://www.moh.gov.sg/news-highlights/details/update-on-local-covid-19-situation-(5-julyfullpr),['https://t.co/3r58jtnjxY'],https://t.co/3r58jtnjxY
22,https://twitter.com/sehof/status/1412009987052802048,2021-07-05 11:26:29+00:00,"@incoherentboy If an unlikely high amount of 75% of Malays would lead to isolation and chauvinism, would that not also apply to places with 75% Chinese?",1412009987052802048,sehof,[],,[],
23,https://twitter.com/ChannelNewsAsia/status/1411986760368680961,2021-07-05 09:54:11+00:00,Thai PM Prayut in self-isolation after close contact with businessman who later tested positive for COVID-19 https://t.co/09dNz1xEGI https://t.co/j2Bw68dCAh,1411986760368680961,ChannelNewsAsia,['https://cna.asia/3AvUStS'],https://cna.asia/3AvUStS,['https://t.co/09dNz1xEGI'],https://t.co/09dNz1xEGI
24,https://twitter.com/leeb85/status/1411958238992424960,2021-07-05 08:00:51+00:00,"Germany, France, USA and Ireland have had more deaths per capita than the UK in the past 7 days so the rise in UK infections is not a good marker in isolation. #covid",1411958238992424960,leeb85,[],,[],
25,https://twitter.com/urbanshorejig/status/1411953989331996682,2021-07-05 07:43:58+00:00,"21 days away in isolation and no end in sight yet. Can’t wait for it to end.
#urbanshorejigging https://t.co/6S3ExhpUhT",1411953989331996682,urbanshorejig,[],,[],
26,https://twitter.com/LiangLeiCNA/status/1411918688937119747,2021-07-05 05:23:42+00:00,"I also know of three who have withdrawn due to Covid-19 concerns.

After all, they're volunteers, with jobs and families back home. Besides the risk of catching the virus, there's also weeks of social distancing, isolation rules to abide by before and after the trip.",1411918688937119747,LiangLeiCNA,[],,[],
27,https://twitter.com/PolitburoMag/status/1411913848630566915,2021-07-05 05:04:28+00:00,"""...the charm offensive to reverse its isolation will be a Herculean undertaking and perhaps achieve limited success in outreach. Under such circumstances, China may find it more expedient to stick to its #Wolf #Warrior ways, where at least it will still be able get some results""",1411913848630566915,PolitburoMag,[],,[],
28,https://twitter.com/sushisashaaa/status/1411841967890202626,2021-07-05 00:18:50+00:00,imagine having kicked up the biggest fuss about people breaching covid guidelines but literally going out before ur isolation period ends 😭😭,1411841967890202626,sushisashaaa,[],,[],
29,https://twitter.com/HIREMAIDEA/status/1411829361007677443,2021-07-04 23:28:44+00:00,Singapore navy looks at shorter isolation before overseas deployments https://t.co/PmQaVjcAKb,1411829361007677443,HIREMAIDEA,['http://dlvr.it/S33Xr3'],http://dlvr.it/S33Xr3,['https://t.co/PmQaVjcAKb'],https://t.co/PmQaVjcAKb
30,https://twitter.com/straits_times/status/1411799913109676034,2021-07-04 21:31:43+00:00,Singapore navy looks at shorter isolation before overseas deployments https://t.co/lKlqVQmNHg,1411799913109676034,straits_times,['http://www.straitstimes.com/singapore/singapore-navy-looks-at-shorter-isolation-before-overseas-deployments?utm_source=twitter&utm_medium=social-organic&utm_keyword=dlvr.it'],http://www.straitstimes.com/singapore/singapore-navy-looks-at-shorter-isolation-before-overseas-deployments?utm_source=twitter&utm_medium=social-organic&utm_keyword=dlvr.it,['https://t.co/lKlqVQmNHg'],https://t.co/lKlqVQmNHg
31,https://twitter.com/AChVoice/status/1411784420743340040,2021-07-04 20:30:10+00:00,"""People w #chronicillnesses or #disabilities r no strangers to being #stuckathome in #isolation. Many are unable to work full-time, or only have enough energy to go out for essentials tasks such as grocery shopping &amp; doctor appointments"": https://t.co/w8UdaYuTD3 #MondayBlogs",1411784420743340040,AChVoice,['https://buff.ly/368Jllm'],https://buff.ly/368Jllm,['https://t.co/w8UdaYuTD3'],https://t.co/w8UdaYuTD3
32,https://twitter.com/septian/status/1411688374419685386,2021-07-04 14:08:31+00:00,"Singapore reported 11 #COVID19 cases on 4 Jul.

- 10 imported cases
- 1 local case (unlinked)

Total: 62,617
Discharged: 62,286 (+21)
Isolation facilities: 192 (0)
Hospitalized: 103 (-10)
+oxygen: 10 (+1)
ICU: 2
Deaths: 36

https://t.co/vzASAnxuwE https://t.co/Ix7vrsE9OR",1411688374419685386,septian,['https://www.moh.gov.sg/news-highlights/details/update-on-local-covid-19-situation-(4-july-2021)'],https://www.moh.gov.sg/news-highlights/details/update-on-local-covid-19-situation-(4-july-2021),['https://t.co/vzASAnxuwE'],https://t.co/vzASAnxuwE
33,https://twitter.com/thisisce1este/status/1411675747823980545,2021-07-04 13:18:20+00:00,"kinda ironic that self-isolation has led to this, huh?",1411675747823980545,thisisce1este,[],,[],
34,https://twitter.com/YoungMightyMoe/status/1411615809315737606,2021-07-04 09:20:10+00:00,"@FlaxTheDJ @XtremmeDJ @JustMo_DJ Soldiering on brother, in my 9th of the 10 day isolation period.",1411615809315737606,YoungMightyMoe,[],,[],
35,https://twitter.com/meganlopes/status/1411608662724984833,2021-07-04 08:51:46+00:00,@ShabirMadh Hi Prof. My family has just recovered from Covid. My husband comes out of self isolation today. He is over 50 and has received a sms to get his vaccination. How long after Covid can he be vaccinated?,1411608662724984833,meganlopes,[],,[],
36,https://twitter.com/f3rosa/status/1411602559975006208,2021-07-04 08:27:31+00:00,"So @StandardBankZA have failed me, not really, but their security so high can't even make a payment while in isolation because ""my bank not allowing me to"".
WTF.
Changed settings too
Your move STD Bank.",1411602559975006208,f3rosa,[],,[],
37,https://twitter.com/sapsonicinc/status/1411587225322655745,2021-07-04 07:26:35+00:00,"Depression can lead to withdrawal from family and friends, causing social isolation that only worsens the problem. 

https://t.co/QXzkP5MCHc",1411587225322655745,sapsonicinc,['http://read.medium.com/83fFWqu'],http://read.medium.com/83fFWqu,['https://t.co/QXzkP5MCHc'],https://t.co/QXzkP5MCHc
38,https://twitter.com/tulunsokit/status/1411542671449985024,2021-07-04 04:29:32+00:00,@DrJamalul @timothyaida Disaster zone. Wish the staff had more than just isolation gowns though,1411542671449985024,tulunsokit,[],,[],
39,https://twitter.com/septian/status/1411338368311431168,2021-07-03 14:57:43+00:00,"Singapore reported 7 #COVID19 cases on 3 Jul.

- 4 local cases (all linked to previous cases)
- 3 imported cases

Total: 62,606
Discharged: 62,265 (+15)
Isolation facilities: 192 (-2)
Hospitalized: 113 (-6)
+oxygen: 9
ICU: 2
Deaths: 36

https://t.co/WwxhPXjntf https://t.co/2n3Dzz35A3",1411338368311431168,septian,['https://www.moh.gov.sg/news-highlights/details/update-on-local-covid-19-situation-(3-july-2021)'],https://www.moh.gov.sg/news-highlights/details/update-on-local-covid-19-situation-(3-july-2021),['https://t.co/WwxhPXjntf'],https://t.co/WwxhPXjntf
40,https://twitter.com/evenwhennoone/status/1411170542061645839,2021-07-03 03:50:50+00:00,"My mom doesn't understand that you cant just ask someone with trauma to get out there. There's an underlying reason for isolation. Stop waving it away as ""ai ya of course I know there's a reason, she has mental health issues one"" and looking so gd proud of yourself",1411170542061645839,evenwhennoone,[],,[],
41,https://twitter.com/puuuurrrrrr/status/1411022189134893058,2021-07-02 18:01:20+00:00,"Went on an isolation bender (quite the opposite of an actual bender rly I was just…..sinking, basically). Definitely threatened my mental health quite a tad I just reconnected w my girls and am feeling very chatty xoxoxo",1411022189134893058,puuuurrrrrr,[],,[],
42,https://twitter.com/septian/status/1410982517541195777,2021-07-02 15:23:41+00:00,"Singapore reported 10 #COVID19 cases on 2 Jul.

- 7 imported cases
- 3 local cases (2 linked, 1 unlinked)

Total: 62,599
Discharged: 62,250 (+16)
Isolation facilities: 194 (+2)
Hospitalized: 119 (-8)
+oxygen: 9
ICU: 2 (-1) 👏👏
Deaths: 36

https://t.co/G5YLIEQxLH https://t.co/IJMc5UPhdX",1410982517541195777,septian,['https://www.moh.gov.sg/news-highlights/details/update-on-local-covid-19-situation-(2-july-2021)'],https://www.moh.gov.sg/news-highlights/details/update-on-local-covid-19-situation-(2-july-2021),['https://t.co/G5YLIEQxLH'],https://t.co/G5YLIEQxLH
43,https://twitter.com/jwlltn/status/1410979363059736577,2021-07-02 15:11:09+00:00,"""turns out we don't need those Covid-19 isolation rooms THAT badly"" https://t.co/xwOAHGXEL5",1410979363059736577,jwlltn,['https://twitter.com/straits_times/status/1410908391191449603'],https://twitter.com/straits_times/status/1410908391191449603,['https://t.co/xwOAHGXEL5'],https://t.co/xwOAHGXEL5
44,https://twitter.com/TODAYonline/status/1410861812623413254,2021-07-02 07:24:03+00:00,"“Last year, NTU also reserved some places in the hall for Covid-19 isolation but they did not exclude or kick us out. So why do so now when the (Covid-19) situation is getting better and (some of us) are vaccinated?” said a Vietnamese student. https://t.co/SLI8WxVH54",1410861812623413254,TODAYonline,['http://tdy.sg/3hq0T2L'],http://tdy.sg/3hq0T2L,['https://t.co/SLI8WxVH54'],https://t.co/SLI8WxVH54
45,https://twitter.com/tax_oz/status/1410815411067580420,2021-07-02 04:19:40+00:00,@6PR Perhaps. But perhaps the issue is this incessant focus on cases without context. If this is a case involving a close contact already in isolation then it’s meaningless. Or it should be. Vic had multiple cases post lockdown lifting - if in isolation they pose no risk.,1410815411067580420,tax_oz,[],,[],
46,https://twitter.com/jon_y_huang/status/1410771129992585218,2021-07-02 01:23:42+00:00,Repurposing dorms currently occupied by (and direly needed by) students for covid isolation seems moving in the opposite direction of a new normal... 🤔 https://t.co/kzLjXBQlRi,1410771129992585218,jon_y_huang,['https://twitter.com/MothershipSG/status/1410507946358759424'],https://twitter.com/MothershipSG/status/1410507946358759424,['https://t.co/kzLjXBQlRi'],https://t.co/kzLjXBQlRi
47,https://twitter.com/AChVoice/status/1410757616058388482,2021-07-02 00:30:00+00:00,"“I don’t work currently because the #illnesses forced me to stop several years ago. Despite being at home, I never feel isolated, I enjoy solitude and my own company"": https://t.co/nnEI1dH7tm @sswarbo #isolation #MentalHealth #ChronicallyIll #ChronicLife",1410757616058388482,AChVoice,['https://buff.ly/34Lx1YB'],https://buff.ly/34Lx1YB,['https://t.co/nnEI1dH7tm'],https://t.co/nnEI1dH7tm
48,https://twitter.com/EuphoriaKGGK14/status/1410747957511553028,2021-07-01 23:51:38+00:00,@theMoonDreamer_ Isolation and crazy amount of body control and becos it is KAI 😬😍His english esp when teaching and counting beats is so sexyc 🥵 and we are getting that real time on jul 4 😭,1410747957511553028,EuphoriaKGGK14,[],,[],
49,https://twitter.com/thenewpaper/status/1410722169399562240,2021-07-01 22:09:09+00:00,Self-isolation and self-testing could be the new normal: Minister https://t.co/WgJ6DM9fMl,1410722169399562240,thenewpaper,['https://www.tnp.sg/news/singapore/self-isolation-and-self-testing-could-be-new-normal-minister?utm_source=twitter&utm_medium=social-organic&utm_keyword=dlvr.it'],https://www.tnp.sg/news/singapore/self-isolation-and-self-testing-could-be-new-normal-minister?utm_source=twitter&utm_medium=social-organic&utm_keyword=dlvr.it,['https://t.co/WgJ6DM9fMl'],https://t.co/WgJ6DM9fMl
50,https://twitter.com/BuatDemokrasi/status/1410676259303034884,2021-07-01 19:06:43+00:00,3/ But distinguishing class via high to low SES/ blue vs white collared (income levels) and degrees of precarity do little for a political project to emancipate the majority of us from capitalist control but a lot for isolation and remaining oppressed. What do we want?,1410676259303034884,BuatDemokrasi,[],,[],
51,https://twitter.com/septian/status/1410616457629638656,2021-07-01 15:09:06+00:00,"Singapore reported 10 #COVID19 cases on 1 Jul.

- 6 imported cases
- 4 local cases (all linked to previous cases)

Total: 62,589
Discharged: 62,234 (+6)
Isolation facilities: 192 (+10)
Hospitalized: 127 (-6)
+oxygen: 9 (+1)
ICU: 3 (-1)
Deaths: 36

https://t.co/PDsgrkTVsJ https://t.co/8IJls2kY4u",1410616457629638656,septian,['https://www.moh.gov.sg/news-highlights/details/update-on-local-covid-19-situation-(1-july-2021)'],https://www.moh.gov.sg/news-highlights/details/update-on-local-covid-19-situation-(1-july-2021),['https://t.co/PDsgrkTVsJ'],https://t.co/PDsgrkTVsJ
52,https://twitter.com/EurekaMag/status/1410585499782111233,2021-07-01 13:06:05+00:00,Uber die Isolation der lebenden Mikrofauna aus marinen Schlammboden https://t.co/zzO05wLz4I,1410585499782111233,EurekaMag,['http://dlvr.it/S2rTdK'],http://dlvr.it/S2rTdK,['https://t.co/zzO05wLz4I'],https://t.co/zzO05wLz4I
53,https://twitter.com/yperic/status/1410581859969294338,2021-07-01 12:51:37+00:00,"Getting Covid-19 could soon mean an MC, isolation and self tests at home, says Ong Ye Kung https://t.co/xv8lcAex0D",1410581859969294338,yperic,['https://str.sg/3oXP'],https://str.sg/3oXP,['https://t.co/xv8lcAex0D'],https://t.co/xv8lcAex0D
54,https://twitter.com/tax_oz/status/1410574536488067073,2021-07-01 12:22:31+00:00,"@katelhunter @taytay5576 @realCarrickRyan 🙄 I’ve got 2 sons in their early 20’s. They don’t know anyone who is worried about the effects of the vaccine. They know plenty who worry about rent/work/career/travel/isolation/mental health. 

But hey let’s gloss over that and worry about getting hit by lightning.",1410574536488067073,tax_oz,[],,[],
55,https://twitter.com/Chinesepop/status/1410572939603460099,2021-07-01 12:16:10+00:00,"Getting Covid-19 could soon mean an MC, isolation and self tests at home, says Ong Ye Kung https://t.co/OeoALv3t8Q",1410572939603460099,Chinesepop,['https://str.sg/3oXP'],https://str.sg/3oXP,['https://t.co/OeoALv3t8Q'],https://t.co/OeoALv3t8Q
56,https://twitter.com/HIREMAIDEA/status/1410558847320612866,2021-07-01 11:20:10+00:00,"Getting Covid-19 could soon mean an MC, isolation and self tests at home, says Ong Ye Kung https://t.co/PBCcKUVyYM",1410558847320612866,HIREMAIDEA,['http://dlvr.it/S2r7VG'],http://dlvr.it/S2r7VG,['https://t.co/PBCcKUVyYM'],https://t.co/PBCcKUVyYM
57,https://twitter.com/mrfirdausjailan/status/1410547807153311748,2021-07-01 10:36:18+00:00,@azliabdaziz @mohdalizureenj @501Awani Betul ! Negeri lain sepatutnya buat mass testing juga. Baru boleh buat target isolation. Lepastu baru boleh boleh bebas dari PKP. Betul tak? Ini kes turun naik memanjang lah PKP sampai mampos.,1410547807153311748,mrfirdausjailan,[],,[],
58,https://twitter.com/straits_times/status/1410539079171678210,2021-07-01 10:01:37+00:00,"Getting Covid-19 could soon mean an MC, isolation and self tests at home, says Ong Ye Kung https://t.co/5eW8ZM7Un6",1410539079171678210,straits_times,['http://www.straitstimes.com/singapore/health/st-exclusive-getting-covid-19-could-soon-mean-an-mc-and-isolation-and-self-tests-at?utm_source=twitter&utm_medium=social-organic&utm_keyword=dlvr.it'],http://www.straitstimes.com/singapore/health/st-exclusive-getting-covid-19-could-soon-mean-an-mc-and-isolation-and-self-tests-at?utm_source=twitter&utm_medium=social-organic&utm_keyword=dlvr.it,['https://t.co/5eW8ZM7Un6'],https://t.co/5eW8ZM7Un6
59,https://twitter.com/mrfirdausjailan/status/1410521708780429313,2021-07-01 08:52:36+00:00,"Oii bodoh, kau tak buat mass testing lepastu kau nak longgarkan sop? Kes sporadik tengah tinggi lah pukimak. Kau nak pkp sampai mampos ke? Buat mass testing dulu bodoh lepastu buat targeted isolation. Barulah longgarkan SOP.

Fikir nyawa rakyat dulu lah bodoh #KerajaanCirit",1410521708780429313,mrfirdausjailan,[],,[],
60,https://twitter.com/ProtestingGirl/status/1410510105146134529,2021-07-01 08:06:29+00:00,"BJP Supporters want to compare with USA and UK., Sometimes Pakistan and Bangladesh

The Best And Worst Places to Be as The World Finally Reopens

Out of 53 countries, India ranks at 50 amid a perfect storm of variant-driven outbreaks, slow vaccination, and global isolation https://t.co/32r9dTFOM9 https://t.co/orwGkfP7S0",1410510105146134529,ProtestingGirl,['https://twitter.com/myvaluepicks/status/1409724238307594241'],https://twitter.com/myvaluepicks/status/1409724238307594241,['https://t.co/32r9dTFOM9'],https://t.co/32r9dTFOM9
61,https://twitter.com/MothershipSG/status/1410507946358759424,2021-07-01 07:57:55+00:00,Many NTU students fail to secure accommodation as hall rooms reserved for Covid-19 isolation https://t.co/zPtESRwffB https://t.co/UmfuLBDThZ,1410507946358759424,MothershipSG,['https://bit.ly/3hlbzzG'],https://bit.ly/3hlbzzG,['https://t.co/zPtESRwffB'],https://t.co/zPtESRwffB
62,https://twitter.com/VictorOcampo/status/1410504438565904386,2021-07-01 07:43:58+00:00,"PH is at the bottom of the barrel. ""India, the #Philippines and some Latin America countries rank lowest amid a perfect storm of variant-driven outbreaks, slow vaccination, and global isolation."" #COVID19 https://t.co/TDEp3grqei",1410504438565904386,VictorOcampo,['https://www.bloomberg.com/graphics/covid-resilience-ranking/?sref=zc2bCUaH%3Futm_medium%3Dcpc_social&utm_source=facebook_&utm_campaign=tofu_content_0_10%25LAL&utm_content=0428covidvariants&fbclid=IwAR2oV9z5jOlr64X8gHs84qbzEpwqKPL6DAXlPUiNi6PHo_roiNyBwnM7Hd4'],https://www.bloomberg.com/graphics/covid-resilience-ranking/?sref=zc2bCUaH%3Futm_medium%3Dcpc_social&utm_source=facebook_&utm_campaign=tofu_content_0_10%25LAL&utm_content=0428covidvariants&fbclid=IwAR2oV9z5jOlr64X8gHs84qbzEpwqKPL6DAXlPUiNi6PHo_roiNyBwnM7Hd4,['https://t.co/TDEp3grqei'],https://t.co/TDEp3grqei
63,https://twitter.com/chanloh99/status/1410487581897199616,2021-07-01 06:36:59+00:00,Many NTU students fail to secure accommodation as hall rooms reserved for Covid-19 isolation https://t.co/X7GNqBxbcx,1410487581897199616,chanloh99,['https://mothership.sg/2021/07/ntu-students-no-accommodation/'],https://mothership.sg/2021/07/ntu-students-no-accommodation/,['https://t.co/X7GNqBxbcx'],https://t.co/X7GNqBxbcx
64,https://twitter.com/tax_oz/status/1410436282593910785,2021-07-01 03:13:09+00:00,@liam_wallace5 @Mag_Down_Under @b_leeder @MarkMcGowanMP He was in isolation because he had been to a high risk location. His close contacts were also required to isolate. That was sans the lockdown. Why is this so hard to grasp?,1410436282593910785,tax_oz,[],,[],
65,https://twitter.com/tax_oz/status/1410435972689326081,2021-07-01 03:11:55+00:00,@liam_wallace5 @Mag_Down_Under @b_leeder @MarkMcGowanMP I’m not sure which part of in isolation you are struggling with?,1410435972689326081,tax_oz,[],,[],
66,https://twitter.com/tax_oz/status/1410434599197429761,2021-07-01 03:06:27+00:00,"@Mag_Down_Under @b_leeder @MarkMcGowanMP There has been 1 case since lockdown started and he was in isolation before lockdown started. 

So, to date, there is zero evidence that it’s done anything at all.",1410434599197429761,tax_oz,[],,[],
67,https://twitter.com/kikobar/status/1410431931192254465,2021-07-01 02:55:51+00:00,"@cnni We haven't seen any approach to stop counting COVID cases in Singapore. We see a strong push for vaccination, testing, contact tracing and isolation of potential cases as early as possible.
Would you mind sharing your sources for this claim?
@sporeMOH",1410431931192254465,kikobar,[],,[],
68,https://twitter.com/SeekingSolac3/status/1410337519900585985,2021-06-30 20:40:42+00:00,"Also considering how much of my gratitude journal revolves around friendship (and food.... Cos food-) (I guess friends food and faith this is so funny help I sound like a brochure. Anw), I think I have in fact chosen intimacy in this isolation vs intimacy dichotomy. Despite my",1410337519900585985,SeekingSolac3,[],,[],
69,https://twitter.com/bimbo_observes/status/1410234828318908422,2021-06-30 13:52:38+00:00,"Pple like me need some time to think. The govt hasn't made the vaccine compulsory so we reserve the right to consider carefully. In the end, if things go wrong, I am certain no one will be available to help my kids. And I don't blame them. This is, after all, a time of isolation",1410234828318908422,bimbo_observes,[],,[],
70,https://twitter.com/_rodahidup/status/1401921850649632768,2021-06-07 15:19:50+00:00,I honestly believe this type pod or it similarities could be replicate into Community Quarantine System at every district in every state to facilitate immediate isolation for Covid+ve. @KKMPutrajaya @Khairykj @DGHisham https://t.co/P10CBpgY7M,1401921850649632768,_rodahidup,['https://twitter.com/engadget/status/1401884627577548803'],https://twitter.com/engadget/status/1401884627577548803,['https://t.co/P10CBpgY7M'],https://t.co/P10CBpgY7M
71,https://twitter.com/_rodahidup/status/1401443403489964033,2021-06-06 07:38:39+00:00,@masnitasha @ellfmrzsmn SOP: Immediate isolation for positive tested Covid case in Singapore. https://t.co/4RFl98dEcv,1401443403489964033,_rodahidup,[],,[],
72,https://twitter.com/_rodahidup/status/1401341923839725568,2021-06-06 00:55:24+00:00,"@ellfmrzsmn You mean by self-isolation in his room alone, all his personal need will appear out of thin in his room? Really. How do you think the mother got infected? Do you actually follow @KKMPutrajaya's instructions w/out telling them the real situation.",1401341923839725568,_rodahidup,[],,[],
73,https://twitter.com/_rodahidup/status/1401183112113975297,2021-06-05 14:24:21+00:00,"@ellfmrzsmn There is no such a thing as self isolation esp with parent in the same house. Take control of the situation, notify nearest KKM/CAC and leave the house. Self remedy for the elderly(close-contact).",1401183112113975297,_rodahidup,[],,[],
74,https://twitter.com/GuwopIndustries/status/1400120750497878018,2021-06-02 16:02:54+00:00,losing my mind in isolation,1400120750497878018,GuwopIndustries,[],,[],
75,https://twitter.com/bnsreddy143Ysr/status/1393933857309614081,2021-05-16 14:18:24+00:00,"Hi friends home isolation ki oxygen supply చేసేవారు మీకు ఎవరైనా తెలుసా...

It's urgent...
Gunji Venkatrao 
B.N Reddy, L.B Nagar R.R dist 

Pls respond as early as possible...
@SonuSood
@ysjagan @KTRTRS 
Pls save the life's... 🙏🏿

Plz Contract me +919398936014",1393933857309614081,bnsreddy143Ysr,[],,[],
76,https://twitter.com/Sinamex/status/1391145401479176192,2021-05-08 21:38:04+00:00,"Are you looking for excellent audio quality, isolation and comfort? / / Focal Listen Professional (SGD395) Closed-back Reference Studio Headphones / / 40mm Mylar and titanium drivers / /  Sleek, stylish folding design / / https://t.co/yAjXIX2Jh0 https://t.co/tZgvrOfUmG",1391145401479176192,Sinamex,['https://sinamex.com/product/focal-listen-professional/'],https://sinamex.com/product/focal-listen-professional/,['https://t.co/yAjXIX2Jh0'],https://t.co/yAjXIX2Jh0
77,https://twitter.com/manishl28/status/1390578314306228224,2021-05-07 08:04:40+00:00,"My aunt 52 years and cousin brother in Ghaziabad have fully recoverd from Covid19.CT vl was 17. They followed home isolation guidlines, prescribed medecines, performed a few breathing exercises, balanced and healthy diet and  watched Tarak mehta ka ulta chasma #IndiaFightsCorona",1390578314306228224,manishl28,[],,[],
78,https://twitter.com/gohciayee/status/1389154698632982531,2021-05-03 09:47:44+00:00,"Instead, B died as a person who was not convicted of any crime and spent the last weeks of his life away from his family, fighting in isolation.",1389154698632982531,gohciayee,[],,[],
79,https://twitter.com/DathuRulz/status/1386589474394578945,2021-04-26 07:54:26+00:00,"My cousin recovered and discharged today 🙏 1 week home isolation undamannaru 

Stay safe 🙏🙏 https://t.co/W6dt6gQ9Wj",1386589474394578945,DathuRulz,['https://twitter.com/DathuRulz/status/1384883214704054277'],https://twitter.com/DathuRulz/status/1384883214704054277,['https://t.co/W6dt6gQ9Wj'],https://t.co/W6dt6gQ9Wj
80,https://twitter.com/iamrainlouise/status/1384761881009680387,2021-04-21 06:52:14+00:00,"Its connect week
   ""In a season of isolation, you never have to be alone. @favor_church

#MayWard #EdwardBarber 

Link:https://t.co/x2AnQTcRFB https://t.co/O1UkqpCBHz",1384761881009680387,iamrainlouise,['https://www.instagram.com/p/CN6gJTjHy3E/?igshid=1vt8o41valwb1'],https://www.instagram.com/p/CN6gJTjHy3E/?igshid=1vt8o41valwb1,['https://t.co/x2AnQTcRFB'],https://t.co/x2AnQTcRFB
81,https://twitter.com/hanif_afiq/status/1384043474144530433,2021-04-19 07:17:33+00:00,Bruh obvly the connections and opportunity to go out w ur frens.. and to escape isolation and bla² all tht bonding shit https://t.co/pZ1PSW5rBJ,1384043474144530433,hanif_afiq,['https://twitter.com/coulditbesyed/status/1383761456139706387'],https://twitter.com/coulditbesyed/status/1383761456139706387,['https://t.co/pZ1PSW5rBJ'],https://t.co/pZ1PSW5rBJ
82,https://twitter.com/BambangKajairi/status/1381142847689138181,2021-04-11 07:11:29+00:00,@NewsBFM @nurjannahzain What happened to SOP and self isolation if unwell,1381142847689138181,BambangKajairi,[],,[],
83,https://twitter.com/Anwaramsay/status/1379788614859583491,2021-04-07 13:30:15+00:00,"At times, isolation is therapy",1379788614859583491,Anwaramsay,[],,[],
84,https://twitter.com/Roxtarlette/status/1378360642428530688,2021-04-03 14:56:00+00:00,When I’m miserable because on SHN I laugh at my weakness and remember how I’ve gone six weeks in isolation in a clinic without human contact. This is comparatively more like a holiday at home.,1378360642428530688,Roxtarlette,[],,[],
85,https://twitter.com/CryptoMaestro/status/1377936134714445828,2021-04-02 10:49:09+00:00,"With IBC and things like liquidity module launching, $ATOM will start to accrue more values than before since those chains pretty much exists in isolation before it",1377936134714445828,CryptoMaestro,[],,[],
86,https://twitter.com/eita910/status/1377482902452072450,2021-04-01 04:48:10+00:00,Isolation Day 1 : Breakfast https://t.co/8UdsDbwZjR,1377482902452072450,eita910,[],,[],
87,https://twitter.com/MezameTV/status/1368108481530585091,2021-03-06 07:57:34+00:00,Alien: Isolation at 4.30pm!,1368108481530585091,MezameTV,[],,[],
88,https://twitter.com/MezameTV/status/1367354579877163008,2021-03-04 06:01:50+00:00,"Heading down to town to send in my AirPods Pro for fixing again (it sometimes has static before failing), collecting my A7RII, maybe drop by Qisahn to buy a Switch game, then head to Jurong to collect my E-Honda figurine. Will be streaming Alien Isolation tonight at 8pm.",1367354579877163008,MezameTV,[],,[],
89,https://twitter.com/MisterTechBlog/status/1365643678404866053,2021-02-27 12:43:20+00:00,"Japan's robot pets ease virus isolation

https://t.co/tUi4rlZefL",1365643678404866053,MisterTechBlog,['https://sg.news.yahoo.com/hi-robot-japans-android-pets-040449936.html'],https://sg.news.yahoo.com/hi-robot-japans-android-pets-040449936.html,['https://t.co/tUi4rlZefL'],https://t.co/tUi4rlZefL
90,https://twitter.com/consoloin/status/1360159261691498500,2021-02-12 09:30:13+00:00,"@IsMiseMarcas Well, in isolation it's kinda pointless. But every little helps..",1360159261691498500,consoloin,[],,[],
91,https://twitter.com/sipembancuhkopi/status/1349180140522147842,2021-01-13 02:23:06+00:00,"Quarantine is an isolation, which part that you don't understand ?",1349180140522147842,sipembancuhkopi,[],,[],
92,https://twitter.com/Sinamex/status/1349136311966265347,2021-01-12 23:28:57+00:00,"Are you looking for excellent audio quality, isolation and comfort? / / Focal Listen Professional (SGD395) Closed-back Reference Studio Headphones / / 40mm Mylar and titanium drivers / /  Sleek, stylish folding design / / https://t.co/yAjXIX2Jh0 https://t.co/2P2OtdsJ2X",1349136311966265347,Sinamex,['https://sinamex.com/product/focal-listen-professional/'],https://sinamex.com/product/focal-listen-professional/,['https://t.co/yAjXIX2Jh0'],https://t.co/yAjXIX2Jh0
93,https://twitter.com/tulunsokit/status/1346436937112903681,2021-01-05 12:42:36+00:00,"#COVID19 cases in #Johor are rising rapidly and the test trace and isolate system is breaking down at all 3 points; testing, tracing and isolation.  Dengue is starting to surge as well, some areas have flooded. Stay safe everyone. Mask up, avoid crowded places.",1346436937112903681,tulunsokit,[],,[],
94,https://twitter.com/freddjohns/status/1346144752807231488,2021-01-04 17:21:33+00:00,@dirktherabbit @Kat_Says_Stuff Isolation is enforced by who?,1346144752807231488,freddjohns,[],,[],
95,https://twitter.com/Luqeen/status/1346074757033168896,2021-01-04 12:43:25+00:00,@IhsanBukhari Ok bro.. Moga baik2 ajee chan.. Moga semua ye dpmudahkn.. Good job for self isolation.. 👍🏼👍🏼👍🏼,1346074757033168896,Luqeen,[],,[],
