,url,date,content,id,username,outlinks,outlinksss,tcooutlinks,tcooutlinksss
0,https://twitter.com/Notformetlgd/status/1343894787162705921,2020-12-29 12:21:00+00:00,"@J_Ronin @_freddy_500 @GeorgePapa19 Fair point. The other most important factor is near complete lock down of the borders. And every entry goes into immediate quarantine. So we have non-community cases of 10-15 per day, but they are contained, so no risk to the community. But geez I am dying to travel somewhere!",1343894787162705921,Notformetlgd,[],,[],
1,https://twitter.com/Notformetlgd/status/1343792609597091841,2020-12-29 05:34:59+00:00,"@GeorgePapa19 I am an American living in Singapore and for the last 9 months that’s exactly what we’ve been doing. Mandatory masks, take them off when eating or drinking. And you know what? We’ve had 9 community cases in the last 2 months after 1,000 cases per day b4. How many has the US had?",1343792609597091841,Notformetlgd,[],,[],
2,https://twitter.com/Dam_in_Ott/status/1343393559697715200,2020-12-28 03:09:18+00:00,@grierjason @KarenD92012020 @bsmittylondon @kinsellawarren Singapore hasn't had a community case in weeks. Their vaccination pace is going to likely double or triple Canada's. Comparing the 2 only reminds us how poor Canada's response has been,1343393559697715200,Dam_in_Ott,[],,[],
3,https://twitter.com/Notformetlgd/status/1343365386385850368,2020-12-28 01:17:21+00:00,"5. Limited groups. Socialising limited to groups of 5 and enforced without exception. 

The result? We’ve had only 29 deaths and we have had a total of 8 community cases over the last 2 months. We are very safe here. Is the trade off of “freedom” worth it? You bet.",1343365386385850368,Notformetlgd,[],,[],
4,https://twitter.com/kborsetti/status/1340824994935308288,2020-12-21 01:02:44+00:00,"""We don't think any of these systems has been shown to be effective, actually reducing transmission of covid-19"" 

Look at countries like Singapore. Contact tracing (+ mask wearing) is required. Community cases have been zero for several months. It works.

https://t.co/aa4Gf2wGba",1340824994935308288,kborsetti,['https://www.sfgate.com/news/article/Students-covid-19-tracing-app-for-school-raises-15817565.php'],https://www.sfgate.com/news/article/Students-covid-19-tracing-app-for-school-raises-15817565.php,['https://t.co/aa4Gf2wGba'],https://t.co/aa4Gf2wGba
5,https://twitter.com/GeneMangubat/status/1339775761151000577,2020-12-18 03:33:27+00:00,"Kakaiba ka talaga bayan naming mahal. sa SG zero na ang cases sa community, face mask lang, di naman nag face shield. Di naman bawal ang mangopya bakit kinakailangan iimplement ang face shield eh karagdagan pahirap sa mahihirap? Pakipaliwanag nga po @SecDuque sec galvez. https://t.co/POVJU6VuL5",1339775761151000577,GeneMangubat,['https://twitter.com/marvintomandao/status/1339589866380689409'],https://twitter.com/marvintomandao/status/1339589866380689409,['https://t.co/POVJU6VuL5'],https://t.co/POVJU6VuL5
6,https://twitter.com/bellejoietan/status/1338421305402486784,2020-12-14 09:51:20+00:00,@jea_bal Today ang case 5 puro imported case. 0 sa community kag sa dormitories,1338421305402486784,bellejoietan,[],,[],
7,https://twitter.com/richardjang/status/1335430779220996096,2020-12-06 03:48:03+00:00,Collecting the Trace Together Tokens for my family. This is going to be my backup in case it drain the smart phone battery. (@ Woodlands Galaxy Community Club in Singapore) https://t.co/SULpDj56g3,1335430779220996096,richardjang,['https://www.swarmapp.com/c/iBJESChs47O'],https://www.swarmapp.com/c/iBJESChs47O,['https://t.co/SULpDj56g3'],https://t.co/SULpDj56g3
8,https://twitter.com/JosephJohnAdam1/status/1334864894844313601,2020-12-04 14:19:26+00:00,@Prof_Lowe Very similar in Singapore. We have gone 16 days with 0 cases in the community. The use of technology in Contact tracing allows the medical professionals to isolate quickly and take action. But a heavy focus on the common good and cooperation is essential. + No conspiracy theories,1334864894844313601,JosephJohnAdam1,[],,[],
9,https://twitter.com/jgmh30/status/1333583390138920966,2020-12-01 01:27:11+00:00,It’s DAY 3 with active community cases. Why aren’t we counting the days like how we create complacency by counting the days of no community cases. @ Singapore https://t.co/I8yRSFK6e7,1333583390138920966,jgmh30,['https://www.instagram.com/p/CIPJX-jFKhOSPdEbNcyeWIJ5iYAruFRKXGUMB80/?igshid=y05orz0wp47i'],https://www.instagram.com/p/CIPJX-jFKhOSPdEbNcyeWIJ5iYAruFRKXGUMB80/?igshid=y05orz0wp47i,['https://t.co/I8yRSFK6e7'],https://t.co/I8yRSFK6e7
10,https://twitter.com/tulunsokit/status/1332997591634563072,2020-11-29 10:39:26+00:00,"@EdwinLau97 Difficult to say without more data actually, including number of sporadic cases who were symptomatic and location.
All that we can see is that community transmission is increasing. 
Can't predict actual community transmission without",1332997591634563072,tulunsokit,[],,[],
11,https://twitter.com/hidyeyat/status/1332589760829739008,2020-11-28 07:38:51+00:00,Noooooo another community case😭😭😭,1332589760829739008,hidyeyat,[],,[],
12,https://twitter.com/hidyeyat/status/1332231083497115649,2020-11-27 07:53:36+00:00,We’re back with 0 community cases yes,1332231083497115649,hidyeyat,[],,[],
13,https://twitter.com/tulunsokit/status/1332124739918184448,2020-11-27 00:51:02+00:00,"As #COVID19 cases rise in Malaysia, we need more community isolation centres to house the asymptomatic or minimally symptomatic patients (usually Class 1)
Having field hospitals with a huge open ward concept will economize labour (nursing staff+ doctors) &amp; PPE usage.",1332124739918184448,tulunsokit,[],,[],
14,https://twitter.com/JosephJohnAdam1/status/1329557529538412544,2020-11-19 22:49:51+00:00,"@FareedZakaria 
Another day - 0 cases in the community in Singapore - a densely populated island. MASKS / Contact Tracing using technology.  Quarantine. Good citizenship. American hyper-individualism is tearing the country apart. https://t.co/b2J5Uf4nIi",1329557529538412544,JosephJohnAdam1,[],,[],
15,https://twitter.com/abasmayorrrr/status/1329086603034193930,2020-11-18 15:38:34+00:00,No cases in the community for the past 8 days. Still waiting for “all stars to align for Phase 3 to arrive.” https://t.co/3Nar0ysEqL,1329086603034193930,abasmayorrrr,['https://twitter.com/MothershipSG/status/1329062180625338368'],https://twitter.com/MothershipSG/status/1329062180625338368,['https://t.co/3Nar0ysEqL'],https://t.co/3Nar0ysEqL
16,https://twitter.com/DroChavez/status/1328708235218456576,2020-11-17 14:35:04+00:00,7 consecutive days of no community cases. This is good news. 🙏🏻 ❤️ https://t.co/Hci8mfx51X,1328708235218456576,DroChavez,['https://twitter.com/govsingapore/status/1328696770843480069'],https://twitter.com/govsingapore/status/1328696770843480069,['https://t.co/Hci8mfx51X'],https://t.co/Hci8mfx51X
17,https://twitter.com/tulunsokit/status/1328506607743901697,2020-11-17 01:13:52+00:00,"Imperial college data prediction about Malaysia probably quite off as no one actually knows how much community transmission/unlinked casss is occurring. What we see now are multiple clusters, the origin of which might be unlinked cases.",1328506607743901697,tulunsokit,[],,[],
18,https://twitter.com/DroChavez/status/1321819891524005892,2020-10-29 14:23:15+00:00,0 community cases 👏🏻 #Singapore https://t.co/xccRVa89l3,1321819891524005892,DroChavez,['https://twitter.com/govsingapore/status/1321818491503042560'],https://twitter.com/govsingapore/status/1321818491503042560,['https://t.co/xccRVa89l3'],https://t.co/xccRVa89l3
19,https://twitter.com/coco08848181/status/1315670951611174914,2020-10-12 15:09:33+00:00,"@lisa_b1962 @ricardo_oaktree @rhyshalliwell @mattyglesias If any city report a new community transmission case,dare to say that almost the whole China will know with 1 hour😓.News spread very fast with convenient social media such as Sina Weibo, douyin(tiktok), wechat.For old generations,they also receive covid-19 info from daily TV.",1315670951611174914,coco08848181,[],,[],
20,https://twitter.com/tulunsokit/status/1311608669990129665,2020-10-01 10:07:30+00:00,"270 cases in 4 June - but mostly detainees. This is all people in the community
The biggest cluster is kluster YB - Yang Bangang https://t.co/AlSd8hOh0E",1311608669990129665,tulunsokit,['https://twitter.com/KKMPutrajaya/status/1311605106337431553'],https://twitter.com/KKMPutrajaya/status/1311605106337431553,['https://t.co/AlSd8hOh0E'],https://t.co/AlSd8hOh0E
21,https://twitter.com/simonkearney/status/1294213171612246016,2020-08-14 10:04:00+00:00,Zero community cases of COVID-19 in Singapore today. First time in months.,1294213171612246016,simonkearney,[],,[],
22,https://twitter.com/sarahcottle/status/1294198652643098624,2020-08-14 09:06:18+00:00,No new community cases - first time since June 1. 83 new Covid-19 cases in Singapore including 4 imported; no community cases https://t.co/qiWtwNHxRY,1294198652643098624,sarahcottle,['https://str.sg/JhAo'],https://str.sg/JhAo,['https://t.co/qiWtwNHxRY'],https://t.co/qiWtwNHxRY
23,https://twitter.com/honorharger/status/1293179039016919044,2020-08-11 13:34:43+00:00,"After 102 days with no new cases of community transmission of Covid-19, New Zealand had a sudden and unexpected setback today. 

https://t.co/4ispE1Gw33",1293179039016919044,honorharger,['https://www.rnz.co.nz/news/national/423306/recap-new-zealand-has-four-positive-cases-outside-of-managed-isolation'],https://www.rnz.co.nz/news/national/423306/recap-new-zealand-has-four-positive-cases-outside-of-managed-isolation,['https://t.co/4ispE1Gw33'],https://t.co/4ispE1Gw33
24,https://twitter.com/ecoangelhsu/status/1288058722414030848,2020-07-28 10:28:25+00:00,"Great work, @thomasnhale! Today in Singapore we only had 1 community case. 🤞 https://t.co/pl0FlaFpFr",1288058722414030848,ecoangelhsu,['https://twitter.com/thomasnhale/status/1288035299700940801'],https://twitter.com/thomasnhale/status/1288035299700940801,['https://t.co/pl0FlaFpFr'],https://t.co/pl0FlaFpFr
25,https://twitter.com/AFatElectron/status/1288017039383072768,2020-07-28 07:42:47+00:00,"Today 1 community case, no Singaporean. 19 June phase 2, 10 July polling day and today 28 July.

So well planned by 4G and 3G . 

And yet u all daft people voted sengkang PAP team out.",1288017039383072768,AFatElectron,[],,[],
26,https://twitter.com/MFerrisN/status/1275930569176567808,2020-06-24 23:15:27+00:00,"I read your article, I think you’re interviewing the wrong individuals for the information you need, you lack statistics, cases of racism &amp; how it impacts a community, students in schools, Social workers who deal with this everyday, you need to get facts &amp; numbers, Mr Choy.",1275930569176567808,MFerrisN,[],,[],
27,https://twitter.com/nellyasleigh/status/1253196606549057536,2020-04-23 05:38:48+00:00,"No no you don’t understand, yes most of the the cases are from dorms but we don’t know among our community who is infected by the virus and if singaporean keep gg up high chance of community cases to increase, pls read up this virus is srs it can spread so easily so stay at home https://t.co/Ao6JwJdCEG",1253196606549057536,nellyasleigh,['https://twitter.com/mdfirdaussss_/status/1252655620978704384'],https://twitter.com/mdfirdaussss_/status/1252655620978704384,['https://t.co/Ao6JwJdCEG'],https://t.co/Ao6JwJdCEG
28,https://twitter.com/rayhanburhan/status/1250453297229516801,2020-04-15 15:57:53+00:00,"The spread amongst the community itself is declining wa ‘l-ḥamduliLlāh, but the number of cases amongst our brothers living in the dormitories is so worrying... https://t.co/8zoY9xUvsG",1250453297229516801,rayhanburhan,['https://twitter.com/govsingapore/status/1250437444102569987'],https://twitter.com/govsingapore/status/1250437444102569987,['https://t.co/8zoY9xUvsG'],https://t.co/8zoY9xUvsG
29,https://twitter.com/LaurenSorkin18/status/1249546101989888002,2020-04-13 03:53:00+00:00,"Cases of #COVID19 are rising in #Singapore. The hardest hit are in the migrant working community. Link below to organizations offering urgently needed food, cleaning supplies, mental health services &amp; more.
Yes we can all make a difference NOW. #SGUnited 
 https://t.co/fgySVpswIb",1249546101989888002,LaurenSorkin18,['https://docs.google.com/spreadsheets/d/1f-8Oo_JoBAGlGayAk4k9UZ4bOYFvXUZ7ChhZaAQOef4/edit?usp=sharing'],https://docs.google.com/spreadsheets/d/1f-8Oo_JoBAGlGayAk4k9UZ4bOYFvXUZ7ChhZaAQOef4/edit?usp=sharing,['https://t.co/fgySVpswIb'],https://t.co/fgySVpswIb
30,https://twitter.com/kickino/status/1249358835740897281,2020-04-12 15:28:53+00:00,"@moeffju Hm. 20.März veröffentlicht. Da waren wir bei total 385 confirmed cases. Stimmt schon, dass war noch vor der Welle der importierten Fälle und dem aktuell großen Community Spread.
Regierung sagte 500k users in den 1sten 24h. Jetzt wohl gerade so um die 1Million Benutzer.",1249358835740897281,kickino,[],,[],
31,https://twitter.com/velorunsdeworld/status/1244641340513607681,2020-03-30 15:03:14+00:00,"Meski kasus tetap naik gradually di SG baik imported cases, belom begitu penting me-lockdown. Karena sebagian besar kasus masih tercluster, (mereka bikin cluster, Meng investigasi &amp; melacak) - beda dgn Indonesia, Italia.. Yang community spread udah massive, ini wajib lockdown https://t.co/VB2j1uT8zS",1244641340513607681,velorunsdeworld,[],,[],
32,https://twitter.com/DSMOdisha/status/1241302748659740672,2020-03-21 09:56:52+00:00,"Its is a good idea but 1 day is not enough. I can see Banks, Offices, Corporate Companies are working in very vulnerable condition. In that case all your efforts to stop community spreading will outcome zero. Please shutdown all offices for 2 weeks at least. 🙏🙏 https://t.co/dwtBjLlhrS",1241302748659740672,DSMOdisha,['https://twitter.com/narendramodi/status/1240989725843787777'],https://twitter.com/narendramodi/status/1240989725843787777,['https://t.co/dwtBjLlhrS'],https://t.co/dwtBjLlhrS
33,https://twitter.com/LinetteMLim/status/1241036082201808896,2020-03-20 16:17:13+00:00,Majority of the daily new #coronavirus cases in #Singapore now are citizens and permanent residents returning from Europe (mainly the UK) and US. That suggests widespread community transmission in key cities there https://t.co/LHKqAgB42w,1241036082201808896,LinetteMLim,['https://twitter.com/CBSNews/status/1240371160078000128'],https://twitter.com/CBSNews/status/1240371160078000128,['https://t.co/LHKqAgB42w'],https://t.co/LHKqAgB42w
34,https://twitter.com/Onlyrhika1004/status/1240767602697199617,2020-03-19 22:30:23+00:00,"Gaano kami ka-Strong dito sa Singapore?? No Community Quarantine, No Lock Down, No Travel Ban, No Work at Home, No Social Distancing, higit sa lahat, NO DEATH CASE. 😉",1240767602697199617,Onlyrhika1004,[],,[],
35,https://twitter.com/elainegineer/status/1239701063571140608,2020-03-16 23:52:20+00:00,Mas marami pa ang imported case from ibang bansa lesa sa community transmission.. Haist.. konte na lang ibaban na lahat ng papasok sa SG,1239701063571140608,elainegineer,[],,[],
36,https://twitter.com/velorunsdeworld/status/1233920034239475712,2020-03-01 01:00:35+00:00,"Let’s see whether the number of cases increasing gradually in the NL in two weeks time, from MOH SG I learn, they divide how the virus spread in community into cluster. The NL case has a potential Tilburg carnival cluster now... it’s based on ‘quantitative’ observation ..😏",1233920034239475712,velorunsdeworld,[],,[],
37,https://twitter.com/velorunsdeworld/status/1233916330757148672,2020-03-01 00:45:52+00:00,"SG imported #covid19 cases come from Wuhan Tourist, 2 weeks later the virus are within the community. In the NL or Europe: imported case from Dutch itself who traveled from Italy. Italy is the #covid19 epicenter for Europe region. They should isolate ppl with Italy travel history",1233916330757148672,velorunsdeworld,[],,[],
38,https://twitter.com/renewableworks/status/1226163711036903424,2020-02-08 15:19:44+00:00,@ScottGottliebMD @V2019N Singapore who has a first world medical system has raised its alert level to orange on Friday which is same as during SARS. 7 new confirmed community-spread cases tonight. Grab taxi has discontinued ride sharing services.,1226163711036903424,renewableworks,[],,[],
39,https://twitter.com/9d9m/status/1222895680366112768,2020-01-30 14:53:45+00:00,"OMGOSH. The numbers of people I know who are paranoid about this recent case on my social media is shocking! Like REALLY? 
I know it's a human instinct to be worried, but it's not community spread just yet. PLEASE.",1222895680366112768,9d9m,[],,[],
