,url,date,content,id,username,outlinks,outlinksss,tcooutlinks,tcooutlinksss
0,https://twitter.com/kanaaa_0356/status/1412794301352869894,2021-07-07 15:23:04+00:00,paranoia 歌ってみた / 駒田 えび https://t.co/jUvbWQ6BeT #sm38964711 #ニコニコ動画,1412794301352869894,kanaaa_0356,['https://nico.ms/sm38964711?ref=androidapp_twitter_cap_off&camp202103tw=TdNEknqHOi_1625671286920'],https://nico.ms/sm38964711?ref=androidapp_twitter_cap_off&camp202103tw=TdNEknqHOi_1625671286920,['https://t.co/jUvbWQ6BeT'],https://t.co/jUvbWQ6BeT
1,https://twitter.com/KangDaniel_7817/status/1412640686365560833,2021-07-07 05:12:39+00:00,"Thanks for tagging, Sis!
Danity MV Streaming Relay!!!

Tagging you fam:
@DanikAddict
@PeachArtHani
@kdaniel_effect
@miawajo2017 
@danitydith

PARANOIA: https://t.co/ahAEZgFJyg

ANTIDOTE: https://t.co/3NolSwSXhl

@konnect_danielk 
#KangDaniel #강다니엘 https://t.co/CQIKcLa8Ss https://t.co/z8WjB3cgYn",1412640686365560833,KangDaniel_7817,"['http://youtu.be/zLrWIgkvoB0', 'http://youtu.be/sfdJRW5NGyA', 'https://twitter.com/iambbvip/status/1412348715659005959']",http://youtu.be/zLrWIgkvoB0 http://youtu.be/sfdJRW5NGyA https://twitter.com/iambbvip/status/1412348715659005959,"['https://t.co/ahAEZgFJyg', 'https://t.co/3NolSwSXhl', 'https://t.co/CQIKcLa8Ss']",https://t.co/ahAEZgFJyg https://t.co/3NolSwSXhl https://t.co/CQIKcLa8Ss
2,https://twitter.com/dgarg1111/status/1412378501974347784,2021-07-06 11:50:50+00:00,@LarryG1107 @jimcramer It’s nothing to do with you. It’s Xi’s paranoia on protecting big data.,1412378501974347784,dgarg1111,[],,[],
3,https://twitter.com/mgcls_tumi/status/1411639304019800067,2021-07-04 10:53:31+00:00,"I am not out there telling the whole world who I am seeing neither do I ask to. I don’t do extreme PDA. But until the  extend where it feels like paranoia, I feel like I don’t know what to do or to be anymore.",1411639304019800067,mgcls_tumi,[],,[],
4,https://twitter.com/AlsonLee6/status/1411561837296951298,2021-07-04 05:45:42+00:00,Yesterday Paranoia revolution ESP PFC by @Demonweili https://t.co/gflpXpvPXi,1411561837296951298,AlsonLee6,[],,[],
5,https://twitter.com/kixes/status/1411209915230683141,2021-07-03 06:27:17+00:00,"@jon_y_huang Yes, and I think this underlying assumption/paranoia that people are going to cheat you makes it harder to encourage people to look out for one another!",1411209915230683141,kixes,[],,[],
6,https://twitter.com/DrakeLim/status/1411149304287297537,2021-07-03 02:26:26+00:00,@MaitreyaBhakal Paranoia? Sounds like that’s what America had been doing for decades.,1411149304287297537,DrakeLim,[],,[],
7,https://twitter.com/SakamotoMath/status/1410833238969389059,2021-07-02 05:30:30+00:00,"How pervasive is Covid-mindedness worldwide as the second, third, or fourth wave of the pandemic sweeps across so many nations with a vengeance? #coronavirus #Covid-19 #delta #variant #paranoia #fear #anxiety #suicide #death #lockdown #fatigue #joblessness https://t.co/Zx8TKQdeds",1410833238969389059,SakamotoMath,[],,[],
8,https://twitter.com/zulfaidhiyazab/status/1410787755760644098,2021-07-02 02:29:46+00:00,Some empty heart replaced with paranoia,1410787755760644098,zulfaidhiyazab,[],,[],
9,https://twitter.com/viv_malope/status/1410724427172433923,2021-07-01 22:18:08+00:00,Nna ke kgopela ‘Paranoia’ le ‘International’ fela ke tsware moya. https://t.co/xPOsYXOQVM,1410724427172433923,viv_malope,['https://twitter.com/FOCALISTIC/status/1410717590993911809'],https://twitter.com/FOCALISTIC/status/1410717590993911809,['https://t.co/xPOsYXOQVM'],https://t.co/xPOsYXOQVM
10,https://twitter.com/Yen09758948/status/1410429747616567296,2021-07-01 02:47:11+00:00,Wow Paranoia! 👍 @konnect_danielk #KangDaniel #강다니엘 https://t.co/4koCi2iJwO,1410429747616567296,Yen09758948,['https://twitter.com/bigBradio/status/1410333320664305665'],https://twitter.com/bigBradio/status/1410333320664305665,['https://t.co/4koCi2iJwO'],https://t.co/4koCi2iJwO
11,https://twitter.com/gprojjal/status/1410261765531729920,2021-06-30 15:39:40+00:00,"@ericbahn I think chronic paranoia is a thing, despite sleep. You just dream about it too. So sleep becomes an interesting concept.",1410261765531729920,gprojjal,[],,[],
12,https://twitter.com/thekfederation/status/1405879205397626882,2021-06-18 13:24:57+00:00,"THIS. I’ve been there. On that sad gloomy dark state of insecurity, doubt &amp; paranoia. Twas a really tough battle &amp; I struggled like SHIT. But at some pt, youll just have to let go. Im so proud Oh-Aew was so brave &amp; realized it early. You’ll be fine Oh!💪🏻

#IPromisedYouTheMoonEp4 https://t.co/Z62CF2BwWY",1405879205397626882,thekfederation,['https://twitter.com/singtoluvr/status/1405573153741365248'],https://twitter.com/singtoluvr/status/1405573153741365248,['https://t.co/Z62CF2BwWY'],https://t.co/Z62CF2BwWY
13,https://twitter.com/r_eubern/status/1401147922465521668,2021-06-05 12:04:31+00:00,"Fuck this man, paranoia sucks",1401147922465521668,r_eubern,[],,[],
14,https://twitter.com/vknsvrn/status/1398518899814002688,2021-05-29 05:57:43+00:00,It’s been 72 hours now since I registered for Astra Zeneca 2.0 but still I haven’t receive any SMS notification nor MySj was updated with the appointment details. This condition somehow triggers my anxiety &amp; paranoia 😫 #CucukMyAZ,1398518899814002688,vknsvrn,[],,[],
15,https://twitter.com/izzraimy/status/1391431700505190400,2021-05-09 16:35:43+00:00,"I actually live in paranoia, for the fact that every time my girlfriend doesn’t reply me for an extended period of time, I feel like something happened to her. It’s just how America makes me feel, and I know for sure I’m not wrong about this. I want her to come back.",1391431700505190400,izzraimy,[],,[],
16,https://twitter.com/w6dtf/status/1389016902479925249,2021-05-03 00:40:10+00:00,wtf i was thinking about paranoia from pop n it came while on shuffle!! 🌬💫,1389016902479925249,w6dtf,[],,[],
17,https://twitter.com/Sukhveer_Sandhu/status/1388403105914527745,2021-05-01 08:01:10+00:00,"I hope my KL and Selangor friends can register for this. The blood clot scare is extremely rare. Malaysia has a team procuring vaccine at a useless rate. With that, get whatever that’s put forward to stay safe. Please use logic rather then relying to paranoia planted by others https://t.co/ONmOxi2XkA",1388403105914527745,Sukhveer_Sandhu,['https://twitter.com/KKMPutrajaya/status/1388387628009938947'],https://twitter.com/KKMPutrajaya/status/1388387628009938947,['https://t.co/ONmOxi2XkA'],https://t.co/ONmOxi2XkA
18,https://twitter.com/syakiwifruit/status/1376292325131907077,2021-03-28 21:57:15+00:00,social media creates the most paranoid people ever while simultaneously feeding into some peoples paranoia some of yall need help get off social media 😭😭😭😭😭😭😭😭😭😭😭😭 It isnt real,1376292325131907077,syakiwifruit,[],,[],
19,https://twitter.com/KangDaniel_7817/status/1367649435442802690,2021-03-05 01:33:29+00:00,"Hi Danity Fam,

Changes of GA gifts - USB! 
Unfortunately, this pic can’t be made into USB..😭 
Will replace with another pic.. 🥺
Slight changes on Givenchy pics as well..

@konnect_danielk 
#KangDaniel #강다니엘 
#PARANOIA https://t.co/NMJ1LB5gAZ https://t.co/HJpcU9zoBZ",1367649435442802690,KangDaniel_7817,['https://twitter.com/KangDaniel_7817/status/1361470365055086596'],https://twitter.com/KangDaniel_7817/status/1361470365055086596,['https://t.co/NMJ1LB5gAZ'],https://t.co/NMJ1LB5gAZ
20,https://twitter.com/KangDaniel_7817/status/1367603043827519492,2021-03-04 22:29:09+00:00,"Thanks for the tag! Roads to 26M 🔥
Fighting!!! 💪🏻💪🏻

@KDaniel_Noona
@ig_neztwt
@BlueSoul1225
@Danity_Forever
@gihoniela
@MinionNiel

📺 https://t.co/UCORFvmGWD

@konnect_danielk 
#KangDaniel #강다니엘 
#PARANOIA https://t.co/wRUqGqhHR4 https://t.co/GNXnngy5h7",1367603043827519492,KangDaniel_7817,"['https://youtu.be/zLrWIgkvoB0', 'https://twitter.com/nieldotcomdotmy/status/1367527750504828928']",https://youtu.be/zLrWIgkvoB0 https://twitter.com/nieldotcomdotmy/status/1367527750504828928,"['https://t.co/UCORFvmGWD', 'https://t.co/wRUqGqhHR4']",https://t.co/UCORFvmGWD https://t.co/wRUqGqhHR4
21,https://twitter.com/KangDaniel_7817/status/1367469781440294914,2021-03-04 13:39:36+00:00,"Received my Marcelo Burlon County of Milan - Starter Black Label MBCM cap!! Added on to my MBCM Collections!! 🥰

@konnect_danielk
#KangDaniel #강다니엘
#KangDanielFashion

(Paranoia Dance Practice / 210217) https://t.co/5V3QHxc4oV https://t.co/YrPPhoQ48k",1367469781440294914,KangDaniel_7817,['https://twitter.com/KangDaniel_7817/status/1362015198475743232'],https://twitter.com/KangDaniel_7817/status/1362015198475743232,['https://t.co/5V3QHxc4oV'],https://t.co/5V3QHxc4oV
22,https://twitter.com/KangDaniel_7817/status/1367152737444450312,2021-03-03 16:39:47+00:00,"Danity Fam, are u still streaming Paranoia MV..??

@konnect_danielk 
#KangDaniel #강다니엘 
#PARANOIA https://t.co/DwChyptusL",1367152737444450312,KangDaniel_7817,[],,[],
23,https://twitter.com/KangDaniel_7817/status/1367123738932568066,2021-03-03 14:44:33+00:00,"For Ching Stan! 😉

@konnect_danielk 
#KangDaniel #강다니엘 
#PARANOIA https://t.co/E06JSS4rQt",1367123738932568066,KangDaniel_7817,[],,[],
24,https://twitter.com/KangDaniel_7817/status/1367123404915044357,2021-03-03 14:43:14+00:00,"For Ging Stan!! So Baby!! 👶🏻👶🏻🥰🥰

@konnect_danielk 
#KangDaniel #강다니엘 
#PARANOIA https://t.co/RX25holq39",1367123404915044357,KangDaniel_7817,[],,[],
25,https://twitter.com/KangDaniel_7817/status/1366090388864344069,2021-02-28 18:18:24+00:00,"GIVEAWAY- #KANGDANIEL #PARANOIA Streaming - CLOSED!!

GA Closed!!

Please submit your screenshot proof by 20.03.02 / 00:10 ! 😉

@konnect_danielk 
#KangDaniel #강다니엘 
#PARANOIA https://t.co/2aGHcvUf0h https://t.co/GBWaW8n3bg",1366090388864344069,KangDaniel_7817,['https://twitter.com/KangDaniel_7817/status/1361472288999149568'],https://twitter.com/KangDaniel_7817/status/1361472288999149568,['https://t.co/2aGHcvUf0h'],https://t.co/2aGHcvUf0h
26,https://twitter.com/KangDaniel_7817/status/1366088820156899332,2021-02-28 18:12:10+00:00,"GIVEAWAY- #KANGDANIEL #PARANOIA MV Streaming - CLOSED!!

GA Closed!!

Please submit your screenshot proof by 20.03.02 / 00:10 ! 😉

@konnect_danielk 
#KangDaniel #강다니엘 
#PARANOIA https://t.co/NMJ1LB5gAZ https://t.co/tqNOqeS99B",1366088820156899332,KangDaniel_7817,['https://twitter.com/KangDaniel_7817/status/1361470365055086596'],https://twitter.com/KangDaniel_7817/status/1361470365055086596,['https://t.co/NMJ1LB5gAZ'],https://t.co/NMJ1LB5gAZ
27,https://twitter.com/KangEuiOng/status/1365997263571443719,2021-02-28 12:08:21+00:00,"I've been replaying PARANOIA for hours now,, This song just so good❤️👍🏻 
KANG DANIEL BEST BOY !✨

@konnect_danielk  #KANGDANIEL #강다니엘",1365997263571443719,KangEuiOng,[],,[],
28,https://twitter.com/KangDaniel_7817/status/1365835314132963329,2021-02-28 01:24:49+00:00,"Professional film editor reacting on Paranoia MV!🤩
The detailed explanation of film making is so cool!!😘😘
And this guy is so funny!! 🤣🤣
Danity check it out! Another Paranoia reaction that be missed! 😉

@konnect_danielk
#강다니엘
#PARANOIA

https://t.co/KakgJ3yJax",1365835314132963329,KangDaniel_7817,['https://youtu.be/d4Xc9tuOkxA'],https://youtu.be/d4Xc9tuOkxA,['https://t.co/KakgJ3yJax'],https://t.co/KakgJ3yJax
29,https://twitter.com/KangDaniel_7817/status/1365816051938717698,2021-02-28 00:08:17+00:00,"Real life BJD!! 🤩🤩
I see no difference.. 😍😍

@konnect_danielk 
#KangDaniel #강다니엘 
#PARANOIA https://t.co/ACHugYuFs1",1365816051938717698,KangDaniel_7817,[],,[],
30,https://twitter.com/KangDaniel_7817/status/1365572038790766592,2021-02-27 07:58:39+00:00,"Congratulations Kang Daniel!! 

Won 1st place on Music Core with 10,323 pts, the highest score on Music Core in 2021!!! 

#파라노이아_음중1위_축하해
#PARANOIA4thWin

@konnect_danielk 
#강다니엘 #KANGDANIEL 
#PARANOIA https://t.co/2pFs6Pa4UB https://t.co/MAE9N1nGwn",1365572038790766592,KangDaniel_7817,['https://twitter.com/KshowAnalysis/status/1365569696821432320'],https://twitter.com/KshowAnalysis/status/1365569696821432320,['https://t.co/2pFs6Pa4UB'],https://t.co/2pFs6Pa4UB
31,https://twitter.com/KangDaniel_7817/status/1365470530187399171,2021-02-27 01:15:18+00:00,"@KDBestBoy But I like this show, he really enjoyed himself playing games! 🥰🥰

@konnect_danielk 
#KangDaniel #강다니엘 
#PARANOIA https://t.co/kJJenldBEp",1365470530187399171,KangDaniel_7817,[],,[],
32,https://twitter.com/KangDaniel_7817/status/1365371682093887491,2021-02-26 18:42:31+00:00,"Baby, no matter what u do, I just find u too cute!!! 😝😝🤣🤣
I wanna pinch ur cutie face!! 🤏🏻😝😝

@konnect_danielk 
#KangDaniel #강다니엘 
#PARANOIA https://t.co/cfCsofIdPz",1365371682093887491,KangDaniel_7817,[],,[],
33,https://twitter.com/KangDaniel_7817/status/1365205590406963201,2021-02-26 07:42:31+00:00,"🚨🚨🚨🚨 

Danity Fam!!

Please help to vote for Kang Daniel !! 
🙏🏻🙏🏻

ht tps://promo-web.idolchamp.com/app_proxy.html?type=vote&amp;vote_id=vote_2108_1143 

@konnect_danielk 
#KangDaniel #강다니엘 
#PARANOIA https://t.co/XRySrC0UeU",1365205590406963201,KangDaniel_7817,[],,[],
34,https://twitter.com/KangDaniel_7817/status/1365118123330867200,2021-02-26 01:54:57+00:00,"@Danity_TheresaY @konnect_danielk Beautiful!! 😘😘😍😍

@konnect_danielk 
#KangDaniel #강다니엘 
#PARANOIA",1365118123330867200,KangDaniel_7817,[],,[],
35,https://twitter.com/KangDaniel_7817/status/1365116413095018500,2021-02-26 01:48:10+00:00,"First time reacting to #KangDaniel MV &amp; “Fell in Love with our KING!” 😉

“Now I understand all the hype!”
“He just singing ‘Lalala’ but he’s attacking me!”😘
“Dont u dare touch him! KD is under my protection now!”😂

https://t.co/RjgguSYTdD

@konnect_danielk
#강다니엘
#PARANOIA https://t.co/5WfxyCfN0e",1365116413095018500,KangDaniel_7817,['http://youtu.be/bxd2z3ru2QU'],http://youtu.be/bxd2z3ru2QU,['https://t.co/RjgguSYTdD'],https://t.co/RjgguSYTdD
36,https://twitter.com/KangDaniel_7817/status/1365092397198176256,2021-02-26 00:12:44+00:00,"The one on the left- Jeremiah, he was so sharp! I didn’t even notice the eyeball in the lady’s demon’s mouth.. 😱😱

I love this reaction!! 😍😍

https://t.co/Njq5YBBNoW

@konnect_danielk 
#KangDaniel #강다니엘 
#PARANOIA https://t.co/Llqqt9AuRl",1365092397198176256,KangDaniel_7817,['https://youtu.be/Gi2kqjN1nx4'],https://youtu.be/Gi2kqjN1nx4,['https://t.co/Njq5YBBNoW'],https://t.co/Njq5YBBNoW
37,https://twitter.com/KangDaniel_7817/status/1364904240108367873,2021-02-25 11:45:04+00:00,"Baby, can u see the difference now, with the comparison.. 🐈🐶
U should know u resemble 🐶😝
So don’t be mad at me k! I’m a good danity.. 🤓🤓😁😁

@konnect_danielk 
#KangDaniel #강다니엘 
#PARANOIA https://t.co/TyMXqJxtcY https://t.co/hz2CWxyTAi",1364904240108367873,KangDaniel_7817,['https://twitter.com/KangDaniel_7817/status/1364872331126927360'],https://twitter.com/KangDaniel_7817/status/1364872331126927360,['https://t.co/TyMXqJxtcY'],https://t.co/TyMXqJxtcY
38,https://twitter.com/KangEuiOng/status/1364523583838425092,2021-02-24 10:32:28+00:00,"YEAYYYYY🎉🥳

Paranoia 2nd Win🏆🏆

@konnect_danielk 
#파라노이아_쇼챔1위_축하해
#PARANOIA2NDWIN",1364523583838425092,KangEuiOng,[],,[],
39,https://twitter.com/KangDaniel_7817/status/1364494929712476168,2021-02-24 08:38:36+00:00,"Thank you for tag!

Keep streaming Danity  🔥
Road to 23M!!! 

@ChompooOK
@Danity_Forever
@gihoniela
@ig_neztwt
@KDaniel_Noona
@SanaDaniel_

https://t.co/UCORFvmGWD

@konnect_danielk 
#KangDaniel #강다니엘 
#PARANOIA https://t.co/g9eSVzDIQX https://t.co/cI6vGJZDo7",1364494929712476168,KangDaniel_7817,"['https://youtu.be/zLrWIgkvoB0', 'https://twitter.com/DanikAddict/status/1364435208288673794']",https://youtu.be/zLrWIgkvoB0 https://twitter.com/DanikAddict/status/1364435208288673794,"['https://t.co/UCORFvmGWD', 'https://t.co/g9eSVzDIQX']",https://t.co/UCORFvmGWD https://t.co/g9eSVzDIQX
40,https://twitter.com/KangDaniel_7817/status/1364232162342363140,2021-02-23 15:14:28+00:00,"This is So Cool! Like Movie Posters especially the first pic... 🤩🤩
He look like a baby!! 👶🏻👶🏻 

@konnect_danielk 
#KangDaniel #강다니엘 
#PARANOIA https://t.co/ZNQ6DqGETg",1364232162342363140,KangDaniel_7817,[],,[],
41,https://twitter.com/KangEuiOng/status/1364162953306533888,2021-02-23 10:39:27+00:00,"YEAYYYYYY 🏆✨

#파라_노이아_첫1위_축하한다녤
#PARANOIA1STWIN
#강다니엘 #KANGDANIEL #PARANOIA
@konnect_danielk https://t.co/Gw68OmLYDl",1364162953306533888,KangEuiOng,['https://twitter.com/sbsmtvtheshow/status/1364159997702115328'],https://twitter.com/sbsmtvtheshow/status/1364159997702115328,['https://t.co/Gw68OmLYDl'],https://t.co/Gw68OmLYDl
42,https://twitter.com/KangDaniel_7817/status/1364024345014640640,2021-02-23 01:28:40+00:00,"[PLAY COLOR] Kang Daniel's ""PARANOIA"" dance version video shooting site! 🤩🤩
So Cool!!😘😘😍😍

@konnect_danielk 
#KangDaniel #강다니엘 
#PARANOIA https://t.co/zTcBjrMNVR",1364024345014640640,KangDaniel_7817,[],,[],
43,https://twitter.com/w6dtf/status/1363356542980947968,2021-02-21 05:15:04+00:00,paranoia,1363356542980947968,w6dtf,[],,[],
44,https://twitter.com/KangDaniel_7817/status/1363233154148917248,2021-02-20 21:04:46+00:00,"My baby’s vocal is amazing!!! 🤩🤩😍😍

@konnect_danielk 
#KangDaniel #강다니엘 
#PARANOIA 

https://t.co/joMVNtK4Sm",1363233154148917248,KangDaniel_7817,['https://youtu.be/0Brbe0t7_MI'],https://youtu.be/0Brbe0t7_MI,['https://t.co/joMVNtK4Sm'],https://t.co/joMVNtK4Sm
45,https://twitter.com/KangDaniel_7817/status/1363077994298953730,2021-02-20 10:48:13+00:00,"I knew it the moment he asked to adjust volume!! 😂😂🤣🤣

@konnect_danielk 
#KangDaniel #강다니엘 
#PARANOIA https://t.co/jag2ns5dOt https://t.co/xdNJ5neg0o",1363077994298953730,KangDaniel_7817,['https://twitter.com/ERROR_1210/status/1363036570433904641'],https://twitter.com/ERROR_1210/status/1363036570433904641,['https://t.co/jag2ns5dOt'],https://t.co/jag2ns5dOt
46,https://twitter.com/KangDaniel_7817/status/1362824769867980801,2021-02-19 18:01:59+00:00,"OMG, I just noticed I wrote wrong dolls for this GA!😱

🎁 x13 - Music Streaming GA 
•Mernel
 ~AR PC
 ~PC
•Mexicana PC x2
•USB x4
•D&amp;D Set
•Bucket Hat+Mask

*𝐃𝐀𝐍𝐈𝐄𝐋 𝐃𝐎𝐋𝐋: 
•NYELOONGI-GOLD
•BEBE CHU
•BEBE PINK CHU

@konnect_danielk
#KangDaniel #강다니엘
#PARANOIA https://t.co/rOCie0GHca",1362824769867980801,KangDaniel_7817,[],,[],
47,https://twitter.com/KangDaniel_7817/status/1362701651979554822,2021-02-19 09:52:46+00:00,"@momo_chan85 @Parillapeach1 Did u forget this... 😏😏

@konnect_danielk 
#KangDaniel #강다니엘 
#PARANOIA https://t.co/58T0ltCpfM",1362701651979554822,KangDaniel_7817,[],,[],
48,https://twitter.com/KangDaniel_7817/status/1362693309093744640,2021-02-19 09:19:37+00:00,"#강다니엘_파라노이아_0219

#뮤직뱅크 #강다니엘 #KANGDANIEL #PARANOIA https://t.co/4UG6K6ePLF",1362693309093744640,KangDaniel_7817,[],,[],
49,https://twitter.com/KangDaniel_7817/status/1362536468393025536,2021-02-18 22:56:23+00:00,"""usually Kpop MV hv 3-4 set.. theres atleast 7 diff sets""

“The most sets I have ever seen on a MV!”

“Did u hear tat note, tat was carrying on..his vocal ability has grown so much!”

https://t.co/0CkRR6emy6

I love this reaction!

@konnect_danielk
#KangDaniel #강다니엘
#PARANOIA https://t.co/i4QUsIYJ9q https://t.co/wL7CkBBeRk",1362536468393025536,KangDaniel_7817,"['https://youtu.be/Tn_KvotaF28', 'https://twitter.com/dk_noonafan/status/1362486938406707208']",https://youtu.be/Tn_KvotaF28 https://twitter.com/dk_noonafan/status/1362486938406707208,"['https://t.co/0CkRR6emy6', 'https://t.co/i4QUsIYJ9q']",https://t.co/0CkRR6emy6 https://t.co/i4QUsIYJ9q
50,https://twitter.com/KangDaniel_7817/status/1362445508032090117,2021-02-18 16:54:56+00:00,"@AmizaSherry @DanikAddict @pinkdthess123_ @MinionNiel @Danity_Forever @daniel_lilu89 @konnect_danielk @PeachArtHani @ayeen_kz611 @junecomel @IvineThian Sflr..

Let’s go for 15m!! Keep streaming!!! 🔥 
Fighting!! 💪🏻💪🏻

@ig_neztwt
@BlueSoul1225
@SanaDaniel_
@PeachArtHani
@DanikBbang

@konnect_danielk 
#KangDaniel #강다니엘 
#PARANOIA https://t.co/i10RZv2RZE",1362445508032090117,KangDaniel_7817,[],,[],
51,https://twitter.com/KangDaniel_7817/status/1362387514430873603,2021-02-18 13:04:30+00:00,"His smile... So Pretty!! 🤩🤩😍😍

@konnect_danielk 
#KangDaniel #강다니엘 
#PARANOIA https://t.co/QpwObsilzi",1362387514430873603,KangDaniel_7817,[],,[],
52,https://twitter.com/KangDaniel_7817/status/1362368277758943234,2021-02-18 11:48:03+00:00,"🛎 Danity Fam!

Please try to combine ur daily screenshot streaming proof instead of sending one by one..

If u use Photo Grid app, u can easily grid up to 16 photos!

Thank you!!🙏🏻

**This is solely for Music Site Streaming only!

@konnect_danielk
#KangDaniel #강다니엘
#PARANOIA https://t.co/46CgTOqHpa",1362368277758943234,KangDaniel_7817,[],,[],
53,https://twitter.com/KangDaniel_7817/status/1362366519192133637,2021-02-18 11:41:04+00:00,"🛎 Danity Fam!

Please try to combine ur daily screenshot streaming proof instead of sending one by one..

If u use Photo Grid app, u can easily grid up to 16 photos!

Thank you!! 🙏🏻🙏🏻

** This is solely for MV Streaming only!! 

@konnect_danielk
#KangDaniel #강다니엘
#PARANOIA https://t.co/61Xyl2sQwq",1362366519192133637,KangDaniel_7817,[],,[],
54,https://twitter.com/KangDaniel_7817/status/1362270344665436160,2021-02-18 05:18:54+00:00,"Please Note that this GA is for SG Danity Only aka SINGAPORE DANITY!! 

Thank you!! 🙏🏻🙏🏻 

@konnect_danielk 
#KangDaniel #강다니엘 
#PARANOIA https://t.co/FFZ1FnVRea",1362270344665436160,KangDaniel_7817,[],,[],
55,https://twitter.com/KangDaniel_7817/status/1362267973629534210,2021-02-18 05:09:29+00:00,"Baby has grown up!! 😘😘
But still a Baby!! My Little Baby!! 🥰🥰

@konnect_danielk 
#KangDaniel #강다니엘 
#PARANOIA https://t.co/QlRQoOoFgb",1362267973629534210,KangDaniel_7817,[],,[],
56,https://twitter.com/KangDaniel_7817/status/1362262032750309378,2021-02-18 04:45:52+00:00,"🔥 Stream Paranoia MV!! 🔥 

Road to 9m!!! Fighting!!! 💪🏻💪🏻

https://t.co/UCORFvmGWD

@konnect_danielk 
#KangDaniel #강다니엘 
#PARANOIA https://t.co/LyBEABOQ3d",1362262032750309378,KangDaniel_7817,['https://youtu.be/zLrWIgkvoB0'],https://youtu.be/zLrWIgkvoB0,['https://t.co/UCORFvmGWD'],https://t.co/UCORFvmGWD
57,https://twitter.com/KangDaniel_7817/status/1362260380223905795,2021-02-18 04:39:18+00:00,"@vanleeMark Thank you so much!!🙏🏻🙏🏻 
You have good taste just like us, Danity! 😉😉

https://t.co/UCORFvmGWD

@konnect_danielk 
#KangDaniel #강다니엘 
#PARANOIA https://t.co/OseOB8aVWs",1362260380223905795,KangDaniel_7817,['https://youtu.be/zLrWIgkvoB0'],https://youtu.be/zLrWIgkvoB0,['https://t.co/UCORFvmGWD'],https://t.co/UCORFvmGWD
58,https://twitter.com/KangDaniel_7817/status/1362253894089203712,2021-02-18 04:13:32+00:00,"🛎 SG Danity!! 

Dm me now with ss proof of Universe app + Paranoia Streaming Proof!!! 

Only one gift available!! FCFS!! 

@konnect_danielk 
#KangDaniel #강다니엘 
#PARANOIA https://t.co/qpDMF22epL",1362253894089203712,KangDaniel_7817,[],,[],
59,https://twitter.com/KangDaniel_7817/status/1362251380266688514,2021-02-18 04:03:33+00:00,"🛎 GA- SG Danity!!

🎁 One Only! 
•Season’s Greetings- Wall Calendar
•3x Universe passes 
•3x 3000 Universe KLAP

❗️Rule
•SG Danity who doesn’t own Kang Daniel Season’s Greetings with Universe app!
•Paranoia Streaming Proof!

@konnect_danielk
#KangDaniel #강다니엘
#PARANOIA https://t.co/ukD6mS7dJi",1362251380266688514,KangDaniel_7817,[],,[],
60,https://twitter.com/KangDaniel_7817/status/1362230965024612355,2021-02-18 02:42:25+00:00,"Check out this great article, a perfect analysis of Paranoia MV, for ur better understanding of MV behind story!

My thought after reading the article..

Uri Kang Daepyonim, not only an incredible brave boy! He’s also a genius!😘

@konnect_danielk
#KangDaniel #강다니엘
#PARANOIA https://t.co/M3oETd6FL8 https://t.co/2BiJF7VBHO",1362230965024612355,KangDaniel_7817,['https://twitter.com/TooOld4Kpop/status/1362205985641791492'],https://twitter.com/TooOld4Kpop/status/1362205985641791492,['https://t.co/M3oETd6FL8'],https://t.co/M3oETd6FL8
61,https://twitter.com/KangDaniel_7817/status/1362073890831306752,2021-02-17 16:18:16+00:00,"Kang Daniel’s Heart Abs!!! 😉😉

@konnect_danielk 
#KangDaniel #강다니엘 
#PARANOIA

htt ps://twitter.com/oripeach/status/1362045673625903115/video/1",1362073890831306752,KangDaniel_7817,[],,[],
62,https://twitter.com/KangDaniel_7817/status/1362071670551285768,2021-02-17 16:09:26+00:00,"Everyone was amazed by Daniel’s strong arms!! 😮😮😲😲🤭🤭
Baby, you are really amazing!!😍😍

@konnect_danielk 
#KangDaniel #강다니엘 
#PARANOIA https://t.co/qQ6iEtdVKC",1362071670551285768,KangDaniel_7817,[],,[],
63,https://twitter.com/KangDaniel_7817/status/1362013110400258049,2021-02-17 12:16:45+00:00,"You are so right!!! 😉😉

Stream #KANGDANIEL #PARANOIA Now!!🔥

https://t.co/UCORFvmGWD

@konnect_danielk 
#KangDaniel #강다니엘 
#PARANOIA https://t.co/R0Jz4GX9wK https://t.co/WUW5TNi8nn",1362013110400258049,KangDaniel_7817,"['https://youtu.be/zLrWIgkvoB0', 'https://twitter.com/jeplusno/status/1362007744090406913']",https://youtu.be/zLrWIgkvoB0 https://twitter.com/jeplusno/status/1362007744090406913,"['https://t.co/UCORFvmGWD', 'https://t.co/R0Jz4GX9wK']",https://t.co/UCORFvmGWD https://t.co/R0Jz4GX9wK
64,https://twitter.com/KangDaniel_7817/status/1361978883436814340,2021-02-17 10:00:44+00:00,"@derra37 @gihoniela @inevan @michareveuse @nielsdanitytw @noeruchan @konnect_danielk Thank you so much for supporting uri Kang Daniel!! 🙏🏻🙏🏻🥰🥰

@konnect_danielk 
#KangDaniel #강다니엘 
#PARANOIA",1361978883436814340,KangDaniel_7817,[],,[],
65,https://twitter.com/KangDaniel_7817/status/1361878167783284748,2021-02-17 03:20:32+00:00,"🔥STREAMMMM🔥

강다니엘(KANGDANIEL)
‘PARANOIA’ M/V 

https://t.co/UCORFvmGWD

@DanikAddict
@danitadelgado
@ig_neztwt
@PeachArtHani
@momo_chan85
@pinkdthess123_

@konnect_danielk 
#KangDaniel #강다니엘 
#PARANOIA https://t.co/vvvUXsRmil https://t.co/2ei4sOQGxX",1361878167783284748,KangDaniel_7817,"['https://youtu.be/zLrWIgkvoB0', 'https://twitter.com/IvineThian/status/1361857000141807619']",https://youtu.be/zLrWIgkvoB0 https://twitter.com/IvineThian/status/1361857000141807619,"['https://t.co/UCORFvmGWD', 'https://t.co/vvvUXsRmil']",https://t.co/UCORFvmGWD https://t.co/vvvUXsRmil
66,https://twitter.com/KangDaniel_7817/status/1361727306385879041,2021-02-16 17:21:04+00:00,"STREAM STREAM STREAM 🔥🔥

강다니엘(KANGDANIEL)
‘PARANOIA’ M/V 
https://t.co/ahAEZgFJyg

Let’s Go!!! 💪🏻💪🏻

@gihoniela
@inevan
@michareveuse
@nielsdanitytw
@noeruchan

@konnect_danielk 
#KangDaniel #강다니엘 
#PARANOIA https://t.co/ztos9HEhas https://t.co/70dz3csub6",1361727306385879041,KangDaniel_7817,"['http://youtu.be/zLrWIgkvoB0', 'https://twitter.com/btcp77/status/1361711422946742272']",http://youtu.be/zLrWIgkvoB0 https://twitter.com/btcp77/status/1361711422946742272,"['https://t.co/ahAEZgFJyg', 'https://t.co/ztos9HEhas']",https://t.co/ahAEZgFJyg https://t.co/ztos9HEhas
67,https://twitter.com/KangDaniel_7817/status/1361675287088390144,2021-02-16 13:54:21+00:00,"🛎 Danity Fam!
Pls send your streaming proof separately thru the respective GA Tweet (MV or Music Streaming) instead of combining under 1 tweet or it will be counted as an entries for 1 GA only!

Thank you for ur understanding!🙏🏻

@konnect_danielk
#KangDaniel #강다니엘
#PARANOIA https://t.co/2aGHcvUf0h https://t.co/4XKqlNYIS5",1361675287088390144,KangDaniel_7817,['https://twitter.com/KangDaniel_7817/status/1361472288999149568'],https://twitter.com/KangDaniel_7817/status/1361472288999149568,['https://t.co/2aGHcvUf0h'],https://t.co/2aGHcvUf0h
68,https://twitter.com/KangDaniel_7817/status/1361675053381783555,2021-02-16 13:53:26+00:00,"🛎 Danity Fam!
Pls send your streaming proof separately thru the respective GA Tweet (MV or Music Streaming) instead of combining under 1 tweet or it will be counted as an entries for 1 GA only!

Thank you for ur understanding!🙏🏻

@konnect_danielk
#KangDaniel #강다니엘
#PARANOIA https://t.co/NMJ1LB5gAZ https://t.co/5WAa3ifmUh",1361675053381783555,KangDaniel_7817,['https://twitter.com/KangDaniel_7817/status/1361470365055086596'],https://twitter.com/KangDaniel_7817/status/1361470365055086596,['https://t.co/NMJ1LB5gAZ'],https://t.co/NMJ1LB5gAZ
69,https://twitter.com/KangDaniel_7817/status/1361500257255792646,2021-02-16 02:18:51+00:00,"@pinkdthess123_ @konnect_danielk Thank you!! 🥰🥰
Come join us!! All my GA are open to worldwide Danity!! 😉😉

@konnect_danielk 
#KangDaniel #강다니엘 
#PARANOIA",1361500257255792646,KangDaniel_7817,[],,[],
70,https://twitter.com/KangDaniel_7817/status/1361475498472140800,2021-02-16 00:40:28+00:00,"‼️Correction on Event Period: 

Period: 21.02.16 - 21.02.28 

My apologies!! 🙃🙃

@konnect_danielk 
#KangDaniel #강다니엘 
#PARANOIA https://t.co/jw370p63WX",1361475498472140800,KangDaniel_7817,[],,[],
71,https://twitter.com/KangDaniel_7817/status/1361391390446342145,2021-02-15 19:06:15+00:00,"Hi Danity Fam!! 🦖 
Are you ready for Kang Daniel’s PARANOIA Comeback!!! 😉❤️

Let’s Get It!!! 💪🏻💪🏻

@konnect_danielk 
#KangDaniel #강다니엘 
#PARANOIA https://t.co/lHsVANWCD0",1361391390446342145,KangDaniel_7817,[],,[],
72,https://twitter.com/KangDaniel_7817/status/1361387721042718721,2021-02-15 18:51:40+00:00,"🚨🚨🚨🚨 

Danity Fam!!!
Please vote for uri Kang Daniel !!

He’s at rank 2 now... 
Please Help!! 🙏🏻🙏🏻

https://t.co/jlEtrEavRR 

가장 기대한 2월 컴백아이돌은? 😆💞💞

@konnect_danielk 
#KangDaniel #강다니엘 
#PARANOIA https://t.co/77OanbB1zV",1361387721042718721,KangDaniel_7817,['https://promo-web.idolchamp.com/app_proxy.html?type=vote&vote_id=vote_2086_1044'],https://promo-web.idolchamp.com/app_proxy.html?type=vote&vote_id=vote_2086_1044,['https://t.co/jlEtrEavRR'],https://t.co/jlEtrEavRR
73,https://twitter.com/adibjamils/status/1359531777702825993,2021-02-10 15:56:49+00:00,Paranoia is in bloom.,1359531777702825993,adibjamils,[],,[],
74,https://twitter.com/ranajitdam/status/1359508770355781633,2021-02-10 14:25:23+00:00,The Republic of Paranoia https://t.co/J56dxXsPdI,1359508770355781633,ranajitdam,['https://www.lowyinstitute.org/the-interpreter/crushing-dissent-new-paranoid-india'],https://www.lowyinstitute.org/the-interpreter/crushing-dissent-new-paranoid-india,['https://t.co/J56dxXsPdI'],https://t.co/J56dxXsPdI
75,https://twitter.com/KangDaniel_7817/status/1359485464789458948,2021-02-10 12:52:47+00:00,"Hi all, we shall meet up after CNY!🙏🏻

@Yen09758948
@Jollykniel96
@NielFanAlways
@Danielism1210J
@piggytse2
@Ivanna07
@janie1810
@jadykoh
@IvineThian
@Tinklebelle1210
@PuppyOrcat
@rennie0610
@Wishingtart1
@btcp77
@Danielcute_nuna

@konnect_danielk
#KangDaniel #강다니엘
#PARANOIA https://t.co/QjdieOGYYo",1359485464789458948,KangDaniel_7817,[],,[],
76,https://twitter.com/KangEuiOng/status/1359476217414524929,2021-02-10 12:16:02+00:00,"@vyk2000 @amoredanielk @konnect_danielk @NuuGuSeYONGE @kangpeach_niel @Ongiedaliet @ongnielive039 [TEASER] 강다니엘(KANGDANIEL) - PARANOIA M/V #1  https://t.co/lEsrlBFhTP

Let's give it more views🔥🔥

@ongnableeeee 
@flowerboomerang 
@dearallys 
@darkice887 
@eejah_99 https://t.co/J3MoHCi1MO",1359476217414524929,KangEuiOng,['https://youtu.be/q1YCHSYbljU'],https://youtu.be/q1YCHSYbljU,['https://t.co/lEsrlBFhTP'],https://t.co/lEsrlBFhTP
77,https://twitter.com/KangDaniel_7817/status/1359343145939439617,2021-02-10 03:27:16+00:00,"0.25x version.. 

@konnect_danielk 
#KangDaniel #강다니엘 
#PARANOIA https://t.co/1rSV9oyELc",1359343145939439617,KangDaniel_7817,[],,[],
78,https://twitter.com/KangDaniel_7817/status/1359078061686222853,2021-02-09 09:53:55+00:00,"@konnect_danielk 👍🏻👍🏻👍🏻
@konnect_danielk 
#KangDaniel #강다니엘 
#PARANOIA https://t.co/BJHia9MeWj",1359078061686222853,KangDaniel_7817,[],,[],
79,https://twitter.com/KangDaniel_7817/status/1359064696976855043,2021-02-09 09:00:48+00:00,"Baby, I cannot.... 😂😂🤣🤣

@konnect_danielk 
#KangDaniel #강다니엘 
#PARANOIA https://t.co/2oH0F6RYcE https://t.co/wMlgOWAIlE",1359064696976855043,KangDaniel_7817,['https://twitter.com/pink_daniel1210/status/1359063820342161409'],https://twitter.com/pink_daniel1210/status/1359063820342161409,['https://t.co/2oH0F6RYcE'],https://t.co/2oH0F6RYcE
80,https://twitter.com/KangDaniel_7817/status/1359048668125429760,2021-02-09 07:57:07+00:00,"Danity Fam, let’s follow each other in Universe!! 😉

You may find me through either Support Fan Ranking Chart or FNS post - leoxtan 

See ya there!! 😉

@konnect_danielk 
#KangDaniel #강다니엘 
#PARANOIA https://t.co/6iO2eo3aXP",1359048668125429760,KangDaniel_7817,[],,[],
81,https://twitter.com/KangDaniel_7817/status/1359034270648471563,2021-02-09 06:59:54+00:00,"🛎 To My Super Danity Fam!!

We made it!!! 🥳🥳👏🏻👏🏻

Congratulations to Kang Daniel &amp; Danity!!

This is a great start for #KANGDANIEL #PARANOIA COMEBACK!! 😘😘

Thank you so much for everyone’s contribution!! 🙏🏻🙏🏻 

@konnect_danielk
#KangDaniel #강다니엘
#PARANOIA https://t.co/8u5EUcD4Gt https://t.co/bOMJwO50pR",1359034270648471563,KangDaniel_7817,['https://twitter.com/KangDaniel_7817/status/1358949437624651776'],https://twitter.com/KangDaniel_7817/status/1358949437624651776,['https://t.co/8u5EUcD4Gt'],https://t.co/8u5EUcD4Gt
82,https://twitter.com/KangDaniel_7817/status/1359031653775990787,2021-02-09 06:49:30+00:00,"🛎 Calling SG Danity!

#KANGDANIEL #강다니엘 #PARANOIA COMEBACK FUNDRAISING PROJECT!❤️

As KDaniel_funds has been receiving fund from SG Danity, I shall extend this event till 2021.02.11 / 12:10am (SGT)

Thank you SG Danity for ur generosity! 🙏🏻

@konnect_danielk
@storyblossom333 https://t.co/jGYWx6hDwm https://t.co/f4DW1islr4",1359031653775990787,KangDaniel_7817,['https://twitter.com/KangDaniel_7817/status/1358610444223614976'],https://twitter.com/KangDaniel_7817/status/1358610444223614976,['https://t.co/jGYWx6hDwm'],https://t.co/jGYWx6hDwm
83,https://twitter.com/KangDaniel_7817/status/1358949437624651776,2021-02-09 01:22:48+00:00,"My contribution to Kang Daniel’s Comeback Support on Universe for a Subway Ads &amp; Coffee Truck!! ❤️

It’s 88% Now!! 😘😘

Danity Fam, come join us to support for Kang Daniel Paranoia Comeback!! 😉

See you there!! 😉💪🏻

@konnect_danielk
#KangDaniel
#강다니엘 #PARANOIA https://t.co/J6yUpyFrWc https://t.co/JNYOU3w1tn",1358949437624651776,KangDaniel_7817,['https://twitter.com/KangDaniel_7817/status/1358905270261280770'],https://twitter.com/KangDaniel_7817/status/1358905270261280770,['https://t.co/J6yUpyFrWc'],https://t.co/J6yUpyFrWc
84,https://twitter.com/KangDaniel_7817/status/1358905270261280770,2021-02-08 22:27:18+00:00,"I just noticed...

1 True Heart 💚 = 10x Planetary coin

I have contributed 700 💚 = 7000!🤩

@konnect_danielk 
#KangDaniel #강다니엘 
#PARANOIA https://t.co/MkH84eDK4q https://t.co/Z4JE17iCvl",1358905270261280770,KangDaniel_7817,['https://twitter.com/momo_chan85/status/1358810434434908161'],https://twitter.com/momo_chan85/status/1358810434434908161,['https://t.co/MkH84eDK4q'],https://t.co/MkH84eDK4q
85,https://twitter.com/KangDaniel_7817/status/1358610684590714880,2021-02-08 02:56:43+00:00,"🛎 Calling SG Danity!!!

#KANGDANIEL #강다니엘 #PARANOIA COMEBACK FUNDRAISING PROJECT!❤️

Please note event period!!

CLOSING DATE:
2021.02.09 12:10am (SGT)

For donation to @KDaniel_funds , pls contact @btcp77 for paynow details to avoid paypal taxes!

@konnect_danielk https://t.co/6wTDrc9xJi",1358610684590714880,KangDaniel_7817,[],,[],
86,https://twitter.com/KangDaniel_7817/status/1358610444223614976,2021-02-08 02:55:46+00:00,"🛎 Calling SG Danity!!!

#KANGDANIEL #강다니엘 #PARANOIA COMEBACK FUNDRAISING PROJECT!❤️

Please note event period!!

CLOSING DATE:
2021.02.09 12:10am (SGT)

For donation to @KDaniel_funds , pls contact @btcp77 for paynow details to avoid paypal taxes!

@konnect_danielk https://t.co/1zVsOz1LPg https://t.co/WMlhxS0EEC",1358610444223614976,KangDaniel_7817,['https://twitter.com/KangDaniel_7817/status/1358449203085594625'],https://twitter.com/KangDaniel_7817/status/1358449203085594625,['https://t.co/1zVsOz1LPg'],https://t.co/1zVsOz1LPg
87,https://twitter.com/KangDaniel_7817/status/1358461392769011712,2021-02-07 17:03:29+00:00,"🛎 SG Danity!!

#강다니엘 #KANGDANIEL #PARANOIA COMEBACK FUNDRAISING PROJECT!❤️

💝Special Gift Pack for just one SG Danity!

Donate S$200, name your preferred gifts!
I will try to fulfill 4 of them if I have! (subject to stock availability!)

@konnect_danielk
@storyblossom333 https://t.co/1zVsOz1LPg https://t.co/bH4ymvS0vV",1358461392769011712,KangDaniel_7817,['https://twitter.com/KangDaniel_7817/status/1358449203085594625'],https://twitter.com/KangDaniel_7817/status/1358449203085594625,['https://t.co/1zVsOz1LPg'],https://t.co/1zVsOz1LPg
88,https://twitter.com/KangDaniel_7817/status/1358450460793860101,2021-02-07 16:20:03+00:00,"🛎 SG Danity - #KANGDANIEL #강다니엘 #PARANOIA COMEBACK FUNDRAISING PROJECT!❤️

For donation to @KDaniel_funds , please contact @btcp77 for paynow details instead of paypal to avoid taxes! 😉

@konnect_danielk 
#KangDaniel #강다니엘
#PARANOIA https://t.co/lwPnltJoop",1358450460793860101,KangDaniel_7817,[],,[],
89,https://twitter.com/KangDaniel_7817/status/1358449203085594625,2021-02-07 16:15:03+00:00,"🛎 SG Danity!!

#강다니엘 #KANGDANIEL #PARANOIA COMEBACK FUNDRAISING PROJECT!❤️

*Additional 💝:

S$50 -🎁 1
+ KD Mask

S$100 -🎁 1+2
+ Fanmade Bucket Hat

S$150 -🎁 1+2
+ Fanmade Bucket Hat
+ D&amp;D Necklace

❤️ SOLD OUT:
S$200 -🎁 1+2+3+4

@konnect_danielk
@storyblossom333 https://t.co/ZRsqi5fpjH https://t.co/uDMfK1s9Qq",1358449203085594625,KangDaniel_7817,['https://twitter.com/KangDaniel_7817/status/1358394649723871234'],https://twitter.com/KangDaniel_7817/status/1358394649723871234,['https://t.co/ZRsqi5fpjH'],https://t.co/ZRsqi5fpjH
90,https://twitter.com/KangDaniel_7817/status/1358420375269351429,2021-02-07 14:20:30+00:00,"My own donation proof!! 😉😉

@konnect_danielk 
#KangDaniel #강다니엘 
#PARANOIA https://t.co/ZM8DJy0r71",1358420375269351429,KangDaniel_7817,[],,[],
91,https://twitter.com/KangDaniel_7817/status/1358413134613016576,2021-02-07 13:51:44+00:00,"++ 
🛎🇸🇬🦖

#강다니엘 #KANGDANIEL #PARANOIA COMEBACK FUNDRAISING PROJECT!❤️

Donate:
S$50 -🎁 1
S$100 -🎁 1+2
S$150 -🎁 1+2+3
S$200 -🎁 1+2+3+4 [SOLD OUT!!]

❗️
•Refer KDaniel_fund tweet for guide!
•Reply w donation proof!
•FCFS!

@konnect_danielk
@storyblossom333 https://t.co/hHoA89Nvbp",1358413134613016576,KangDaniel_7817,[],,[],
92,https://twitter.com/KangDaniel_7817/status/1358412012049453058,2021-02-07 13:47:16+00:00,"🛎 SG Danity - Kang Daniel Paranoia Comeback Fundraising Project!

For donation to @KDaniel_funds , please contact @btcp77 for paynow details instead of paypal to avoid taxes! 😉

@konnect_danielk 
#KangDaniel #강다니엘
#PARANOIA https://t.co/PjWvxHNlMe",1358412012049453058,KangDaniel_7817,[],,[],
93,https://twitter.com/KangDaniel_7817/status/1358395134258208769,2021-02-07 12:40:12+00:00,"++ 
🛎🇸🇬🦖

#강다니엘 #KANGDANIEL #PARANOIA COMEBACK FUNDRAISING PROJECT!❤️

Donate:
S$50 -🎁 1
S$100 -🎁 1+2
S$150 -🎁 1+2+3
S$200 -🎁 1+2+3+4

❗️
•Refer KDaniel_fund tweet for guide!
•Reply w donation proof!
•FCFS!

@konnect_danielk
@storyblossom333

https://t.co/7xYq5KK36q https://t.co/07amj38g7h",1358395134258208769,KangDaniel_7817,['https://twitter.com/kdaniel_funds/status/1356812122223595520?s=21'],https://twitter.com/kdaniel_funds/status/1356812122223595520?s=21,['https://t.co/7xYq5KK36q'],https://t.co/7xYq5KK36q
94,https://twitter.com/KangDaniel_7817/status/1358394649723871234,2021-02-07 12:38:16+00:00,"🛎 Calling SG 🇸🇬 DANITY!

#강다니엘 #KANGDANIEL #PARANOIA COMEBACK FUNDRAISING PROJECT!❤️

Donate Now to get Limited Exclusive 🎁 for FREE!

🎁 
#1 Cafe de Konnect Ice Cup
#2 Cafe de Konnect Hot Cup
#3 CD Clock + Mernel Mask
#4 KD Bucket Hat

@konnect_danielk
@storyblossom333

++ https://t.co/f6QSIhal6s https://t.co/aDwnIlGZS1",1358394649723871234,KangDaniel_7817,['https://twitter.com/storyblossom333/status/1347040415082401794'],https://twitter.com/storyblossom333/status/1347040415082401794,['https://t.co/f6QSIhal6s'],https://t.co/f6QSIhal6s
95,https://twitter.com/KangDaniel_7817/status/1357165443987828741,2021-02-04 03:13:51+00:00,"PARANOIA - KANG DANIEL 
[2021.02.16] 

😘😘😘😘❤️❤️❤️❤️

@konnect_danielk 
#KangDaniel #강다니엘 https://t.co/67eSBfWhWZ https://t.co/kxqv73NBrA",1357165443987828741,KangDaniel_7817,['https://twitter.com/KangDaniel_7817/status/1357160702205562881'],https://twitter.com/KangDaniel_7817/status/1357160702205562881,['https://t.co/67eSBfWhWZ'],https://t.co/67eSBfWhWZ
96,https://twitter.com/mfosgp/status/1346464040214614018,2021-01-05 14:30:17+00:00,@Darrengee20 @liam_P13 Don’t defend if you’re not being attacked. Meditate. The cure for paranoia. Quit the poor me / self victimization mindset. Your message of CALNAK is becoming incoherent. Quit the weed too.,1346464040214614018,mfosgp,[],,[],
97,https://twitter.com/paraparazi/status/1345099804997804034,2021-01-01 20:09:18+00:00,"Fitnah Dajal have asked thou to caused more chaos , panic when thou are not even a rich people .
Thou have been deceived and was unable to speak up because of paranoia .
It is a waste of time when thou are not even rich",1345099804997804034,paraparazi,[],,[],
