,url,date,content,id,username,outlinks,outlinksss,tcooutlinks,tcooutlinksss
0,https://twitter.com/DylanLohNikkei/status/1412846246717378560,2021-07-07 18:49:29+00:00,"#WorkFromHome gives flexibility for some, pressure for others as workers in #Singapore and elsewhere in Asia report toll on well-being. READ: https://t.co/4G8dTEdBYM https://t.co/miQctUIrmt",1412846246717378560,DylanLohNikkei,['https://asia.nikkei.com/Spotlight/Coronavirus/Singapore-s-stressed-workers-highlight-COVID-mental-health-strain2'],https://asia.nikkei.com/Spotlight/Coronavirus/Singapore-s-stressed-workers-highlight-COVID-mental-health-strain2,['https://t.co/4G8dTEdBYM'],https://t.co/4G8dTEdBYM
1,https://twitter.com/nrlsyirahfaisal/status/1412801918988996614,2021-07-07 15:53:20+00:00,i believe that international/global companies really prioritise rest and well-being of their EEs. its a rule that we cant reply emails after office hours to respect rest time (at least for the big4 i worked in). cant say the same for local companies 😂 https://t.co/RvJhQOzyQU,1412801918988996614,nrlsyirahfaisal,['https://twitter.com/adibhazlami/status/1412600743534596097'],https://twitter.com/adibhazlami/status/1412600743534596097,['https://t.co/RvJhQOzyQU'],https://t.co/RvJhQOzyQU
2,https://twitter.com/cnbcipr/status/1412799316578607105,2021-07-07 15:43:00+00:00,"Analysing the future of the workplace and wellbeing of employees, CEO of @Capgemini, @aiman_ezzat speaks to @cnbcKaren and @GeoffCutmore on @SquawkBoxEurope 

https://t.co/6m1LOZJXR7",1412799316578607105,cnbcipr,['https://www.cnbc.com/video/2021/07/07/without-hybrid-work-model-companies-will-lose-existing-talent-pool-capgemini-says.html'],https://www.cnbc.com/video/2021/07/07/without-hybrid-work-model-companies-will-lose-existing-talent-pool-capgemini-says.html,['https://t.co/6m1LOZJXR7'],https://t.co/6m1LOZJXR7
3,https://twitter.com/AnasofeaRidzwan/status/1412722901015425024,2021-07-07 10:39:21+00:00,"Darwisy is a very positive person. After taking a swab test, this is the first time im praying that he is negative. Today @DarwisyRoslan97 presented a very importany proposal for the well-being of students esp financially during semester break, and HE DID IT, its a wrap😭",1412722901015425024,AnasofeaRidzwan,[],,[],
4,https://twitter.com/Group_Executive/status/1412702097749938188,2021-07-07 09:16:41+00:00,"Thrilled to announce that seafarers onboard Executive Offshore vessels were successfully vaccinated.

https://t.co/Iz5AoBTQ0l

The safety and wellbeing of crew remains our top priority!

#ExecutiveOffshore #ServiceAboveAll https://t.co/EB4rmVKYCK",1412702097749938188,Group_Executive,['https://www.facebook.com/Executiveoffshore/photos/a.122688639881284/173291351487679/'],https://www.facebook.com/Executiveoffshore/photos/a.122688639881284/173291351487679/,['https://t.co/Iz5AoBTQ0l'],https://t.co/Iz5AoBTQ0l
5,https://twitter.com/huanglin/status/1412665947819634693,2021-07-07 06:53:02+00:00,@andyl1m there's hidden economic value in social wellbeing for sure,1412665947819634693,huanglin,[],,[],
6,https://twitter.com/threeparthuman/status/1412641566355726340,2021-07-07 05:16:09+00:00,"Everything great starts with a vision. 
Promise me that you will never lose your ability to dream.
#lifecoach #health #mentalhealth #wellness #peace #body #fit #fitness #physique #wellbeing #spirit #spirituality #spiritual #inspirational #motivational #heal #exercise #lifebalance",1412641566355726340,threeparthuman,[],,[],
7,https://twitter.com/projagg/status/1412623635542589441,2021-07-07 04:04:54+00:00,Projagg is currently working on projects dedicated to restoring some of the once beautiful shores that have been polluted over the years. Promoting environmental wellbeing while achieving your financial goals is what we are all about. #projagg #APAC https://t.co/aJsLlD2mQM,1412623635542589441,projagg,[],,[],
8,https://twitter.com/HRinAsia/status/1412621239911395331,2021-07-07 03:55:23+00:00,"As non-essential businesses are asked to allow staff to work from home, many are unprepared to shift to the new work arrangement. This leads to lower engagement and poorer mental wellbeing. Read here: https://t.co/W1wwznzCj4
#wellbeing #retention #WFH #resilience #HRinAsia",1412621239911395331,HRinAsia,['https://bit.ly/36ktykl'],https://bit.ly/36ktykl,['https://t.co/W1wwznzCj4'],https://t.co/W1wwznzCj4
9,https://twitter.com/TODAYonline/status/1412613649579995138,2021-07-07 03:25:13+00:00,"“The lower the vaccine coverage in the elderly, the more cautious will be our reopening, and the longer we’ll have to live with the damage to livelihoods and well-being caused by the control measures in place,” said infectious diseases expert Alex Cook. https://t.co/xAMSXFlXxq https://t.co/bhBPmlb3zi",1412613649579995138,TODAYonline,['https://tdy.sg/3yf3tiK'],https://tdy.sg/3yf3tiK,['https://t.co/xAMSXFlXxq'],https://t.co/xAMSXFlXxq
10,https://twitter.com/sehof/status/1412606319861792769,2021-07-07 02:56:06+00:00,"Xi Focus: Xi urges world political parties to shoulder responsibility for pursuit of people’s wellbeing, progress of mankind – Xinhua:
‘The CPC is willing to contribute more Chinese solutions and Chinese strength to the poverty reduction process worldwide’ https://t.co/JQxjZPXefB",1412606319861792769,sehof,['http://www.xinhuanet.com/english/2021-07/07/c_1310046497.htm'],http://www.xinhuanet.com/english/2021-07/07/c_1310046497.htm,['https://t.co/JQxjZPXefB'],https://t.co/JQxjZPXefB
11,https://twitter.com/Cocoveda/status/1412586912322228225,2021-07-07 01:38:59+00:00,"Hi, you.
Things can get hard so we hope you can get through this week! Here are some #selfcare ideas you can do and remember: it’s okay to take a break

#cocoveda #mentalhealth #wednesdaywisdom #wellbeing #mentalhealthmatters #covid #covid19 #depression #isolation #anxiety #love https://t.co/7qg5yPeTM9",1412586912322228225,Cocoveda,[],,[],
12,https://twitter.com/vinccinicole/status/1412567191468183555,2021-07-07 00:20:37+00:00,"Employees have 13% higher #productivity when they have a positive experience at work. Here’s a good read on how a smart ""hybrid"" #FutureOfWork can help employees improve #MentalHealth and #wellbeing, and their social identity and network. https://t.co/Z9Ly9GsPkm https://t.co/3xnQmFn83R",1412567191468183555,vinccinicole,['https://bit.ly/3dOyx19'],https://bit.ly/3dOyx19,['https://t.co/Z9Ly9GsPkm'],https://t.co/Z9Ly9GsPkm
13,https://twitter.com/chargrysolle/status/1412511295031623683,2021-07-06 20:38:30+00:00,"🥷  The Zorro Circle

Feeling that we're in control is one of the strongest drivers of well-being and performance.

When feeling overwhelmed, it is helpful to focus on small manageable goals to regain the sense of focus and achievement, and gradually expanding to bigger tasks.",1412511295031623683,chargrysolle,[],,[],
14,https://twitter.com/PeterAKnipp/status/1412506946062622721,2021-07-06 20:21:13+00:00,"@KatyJayne101 You need to enjoy the simple pleasures ! It’s important for our mental well-being! I am the same, waiting &amp; watching the stone slap installed on top of my wine chillers , I feel like a kid in the candy store! 🤣🤣🙏🏻",1412506946062622721,PeterAKnipp,[],,[],
15,https://twitter.com/JamieLeeBT/status/1412472650627047426,2021-07-06 18:04:57+00:00,Human beings are not passive victims of change but active stewards of our own well-being.  https://t.co/bhxXyTDTKZ,1412472650627047426,JamieLeeBT,['https://www.theatlantic.com/ideas/archive/2021/07/covid-19-did-not-affect-mental-health-way-you-think/619354/?utm_source=twitter&utm_medium=social&utm_campaign=share'],https://www.theatlantic.com/ideas/archive/2021/07/covid-19-did-not-affect-mental-health-way-you-think/619354/?utm_source=twitter&utm_medium=social&utm_campaign=share,['https://t.co/bhxXyTDTKZ'],https://t.co/bhxXyTDTKZ
16,https://twitter.com/cynan_h/status/1412401693292118019,2021-07-06 13:22:59+00:00,@SDaveyT @mvankerkhove @TheSecretSarah @WHO @DrTedros @DrMikeRyan @WHOEMRO @WHO_Europe @WHOWPRO @WHOAFRO @WHOSEARO @pahowho @gabbystern @doctorsoumya You're absolutely right. We must have perspective. And a 5%+ increase in global all-cause mortality from a disease that didn't exist in 2018 is a massive additional new burden on human health and wellbeing. Thanks for encouraging that reflection.,1412401693292118019,cynan_h,[],,[],
17,https://twitter.com/ThisIsZF/status/1412386492094111747,2021-07-06 12:22:35+00:00,It’s fucking sad when you don't give two shits about your jobs when it concerns the well-being and actual lives of other people.,1412386492094111747,ThisIsZF,[],,[],
18,https://twitter.com/archilinearism/status/1412379704393232389,2021-07-06 11:55:36+00:00,@CNNIndonesia Essential for the wellbeing of nenekmu,1412379704393232389,archilinearism,[],,[],
19,https://twitter.com/SilverRibbonSG/status/1412350206503391240,2021-07-06 09:58:24+00:00,"In commemoration of Community Sports Club’s 45th Anniversary, PA Youth &amp; Sports Division has partnered with Silver Ribbon (Singapore) to produce videos that show the importance of mental wellness and how sports can improve our mental wellbeing.

#MentalHealth #CommunitySportsClub https://t.co/tHcsDxHsB9",1412350206503391240,SilverRibbonSG,[],,[],
20,https://twitter.com/nksznlekitlane/status/1412344768559001603,2021-07-06 09:36:47+00:00,@nqobilem__ if he had dinner or not last night. I care about my man's well-being.🥺,1412344768559001603,nksznlekitlane,[],,[],
21,https://twitter.com/SGinsightful/status/1412320779799252993,2021-07-06 08:01:28+00:00,4 Eating Habits That Might Mess With Mental Well-Being + What To Do https://t.co/fdP1KI7fQd,1412320779799252993,SGinsightful,['https://app.quuu.co/r/j5zky'],https://app.quuu.co/r/j5zky,['https://t.co/fdP1KI7fQd'],https://t.co/fdP1KI7fQd
22,https://twitter.com/PANDA_SPHSG/status/1412310353606754307,2021-07-06 07:20:02+00:00,"People who use parks more &amp; are more active in them feel a greater sense of wellbeing, as evidenced by higher scores on a nine-domain wellbeing instrument. PANDA team's world-first study explores these relationships in depth by @NickPetrunoff 
https://t.co/oK6avL1xLq",1412310353606754307,PANDA_SPHSG,['https://ijbnpa.biomedcentral.com/articles/10.1186/s12966-021-01147-2#Ack1'],https://ijbnpa.biomedcentral.com/articles/10.1186/s12966-021-01147-2#Ack1,['https://t.co/oK6avL1xLq'],https://t.co/oK6avL1xLq
23,https://twitter.com/xinghui_kok/status/1412277646734499844,2021-07-06 05:10:04+00:00,"That CECA led to the ""unfettered flow"" of Indian professionals, displacing Singaporeans from jobs, bringing abt social ills was ""a seductively simplistic argument"". ""It is sad, tt serious issues concerning the economic well-being of our country and workers, hv descended to this.""",1412277646734499844,xinghui_kok,[],,[],
24,https://twitter.com/Chinesepop/status/1412277378886209537,2021-07-06 05:09:00+00:00,Measures in place to ensure well-being of Team Singapore at Tokyo 2020 Olympics: Edwin Tong - The Online Citizen Asia https://t.co/JGilBnr8O7,1412277378886209537,Chinesepop,['https://www.theonlinecitizen.com/2021/07/06/measures-in-place-to-ensure-well-being-of-team-singapore-at-tokyo-2020-olympics-edwin-tong/'],https://www.theonlinecitizen.com/2021/07/06/measures-in-place-to-ensure-well-being-of-team-singapore-at-tokyo-2020-olympics-edwin-tong/,['https://t.co/JGilBnr8O7'],https://t.co/JGilBnr8O7
25,https://twitter.com/SynergyGroup06/status/1412274978314096640,2021-07-06 04:59:28+00:00,"#SeafarersAreKeyWorkers but their treatment during the pandemic, be it their wellbeing #vaccination or✈️, has depended on individual #governments &amp; the many maritime regulators' @Capt_Unni to @FT as he urged @EUCouncil to take a firmer lead in 💉seafarers
https://t.co/BU2oP5x7TQ",1412274978314096640,SynergyGroup06,['https://www.ft.com/content/d5953bb9-67ac-4d33-bc51-09f55c72ab71'],https://www.ft.com/content/d5953bb9-67ac-4d33-bc51-09f55c72ab71,['https://t.co/BU2oP5x7TQ'],https://t.co/BU2oP5x7TQ
26,https://twitter.com/tocsg/status/1412254345639469063,2021-07-06 03:37:29+00:00,Measures in place to ensure well-being of Team Singapore at Tokyo 2020 Olympics: Edwin Tong https://t.co/INWXghsSlT,1412254345639469063,tocsg,['https://www.theonlinecitizen.com/2021/07/06/measures-in-place-to-ensure-well-being-of-team-singapore-at-tokyo-2020-olympics-edwin-tong/'],https://www.theonlinecitizen.com/2021/07/06/measures-in-place-to-ensure-well-being-of-team-singapore-at-tokyo-2020-olympics-edwin-tong/,['https://t.co/INWXghsSlT'],https://t.co/INWXghsSlT
27,https://twitter.com/LewisGarrad/status/1412246196555436034,2021-07-06 03:05:06+00:00,#Leadership should reconsider how they foster #MentalHealth support within their organizations. @MarcelSchwantes shares strategies some #leaders use to support the #wellbeing of their workforce in @businessinsider. #health https://t.co/OLZ5b4YQb5 https://t.co/ikEQntZeYe,1412246196555436034,LewisGarrad,['https://bit.ly/3AyG5yP'],https://bit.ly/3AyG5yP,['https://t.co/OLZ5b4YQb5'],https://t.co/OLZ5b4YQb5
28,https://twitter.com/zi_official_sg/status/1412214720149393419,2021-07-06 01:00:01+00:00,"An efficient home in the threat of disease doesn’t have to be clinical. The importance of being surrounded by objects, furnishings, finishes and materials that have personal meaning brings its own boosts to wellbeing. 

Get useful tips here, share https://t.co/DO9ArzMOvv",1412214720149393419,zi_official_sg,['https://zi.com.sg/articles_list/the-new-future-life-post-pandemic-where-form-will-follow-infection/'],https://zi.com.sg/articles_list/the-new-future-life-post-pandemic-where-form-will-follow-infection/,['https://t.co/DO9ArzMOvv'],https://t.co/DO9ArzMOvv
29,https://twitter.com/barbaralinalei/status/1412033983446077446,2021-07-05 13:01:50+00:00,"Just received this from People's Association 🤩

* internal screaming *

[ excited ]  

#aromatherapy #selfcare  #selfhelp #holistic #health #wellness #wellbeing #healthcare https://t.co/mEC3uXjE4T",1412033983446077446,barbaralinalei,[],,[],
30,https://twitter.com/DEcomics_Sg/status/1412033663529848832,2021-07-05 13:00:34+00:00,"Comic #4: Therapeutic Garden @ Tiong Bahru Park

How does a community garden improve the well-being of the elderly?

Read Comic #4 in full online or download it for free here: https://t.co/72XAJp42b0

#superheroahma #AmazingAshAndSuperheroAhMa https://t.co/TnAKWi0AO7",1412033663529848832,DEcomics_Sg,['https://superheroahma.differenceengine.sg'],https://superheroahma.differenceengine.sg,['https://t.co/72XAJp42b0'],https://t.co/72XAJp42b0
31,https://twitter.com/JaiThampi/status/1412003377714806785,2021-07-05 11:00:13+00:00,90% of people living in Europe’s cities are exposed to harmful air pollutants. Urban enviornments must become cleaner and greener for the wellbeing of people and the planet. Great to see 54 cities join the #GreenCityAccord - find out more via @eu_mayor: https://t.co/xHqQWTRZUW https://t.co/gT1zh5Fu7h,1412003377714806785,JaiThampi,['https://bit.ly/360nOw8'],https://bit.ly/360nOw8,['https://t.co/xHqQWTRZUW'],https://t.co/xHqQWTRZUW
32,https://twitter.com/sumogarufrendo/status/1411943706576384001,2021-07-05 07:03:06+00:00,This is a pretty significant move IMO?? They got out the wheelchair (NOT stretcher) n allowed him to pull out even though he was physically there. Shows that they’re taking  casualty more seriously n are showing more concern for the health n well-being of rikishi!!! Big win!!,1411943706576384001,sumogarufrendo,[],,[],
33,https://twitter.com/DumDiesel/status/1411800770941493248,2021-07-04 21:35:08+00:00,"Good people: we are a strong and smart people!

...

Let us use that strength and intellect to remain and forge forward without risking our well-being during these COVID_19 trying times 

...

Take it from me as a COVID_19 Survivor: this shit is real!

... https://t.co/sbSnVB8p46",1411800770941493248,DumDiesel,[],,[],
34,https://twitter.com/turbulentsirens/status/1411798498530369538,2021-07-04 21:26:06+00:00,@hollypepper86 I relate to you H! It feels terrible :( I try to remind myself that my mental wellbeing comes first but I naturally take on people's problems too 🤦🏻‍♀️ I'd think selfishness if okay once you start to realise you're feeling a little stretched and tired. Sending love and support and +,1411798498530369538,turbulentsirens,[],,[],
35,https://twitter.com/MunnimSaeed/status/1411737472803823622,2021-07-04 17:23:36+00:00,"@leelamad The many reasons why we need a Minister of Happiness &amp; Wellbeing.
@ibusolih",1411737472803823622,MunnimSaeed,[],,[],
36,https://twitter.com/harishpillay/status/1411704838069522433,2021-07-04 15:13:56+00:00,"https://t.co/xL3fHNe1vy Seven questions for the next parliamentary sitting. It is all about Singapore and the long term well-being of Singaporeans. Information transparency is crucial. And, yes, it is time for a FOIA for Singapore.  cc @ProgressSgParty",1411704838069522433,harishpillay,['https://psp.org.sg/leong-mun-wai-hazel-poa-take-on-pap-regarding-jobs-employment-in-singapore/'],https://psp.org.sg/leong-mun-wai-hazel-poa-take-on-pap-regarding-jobs-employment-in-singapore/,['https://t.co/xL3fHNe1vy'],https://t.co/xL3fHNe1vy
37,https://twitter.com/hurtfulknife/status/1411692849389719555,2021-07-04 14:26:17+00:00,im gonna kms im so tired i hate it here... i kept having rants in my own head in three languages !:&amp;;$:$: they always keep making me do shit like damn apparently my (knees’) wellbeing isnt as important as sales or customers,1411692849389719555,hurtfulknife,[],,[],
38,https://twitter.com/MMSPJOHOR/status/1411519919884148739,2021-07-04 02:59:08+00:00,"💪A true leader is not the one who just simply orders &amp; expect everything to work well.A true leader is the one that treats his employees as human beings and cares about their wellbeing.
Thts's why ur a greatpresident&amp;
leader for all of us.MMSPJ wishing Happy Birthday Datuk'Seri https://t.co/1X8S21UGgC",1411519919884148739,MMSPJOHOR,[],,[],
39,https://twitter.com/chandrakumar/status/1411516721588936709,2021-07-04 02:46:25+00:00,"Toxic positivity : be forewarned. Fear , anger, sadness are natural emotions and should be embraced as part of life. #health #wellness #mentalhealth #wellbeing #selfcare https://t.co/UwccqymtF5",1411516721588936709,chandrakumar,['https://lnkd.in/gERnUWE'],https://lnkd.in/gERnUWE,['https://t.co/UwccqymtF5'],https://t.co/UwccqymtF5
40,https://twitter.com/AnasofeaRidzwan/status/1411338052442628097,2021-07-03 14:56:27+00:00,Now or freaking never. How horrible prolonged online learning is. How side-income cannot be earned during lockdown. How mental-wellbeing are so on the edge.,1411338052442628097,AnasofeaRidzwan,[],,[],
41,https://twitter.com/ichartreuse2021/status/1411306492649611274,2021-07-03 12:51:03+00:00,"@BCG to the galaxy of benefit from digital participation but to-date, there are no laws to prevent participatory bias. It is likely, Courts of law are losing relevance to the digital economy and we may need to make way for an ethics committee as part of wellbeing in the digital era.",1411306492649611274,ichartreuse2021,[],,[],
42,https://twitter.com/iampervinder/status/1411124853558575107,2021-07-03 00:49:17+00:00,"Kenapa kita mengganggap Covid ini sesuatu yang dicipta? Kerajaan ada kekurangan. Tapi kita sebagai rakyat pun ada kekurangan juga. Kita kena jaga diri kita dan keluarga kita. Jangan harapkan semua dari kerajaan. We have to work for our own family well being. 

-cont-",1411124853558575107,iampervinder,[],,[],
43,https://twitter.com/Hartonope/status/1411000369233096706,2021-07-02 16:34:37+00:00,"Why do you insist on giving lettered grade in AY20/21 Sem 1 when many exam based modules were suddenly replaced with multiple coursework DURING A PANDEMIC just to ensure ""academic rigour""?

Does academic rigour matters more than student wellbeing?",1411000369233096706,Hartonope,[],,[],
44,https://twitter.com/MetjahLeague/status/1410996523962359809,2021-07-02 16:19:21+00:00,i’m glad sithelo chose peace and well-being of baby.,1410996523962359809,MetjahLeague,[],,[],
45,https://twitter.com/sssplendid/status/1410919975280201728,2021-07-02 11:15:10+00:00,"Take care of your spine kids. If there was one thing I could have done better when I was younger, it would be to take care of my my posture. Keeping yourself tense is a sure way weigh down on your daily wellbeing.",1410919975280201728,sssplendid,[],,[],
46,https://twitter.com/ForesightFact/status/1410898712629596162,2021-07-02 09:50:40+00:00,Working well or simply working like hell? The future of work is hybrid and remote. Yet balance is critical as the lens shifts to wellbeing and retention of talent. Our response to the latest trend to shape the professional world here: https://t.co/1KNe0RjIkx  @Eposaudio,1410898712629596162,ForesightFact,['https://soamp.li/fXQI'],https://soamp.li/fXQI,['https://t.co/1KNe0RjIkx'],https://t.co/1KNe0RjIkx
47,https://twitter.com/sgpdsymposium/status/1410891503048617995,2021-07-02 09:22:02+00:00,"@ASTARsg is Singapore's lead public sector R&amp;D agency, driving use-inspired basic research, spearheading economic growth &amp; advancing social well-being through scientific discovery, technological innovation and talent development.",1410891503048617995,sgpdsymposium,[],,[],
48,https://twitter.com/GE_Federation/status/1410885959797776385,2021-07-02 09:00:00+00:00,"One step toward well-being, one giant leap for performance.

Read 👉🏼: https://t.co/NyMYn9GBIz

#worldconnected #esports #mentalwellbeing #mentalhealth @MisfitsGG",1410885959797776385,GE_Federation,['http://forbes.com/sites/mikestubbs/2021/06/09/why-esports-team-misfits-is-prioritizing-mental-health-for-players-and-staff/?sh=7e0024e458e4'],http://forbes.com/sites/mikestubbs/2021/06/09/why-esports-team-misfits-is-prioritizing-mental-health-for-players-and-staff/?sh=7e0024e458e4,['https://t.co/NyMYn9GBIz'],https://t.co/NyMYn9GBIz
49,https://twitter.com/stapeslr/status/1410877139998494720,2021-07-02 08:24:57+00:00,"What an absolute pleasure being a part of #EEConQuest Well-being Workout with @mindfulmissg @naomi_toland #Empathetic_Educators 

“It’s ok to be yourself “
“It’s ok to feel all your feelings “ 

https://t.co/W827o0OIVi",1410877139998494720,stapeslr,['https://youtu.be/f84sBIFpZvo'],https://youtu.be/f84sBIFpZvo,['https://t.co/W827o0OIVi'],https://t.co/W827o0OIVi
50,https://twitter.com/stapeslr/status/1410867440339210240,2021-07-02 07:46:25+00:00,So so grateful to be a part of #EEConQuest well being workout!!! https://t.co/n8jWgYwrc8,1410867440339210240,stapeslr,['https://twitter.com/naomi_toland/status/1410849234258042887'],https://twitter.com/naomi_toland/status/1410849234258042887,['https://t.co/n8jWgYwrc8'],https://t.co/n8jWgYwrc8
51,https://twitter.com/NayeonSEvrythng/status/1410867417698377730,2021-07-02 07:46:19+00:00,"@OVTE5 @JYPETWICE well being

We vote @JYPETWICE for #PremiosMTVMIAW #MTVLAKPOPTWICE",1410867417698377730,NayeonSEvrythng,[],,[],
52,https://twitter.com/danibogo/status/1410816773478256641,2021-07-02 04:25:05+00:00,"Pinterest's head of policy, Sarah Bromma, said in an interview that the rule change prioritized Pinterest users' ""emotional and mental health and wellbeing, especially those directly impacted by eating disorders or diet culture or body shaming."" 

👏👏👏👏👏👏👏👏👏👏👏 https://t.co/jjZNisD7K2",1410816773478256641,danibogo,['https://twitter.com/eculliford/status/1410637361030041600'],https://twitter.com/eculliford/status/1410637361030041600,['https://t.co/jjZNisD7K2'],https://t.co/jjZNisD7K2
53,https://twitter.com/AdeccoSingapore/status/1410810474531377152,2021-07-02 04:00:03+00:00,"WFH has allowed many of us more time without the commute to school or work. But.. people tend to use this time to work longer! We think it's time to power down the end of a work day with a Feierabend since your wellbeing matters! 
#AdeccoSG #CareersCorner #Feierabend #selfcare https://t.co/FOn6ff0ggU",1410810474531377152,AdeccoSingapore,[],,[],
54,https://twitter.com/wayne_twt/status/1410803351457996807,2021-07-02 03:31:45+00:00,"$3.2k is laughably miniscule compared to a CoE to get a damn car. plus the obvious pros like:
- no 2h travel times everyday (i stay in pasir ris)
- relatively cheaper food options
- easier to socialise making it better for mental wellbeing.",1410803351457996807,wayne_twt,[],,[],
55,https://twitter.com/GKLifeMastery/status/1410782748277542912,2021-07-02 02:09:52+00:00,"Making the right choices for health &amp; well-being can be challenging. Although we know what is good for us &amp; how we can do, and be, better, we may not act on it, or if we do, we may, slide back to old &amp; familiar ways. 
Learn about my work with Wellness: 
https://t.co/1jpbMwUJfa https://t.co/El320yXAF6",1410782748277542912,GKLifeMastery,['http://www.grahamkean.co.uk/life-coaching-singapore/wellness-coaching'],http://www.grahamkean.co.uk/life-coaching-singapore/wellness-coaching,['https://t.co/1jpbMwUJfa'],https://t.co/1jpbMwUJfa
56,https://twitter.com/theMindNation/status/1410776980329439238,2021-07-02 01:46:57+00:00,"Welcome to Mind U, a collection of FREE audio and printable resources and exercises that you can do at your own time to improve your well-being. Click https://t.co/gdqTq7H6tA now!

#MindNation #MindU #PursueYourPassion #EaseTheAnxiety #Productivity #BetterMindBetterYou https://t.co/uzsQ5YpT3K",1410776980329439238,theMindNation,['https://themindnation.com/mindu'],https://themindnation.com/mindu,['https://t.co/gdqTq7H6tA'],https://t.co/gdqTq7H6tA
57,https://twitter.com/IgaveinB/status/1410763429204303873,2021-07-02 00:53:06+00:00,Asians gatekeeping fellow asians grinds my gears..like COME ON u want to be tat ahole relative tat’s constantly on about ‘our culture’ with no real interest in ur well being &amp; only as long as suits their narrative? Pls step back and look at urself. Get with the programme.,1410763429204303873,IgaveinB,[],,[],
58,https://twitter.com/G_Owen_Schaefer/status/1410654587057369091,2021-07-01 17:40:36+00:00,"The Framework is a synthesis of key values at play in decision-making related to COVID-19 diagnostics, therapeutics and vaccines. Covers 4 substantive values (well-being, respect, fairness, solidarity) &amp; 3 governance values (transparency, participation, accountability). 2/5",1410654587057369091,G_Owen_Schaefer,[],,[],
59,https://twitter.com/MewJus/status/1410627576364560389,2021-07-01 15:53:17+00:00,"Mew mew as much as i like yr interaction here, do rest early although i really miss seeing u on live but yr well being comes first. 
#SF7MBeLoved @msuppasit #MewSuppasit #มิวศุภศิษฏ์ #mewlions https://t.co/81G8d6wjMq",1410627576364560389,MewJus,['https://twitter.com/Msuppasitstudio/status/1410627079268311040'],https://twitter.com/Msuppasitstudio/status/1410627079268311040,['https://t.co/81G8d6wjMq'],https://t.co/81G8d6wjMq
60,https://twitter.com/MotlhabaneSir/status/1410619475142053888,2021-07-01 15:21:05+00:00,"Nkandla is so popular right now I'd recommend that it turns from a rural homeland to a city of nkandla where civilization seeks to destroy our indigenous wellbeing. Let's learn how to appreciate our Africanasity, our pride and wealth. Riches are hidden in our indigenous State. https://t.co/Ny0BXwIVah",1410619475142053888,MotlhabaneSir,[],,[],
61,https://twitter.com/Docquity/status/1410614170848952341,2021-07-01 15:00:00+00:00,"This is a reminder for you to ensure that you maintained a healthy #selfcare Routine for yourself. Self-care is not a choice but an essential step towards #wellbeing.

Have you done your self-care bit today?

#docquity #doctors #healthcare #healthcareheroes https://t.co/g4TZwdnrOi",1410614170848952341,Docquity,[],,[],
62,https://twitter.com/Figlegend/status/1410573313445748747,2021-07-01 12:17:39+00:00,"Both excited and nervous to be starting my new role as Vice Dean (Student Life and Alumni Relations) today. Hope to make some real impact towards well-being and success of undergraduates! 
#irrelevant but #notimpactfactor 😉",1410573313445748747,Figlegend,[],,[],
63,https://twitter.com/kasou80/status/1410568244142886913,2021-07-01 11:57:31+00:00,@lupcheong Great to know. Definitely a great form of physical activity that is also beneficial to mental health and well-being. I was just trying to be funny btw. Peace. 🤞,1410568244142886913,kasou80,[],,[],
64,https://twitter.com/hurtfulknife/status/1410556246818656265,2021-07-01 11:09:50+00:00,it’s bc they’re scared to take responsibility for the girls’ wellbeing https://t.co/KsvjV4JYkh,1410556246818656265,hurtfulknife,['https://twitter.com/leaderyiyeon/status/1410556118087184387'],https://twitter.com/leaderyiyeon/status/1410556118087184387,['https://t.co/KsvjV4JYkh'],https://t.co/KsvjV4JYkh
65,https://twitter.com/youthsg/status/1410520333937905665,2021-07-01 08:47:08+00:00,"With filters becoming a replacement for makeup, we should be mindful of the effects it can have on our mental well-being. 
https://t.co/X8xDyKmCNw",1410520333937905665,youthsg,['https://bit.ly/3dzlxfx'],https://bit.ly/3dzlxfx,['https://t.co/X8xDyKmCNw'],https://t.co/X8xDyKmCNw
66,https://twitter.com/SuriaIntl/status/1410471529821790210,2021-07-01 05:33:12+00:00,"On this day, we salute the real saviors of our lives and say 'Thanks' for ensuring our well-being. Suria family wishes all healthcare professionals a Happy Doctor's Day! #DoctorsDay #DoctorsDay2021
#NationalDoctorsDay2021 #HappyDoctorsDay https://t.co/hVZ8ljZuho",1410471529821790210,SuriaIntl,[],,[],
67,https://twitter.com/cosh2310/status/1410449398874755073,2021-07-01 04:05:16+00:00,Global report shows student and staff wellbeing concerns are on the rise Students indicate that communications and support resources powered by technology are desired solutions  https://t.co/Tm7FkQrMgZ https://t.co/aJomJ83l1I,1410449398874755073,cosh2310,"['https://www.salesforce.com/news/stories/new-research-wellbeing-crisis/', 'https://salesforce.smh.re/XYI']",https://www.salesforce.com/news/stories/new-research-wellbeing-crisis/ https://salesforce.smh.re/XYI,"['https://t.co/Tm7FkQrMgZ', 'https://t.co/aJomJ83l1I']",https://t.co/Tm7FkQrMgZ https://t.co/aJomJ83l1I
68,https://twitter.com/DrJamesCMorgan/status/1410447901751271426,2021-07-01 03:59:19+00:00,@AlexWodak Well being?,1410447901751271426,DrJamesCMorgan,[],,[],
69,https://twitter.com/kwaniefung/status/1410432616004685830,2021-07-01 02:58:34+00:00,"Planted a Diospyros buxifolia to commemorate 10 yrs of community partnership for the Rail Corridor! We nd to plant more trees, restore &amp; protect our forests for wildlife, our well-being &amp; the environment 🌳🌳🌳 Look fwd to cont. engagement w @nparksbuzz &amp; @URAsg . @nustoddycats https://t.co/qda5ByUr1L",1410432616004685830,kwaniefung,[],,[],
70,https://twitter.com/ExpatChoice/status/1410428296903368708,2021-07-01 02:41:25+00:00,"Is it time to consider a Fast and Cleanse? - Dry July can take your health and gut to a whole new level with You!Healing #healthy #wellness #healthylifestyle #nutrition #wellbeing 
https://t.co/puqaGoWVBU",1410428296903368708,ExpatChoice,['http://www.expatchoice.asia/health/why-you-should-consider-one-week-fast-and-cleanse-youhealing'],http://www.expatchoice.asia/health/why-you-should-consider-one-week-fast-and-cleanse-youhealing,['https://t.co/puqaGoWVBU'],https://t.co/puqaGoWVBU
71,https://twitter.com/LeonieNagarajan/status/1410393977551917064,2021-07-01 00:25:02+00:00,"Support #Youth during their #WorkFromHome experience.❤️🏠
Looking for trainers to co-design &amp; conduct brief workshops for young people.

More info: https://t.co/ENJXrSdI2Z
Deadline: 7 July 2021

#MentalHealth #WFH #Wellbeing #ASEFYLS4 https://t.co/PkyjcpEGez",1410393977551917064,LeonieNagarajan,"['https://bit.ly/3cnEfGh', 'https://twitter.com/asefedu/status/1410191714128732167']",https://bit.ly/3cnEfGh https://twitter.com/asefedu/status/1410191714128732167,"['https://t.co/ENJXrSdI2Z', 'https://t.co/PkyjcpEGez']",https://t.co/ENJXrSdI2Z https://t.co/PkyjcpEGez
72,https://twitter.com/Sharmeela09/status/1410283503715971072,2021-06-30 17:06:03+00:00,I’m not going to be nasty like you. I silently remove myself. But your actions have impacted the centre’s wellbeing too. Good luck for licensing to the centre with someone evil like her.,1410283503715971072,Sharmeela09,[],,[],
73,https://twitter.com/itachiuchibai/status/1410274138116272131,2021-06-30 16:28:50+00:00,@Puucktalk Well being the first to use 'stupid' just shows how bad you are at justifying it stay delusional,1410274138116272131,itachiuchibai,[],,[],
74,https://twitter.com/pohinthecube/status/1410266693557837827,2021-06-30 15:59:15+00:00,Nights like tonight makes me want to rent an apartment and shift out for the sake of my mental well being,1410266693557837827,pohinthecube,[],,[],
75,https://twitter.com/maso_da/status/1409874578365726720,2021-06-29 14:01:08+00:00,@miko_mej Haha omgee—-  are u ok — as a friend i am so concerned about ur well being,1409874578365726720,maso_da,[],,[],
76,https://twitter.com/randomrobin/status/1409670409952264194,2021-06-29 00:29:50+00:00,"I suspect I enjoy Peppa Pig way more than my daughter. Every time I watch an episode and walk away, this sense of calm and wellbeing washes over me. Like it's all going to work out alright.",1409670409952264194,randomrobin,[],,[],
77,https://twitter.com/npingsiang/status/1409126836110385153,2021-06-27 12:29:52+00:00,"Dialogue with our Minister of Finance, Mr Lawrence Wong, at SMP 2021. Participants asked a variety of questions ranging from racism to mental well-being in Singapore. 

Enjoyed asking as well as hearing QnAs from the dialogue!

*repost from Mr Wong’s Instagram. spot me kek https://t.co/zCpeE9e92c",1409126836110385153,npingsiang,[],,[],
78,https://twitter.com/_sugababygirl/status/1408959640252133378,2021-06-27 01:25:30+00:00,"I'm blown away by #BangtanSonyeondan They are passionate, inspiring &amp; amazing! Mental health &amp; wellbeing can be cruel &amp; prevent so much greatness in people. I hope their work helps everyone overcome these barriers to reach their potential! #btsdiamond",1408959640252133378,_sugababygirl,[],,[],
79,https://twitter.com/stapeslr/status/1407205226759610370,2021-06-22 05:14:05+00:00,"Starting to get super excited to be a part of #EEconquest with @naomi_toland 
#empathetic_educators

Register here https://t.co/EPNfWpk9xe

Talking about all things well-being and https://t.co/fbTc67Hb2A https://t.co/QwSXSUZ7NT",1407205226759610370,stapeslr,"['https://www.naomitoland.com/#register', 'http://educatinglobsers.co.uk/blog']",https://www.naomitoland.com/#register http://educatinglobsers.co.uk/blog,"['https://t.co/EPNfWpk9xe', 'https://t.co/fbTc67Hb2A']",https://t.co/EPNfWpk9xe https://t.co/fbTc67Hb2A
80,https://twitter.com/21stCenturyVits/status/1405353062424743936,2021-06-17 02:34:14+00:00,"✨Check out our range of vitamins and supplements to support your health and well being!

 🛒Shop https://t.co/XCQF3kXQEY or visit Intenz Healthcare Store 

#21stcenturysg #vitamin #supplements #omega3 #calcium #healthandwellness #health #wellness #lifestyle #singapore https://t.co/LO01PfDg69",1405353062424743936,21stCenturyVits,['http://linktr.ee/21stcenturysg'],http://linktr.ee/21stcenturysg,['https://t.co/XCQF3kXQEY'],https://t.co/XCQF3kXQEY
81,https://twitter.com/eddydaud/status/1403997540421312517,2021-06-13 08:47:53+00:00,"Agree, just to add that it'll help calm things a lot if Umno factions are 100% supporting the PN Gomen to fight this covid19 pandemic with its ever changing mutations, while trying to keep our economy afloat. Focus now shd be on the people and country well being, not politicking. https://t.co/2CYsIEmO8Z",1403997540421312517,eddydaud,['https://twitter.com/Edwinwkf/status/1403981177451470854'],https://twitter.com/Edwinwkf/status/1403981177451470854,['https://t.co/2CYsIEmO8Z'],https://t.co/2CYsIEmO8Z
82,https://twitter.com/Sgboy01/status/1401820647806828547,2021-06-07 08:37:41+00:00,A Hi how are you? text from FB is never about my well being,1401820647806828547,Sgboy01,[],,[],
83,https://twitter.com/valorthng/status/1399573028636221444,2021-06-01 03:46:27+00:00,"Resilience. I can comprehend some of the stories shared. It is so important that we take stock of our own well-being n mental health while we care for others.

https://t.co/Ts56uRyGIb",1399573028636221444,valorthng,['https://www.psychologytoday.com/us/articles/201711/the-high-cost-caring'],https://www.psychologytoday.com/us/articles/201711/the-high-cost-caring,['https://t.co/Ts56uRyGIb'],https://t.co/Ts56uRyGIb
84,https://twitter.com/mhdsyualfiann/status/1398493370763255811,2021-05-29 04:16:16+00:00,for example. traveling time. courses. expenses. your well-being.,1398493370763255811,mhdsyualfiann,[],,[],
85,https://twitter.com/dancheung624/status/1398467866500898819,2021-05-29 02:34:56+00:00,A nicely written piece about the well-being of children in times of COVID-19. @alfredmwu https://t.co/gec2G8B1Dm,1398467866500898819,dancheung624,['https://twitter.com/LKYSch/status/1398275652785041411'],https://twitter.com/LKYSch/status/1398275652785041411,['https://t.co/gec2G8B1Dm'],https://t.co/gec2G8B1Dm
86,https://twitter.com/ZhengpingLiow/status/1397437761762697216,2021-05-26 06:21:40+00:00,@verraa_luu You can do it! Keep your mental well being in check!,1397437761762697216,ZhengpingLiow,[],,[],
87,https://twitter.com/driverslim/status/1395181831184470016,2021-05-20 00:57:24+00:00,"Hitch not allowed during this period. So I do something else, at least to improve my physical well being. https://t.co/ox8T4vrpSJ",1395181831184470016,driverslim,[],,[],
88,https://twitter.com/mimimaw64/status/1394959422657597440,2021-05-19 10:13:38+00:00,"@LeongWaiKitCNA If SAC have a bit of interest in people's wellbeing , they will get water for people.",1394959422657597440,mimimaw64,[],,[],
89,https://twitter.com/caesars/status/1394415633031254017,2021-05-17 22:12:48+00:00,"Hugely important message on what constitutes the Singapore Core from DPM Heng Swee Kiat - ""That test for us must be the commitment to Singapore, the commitment to the well-being of Singapore and of Singaporeans."" 

https://t.co/QvcgLL0Ona",1394415633031254017,caesars,['https://www.straitstimes.com/singapore/emerging-stronger-taskforce-avoid-narrow-definition-of-singapore-core-says-dpm-heng'],https://www.straitstimes.com/singapore/emerging-stronger-taskforce-avoid-narrow-definition-of-singapore-core-says-dpm-heng,['https://t.co/QvcgLL0Ona'],https://t.co/QvcgLL0Ona
90,https://twitter.com/RatedJOfficial/status/1392393659048366080,2021-05-12 08:18:12+00:00,"Happy International Nurses Day to our amazing nurses! Please remember your own health and well-being too, even as you care for others."" – Lee Hsien Loong

Source: Facebook | Lee Hsien Loong",1392393659048366080,RatedJOfficial,[],,[],
91,https://twitter.com/_PhilipRoberts/status/1390587818750054403,2021-05-07 08:42:26+00:00,"@MYPChat @LennyDutton @DaunYorke @AdrianvWJ @cjhayden114 @Mathter @LauraEngland @arifminhal @juliakbriggs @msnikki_p A significant factor influencing well-being is the extent to which people feel seen, heard, known, understood and valued. Student:teacher ratio should not be ignored. #MYPchat",1390587818750054403,_PhilipRoberts,[],,[],
92,https://twitter.com/cerita_hana/status/1387734850161963008,2021-04-29 11:45:45+00:00,"Attending ' Mental Health &amp;  Well Being Festival'
Trying to connect with friends again. https://t.co/DdsSgLMluw",1387734850161963008,cerita_hana,[],,[],
93,https://twitter.com/klariceenaj/status/1385370274111975429,2021-04-22 23:09:46+00:00,"Rather than being preoccupied with only our own needs or angst, we become invested in others’ well-being. Rather than protecting what we assume we need to thrive, we joyfully pursue whatever helps others flourish.",1385370274111975429,klariceenaj,[],,[],
94,https://twitter.com/ZhengpingLiow/status/1383074849409486852,2021-04-16 15:08:35+00:00,"@_seangriffiths one then builds up expectation for oneself (both intrinsic and extrinsic), inevitably, when failure strikes and students’ mental wellbeing would take a harder toll.  

The 100% leaves little space for (self) reflection/criticism = building of the ego and no space... (2/)",1383074849409486852,ZhengpingLiow,[],,[],
95,https://twitter.com/ZhengpingLiow/status/1382169956490481664,2021-04-14 03:12:51+00:00,@ahmdfik It’s not too late. First of all is to maintain your mental well being.,1382169956490481664,ZhengpingLiow,[],,[],
96,https://twitter.com/slhnrzmi/status/1381583893841674240,2021-04-12 12:24:03+00:00,"Salam Ramadhan to all my Muslim friends. May this Ramadhan brings us closer to Allah &amp; May He bestow us the strength &amp; well-being to go through this beautiful &amp; holy month of Ramadhan, InsyaAllah ✨ https://t.co/anitVeJ4Ke",1381583893841674240,slhnrzmi,[],,[],
97,https://twitter.com/ZephyrKhambatta/status/1378270251129872386,2021-04-03 08:56:49+00:00,#lifecoach #health #mentalhealth #wellness #peace #body #fit #fitness #physique #wellbeing #spirit #spirituality #spiritual #inspirational #motivational #heal #exercise #lifebalance #holistic #weightloss #awakening #transformation #success #yoga #strength #flexibility #leadership https://t.co/Tc4YIRfCCA,1378270251129872386,ZephyrKhambatta,[],,[],
98,https://twitter.com/TheStakeDingo/status/1377914065033469955,2021-04-02 09:21:28+00:00,"@cardanodeau It’s a little bit of Groundhog Day around here ... but, that’s to be expected with the limitations on in and out travel. But, life is mostly back to normal, which is great for everyone’s morale and well being! Last throes of the rainy season today.. did you live here?🤙🏻🤙🏻",1377914065033469955,TheStakeDingo,[],,[],
99,https://twitter.com/DahCallFathie/status/1376365593863974914,2021-03-29 02:48:23+00:00,"Let’s get real! No one likes risk, especially when it involves a shelter for your family. The comfort and well being for your loved ones will always be top priority. Our detailed calculation and advise have helped many families do this. https://t.co/USTQiZfbXK",1376365593863974914,DahCallFathie,[],,[],
100,https://twitter.com/ZephyrKhambatta/status/1374908851594481666,2021-03-25 02:19:49+00:00,Total cost to save this ant by re-routing my work journey = $14. Because priorities. #lifecoach #health #mentalhealth #wellness #peace #body #fit #fitness #physique #wellbeing #spirit #spirituality #spiritual #inspirational #motivational #heal #exercise #lifebalance #holistic https://t.co/fjQDdd0E1t,1374908851594481666,ZephyrKhambatta,[],,[],
101,https://twitter.com/Diahzqh/status/1373460799427993603,2021-03-21 02:25:46+00:00,"Guys, being divorce is hard. But if it's hurt your mental and well-being, pls do yourself a favour and let it go. And guys, being married is huge, but that's make you happy than settle up. Takde diskriminasi, it's okay with all that.",1373460799427993603,Diahzqh,[],,[],
102,https://twitter.com/thankgodimhaziq/status/1373456412974583819,2021-03-21 02:08:21+00:00,It occured to me that I need to look out for the mental well being for the people who I care.,1373456412974583819,thankgodimhaziq,[],,[],
103,https://twitter.com/21stCenturyVits/status/1369529256972152832,2021-03-10 06:03:14+00:00,"✨Evening Primrose Oil can help restore the youthfulness of skin and hair as well as help improve general well-being.💁🏻‍♀️

🛒Shop https://t.co/XCQF3kXQEY or visit Intenz Healthcare Store 

#21stcenturysg #eveningprimroseoil #beauty #vitamins #supplements #singapore https://t.co/ZOAf0ankow",1369529256972152832,21stCenturyVits,['http://linktr.ee/21stcenturysg'],http://linktr.ee/21stcenturysg,['https://t.co/XCQF3kXQEY'],https://t.co/XCQF3kXQEY
104,https://twitter.com/peterhone/status/1369428829127770117,2021-03-09 23:24:10+00:00,"@DominicFarrell One can also presume the mental health experts who helped Meghan through her pained and tortured past, advised her that selling her story, live on box office tv with a one-sided story... would have a positive effect on her mental well-being #confused @thecarolemalone",1369428829127770117,peterhone,[],,[],
105,https://twitter.com/DionysusYeo/status/1368425639884259328,2021-03-07 04:57:51+00:00,"Elmo and Cookie Monsta approves.
✅☑️✔️☑️✅
#thankyou #inlinex #singapore
💕❤️💕❤️💕❤️💕❤️
#FlyingEagle #F1SMantra
💓💖💗
#GetHealthy #StayHealthy #Mental #WellBeing
💆🏻‍♂️💆🏻‍♂️💆🏻‍♂️💆🏻‍♂️💆🏻‍♂️💆🏻‍♂️💆🏻‍♂️💆🏻‍♂️
#Reward #Yourself https://t.co/2eBNWtFY3A",1368425639884259328,DionysusYeo,['https://www.instagram.com/p/CMGty7xn-Em/?igshid=1cmu22yh69k7j'],https://www.instagram.com/p/CMGty7xn-Em/?igshid=1cmu22yh69k7j,['https://t.co/2eBNWtFY3A'],https://t.co/2eBNWtFY3A
106,https://twitter.com/ppphyl/status/1367433592947712006,2021-03-04 11:15:48+00:00,Out of steam and then some. So to the unreplied emails in my inbox and my undone to-dos — not today. Going to take care of my mental well-being instead. https://t.co/mnHq2i4p1q,1367433592947712006,ppphyl,[],,[],
107,https://twitter.com/wis_the_sea/status/1367342766750003201,2021-03-04 05:14:54+00:00,@CZApusomo Sobra na tinatamaan ung well being ko hahaha,1367342766750003201,wis_the_sea,[],,[],
108,https://twitter.com/hafanzeee/status/1361491893159305217,2021-02-16 01:45:37+00:00,My whole wellbeing is out the window today and my ass is on fire because I eat so much thai basil beef last night at home. https://t.co/sXeRuoWMjN,1361491893159305217,hafanzeee,[],,[],
109,https://twitter.com/triciapang/status/1361340396974993410,2021-02-15 15:43:37+00:00,"Today I spent $170 on chia seeds, omega oil supplements, kids clothes and yoghurt. Okayyyy and it’s only Monday haha! Okay these are for him, kids and me respectively thus for our well being 😂 #mondaythoughts",1361340396974993410,triciapang,[],,[],
110,https://twitter.com/JametPatrick/status/1360890842420891651,2021-02-14 09:57:15+00:00,Pretty happy with this milestone. It took a month longer than I had planned but I got to the 1000km mark. I am glad I chose running to help with my #Wellbeing #stress and #health https://t.co/dunxd7Ghfr,1360890842420891651,JametPatrick,[],,[],
111,https://twitter.com/carney_dana/status/1359013051425382401,2021-02-09 05:35:35+00:00,"Such a great resource for sts and teachers, especially right now! #wellness #Wellbeing #selfawareness #socialemotionallearning https://t.co/GFfLs9IO4A",1359013051425382401,carney_dana,['https://twitter.com/vw_artspace/status/1358766422025854978'],https://twitter.com/vw_artspace/status/1358766422025854978,['https://t.co/GFfLs9IO4A'],https://t.co/GFfLs9IO4A
112,https://twitter.com/teejayanu/status/1354696096090619904,2021-01-28 07:41:33+00:00,@so_radhikal Just two days ago I discovered that @fitbit actually has a meditation/mindfulness/mental well-being section. I used their music while winding down and it has helped in inducing sleep. Atleast over the past couple of days. https://t.co/Tls1n6hwxa,1354696096090619904,teejayanu,[],,[],
113,https://twitter.com/lady_aphrael/status/1353760595112206336,2021-01-25 17:44:12+00:00,"@JEONPJMNS Take your time. Creativity can’t be rushed. Relax yrself, drink some calming tea/any fav drinks &amp; then re-focus on what needs to be done first. RL and yr personal well-being should always come first 🥰

After all, good things come to those who wait right? 💜💜💜",1353760595112206336,lady_aphrael,[],,[],
114,https://twitter.com/SmithRChris/status/1351291878654709761,2021-01-18 22:14:24+00:00,Checking in on how students are doing is important. What about teachers? @JordanGBenedict shares one way schools might gauge teacher well-being. #vyl #edudatak12 #educhat #eddata https://t.co/oXZ5ACLhEi,1351291878654709761,SmithRChris,['https://visualizeyourlearning.com/2021/01/18/two-methods-for-measuring-teacher-wellbeing/'],https://visualizeyourlearning.com/2021/01/18/two-methods-for-measuring-teacher-wellbeing/,['https://t.co/oXZ5ACLhEi'],https://t.co/oXZ5ACLhEi
115,https://twitter.com/CreateCatt/status/1347857815998631936,2021-01-09 10:48:39+00:00,Back running hands on workshops - thank you 2021 #playmatters #messandmeaningmaking #developmentalplay #createplaymoveandlearn #makingtime #wellbeing #buildthelimbicsystem https://t.co/M5oMgqezs3,1347857815998631936,CreateCatt,[],,[],
