,url,date,content,id,username,outlinks,outlinksss,tcooutlinks,tcooutlinksss
0,https://twitter.com/nylannod18/status/1307316634743443458,2020-09-19 13:52:29+00:00,#toasttolife #calmbeforethestorm #itsokaynottobeokay #winetime #unwind @ MONTI https://t.co/YeB7R3IPHf,1307316634743443458,nylannod18,['https://www.instagram.com/p/CFUgowtg4UR/?igshid=1cbpa4dvunruk'],https://www.instagram.com/p/CFUgowtg4UR/?igshid=1cbpa4dvunruk,['https://t.co/YeB7R3IPHf'],https://t.co/YeB7R3IPHf
1,https://twitter.com/noly242/status/1294627896468729857,2020-08-15 13:31:58+00:00,Awww tak leh move on lgi sebab minggu ni xde  #ItsOkayNotTobeOkay,1294627896468729857,noly242,[],,[],
2,https://twitter.com/isabellasofeaa/status/1294461682098438146,2020-08-15 02:31:29+00:00,#ItsOkayNotTobeOkay i cry😭 https://t.co/tykslNMG8T,1294461682098438146,isabellasofeaa,['https://twitter.com/daiyantrisha/status/1293898632786190336'],https://twitter.com/daiyantrisha/status/1293898632786190336,['https://t.co/tykslNMG8T'],https://t.co/tykslNMG8T
3,https://twitter.com/alepkimiii/status/1292525943248936961,2020-08-09 18:19:33+00:00,bagi spoil ah #ItsOkayNotTobeOkay sebab aku baru episode 2 hahahaha,1292525943248936961,alepkimiii,[],,[],
4,https://twitter.com/syimasamsudin/status/1292505777307963392,2020-08-09 16:59:25+00:00,Yeay happy ending! #ItsOkayNotTobeOkay,1292505777307963392,syimasamsudin,[],,[],
5,https://twitter.com/CrappyHeart/status/1292493970396782594,2020-08-09 16:12:30+00:00,#ItsOkayNotTobeOkay 🥺 https://t.co/tBoKGYsfVg,1292493970396782594,CrappyHeart,[],,[],
6,https://twitter.com/CrappyHeart/status/1292493806546255874,2020-08-09 16:11:51+00:00,🥺 #ItsOkayNotTobeOkay https://t.co/jpTTfZQfiZ,1292493806546255874,CrappyHeart,[],,[],
7,https://twitter.com/krisaizayvette/status/1292319822831730688,2020-08-09 04:40:30+00:00,💞 #ItsOkayNotTobeOkay https://t.co/AZ0ZT3464W,1292319822831730688,krisaizayvette,[],,[],
8,https://twitter.com/itssyueee_/status/1292304835845349376,2020-08-09 03:40:57+00:00,"Ok tinggal 1 je eps and then done 
#ItsOkayNotTobeOkay",1292304835845349376,itssyueee_,[],,[],
9,https://twitter.com/mirraremy/status/1292057680421380098,2020-08-08 11:18:50+00:00,tak shabar sis last episode #ItsOkayNotTobeOkay and #BackstreetRookie too 😍,1292057680421380098,mirraremy,[],,[],
10,https://twitter.com/DrewRedCastro/status/1290114573098311680,2020-08-03 02:37:38+00:00,"You’re so cold
And you’re so hurtful
그래도 나는 왜일까 널 놓지 못한다
#kantalang #memalang #swim #pool #rooftop #discoverygha #panpacific #heize #itsokaynottobeokay #yourecold @ Pan Pacific Hotels and Resorts https://t.co/4PNrb4mPoZ",1290114573098311680,DrewRedCastro,['https://www.instagram.com/p/CDaSCzdD7ZT/?igshid=1t7jbnxehr2xm'],https://www.instagram.com/p/CDaSCzdD7ZT/?igshid=1t7jbnxehr2xm,['https://t.co/4PNrb4mPoZ'],https://t.co/4PNrb4mPoZ
11,https://twitter.com/vibesfromsoul/status/1289763409404129281,2020-08-02 03:22:14+00:00,Ep 13 of #ItsOkayNotTobeOkay is so mind blowing I got goosebumps all over me wth,1289763409404129281,vibesfromsoul,[],,[],
12,https://twitter.com/squeezit/status/1287055905427566594,2020-07-25 16:03:34+00:00,"You once said, that U don’t care about destiny.  If someone shows up when u need them, u call that destiny. And ...i need you! - #KimSooHyun 
.
📺 #ItsOkayNotTobeOkay  ...weekend vibes ❤️💙💖 https://t.co/CYfKai9VEW",1287055905427566594,squeezit,[],,[],
13,https://twitter.com/nnurisrafariza/status/1285150407371575297,2020-07-20 09:51:48+00:00,Everyone is hurting 💔 #ItsOkayToNotBeOkayEP10 #ItsOkayNotTobeOkay #PsychoButItsOkay https://t.co/oRWkXr7V1j,1285150407371575297,nnurisrafariza,[],,[],
14,https://twitter.com/nnurisrafariza/status/1282202725959077888,2020-07-12 06:38:46+00:00,Its about time ♥ They both are each other's safety pin 😍 #ItsOkayToNotBeOkayEP7 #ItsOkayNotTobeOkay #PsychoButItsOkay https://t.co/JlSwbSqP0S,1282202725959077888,nnurisrafariza,[],,[],
15,https://twitter.com/nnurisrafariza/status/1282111286927482880,2020-07-12 00:35:25+00:00,Eps 7 #ItsOkayNotTobeOkay sedih part mak dia.  Nangis teruk iolls.,1282111286927482880,nnurisrafariza,[],,[],
16,https://twitter.com/squeezit/status/1282002608496885760,2020-07-11 17:23:34+00:00,"📺 #ItsOkayToNotBeOkayEP7 
.
If you want to be fashionable you must be uncomfortable and stubborn. - #SeoYeJi 
.
#ItsOkayNotTobeOkay #kimsoohyunisback https://t.co/6QM5h942ld",1282002608496885760,squeezit,[],,[],
17,https://twitter.com/noly242/status/1281987905292890113,2020-07-11 16:25:09+00:00,Time for netflix #ItsOkayNotTobeOkay,1281987905292890113,noly242,[],,[],
18,https://twitter.com/nnurisrafariza/status/1277272094036779008,2020-06-28 16:06:12+00:00,Episode malam ni sedih gila wehh i cried #ItsOkayNotTobeOkay #PsychoButItIsOkay,1277272094036779008,nnurisrafariza,[],,[],
19,https://twitter.com/mercy_flores1/status/1275078125307588609,2020-06-22 14:48:09+00:00,"Ang aliw netong #ItsOkayNotTobeOkay 😅
Gusto ko ung character nung babae 😁",1275078125307588609,mercy_flores1,[],,[],
20,https://twitter.com/rainMemey1/status/1274492284520685568,2020-06-21 00:00:14+00:00,"Orang orang lagi bicarain #ItsOkayNotTobeOkay tentg sinematografi  nya yang keren

Diriku Jadi penasaran pengen nonton.
Apakah sebagus itu ?????",1274492284520685568,rainMemey1,[],,[],
