,url,date,content,id,username,outlinks,outlinksss,tcooutlinks,tcooutlinksss
0,https://twitter.com/pauriahcarey/status/1342713834411200513,2020-12-26 06:08:19+00:00,And we know very well that everyone has a bit of hair down there so imagine all the fecal matter trapped in between the strands of hair???? https://t.co/OmOZ1KdVK0,1342713834411200513,pauriahcarey,['https://twitter.com/beefhorfun/status/1342707810165948417'],https://twitter.com/beefhorfun/status/1342707810165948417,['https://t.co/OmOZ1KdVK0'],https://t.co/OmOZ1KdVK0
1,https://twitter.com/AFatElectron/status/1342050663333707776,2020-12-24 10:13:06+00:00,"R u trapped in stupid rectangle.

Or can u feel u are existing as an existant with the rest of other existants.",1342050663333707776,AFatElectron,[],,[],
2,https://twitter.com/graham_euan/status/1342036720758321152,2020-12-24 09:17:42+00:00,"@willschoong Partly parochialism - trapped at the bottom RH corner of the old world map. Partly the legacy of US being focused on ME. But it’s also mistaking Indo-Pacific for an external (ie US) construct foisted on Aus, vs Australia’s long-term integration  into a China-centred Asia.",1342036720758321152,graham_euan,[],,[],
3,https://twitter.com/chengpin89822/status/1340550291255513088,2020-12-20 06:51:10+00:00,"Feel like I’m trapped in a dark, cloudy place and everything is just slowly consuming me, draining me... and I can’t get out...",1340550291255513088,chengpin89822,[],,[],
4,https://twitter.com/fi_sharil/status/1340226319662125056,2020-12-19 09:23:49+00:00,"With the assist of our nieces, we managed to escaped from the @trapped.sg Mental Hospital 👻👻👻
#couplegoals @ Scape Youth Park, Singapore https://t.co/E8SftoWsCc",1340226319662125056,fi_sharil,['https://www.instagram.com/p/CI-WOmGB8go/?igshid=lnpzawdgrnff'],https://www.instagram.com/p/CI-WOmGB8go/?igshid=lnpzawdgrnff,['https://t.co/E8SftoWsCc'],https://t.co/E8SftoWsCc
5,https://twitter.com/haicapekyasamaa/status/1338497424105426945,2020-12-14 14:53:48+00:00,"Which one would you choose, being free but lost or being trapped but safe?",1338497424105426945,haicapekyasamaa,[],,[],
6,https://twitter.com/NeilHumphreys/status/1335876845254791170,2020-12-07 09:20:33+00:00,"Accidents on BOTH sides of PIE in same areas of Thomson. For god sake, slow down and take care. Got almost 6 million of us trapped on red dot during holidays. Gotta slow down",1335876845254791170,NeilHumphreys,[],,[],
7,https://twitter.com/JaneTok80/status/1334827806149259267,2020-12-04 11:52:03+00:00,"As we are trapped in this non-traveling bubble together, might as well make merry n booze in it. 😆 https://t.co/Hm0NdOxO8y",1334827806149259267,JaneTok80,[],,[],
8,https://twitter.com/MarcLarenF1/status/1333110094595194882,2020-11-29 18:06:29+00:00,"@Cam88878650 @chriskeebs @SkySportsF1 @simon__lazenby @PaulDiResta @HillF1 It'll essentially be a repeat (of sorts) of Niki's crash in 1976.

Trapped in a burning car with no way out, unconscious and breathing in (if he is breathing at all) toxic fumes from the fuel, and smoke too.",1333110094595194882,MarcLarenF1,[],,[],
9,https://twitter.com/MarcLarenF1/status/1333109035772436482,2020-11-29 18:02:16+00:00,"@Cam88878650 @chriskeebs @SkySportsF1 @simon__lazenby @PaulDiResta @HillF1 If you were trapped in a car with burning fuel, it doesn't matter how much, you'd still get the fuck out of there.

Fuel ignites.

One spark can cause the whole tank to ignite too. Chain Reaction.",1333109035772436482,MarcLarenF1,[],,[],
10,https://twitter.com/WayneGKline/status/1327961557020536835,2020-11-15 13:08:02+00:00,If you can handle a mix of English &amp; Icelandic with subtitles? A great 2 series show x 10 Episodes to watch on Netflix. #trapped https://t.co/vs5NCyLHdn,1327961557020536835,WayneGKline,[],,[],
11,https://twitter.com/manju__06/status/1327185245871869953,2020-11-13 09:43:15+00:00,tired of feeling like im trapped in my damn mind,1327185245871869953,manju__06,[],,[],
12,https://twitter.com/winipie1/status/1326345828219285505,2020-11-11 02:07:42+00:00,Trapped na trapped https://t.co/cAmuhigMZL,1326345828219285505,winipie1,[],,[],
13,https://twitter.com/_Neshlatinos_/status/1323606466129924097,2020-11-03 12:42:27+00:00,Trapped.,1323606466129924097,_Neshlatinos_,[],,[],
14,https://twitter.com/BryanChengFloyd/status/1322957826105307136,2020-11-01 17:44:59+00:00,We are humans trapped in a world that we thought we could change.,1322957826105307136,BryanChengFloyd,[],,[],
15,https://twitter.com/jailanimahmood/status/1322341348259831809,2020-10-31 00:55:19+00:00,Trapped! @ Sembawang Park Fishing Jetty https://t.co/QKbJO3KRJ4,1322341348259831809,jailanimahmood,['https://www.instagram.com/p/CG_RFZ9h4fAT0KD21v5J-jozEzZZf38NO8kNp00/?igshid=1cgpsktzcy6z5'],https://www.instagram.com/p/CG_RFZ9h4fAT0KD21v5J-jozEzZZf38NO8kNp00/?igshid=1cgpsktzcy6z5,['https://t.co/QKbJO3KRJ4'],https://t.co/QKbJO3KRJ4
16,https://twitter.com/Alcatraz2048/status/1312007032745066498,2020-10-02 12:30:27+00:00,@ParaBreath @Geo_AW Aizen doesnt need a zanpakutou to activate ks. So he manipulated and trapped yhwach during the first invasion,1312007032745066498,Alcatraz2048,[],,[],
17,https://twitter.com/qeemross/status/1309421467847647235,2020-09-25 09:16:20+00:00,"@ahjummamama @jinbailiamor Hahaha ah that. True. But then again, it was resentment. HS felt trapped and agitated after how she’s being kept aside like a Concubine, and always in the dark. She was hoping for Wang So to change but his jealousy got the better.",1309421467847647235,qeemross,[],,[],
18,https://twitter.com/nanasabaee/status/1307881628090339331,2020-09-21 03:17:34+00:00,i don’t want to play ‘A levels simulator’ anymore but i’m spawn-trapped https://t.co/YB73EMNjBC,1307881628090339331,nanasabaee,[],,[],
19,https://twitter.com/mediumshawn/status/1307599427897405446,2020-09-20 08:36:12+00:00,"This review is extremely timely during this period, as Covid-19 has seen increase in violence against women and girls. With lockdown measures in place, many women are trapped at home with their abusers.

https://t.co/9KhfsF3eGP",1307599427897405446,mediumshawn,['https://www.aware.org.sg/2020/07/covid-19-and-the-increase-of-domestic-violence-against-women-ohchr-submission-by-aware/'],https://www.aware.org.sg/2020/07/covid-19-and-the-increase-of-domestic-violence-against-women-ohchr-submission-by-aware/,['https://t.co/9KhfsF3eGP'],https://t.co/9KhfsF3eGP
20,https://twitter.com/kishorilal1986/status/1303306502816452608,2020-09-08 12:17:39+00:00,@KanganaTeam @mybmc Understand their Politics and don’t get trapped. Be smart and give befitting reply and expose them.,1303306502816452608,kishorilal1986,[],,[],
21,https://twitter.com/winwithshawn/status/1302820818033037316,2020-09-07 04:07:42+00:00,"My journey is EXCEPTIONAL, with ONE speed, that is FULL SPEED.⁣
•⁣
If you feel trapped, frustrated and suffocated in your own traffic,switch lanes or best, make your very own. The greatest lie you’ve been told is to… https://t.co/HFRtnuZl6f",1302820818033037316,winwithshawn,['https://www.instagram.com/p/CE0kLGHDRG5/?igshid=1exkcvx9hrvv0'],https://www.instagram.com/p/CE0kLGHDRG5/?igshid=1exkcvx9hrvv0,['https://t.co/HFRtnuZl6f'],https://t.co/HFRtnuZl6f
22,https://twitter.com/tuffmuffin/status/1302778271214391296,2020-09-07 01:18:38+00:00,"i dreamt i was trapped on this giant cruise ship with a big bathtub in my cabin, and there was a party with free flow champagne and sandra oh was there 🥂 i did NOT want to wake up today",1302778271214391296,tuffmuffin,[],,[],
23,https://twitter.com/balvin00/status/1300342624591593473,2020-08-31 08:00:15+00:00,@Uncle_Visor Arre koi help karro iss ki .. he is ready to be trapped .. someone put some bait pls 🤪🤪🤪,1300342624591593473,balvin00,[],,[],
24,https://twitter.com/hilaryho91/status/1295986114692411398,2020-08-19 07:29:02+00:00,"That moment when you've left uni only to be trapped in a dead-end job :"") https://t.co/ruZda1c9TJ",1295986114692411398,hilaryho91,['https://twitter.com/staceynduta/status/1295668423230357505'],https://twitter.com/staceynduta/status/1295668423230357505,['https://t.co/ruZda1c9TJ'],https://t.co/ruZda1c9TJ
25,https://twitter.com/ecownomics/status/1295693472632995841,2020-08-18 12:06:11+00:00,@HerpeticCaprine hid them under the chicken so the steam is trapped,1295693472632995841,ecownomics,[],,[],
26,https://twitter.com/gashina98/status/1295029331542999045,2020-08-16 16:07:07+00:00,I feel trapped.,1295029331542999045,gashina98,[],,[],
27,https://twitter.com/asuna88/status/1290922134689071105,2020-08-05 08:06:35+00:00,"So there's a side quest in #Witcher3 to find Gottfried's Omni-opening Grimoire (GOG) in order to deactivate a Defensive Regulatory Magicon (DRM) to free a trapped mage. 

I see what you did there, CDPR 😏",1290922134689071105,asuna88,[],,[],
28,https://twitter.com/macbaszii/status/1289495617748611073,2020-08-01 09:38:07+00:00,"Your time is limited, so don’t waste it living someone else’s life. Don’t be trapped 

#nomad #travel #wanderlust #nomadlife #nature #adventure #travelphotography #vanlife #travelgram #explore #photography… https://t.co/ip9jf2KsOV",1289495617748611073,macbaszii,['https://www.instagram.com/p/CDV4k4eheH8/?igshid=1f672pc3cc83h'],https://www.instagram.com/p/CDV4k4eheH8/?igshid=1f672pc3cc83h,['https://t.co/ip9jf2KsOV'],https://t.co/ip9jf2KsOV
29,https://twitter.com/rasdanielakid/status/1289169868818808835,2020-07-31 12:03:43+00:00,TRAPPED,1289169868818808835,rasdanielakid,[],,[],
30,https://twitter.com/NathanielWu/status/1286679896362586113,2020-07-24 15:09:27+00:00,I want covid to be over! Feeling trapped 😞,1286679896362586113,NathanielWu,[],,[],
31,https://twitter.com/avelokiteshvara/status/1284521719881822209,2020-07-18 16:13:37+00:00,"""Butler’s inability to move her analysis beyond life as an ultimate value ensures that she is trapped in what Michel Foucault would call the language of biopolitics. She is left trying to divide one kind of life force from another in an impossible task...."" https://t.co/NNcNZlLFfN",1284521719881822209,avelokiteshvara,['https://twitter.com/daniel_dsj2110/status/1284462378629902339'],https://twitter.com/daniel_dsj2110/status/1284462378629902339,['https://t.co/NNcNZlLFfN'],https://t.co/NNcNZlLFfN
32,https://twitter.com/ewknees/status/1280765680564834304,2020-07-08 07:28:28+00:00,"But in all honesty, I never practised for those presentations --- in my head, I would run through the presentation a couple of times but that obviously wasn't enough, and for so many years, I trapped myself in that bubble of supposed stage fright.",1280765680564834304,ewknees,[],,[],
33,https://twitter.com/flutterytips/status/1279114366575693829,2020-07-03 18:06:44+00:00,I see fried chicken but... but... I’m trapped in this comfy state ... 🤤 @ Singapore https://t.co/DcWwfwzrMP,1279114366575693829,flutterytips,['https://www.instagram.com/p/CCMHuyijyLW/?igshid=1q6ot9f30sedl'],https://www.instagram.com/p/CCMHuyijyLW/?igshid=1q6ot9f30sedl,['https://t.co/DcWwfwzrMP'],https://t.co/DcWwfwzrMP
34,https://twitter.com/indroburito/status/1279060017002381312,2020-07-03 14:30:46+00:00,"@eez4r4 This is a trick, and I feel trapped. HELP!!!!! 😭😭😭😭",1279060017002381312,indroburito,[],,[],
35,https://twitter.com/kent76934124/status/1276570596663422976,2020-06-26 17:38:42+00:00,Yes it is unfortunately true that this percentage of Americans seem trapped into following this unstable creep that they once voted for. It is not too late to admit your terrible error. You don’t have to follow him to catastrophe. https://t.co/zSPmkL7tsO,1276570596663422976,kent76934124,['https://twitter.com/Carolyn81933632/status/1275821201345007616'],https://twitter.com/Carolyn81933632/status/1275821201345007616,['https://t.co/zSPmkL7tsO'],https://t.co/zSPmkL7tsO
36,https://twitter.com/DionysusYeo/status/1276184603364151296,2020-06-25 16:04:54+00:00,"#Imagine deep down under the sea where everything is calm but pressure is fucking high...
Then...
You notice a hand further down, waving at you, it seemed to be trapped by a coral.
...
...
...
#eatme
#fried #crispy… https://t.co/gBCaeT3BH0",1276184603364151296,DionysusYeo,['https://www.instagram.com/p/CB3TbY5HCfU/?igshid=103z182uggxfo'],https://www.instagram.com/p/CB3TbY5HCfU/?igshid=103z182uggxfo,['https://t.co/gBCaeT3BH0'],https://t.co/gBCaeT3BH0
37,https://twitter.com/tathim63/status/1275929601978531840,2020-06-24 23:11:37+00:00,"Cry Out To God When We Feel Trapped
Children are natural explorers and whey they do, they often find themselves in trouble. Just like many of us, we are very good at putting ourselves in trouble but do not know how… https://t.co/bz42AKv4VB",1275929601978531840,tathim63,['https://www.instagram.com/p/CB1fd8NHKz2/?igshid=g69ka9dbbvoj'],https://www.instagram.com/p/CB1fd8NHKz2/?igshid=g69ka9dbbvoj,['https://t.co/bz42AKv4VB'],https://t.co/bz42AKv4VB
38,https://twitter.com/tathim63/status/1275929077313134598,2020-06-24 23:09:32+00:00,"Cry Out To God When We Feel Trapped
Children are natural explorers and whey they do, they often find themselves in trouble. Just like many of us, we are very good at putting ourselves in trouble but do not know how… https://t.co/1HOS4adkus",1275929077313134598,tathim63,['https://www.instagram.com/p/CB1fOrhnAbu/?igshid=ggh7saa8aiks'],https://www.instagram.com/p/CB1fOrhnAbu/?igshid=ggh7saa8aiks,['https://t.co/1HOS4adkus'],https://t.co/1HOS4adkus
39,https://twitter.com/AjeetaVishain/status/1266096303710310406,2020-05-28 19:57:36+00:00,"Trapped in the charm of city lights at night, that breath taking ambience would take away all my negative vibes 😇🌃🏙🌌 @ Anderson Bridge https://t.co/m70coZMCO3",1266096303710310406,AjeetaVishain,['https://www.instagram.com/p/CAvnU_fhtTC/?igshid=mjtizpiw4uqv'],https://www.instagram.com/p/CAvnU_fhtTC/?igshid=mjtizpiw4uqv,['https://t.co/m70coZMCO3'],https://t.co/m70coZMCO3
40,https://twitter.com/iwanteggtarts/status/1265850320585805826,2020-05-28 03:40:09+00:00,Not gonna open PH GO this time sorry. I'm trapped in SG. https://t.co/lFhXNZPnFz,1265850320585805826,iwanteggtarts,['https://twitter.com/Stray_Kids/status/1265840241039929345'],https://twitter.com/Stray_Kids/status/1265840241039929345,['https://t.co/lFhXNZPnFz'],https://t.co/lFhXNZPnFz
41,https://twitter.com/asyieqharis/status/1264978281448816640,2020-05-25 17:54:59+00:00,The pain of us trapped in Singapore for months which no one knows🥺 https://t.co/muW1NkQTZW,1264978281448816640,asyieqharis,['https://twitter.com/IzzuddinSafuan/status/1264553546193629186'],https://twitter.com/IzzuddinSafuan/status/1264553546193629186,['https://t.co/muW1NkQTZW'],https://t.co/muW1NkQTZW
42,https://twitter.com/BIGDICKBANGLA/status/1264701829910151168,2020-05-24 23:36:27+00:00,TRAPPED IN TRAP 2!!!!!!!!!!!!,1264701829910151168,BIGDICKBANGLA,[],,[],
43,https://twitter.com/Gambariste/status/1264647646393716736,2020-05-24 20:01:09+00:00,"Existential nausea comes from feeling trapped, or locked down if you will. But it is also an affect state resulting from the feeling that the future has only bad options, like opening up in a #coronavirus #pandemic",1264647646393716736,Gambariste,[],,[],
44,https://twitter.com/avelokiteshvara/status/1263772155172368384,2020-05-22 10:02:16+00:00,"I have thirst trapped guys, I have thirst trapped girls, but I actually just wanna thirst trap God",1263772155172368384,avelokiteshvara,[],,[],
45,https://twitter.com/3towealth/status/1263223913422585856,2020-05-20 21:43:45+00:00,"Are you trapped in a Lockdown? Losing your income because company closing? Here's a aolution for you
https://t.co/1V3TCWgfWr

#coronavirus #lockdown #pandemic @TomHall @TheFigen @citkusu @welcomet0nature @jameshickstwi @JamesHicksUK @Havenlust @CleverMarketg",1263223913422585856,3towealth,['https://bit.ly/2LxQHpp'],https://bit.ly/2LxQHpp,['https://t.co/1V3TCWgfWr'],https://t.co/1V3TCWgfWr
46,https://twitter.com/rayhanburhan/status/1257082475919994880,2020-05-03 22:59:52+00:00,"hmmm, I’m pretty sure those commenting don’t even know the existence of Silat outside of their trapped mind. 🙂 https://t.co/JEMIV7VvtN",1257082475919994880,rayhanburhan,['https://twitter.com/BcSmallz/status/1251897542058618881'],https://twitter.com/BcSmallz/status/1251897542058618881,['https://t.co/JEMIV7VvtN'],https://t.co/JEMIV7VvtN
47,https://twitter.com/_ImanRizqi_/status/1256535375490752512,2020-05-02 10:45:53+00:00,"Don't you guys ever felt trapped in your phone?
.
Feeling bored at home ? Go out and get a breather!! i know in this time of crisis all of us feel unmotivated to do anything but i'm here to give you a slap of… https://t.co/8SFEITn4Pu",1256535375490752512,_ImanRizqi_,['https://www.instagram.com/p/B_rr_a4HFUP/?igshid=nwpdhk70p1go'],https://www.instagram.com/p/B_rr_a4HFUP/?igshid=nwpdhk70p1go,['https://t.co/8SFEITn4Pu'],https://t.co/8SFEITn4Pu
48,https://twitter.com/himanshu2904/status/1254397689795538944,2020-04-26 13:11:29+00:00,I hope @narendramodi @nsitharaman are listening and I hope they do not fall into this trap that probably is created to trap them. Well they are already trapped in the ‘extend the lockdown’ farce to a certain extent.,1254397689795538944,himanshu2904,[],,[],
49,https://twitter.com/ZhengpingLiow/status/1253931016449740801,2020-04-25 06:17:05+00:00,"@_zxxh_ Well articulated. To be honest, even if one is trapped in a well-stocked mansion for an extended of time, we’ll  slowly yet pretty surely go berserk as well...",1253931016449740801,ZhengpingLiow,[],,[],
50,https://twitter.com/Codewerx_BMW/status/1252560395350560768,2020-04-21 11:30:44+00:00,"Engine oil leaks in BMWs happen when the gaskets harden over time. 

Main contributing factor - high engine temperature. If the heat transfer between the engine oil and coolant is not efficient - heat trapped in the… https://t.co/oB2tMgu6ct",1252560395350560768,Codewerx_BMW,['https://www.instagram.com/p/B_PcUWknsXh/?igshid=7phvfs48t86e'],https://www.instagram.com/p/B_PcUWknsXh/?igshid=7phvfs48t86e,['https://t.co/oB2tMgu6ct'],https://t.co/oB2tMgu6ct
51,https://twitter.com/zeejenks/status/1251618868696502272,2020-04-18 21:09:26+00:00,Weekly group chat w the homies. Big sis Kelly took us for a bike ride around her quiet neighborhood w/ her dogs cuz we were all sick of being trapped inside. 💙💙💙 #SocialDistancing #StayAtHomeSaveLives https://t.co/vnJl9bGe2e,1251618868696502272,zeejenks,[],,[],
52,https://twitter.com/hombretwentyone/status/1251334208125128705,2020-04-18 02:18:18+00:00,"Saturday is a day to be happy but I'm not.
Why?
Feeling trapped and like a caged bird.
So Covid19 please fuck off and never return.
#akunickmikhail @ Singapore https://t.co/upqalo5djc",1251334208125128705,hombretwentyone,['https://www.instagram.com/p/B_Guxr1DUTo/?igshid=1s1vto4tdrptp'],https://www.instagram.com/p/B_Guxr1DUTo/?igshid=1s1vto4tdrptp,['https://t.co/upqalo5djc'],https://t.co/upqalo5djc
53,https://twitter.com/jonrob5000/status/1250502737365577728,2020-04-15 19:14:20+00:00,“You think you’re the one who trapped ME!?!”  A duck relishes his masterplan coming to fruition https://t.co/1oOvreBSKM,1250502737365577728,jonrob5000,[],,[],
54,https://twitter.com/jaschintaz/status/1249873823626756097,2020-04-14 01:35:15+00:00,"We need more pianos in public places! In times like these, music will help to soothe our trapped, locked-down souls ❤️🎹 

Talent can present itself in the unlikeliest of places. Case in point - @Swagggys in @IzatYuan’s videos (see my last RT)

Stay safe, everyone! https://t.co/QhKkUMk8HT",1249873823626756097,jaschintaz,[],,[],
55,https://twitter.com/djayclickwave/status/1245557760152010752,2020-04-02 03:44:46+00:00,"“Your time is limited, so don’t waste it living someone else’s life. Don’t be trapped by dogma – which is living with the results of other people’s thinking.”
-Ravindran.R

#stayhome #stayhealthy #staysafe… https://t.co/edH1saKKd0",1245557760152010752,djayclickwave,['https://www.instagram.com/p/B-dr829AUsp/?igshid=lq911y0h9vhe'],https://www.instagram.com/p/B-dr829AUsp/?igshid=lq911y0h9vhe,['https://t.co/edH1saKKd0'],https://t.co/edH1saKKd0
56,https://twitter.com/curiousbalance/status/1242776248440344577,2020-03-25 11:32:01+00:00,not get to say bye to their family and vice versa. No ways. Let’s not get trapped. Say it. Say I love you. And we shall overcome.,1242776248440344577,curiousbalance,[],,[],
57,https://twitter.com/tathim63/status/1242584281333055489,2020-03-24 22:49:13+00:00,"God Is Here!
Are you feeling lonely or trapped? 

Look beyond your circumstances into God’s kingdom, which seems invisible but remains real. At the moment you choose to let go of a painful past and decide to depart… https://t.co/YSihV0bgvA",1242584281333055489,tathim63,['https://www.instagram.com/p/B-IjxMnnYvg/?igshid=1mymfz9sf4don'],https://www.instagram.com/p/B-IjxMnnYvg/?igshid=1mymfz9sf4don,['https://t.co/YSihV0bgvA'],https://t.co/YSihV0bgvA
58,https://twitter.com/christiiineeee/status/1241001571816591361,2020-03-20 14:00:06+00:00,"""For people who are experiencing domestic violence, mandatory lockdowns to curb the spread of COVID-19 (the disease caused by the new coronavirus) have trapped them in their homes with their abusers"" https://t.co/yF0CIcRam7",1241001571816591361,christiiineeee,['https://time.com/5803887/coronavirus-domestic-violence-victims/'],https://time.com/5803887/coronavirus-domestic-violence-victims/,['https://t.co/yF0CIcRam7'],https://t.co/yF0CIcRam7
59,https://twitter.com/hakimdicaprio/status/1239807010570289153,2020-03-17 06:53:20+00:00,littleraly trapped here haha https://t.co/hljarPY7Zh,1239807010570289153,hakimdicaprio,['https://twitter.com/whoisaddison/status/1239763533824319489'],https://twitter.com/whoisaddison/status/1239763533824319489,['https://t.co/hljarPY7Zh'],https://t.co/hljarPY7Zh
60,https://twitter.com/marjunmarjun/status/1239569770841686019,2020-03-16 15:10:38+00:00,"In 72 hours...
We really have to be clear. Is the clock ticking or govt needs 72 hours so they can leave? Mej magulo. 

I have foreign friends trapped in Manila. Idk how to answer their questions. Lol. https://t.co/drEC3DhuCd https://t.co/nSLHfJ5eyl",1239569770841686019,marjunmarjun,['https://twitter.com/cnnphilippines/status/1239538741871407109'],https://twitter.com/cnnphilippines/status/1239538741871407109,['https://t.co/drEC3DhuCd'],https://t.co/drEC3DhuCd
61,https://twitter.com/eviltofu/status/1237622943368110080,2020-03-11 06:14:38+00:00,And the tooth is removed. Not enough contact with the next tooth. Food keeps getting trapped. 🦷,1237622943368110080,eviltofu,[],,[],
62,https://twitter.com/stayxedge/status/1234834961552703488,2020-03-03 13:36:11+00:00,Listening to Trapped Under Ice-Big Kiss Goodnight LP in the bus and knowing that I am finally seeing them live @ damaged city fest in Washington DC next month warms my heart 😃,1234834961552703488,stayxedge,[],,[],
63,https://twitter.com/luswetijuma1/status/1234479872447111168,2020-03-02 14:05:11+00:00,"Your time is limited, so don't waste it living someone else's life. Don't be trapped by dogma – which is living with the results of other people's thinking."" -Steve Jobs https://t.co/WjobXz0IEK",1234479872447111168,luswetijuma1,[],,[],
64,https://twitter.com/stayxedge/status/1233110118167744512,2020-02-27 19:22:16+00:00,"Hardcore shows I am attending in America
3rd-4th April - United Blood Fest in Richmond,Virginia 
9th April-Blind Justice,Red Vision,Brute,Rule Them All,Odd Man Out in Perth Amboy,NJ
10th-11th April - Damaged City Fest in Washington DC 
(TRAPPED UNDER ICE)",1233110118167744512,stayxedge,[],,[],
65,https://twitter.com/callmesweetyyyy/status/1231653108087803905,2020-02-23 18:52:38+00:00,Maybe I’m just trapped deeply in the genjustu which is called “Love”,1231653108087803905,callmesweetyyyy,[],,[],
66,https://twitter.com/RehDaz/status/1231086405071200257,2020-02-22 05:20:46+00:00,"You know we drew these lines while trapped inside
Are we who you say we've become?
Somehow we draw these lines while trapped inside
Will we realize
We're lost in the moment that we've called forever

Lost in Forever by Crystal Lake",1231086405071200257,RehDaz,[],,[],
67,https://twitter.com/lenatikah/status/1230912265605398528,2020-02-21 17:48:48+00:00,The lifestyle that I want to live &amp; enjoy with passionate can’t even do because forbidden by my surroundings. I hope my life not control too much even people see I get a lot of freedom but unfortunately vice versa. *exhausted being trapped every seconds*,1230912265605398528,lenatikah,[],,[],
68,https://twitter.com/jenericjensen/status/1230911032849096704,2020-02-21 17:43:54+00:00,"Essentially Singapore’s biggest band, Sam Willows’ debut is a product of its time. Trapped in the stalest of pop rock tropes, it’s an album that clearly succeeded by riding the coattails of 2015’s biggest radio trends. Not much point to revisit it 5 years later though. #MWE https://t.co/6xKLOoO5kM",1230911032849096704,jenericjensen,[],,[],
69,https://twitter.com/NgBin2/status/1229964746348122113,2020-02-19 03:03:41+00:00,"@samyrajoo Nah
Just 10. 
Trapped in the ecosystem",1229964746348122113,NgBin2,[],,[],
70,https://twitter.com/AlexParini/status/1229003633468928002,2020-02-16 11:24:34+00:00,US government to evacuate American Diamond Princess travelers. Holiday goers have been trapped on the boat after the #coronavirus was found on the ship. #CNN https://t.co/IiDOKVHHlW,1229003633468928002,AlexParini,[],,[],
71,https://twitter.com/MissFortuneCat/status/1229002435261161474,2020-02-16 11:19:48+00:00,"I was just with him because I was in a failing relationship I felt trapped in and he convinced my dumb young self that ""we shouldn't hurt others but we shouldn't let them stop us from being who we are"", ie. Just tell don't your partners you are fucking around.",1229002435261161474,MissFortuneCat,[],,[],
72,https://twitter.com/maahaluthfy1/status/1228103170905141248,2020-02-13 23:46:27+00:00,Took Singapore Airlines to travel to Malaysia only and only to explore Changi airport.  But now I’m trapped in the boarding cause mistakenly we only took 1 hour transit.  What a disappointment 😣,1228103170905141248,maahaluthfy1,[],,[],
73,https://twitter.com/jecMARIELLE/status/1227938313299886082,2020-02-13 12:51:22+00:00,Dati yung medicine kit ko maliit lang. Ngayon lumalaki na yung pouch bag just for meds and supplements. Maygahhhhdddd this 60 year old body trapped inside of a 28 year old lady. 🤦‍♀️🤷‍♀️,1227938313299886082,jecMARIELLE,[],,[],
74,https://twitter.com/enckelli/status/1227068620485750785,2020-02-11 03:15:31+00:00,This must be such a nightmare. 😔 Can’t even imagine what’s it’s like to be trapped onboard. https://t.co/y2ULmwElMS,1227068620485750785,enckelli,['https://twitter.com/DrEricDing/status/1227064637390192640'],https://twitter.com/DrEricDing/status/1227064637390192640,['https://t.co/y2ULmwElMS'],https://t.co/y2ULmwElMS
75,https://twitter.com/RehDaz/status/1226904144033677320,2020-02-10 16:21:57+00:00,"If u say u pity the person, or pity the person who trapped in the situation..

Do something about it.Dont just work up or pissed off and u cant even do about it . ..

How to protect the person anyway? Just slide in and make her comfort?
Heh..",1226904144033677320,RehDaz,[],,[],
76,https://twitter.com/HIGHON_LOVE/status/1223146148141027328,2020-01-31 07:29:01+00:00,I am trapped in my own thoughts. Feeling suffocated....,1223146148141027328,HIGHON_LOVE,[],,[],
77,https://twitter.com/stayxedge/status/1222579037362458625,2020-01-29 17:55:31+00:00,"Bought a Trapped Under Ice drawstring bag/Down To Nothing + No Warning shirt off depop.
And the seller did not state my name on the package.I had no idea that a package can be mailed out without a name on it hahahahaha! 
First depop transaction = SUCCESS! https://t.co/rYVPWSLjvG",1222579037362458625,stayxedge,[],,[],
78,https://twitter.com/raphlf/status/1220548429077549056,2020-01-24 03:26:36+00:00,trapped in this,1220548429077549056,raphlf,[],,[],
79,https://twitter.com/Alcatraz2048/status/1219999510149001216,2020-01-22 15:05:24+00:00,"@HarrisB_Ronnie @deathcrank94 While trapped, ichigo hears the voices of the people in soul society. He acts out in anger as he cant do anything but sit there encaged.",1219999510149001216,Alcatraz2048,[],,[],
80,https://twitter.com/timnga/status/1214167894503772160,2020-01-06 12:52:38+00:00,"If u wanne eat e yummies at #ikeasgtampines cafe but don't want to be trapped in #hotelcalifornia (mkt hall), take a hard right at e bottom of e stairs n go thru e almost unmarked doorway to e checkout stns. Thk me later if u mk it out w/o #buyinganything 😉",1214167894503772160,timnga,[],,[],
81,https://twitter.com/justina0204/status/1213525830376120320,2020-01-04 18:21:18+00:00,"I am falling sick, with flu and fever after been trapped in the flight for 4 hours and another 2 hours for the journey back to Singapore
Thank you @SingaporeAir",1213525830376120320,justina0204,[],,[],
