,url,date,content,id,username,outlinks,outlinksss,tcooutlinks,tcooutlinksss
0,https://twitter.com/Chemist_Sim/status/1343494844480696321,2020-12-28 09:51:46+00:00,I'm at Institute Of Mental Health (IMH) in Singapore https://t.co/bL1HfYJfm3 https://t.co/PI1VDHkVmC,1343494844480696321,Chemist_Sim,['https://www.swarmapp.com/c/6nFK3uRO99v'],https://www.swarmapp.com/c/6nFK3uRO99v,['https://t.co/bL1HfYJfm3'],https://t.co/bL1HfYJfm3
1,https://twitter.com/Chemist_Sim/status/1343053406051643392,2020-12-27 04:37:39+00:00,I'm at Institute Of Mental Health (IMH) in Singapore https://t.co/g64Eni8Epc https://t.co/JOfDkbctvx,1343053406051643392,Chemist_Sim,['https://www.swarmapp.com/c/jMhtS8MLNUT'],https://www.swarmapp.com/c/jMhtS8MLNUT,['https://t.co/g64Eni8Epc'],https://t.co/g64Eni8Epc
2,https://twitter.com/ThePanicRoom_SG/status/1339124967745654785,2020-12-16 08:27:26+00:00,"This kissmess tak mo bushuk .. if your partner got bantal bushuk from young till now haven’t wash one ,better send them go IMH check abit. #selfcare #selfie #selflove #besokmc @ The Panic Room SG https://t.co/tewo0PDZ7C",1339124967745654785,ThePanicRoom_SG,['https://www.instagram.com/p/CI2hZIHnMHn/?igshid=1jnijjm0ozkf3'],https://www.instagram.com/p/CI2hZIHnMHn/?igshid=1jnijjm0ozkf3,['https://t.co/tewo0PDZ7C'],https://t.co/tewo0PDZ7C
3,https://twitter.com/Chemist_Sim/status/1332837347822624772,2020-11-29 00:02:41+00:00,I'm at Institute Of Mental Health (IMH) in Singapore https://t.co/ONHSWArI4U https://t.co/6wN98RDAkU,1332837347822624772,Chemist_Sim,['https://www.swarmapp.com/c/jorzoC5Fm8W'],https://www.swarmapp.com/c/jorzoC5Fm8W,['https://t.co/ONHSWArI4U'],https://t.co/ONHSWArI4U
4,https://twitter.com/ashraf7almoner/status/1329359527590944772,2020-11-19 09:43:04+00:00,"Thank you for handing this over entrusting us IMH @paveorg 🙏🏽💚
Public compliments to Ms Rachel Toh and team. 
#360 #mentalhwalthmatters 
Dirgahayu 🙏🏽 🇮🇩🇲🇾 @ Imh- Institute Mental Hospital https://t.co/XEa2OZB6Nm",1329359527590944772,ashraf7almoner,['https://www.instagram.com/p/CHxIlNmDAq6/?igshid=r8a1qso7w9sz'],https://www.instagram.com/p/CHxIlNmDAq6/?igshid=r8a1qso7w9sz,['https://t.co/XEa2OZB6Nm'],https://t.co/XEa2OZB6Nm
5,https://twitter.com/MissFortuneCat/status/1325842108230463488,2020-11-09 16:46:06+00:00,Last month I accompanied a friend to IMH. We were in the waiting area and I decided to head out to get a snack. A nurse stopped me and asked me where I was going because he mistook me for a patient 😩,1325842108230463488,MissFortuneCat,[],,[],
6,https://twitter.com/arffayp_/status/1322861610994577408,2020-11-01 11:22:40+00:00,imh,1322861610994577408,arffayp_,[],,[],
7,https://twitter.com/farrrawrr/status/1317104511601635329,2020-10-16 14:06:00+00:00,i think i can be the patient instead of the nurse in imh :D,1317104511601635329,farrrawrr,[],,[],
8,https://twitter.com/Chemist_Sim/status/1303302496971108357,2020-09-08 12:01:44+00:00,I'm at Institute Of Mental Health (IMH) in Singapore https://t.co/kLlw06UahN https://t.co/dEVAE41yzF,1303302496971108357,Chemist_Sim,['https://www.swarmapp.com/c/6F5Yl9qof5c'],https://www.swarmapp.com/c/6F5Yl9qof5c,['https://t.co/kLlw06UahN'],https://t.co/kLlw06UahN
9,https://twitter.com/Lucy_1st/status/1301360485418192897,2020-09-03 03:24:52+00:00,Still at least 2 people in front of me at IMH. What’s the point of appointment timing if I’m here an hour before my appointment and now it’s 15 mins past and I still haven’t seen the doc,1301360485418192897,Lucy_1st,[],,[],
10,https://twitter.com/Chemist_Sim/status/1292400614517899269,2020-08-09 10:01:32+00:00,I'm at Institute Of Mental Health (IMH) in Singapore https://t.co/1AflbNsMnJ,1292400614517899269,Chemist_Sim,['https://www.swarmapp.com/c/fa7Ds6u7vWA'],https://www.swarmapp.com/c/fa7Ds6u7vWA,['https://t.co/1AflbNsMnJ'],https://t.co/1AflbNsMnJ
11,https://twitter.com/kennycolden/status/1290557846266843136,2020-08-04 07:59:02+00:00,Aku ingatkan apa sia orang pekik pekik tgk sebelah building IMH,1290557846266843136,kennycolden,[],,[],
12,https://twitter.com/Lucy_1st/status/1290211269673271297,2020-08-03 09:01:52+00:00,Waiting to go IMH should not take 2 hours,1290211269673271297,Lucy_1st,[],,[],
13,https://twitter.com/qiskoaiko/status/1289799102037766144,2020-08-02 05:44:03+00:00,some1 need send @42kage to imh alr,1289799102037766144,qiskoaiko,[],,[],
14,https://twitter.com/Chemist_Sim/status/1289038479486332928,2020-07-31 03:21:37+00:00,I'm at Institute Of Mental Health (IMH) in Singapore https://t.co/c23YCDcr6p https://t.co/M01FkSIJnx,1289038479486332928,Chemist_Sim,['https://www.swarmapp.com/c/a4PPkp2H2Va'],https://www.swarmapp.com/c/a4PPkp2H2Va,['https://t.co/c23YCDcr6p'],https://t.co/c23YCDcr6p
15,https://twitter.com/AFatElectron/status/1287994651492757504,2020-07-28 06:13:49+00:00,"My private charity cause also brings me to place like IMH, institute of mental health, to get medicine one year as it's not something I can get off shelves at Watson. Plus health check to do with SATA clinic for work.

That is why I'm hindsight, I am grateful for PAP and my life.",1287994651492757504,AFatElectron,[],,[],
16,https://twitter.com/Chemist_Sim/status/1287305886235594752,2020-07-26 08:36:54+00:00,I'm at Institute Of Mental Health (IMH) in Singapore https://t.co/FPuEfr7zPT https://t.co/wUUGwlBCCZ,1287305886235594752,Chemist_Sim,['https://www.swarmapp.com/c/0h3eEwTkp3I'],https://www.swarmapp.com/c/0h3eEwTkp3I,['https://t.co/FPuEfr7zPT'],https://t.co/FPuEfr7zPT
17,https://twitter.com/Chemist_Sim/status/1284676363098763264,2020-07-19 02:28:07+00:00,I'm at Institute Of Mental Health (IMH) in Singapore https://t.co/9ebMCnAOL0 https://t.co/UUvlHgx0Qi,1284676363098763264,Chemist_Sim,['https://www.swarmapp.com/c/9CTqpAiZwsl'],https://www.swarmapp.com/c/9CTqpAiZwsl,['https://t.co/9ebMCnAOL0'],https://t.co/9ebMCnAOL0
18,https://twitter.com/thethiccwhore/status/1275835132574752768,2020-06-24 16:56:14+00:00,@11neymarjr15 bro imagine do this at our IMH attachment,1275835132574752768,thethiccwhore,[],,[],
19,https://twitter.com/Chemist_Sim/status/1273768696754982912,2020-06-19 00:04:57+00:00,I'm at Institute Of Mental Health (IMH) in Singapore https://t.co/Cblw9QrQyp https://t.co/jy96PrBqIe,1273768696754982912,Chemist_Sim,['https://www.swarmapp.com/c/8DAhVOB9eY7'],https://www.swarmapp.com/c/8DAhVOB9eY7,['https://t.co/Cblw9QrQyp'],https://t.co/Cblw9QrQyp
20,https://twitter.com/Chemist_Sim/status/1271990402594324480,2020-06-14 02:18:39+00:00,I'm at Institute Of Mental Health (IMH) in Singapore https://t.co/RYAKNZkQva https://t.co/YPdVOYKRI5,1271990402594324480,Chemist_Sim,['https://www.swarmapp.com/c/5v3rS3fyM1Y'],https://www.swarmapp.com/c/5v3rS3fyM1Y,['https://t.co/RYAKNZkQva'],https://t.co/RYAKNZkQva
21,https://twitter.com/Chemist_Sim/status/1270142076848672773,2020-06-08 23:54:03+00:00,I'm at Institute Of Mental Health (IMH) in Singapore https://t.co/msdV7W2g23 https://t.co/g97I23O0Ei,1270142076848672773,Chemist_Sim,['https://www.swarmapp.com/c/gdZtqQtLO92'],https://www.swarmapp.com/c/gdZtqQtLO92,['https://t.co/msdV7W2g23'],https://t.co/msdV7W2g23
22,https://twitter.com/Chemist_Sim/status/1269567162609479682,2020-06-07 09:49:33+00:00,I'm at Institute Of Mental Health (IMH) in Singapore https://t.co/Oa1kEaSovE https://t.co/XCPmsXo3fj,1269567162609479682,Chemist_Sim,['https://www.swarmapp.com/c/6rj6eQjbzm8'],https://www.swarmapp.com/c/6rj6eQjbzm8,['https://t.co/Oa1kEaSovE'],https://t.co/Oa1kEaSovE
23,https://twitter.com/Chemist_Sim/status/1268331621922623488,2020-06-03 23:59:57+00:00,I'm at Institute Of Mental Health (IMH) in Singapore https://t.co/OFA2IUbHQh,1268331621922623488,Chemist_Sim,['https://www.swarmapp.com/c/gK5aQSdqR9i'],https://www.swarmapp.com/c/gK5aQSdqR9i,['https://t.co/OFA2IUbHQh'],https://t.co/OFA2IUbHQh
24,https://twitter.com/shahanbee/status/1265312560858845184,2020-05-26 16:03:17+00:00,"fair and i can tell you all please open your facebook and check IMH facebook a lot of patient and their family complaint about you all and you all don't even change at all still do the same thing , QSM  I THINK YOU ALL BETTER CHECK ON THIS MATTER AND SEE HOW YOUR STAFF TREATEDTHE",1265312560858845184,shahanbee,[],,[],
25,https://twitter.com/shahanbee/status/1265312437382742026,2020-05-26 16:02:48+00:00,"AND EVEN THAT EVON ALSO THE SAME THING AND I THINK SHE NOT FIT TO BE OT  , Please tell all your very rude IMH staff use their brain to think first and don't use the backside and think and i feel like IMH is not IMH is look like they can scolded us and we cannot say anything it is",1265312437382742026,shahanbee,[],,[],
26,https://twitter.com/shahanbee/status/1265312329152921601,2020-05-26 16:02:22+00:00,"the brain  that job club supervisor is not fit to be in IMH as the supervisor never check and in patient speak to the patient and anyhow call security even that harry also the same thing , What is going on here ???? they say such a word and never think how hurt that patienhaving",1265312329152921601,shahanbee,[],,[],
27,https://twitter.com/shahanbee/status/1265311578422775808,2020-05-26 15:59:23+00:00,"i wondering how you all teach your IMH staff and did they go for the course ??? You know why i want to tell you all this thing is cos some of your IMH staff is very rude and also in patient speak to the patient and not even courtesy at all , 1st thing you all want patient to be",1265311578422775808,shahanbee,[],,[],
28,https://twitter.com/mochibaekx/status/1264218408557481985,2020-05-23 15:35:31+00:00,@byunchii 够了。我跟你讲。在stan下去我们去IMH算了,1264218408557481985,mochibaekx,[],,[],
29,https://twitter.com/Chemist_Sim/status/1262276792716537856,2020-05-18 07:00:14+00:00,I'm at Institute Of Mental Health (IMH) in Singapore https://t.co/WT6Bg50vVG https://t.co/kyqelz1WEk,1262276792716537856,Chemist_Sim,['https://www.swarmapp.com/c/cE3CfeWqWmP'],https://www.swarmapp.com/c/cE3CfeWqWmP,['https://t.co/WT6Bg50vVG'],https://t.co/WT6Bg50vVG
30,https://twitter.com/Chemist_Sim/status/1260148005849780231,2020-05-12 10:01:11+00:00,I'm at Institute Of Mental Health (IMH) in Singapore https://t.co/50I2QICjCD https://t.co/kwJGC28FuI,1260148005849780231,Chemist_Sim,['https://www.swarmapp.com/c/bK0C2sxCq9Q'],https://www.swarmapp.com/c/bK0C2sxCq9Q,['https://t.co/50I2QICjCD'],https://t.co/50I2QICjCD
31,https://twitter.com/helloasiasing/status/1258654548324835329,2020-05-08 07:06:43+00:00,"@kctinkerbell 悪意あったのは間違いないから、刑務所だと思うけど。

外国人ってIMH入れたっけ？今フッと思ったｗ

徴兵（警察）時代、犯人をIMHまで連れて中入った事あるけど、、あそこガチでやばいｗｗ",1258654548324835329,helloasiasing,[],,[],
32,https://twitter.com/thatslilysam/status/1257645890870763520,2020-05-05 12:18:40+00:00,Saw this and LOL’ed and thought... will there be a #sovereign ward in IMH? https://t.co/P9mGATYwl4,1257645890870763520,thatslilysam,[],,[],
33,https://twitter.com/SwaGirlzz/status/1251875398905933824,2020-04-19 14:08:48+00:00,"The only Tik Tok Dance that is worth posting bcos I almost killed myself doing this ☻
(Pardon the ugly facial expressions) 😛 @ Imh- Institute Mental Hospital https://t.co/qhbuUWVIQ3",1251875398905933824,SwaGirlzz,['https://www.instagram.com/p/B_Kk20nHog_DHTsTmW9oP67R_PIhsYPkwb27CM0/?igshid=10nf0jshz7r3b'],https://www.instagram.com/p/B_Kk20nHog_DHTsTmW9oP67R_PIhsYPkwb27CM0/?igshid=10nf0jshz7r3b,['https://t.co/qhbuUWVIQ3'],https://t.co/qhbuUWVIQ3
34,https://twitter.com/Chemist_Sim/status/1250259546712539137,2020-04-15 03:07:59+00:00,I'm at Institute Of Mental Health (IMH) in Singapore https://t.co/UE6Tng45BK https://t.co/qnnjBl7wQI,1250259546712539137,Chemist_Sim,['https://www.swarmapp.com/c/dFmpMsnFFbw'],https://www.swarmapp.com/c/dFmpMsnFFbw,['https://t.co/UE6Tng45BK'],https://t.co/UE6Tng45BK
35,https://twitter.com/Chemist_Sim/status/1248070546098708483,2020-04-09 02:09:40+00:00,I'm at Institute Of Mental Health (IMH) in Singapore https://t.co/YuKE35SFvN https://t.co/KCeGqwKdvF,1248070546098708483,Chemist_Sim,['https://www.swarmapp.com/c/00NihrIECTI'],https://www.swarmapp.com/c/00NihrIECTI,['https://t.co/YuKE35SFvN'],https://t.co/YuKE35SFvN
36,https://twitter.com/FarieRose/status/1247669476335562753,2020-04-07 23:35:58+00:00,It's tweets like this that affirms me America is a lost cause. Verified? Verified for IMH admission ada lah. https://t.co/7znwLeKdio,1247669476335562753,FarieRose,['https://twitter.com/EmeraldRobinson/status/1247378342720004097'],https://twitter.com/EmeraldRobinson/status/1247378342720004097,['https://t.co/7znwLeKdio'],https://t.co/7znwLeKdio
37,https://twitter.com/Chemist_Sim/status/1246453696558518274,2020-04-04 15:04:53+00:00,I'm at Institute Of Mental Health (IMH) in Singapore https://t.co/eJ96U7EIDh https://t.co/QTf851mTP2,1246453696558518274,Chemist_Sim,['https://www.swarmapp.com/c/6J5BEnooMsW'],https://www.swarmapp.com/c/6J5BEnooMsW,['https://t.co/eJ96U7EIDh'],https://t.co/eJ96U7EIDh
38,https://twitter.com/lkhsxc/status/1244615997253812225,2020-03-30 13:22:32+00:00,"Blenda called me and asked me if I clapped, I said no one in my neighbourhood clapped la then she say why you ever clap?

I said my parents been finding a reason to put me in IMH, I didn’t want to give that to them .

🥴🤷🏽‍♀️",1244615997253812225,lkhsxc,[],,[],
39,https://twitter.com/Chemist_Sim/status/1244191941983711232,2020-03-29 09:17:29+00:00,I'm at Institute Of Mental Health (IMH) in Singapore https://t.co/ggyxo4Q7nC https://t.co/8PszamXij9,1244191941983711232,Chemist_Sim,['https://www.swarmapp.com/c/jnyxNezltKL'],https://www.swarmapp.com/c/jnyxNezltKL,['https://t.co/ggyxo4Q7nC'],https://t.co/ggyxo4Q7nC
40,https://twitter.com/Chemist_Sim/status/1240409096773386240,2020-03-18 22:45:49+00:00,I'm at Institute Of Mental Health (IMH) in Singapore https://t.co/Sukb3QRRQN https://t.co/xQU3IZTcG0,1240409096773386240,Chemist_Sim,['https://www.swarmapp.com/c/foA6r2ekSPR'],https://www.swarmapp.com/c/foA6r2ekSPR,['https://t.co/Sukb3QRRQN'],https://t.co/Sukb3QRRQN
41,https://twitter.com/Chemist_Sim/status/1233929604555034625,2020-03-01 01:38:37+00:00,I'm at Institute Of Mental Health (IMH) in Singapore https://t.co/eCZphw0kmJ https://t.co/dbNDzMYfY6,1233929604555034625,Chemist_Sim,['https://www.swarmapp.com/c/6XmWH2HHdGT'],https://www.swarmapp.com/c/6XmWH2HHdGT,['https://t.co/eCZphw0kmJ'],https://t.co/eCZphw0kmJ
42,https://twitter.com/Chemist_Sim/status/1231525803495755777,2020-02-23 10:26:46+00:00,I'm at Institute Of Mental Health (IMH) in Singapore https://t.co/GB7FVubTmx https://t.co/CzpbgTkXYL,1231525803495755777,Chemist_Sim,['https://www.swarmapp.com/c/jyIfdomzd6O'],https://www.swarmapp.com/c/jyIfdomzd6O,['https://t.co/GB7FVubTmx'],https://t.co/GB7FVubTmx
43,https://twitter.com/Chemist_Sim/status/1229062433106468864,2020-02-16 15:18:13+00:00,I'm at Institute Of Mental Health (IMH) in Singapore https://t.co/PZt3ZXbjnp https://t.co/1gQ0j8dsLx,1229062433106468864,Chemist_Sim,['https://www.swarmapp.com/c/b3lrPD4mUFD'],https://www.swarmapp.com/c/b3lrPD4mUFD,['https://t.co/PZt3ZXbjnp'],https://t.co/PZt3ZXbjnp
44,https://twitter.com/dylxnjoseq/status/1227145655157698565,2020-02-11 08:21:38+00:00,I'm at Institute Of Mental Health (IMH) in Singapore https://t.co/p2LtldnHJZ,1227145655157698565,dylxnjoseq,['https://www.swarmapp.com/c/evlJ93c9HSx'],https://www.swarmapp.com/c/evlJ93c9HSx,['https://t.co/p2LtldnHJZ'],https://t.co/p2LtldnHJZ
45,https://twitter.com/Chemist_Sim/status/1226301882001391617,2020-02-09 00:28:46+00:00,I'm at Institute Of Mental Health (IMH) in Singapore https://t.co/rfxwFS8tWi https://t.co/bba8FqHOLO,1226301882001391617,Chemist_Sim,['https://www.swarmapp.com/c/8wrB1UxbgD0'],https://www.swarmapp.com/c/8wrB1UxbgD0,['https://t.co/rfxwFS8tWi'],https://t.co/rfxwFS8tWi
46,https://twitter.com/AmeerSharifah/status/1218751241708167170,2020-01-19 04:25:13+00:00,"I'm suicidal. I need help. I don't wanna go IMH. But I need help. Or I will kill myself

#Depresion",1218751241708167170,AmeerSharifah,[],,[],
47,https://twitter.com/Chemist_Sim/status/1213486964730736640,2020-01-04 15:46:52+00:00,I'm at Institute Of Mental Health (IMH) in Singapore https://t.co/uC2yGHLPkC https://t.co/TNuuqykAEM,1213486964730736640,Chemist_Sim,['https://www.swarmapp.com/c/aJbYJdBiBgH'],https://www.swarmapp.com/c/aJbYJdBiBgH,['https://t.co/uC2yGHLPkC'],https://t.co/uC2yGHLPkC
