,url,date,content,id,username,outlinks,outlinksss,tcooutlinks,tcooutlinksss
0,https://twitter.com/AChVoice/status/1412871608671391749,2021-07-07 20:30:16+00:00,"""Many who struggle with pain on a daily basis end up with #mentalhealth issues, which comes as no surprise. We often need to seek the help of a #psychologist, which isn’t always covered by insurance"": https://t.co/adohCv0CLN #healthcare #MentalIllness #depression https://t.co/F54fCz7UiN",1412871608671391749,AChVoice,['https://buff.ly/37dIr6i'],https://buff.ly/37dIr6i,['https://t.co/adohCv0CLN'],https://t.co/adohCv0CLN
1,https://twitter.com/remind_sg/status/1412763273007562752,2021-07-07 13:19:46+00:00,"Grief and loss is an emotion that we have all gone through. In this post, we explain more about the 5 stages of grief for you to better understand this emotion.
#mentalhealth #mentalhealthawareness #selfcare #health #mentalillness #death #grief #loss #5stagesofgrief #griefjourney https://t.co/Oc0kOQVH2E",1412763273007562752,remind_sg,[],,[],
2,https://twitter.com/AChVoice/status/1412705544981434373,2021-07-07 09:30:23+00:00,"“When people speak out it does make it easier for others to speak out"": https://t.co/LatBmqH4lj @nikki_albert #depression #MentalHealthMatters #MentalIllness #advocates #StrongerTogether",1412705544981434373,AChVoice,['https://buff.ly/38RQlWJ'],https://buff.ly/38RQlWJ,['https://t.co/LatBmqH4lj'],https://t.co/LatBmqH4lj
3,https://twitter.com/EvelynHRose/status/1412565796681752585,2021-07-07 00:15:04+00:00,"Mental Illness is not only ATTITUDE ... It’s also about FEELING ...

Foot Note : Need treatment not punishment 🤙🏻",1412565796681752585,EvelynHRose,[],,[],
4,https://twitter.com/ZERRO_1ngs/status/1412476460900753418,2021-07-06 18:20:05+00:00,"@Taretagueule @historicoolkids @grammarenglishs i never said it's a disease, it's mental illness just the same with pedophilia .",1412476460900753418,ZERRO_1ngs,[],,[],
5,https://twitter.com/adzventurer/status/1412413961870450688,2021-07-06 14:11:44+00:00,Can we stop using mental illness as an excuse for hate and bigotry? 🙄 https://t.co/QyZabqS5uv,1412413961870450688,adzventurer,['https://twitter.com/todayonline/status/1412411025635295235'],https://twitter.com/todayonline/status/1412411025635295235,['https://t.co/QyZabqS5uv'],https://t.co/QyZabqS5uv
6,https://twitter.com/drgsdgaf/status/1412400150123712515,2021-07-06 13:16:51+00:00,What ever shit statement yang keluar dari AA tu dah sah2 memang jenis2 yang ada mental illness.,1412400150123712515,drgsdgaf,[],,[],
7,https://twitter.com/Maariyah_K/status/1412368825279041539,2021-07-06 11:12:23+00:00,it’s always being an advocate for mental health until someone actually starts showing signs of mental illness,1412368825279041539,Maariyah_K,[],,[],
8,https://twitter.com/NitroX72/status/1412323423963910149,2021-07-06 08:11:58+00:00,OH! by the way! mental illness is still stigmatized! of fucking course! so the unhappiness just doesn't ever get acknowledged or treated.,1412323423963910149,NitroX72,[],,[],
9,https://twitter.com/MarvelSuperAlex/status/1412252107760029699,2021-07-06 03:28:35+00:00,"@ChannelNewsAsia Nonsense. If she gets breathless so easily, she should just stay at home and rest instead of roaming around without wearing a mask. She really has mental illness. Please send her to IMH fast.",1412252107760029699,MarvelSuperAlex,[],,[],
10,https://twitter.com/Maqeksi/status/1412053836907298824,2021-07-05 14:20:44+00:00,"Honestly pharmacists at @dischem mondeor are horrible, how do you blame your own incompetence on a client who is clearly on the brink of a mental breakdown. As if trying to manage a mental illness is not stressful enough I have to deal with illtreatment. Fuck Dischem",1412053836907298824,Maqeksi,[],,[],
11,https://twitter.com/nazsphotos/status/1412019493010743301,2021-07-05 12:04:15+00:00,"all these people romanticize criminals based on their looks really need to see therapist. 

Obvious sign of mental illness",1412019493010743301,nazsphotos,[],,[],
12,https://twitter.com/SingaporeNewsN1/status/1411944203446374401,2021-07-05 07:05:05+00:00,"Elaine, who lost her firstborn to suicide, asserted: ""Mental illness does not discriminate...it's just like cancer - it does not discriminate. So why do we want to discriminate against children who are struggling and label them as 'weak' or 'spoiled'?"" https://t.co/tNxTjerZ6k",1411944203446374401,SingaporeNewsN1,['https://singaporenewsnetwork.com/snn-plus/bereaved-mothers-say-suicidal-thoughts-are-like-cancer-it-doesnt-discriminate-and-can-afflict-anyone/'],https://singaporenewsnetwork.com/snn-plus/bereaved-mothers-say-suicidal-thoughts-are-like-cancer-it-doesnt-discriminate-and-can-afflict-anyone/,['https://t.co/tNxTjerZ6k'],https://t.co/tNxTjerZ6k
13,https://twitter.com/felixaBlueSky/status/1411717244434804736,2021-07-04 16:03:14+00:00,Let’s be more aware of cats mental illness… https://t.co/uaOvuQEYeP,1411717244434804736,felixaBlueSky,['https://twitter.com/jvnie/status/1411566651405918208'],https://twitter.com/jvnie/status/1411566651405918208,['https://t.co/uaOvuQEYeP'],https://t.co/uaOvuQEYeP
14,https://twitter.com/maryana691/status/1411216871337074693,2021-07-03 06:54:55+00:00,@ysmnfarhain Ignore je min. Org macam tu mental illness,1411216871337074693,maryana691,[],,[],
15,https://twitter.com/FadiahNadwa/status/1411193332601024519,2021-07-03 05:21:23+00:00,"Saying things like this hurts and alienates people with mental illness. 

https://t.co/5jLe0BRNYd",1411193332601024519,FadiahNadwa,['https://twitter.com/hasbeemasputra/status/1411133762860044289?s=20'],https://twitter.com/hasbeemasputra/status/1411133762860044289?s=20,['https://t.co/5jLe0BRNYd'],https://t.co/5jLe0BRNYd
16,https://twitter.com/FadiahNadwa/status/1411183346097397762,2021-07-03 04:41:42+00:00,"It's time we stopped using mental illness to explain systemic oppression.

We need to focus on how oppressive systems we live under (systems run by the oppressors who are fully aware of the consequences of their actions) rob people of their mental health and leave them to suffer.",1411183346097397762,FadiahNadwa,[],,[],
17,https://twitter.com/Cyborg_Kid936/status/1411179833736908800,2021-07-03 04:27:45+00:00,"@ChristmasRiver It is an mental illness that affects the human brain in some ways or another, and no it's not a disease, and strangely it's a trait that can be passed down, or idk",1411179833736908800,Cyborg_Kid936,[],,[],
18,https://twitter.com/PartridgeSG/status/1410885962901590016,2021-07-02 09:00:01+00:00,"“A Friend in Me Emotion Less Relationship,” by Dr. Preeti Pandit is an eye-opening book that should help anyone gain better understanding on the hardships of having a mental illness. Grab your copy today at @BookMalaysia! https://t.co/cRvK0Ziyvc",1410885962901590016,PartridgeSG,[],,[],
19,https://twitter.com/pumlani_B/status/1410867678202544129,2021-07-02 07:47:21+00:00,"Mental Wellness!

Without mental wellness ethical behaviour is impossible! And no level of controls or digital transformation can ever address unethical behavior.

Self-centredness, greed, corruption, racism, classism, tribalism are just some of the symptoms of mental illness!",1410867678202544129,pumlani_B,[],,[],
20,https://twitter.com/AudiKhalid/status/1410810300132175875,2021-07-02 03:59:21+00:00,the mental illness continues https://t.co/G8Ns2btegg,1410810300132175875,AudiKhalid,[],,[],
21,https://twitter.com/MetjahLeague/status/1410664814821756930,2021-07-01 18:21:15+00:00,delusional disorder is a type of serious mental illness,1410664814821756930,MetjahLeague,[],,[],
22,https://twitter.com/piqoott/status/1410578593944461321,2021-07-01 12:38:38+00:00,Tak marah orang nak self diagnose dia ada mental illness tapi kalau tak jumpa doktor benda boleh jadi teruk okay 🙃 I almost kill someone before I ditahan ward.,1410578593944461321,piqoott,[],,[],
23,https://twitter.com/syasyadienaa/status/1410511399852253186,2021-07-01 08:11:38+00:00,@Y33NR4Z4L1 hasil pkp ni mental illness je sial,1410511399852253186,syasyadienaa,[],,[],
24,https://twitter.com/suhgarette/status/1410258552015392773,2021-06-30 15:26:54+00:00,"@Askrlfess all the bright places, tapi ada tw mental illness, suicide thoughts, suicide, sama suicidal nya.",1410258552015392773,suhgarette,[],,[],
25,https://twitter.com/remind_sg/status/1410250511735951361,2021-06-30 14:54:57+00:00,"Hey Re:Mind fam! Here are a few reminders for you ☀️ Send this to a friend who needs to see this!
#remind #mentalhealth #mentalhealthawareness #anxiety #depression #selfcare #selflove #health #mentalillness #reminder #motivationalquotes #inspirationalquotes #inspirational https://t.co/zRTbt7bHlG",1410250511735951361,remind_sg,[],,[],
26,https://twitter.com/pumlani_B/status/1410231510578434051,2021-06-30 13:39:27+00:00,"The no.1 pandemic in the world is Mental illness! Put another way, Mental illness is the no.1 pandemic!

Behold, academic excellence is NOT a sign of mental health! You could have a man in a suit or with all sorts of crowns who’s mentally sick! 
EVERYTHING IS THE OPPOSITE!!",1410231510578434051,pumlani_B,[],,[],
27,https://twitter.com/kanglerooo/status/1410223091414822913,2021-06-30 13:06:00+00:00,@carbohydrakes just get the name of a mental illness tattooed instead la hor,1410223091414822913,kanglerooo,[],,[],
28,https://twitter.com/dinastik/status/1408754148997095427,2021-06-26 11:48:57+00:00,"Noise and Cloud and Us is a new exhibition at @objectifscentre, by emerging Burmese photographer @ShweWuttHmon. It is an exploration of trauma, empathy and kinship, emerging out of personal experience caring for a loved one struggling with mental illness. https://t.co/L9niZVlmRr",1408754148997095427,dinastik,[],,[],
29,https://twitter.com/farhawaledd/status/1406878052303314944,2021-06-21 07:34:00+00:00,Mental illness https://t.co/UaGVETbI9A,1406878052303314944,farhawaledd,['https://twitter.com/aliffhadi/status/1406872048022921218'],https://twitter.com/aliffhadi/status/1406872048022921218,['https://t.co/UaGVETbI9A'],https://t.co/UaGVETbI9A
30,https://twitter.com/etherealsnowie/status/1404026510353199104,2021-06-13 10:43:00+00:00,"The only reason I’m holding back from dying is cause I don’t want the news to report as 【female 26, lost to depression or something】I don’t lose and won’t lose and I’m freaking sane. Why must suicidal thoughts always be linked with mental illness?",1404026510353199104,etherealsnowie,[],,[],
31,https://twitter.com/Kingabhi92/status/1402113714015281154,2021-06-08 04:02:14+00:00,@RahulGandhi You should be Vaccinated first for Mental Illness.,1402113714015281154,Kingabhi92,[],,[],
32,https://twitter.com/balqissaid/status/1398974941190524928,2021-05-30 12:09:52+00:00,@AzleeyaSmith Tulah.. Dulu mcm tak percaya ada org kata neelofa sekeluarga ada mental illness.. Ni mcm nk caya dah ni.... Lepas satu satu... Xpuas2,1398974941190524928,balqissaid,[],,[],
33,https://twitter.com/himanshu2904/status/1398496517678239746,2021-05-29 04:28:47+00:00,"If mental illness had a face this is what it would look like. @RahulGandhi is not worried about people of #Lakshwadeep , instead he is totally on his original form of appeasement. Like I said, Rahul and @INCIndiaLive are like a cancer for india.This guy needs to be taught in 2024 https://t.co/NFeZ57ybPq",1398496517678239746,himanshu2904,[],,[],
34,https://twitter.com/SulingLinCNA/status/1398072195268562946,2021-05-28 00:22:40+00:00,"Why do we assume someone who behaves badly has a mental illness? That can be stigmatising, my colleague @GraceYeohCNA points out. https://t.co/7vcnWu9B2d",1398072195268562946,SulingLinCNA,['https://twitter.com/ChannelNewsAsia/status/1398049141255655428'],https://twitter.com/ChannelNewsAsia/status/1398049141255655428,['https://t.co/7vcnWu9B2d'],https://t.co/7vcnWu9B2d
35,https://twitter.com/himanshu2904/status/1397176119770509312,2021-05-25 13:01:59+00:00,@vishakhatalreja @Captainwa2 @pariwaar @suhaibroomy @TVMohandasPai @kooindia @Twitter @rsprasad @PMOIndia Thanks Vishakha. Yes precious lives have been lost. I am totally fine now. Mental illness is real and as common as any other. I sought psych help and got it fixed. No shame whatsoever in accepting and fixing it. Stay safe.,1397176119770509312,himanshu2904,[],,[],
36,https://twitter.com/ikben_hier/status/1395696156215103492,2021-05-21 11:01:09+00:00,"Ada orang yg peduli mental illness,lgbt atau  peduli palestina dan berasa kayak orang paling woke tapi disatu sisi mereka engaged orang yg menertawakan hak seseorang untuk berselera. Kontradiktif sekali. Atas nama kemanusiaan yg pilih pilih 😂.",1395696156215103492,ikben_hier,[],,[],
37,https://twitter.com/himanshu2904/status/1395517874509271040,2021-05-20 23:12:43+00:00,"@BDUTT Barkha,I lost 2 to Covid, was stuck in India for 4 months away from family, couldn’t attend funeral of my mother and was hit by anxiety disorder,high BP and insomnia during 14 day quarantine upon return to SG. Went to a Psych,on Med but better. Mental Illness is real and common..",1395517874509271040,himanshu2904,[],,[],
38,https://twitter.com/himanshu2904/status/1394473634471706625,2021-05-18 02:03:17+00:00,"@Abhiemanyu @SharjeelUsmani Sharjeel is sick, mental illness is real and he needs help. Please be careful when you pull him into the court, he might blow himself up singing A Ho Akbar.",1394473634471706625,himanshu2904,[],,[],
39,https://twitter.com/lasagnafordinne/status/1393627102981681155,2021-05-15 17:59:28+00:00,don’t fucking play with mental illness,1393627102981681155,lasagnafordinne,[],,[],
40,https://twitter.com/HakimKidzer/status/1387669971757457408,2021-04-29 07:27:57+00:00,@hidzdotfm @heymysara I hope they're doing well my friend. None of my immediate family members deal with mental illness so I cant even begin to wrap my hard around the hardships of living with one plus the ones around the said individual.,1387669971757457408,HakimKidzer,[],,[],
41,https://twitter.com/vvvzrvl/status/1386988341204193286,2021-04-27 10:19:24+00:00,"@dzulfahljh1 My issue here is dealing with racism and causing discomfort to other people. You treat is as if, ""hey she/he/they got mental illness and thats okay for them to do like that! Brush it off."" Maybe you want to do something about that.",1386988341204193286,vvvzrvl,[],,[],
42,https://twitter.com/vvvzrvl/status/1386856503856877572,2021-04-27 01:35:31+00:00,@dzulfahljh1 I did not disregard what mental illness is. What im saying is that if you have a severe mental illness you should not be out without supervision. In not here to debate but putting out my opinion so that you dont put your own point be the ultimatum of this issue.,1386856503856877572,vvvzrvl,[],,[],
43,https://twitter.com/vvvzrvl/status/1386789713575510016,2021-04-26 21:10:07+00:00,"@dzulfahljh1 Imo, just because youre mentally ill does not mean you have a free pass to do whatever you want. If her mental illness is that severe she shouldnt be out alone also to cause others inconvenience and discomfort.
One example is that sovereign indian lady that refuses to wear mask.",1386789713575510016,vvvzrvl,[],,[],
44,https://twitter.com/xavtheworld/status/1385922437787705369,2021-04-24 11:43:53+00:00,"The rise of biochemical interventions to treat mental illness effectively projects responsibility for mental health to the person, removing any incentive to address the structural societal problems that lead people to their breaking points.",1385922437787705369,xavtheworld,[],,[],
45,https://twitter.com/xavtheworld/status/1385922434608500737,2021-04-24 11:43:52+00:00,Realization: Mental illness is in fact the intended outcome of late stage capitalism to maximize worker productivity and increase personal consumption. Suddenly our mental health is no longer a personal issue but a societal problem. 🤯,1385922434608500737,xavtheworld,[],,[],
46,https://twitter.com/animefolyf/status/1381621563687006212,2021-04-12 14:53:44+00:00,I really needed help from someone I thought anyone would do so I made a appointment with the nearest psychiatrist ngl tho finding help for mental illness in jb is limited 🙁,1381621563687006212,animefolyf,[],,[],
47,https://twitter.com/TheinWi01816972/status/1377414267129929728,2021-04-01 00:15:27+00:00,@aye_thandar_soe Military coup is suffering mental illness,1377414267129929728,TheinWi01816972,[],,[],
48,https://twitter.com/rosaleadam/status/1352530111514304513,2021-01-22 08:14:42+00:00,Allahu sedihnya baca. Bercampur baur perasaan bila baca. Rasa nak maki pun ada. Bila la kita boleh hentikan stigma orang yg sakit mental tu gila. Allahu. Semoga semua penghidap mental illness terus berjuang!!! https://t.co/Li8vhWLAQ7,1352530111514304513,rosaleadam,['https://twitter.com/fatihwho_/status/1352497657927766016'],https://twitter.com/fatihwho_/status/1352497657927766016,['https://t.co/Li8vhWLAQ7'],https://t.co/Li8vhWLAQ7
49,https://twitter.com/paraparazi/status/1345236061715193856,2021-01-02 05:10:45+00:00,"When there is Hate .
What you need to do it Thrown .
Hate will be use to Thrown down .
Jibril a.s knew better about Thrown down than you .
When Penis is not functioning anymore it will cause severe Mental illness so Hate is what they wanted .
And Hate will bring them down .",1345236061715193856,paraparazi,[],,[],
50,https://twitter.com/paraparazi/status/1345095485200076800,2021-01-01 19:52:08+00:00,Jibril a.s have heard so many Beheaded stories and wanted thou to take the responsibility in causing the other people death because of mental illness and addiction to the soul of the Kafir souls,1345095485200076800,paraparazi,[],,[],
