,url,date,content,id,username,outlinks,outlinksss,tcooutlinks,tcooutlinksss
0,https://twitter.com/itsLottichu/status/1412816199193219073,2021-07-07 16:50:05+00:00,"We completed a level 4 hype train, 9935 bits, 34 subs and 50 people talking at once in this stream (; o ;) . SUPER overwhelmed honestly but I will do my best to be worthy of such support. T____T 

LET'S GET OUR 2.0 RIGGED AAAAAAAAAAAAAAAA. https://t.co/QwnxCQUoAH",1412816199193219073,itsLottichu,[],,[],
1,https://twitter.com/verygreenpen/status/1412807237433626626,2021-07-07 16:14:28+00:00,day6 2pm kyuhyun taeyeon soyeon comeback all at the same time 🤯🤯haven’t felt so overwhelmed in a long while🤧,1412807237433626626,verygreenpen,[],,[],
2,https://twitter.com/tobyhe/status/1412693899831767042,2021-07-07 08:44:06+00:00,"@Pekoelotte Yes totally. Shameless behaviour of it. I learnt MHY only last year and got so impressed and overwhelmed with their animation and graphics and felt so proud to have it as CN made product. But their ""trick and cheat"" that I see this round has complete woken me up",1412693899831767042,tobyhe,[],,[],
3,https://twitter.com/itsLottichu/status/1412687567300956162,2021-07-07 08:18:57+00:00,I was considering to reply the balloons tweet but am overwhelmed by twitter love. I'll thank ya'll individually in my stream later! 🤭❤ https://t.co/oHj3FL6pQy,1412687567300956162,itsLottichu,[],,[],
4,https://twitter.com/rezarazali/status/1412645590685556739,2021-07-07 05:32:09+00:00,"OK now we are back!

https://t.co/DhGJovUxPU

Thanks @GoogleMsia for the maps api credit
Thanks @tekong for the help
Thanks everyone who wanted to help

Quite overwhelmed with all the offers!

Now lets get back to Kita Jaga Malaysia.",1412645590685556739,rezarazali,['https://kitajaga.co'],https://kitajaga.co,['https://t.co/DhGJovUxPU'],https://t.co/DhGJovUxPU
5,https://twitter.com/yperic/status/1412599710280388615,2021-07-07 02:29:50+00:00,Composers of NDP 2021 theme song overwhelmed by positive response online https://t.co/Cd9LYN6Zrh,1412599710280388615,yperic,['https://str.sg/3oti'],https://str.sg/3oti,['https://t.co/Cd9LYN6Zrh'],https://t.co/Cd9LYN6Zrh
6,https://twitter.com/asiaonecom/status/1412584640603381761,2021-07-07 01:29:57+00:00,Overwhelmed Indonesian coffin maker issues Covid-19 warning https://t.co/GhtBIaM5Fa https://t.co/PGdgW3DCsy,1412584640603381761,asiaonecom,['https://bit.ly/3ypm1wE'],https://bit.ly/3ypm1wE,['https://t.co/GhtBIaM5Fa'],https://t.co/GhtBIaM5Fa
7,https://twitter.com/chargrysolle/status/1412511295031623683,2021-07-06 20:38:30+00:00,"🥷  The Zorro Circle

Feeling that we're in control is one of the strongest drivers of well-being and performance.

When feeling overwhelmed, it is helpful to focus on small manageable goals to regain the sense of focus and achievement, and gradually expanding to bigger tasks.",1412511295031623683,chargrysolle,[],,[],
8,https://twitter.com/kaihendry/status/1412398967682322434,2021-07-06 13:12:09+00:00,"Since confined to quarantine, I'm using @GrabSG Food, @Deliveroo_SG &amp; @foodpandasg services for the first time. I feel a bit overwhelmed. 

For example who delivers the best Nasi Lemak at 8AM in Singapore?",1412398967682322434,kaihendry,[],,[],
9,https://twitter.com/EricssenWen/status/1412375628905521152,2021-07-06 11:39:25+00:00,"""The material we use is also getting harder to find, as the price of plywood has risen as well,"" said Mr Olaskar, explaining he has been overwhelmed with the endless orders for coffins. https://t.co/eqzlWBxBsc",1412375628905521152,EricssenWen,['https://www.straitstimes.com/asia/se-asia/overwhelmed-indonesian-coffin-maker-issues-covid-19-warning'],https://www.straitstimes.com/asia/se-asia/overwhelmed-indonesian-coffin-maker-issues-covid-19-warning,['https://t.co/eqzlWBxBsc'],https://t.co/eqzlWBxBsc
10,https://twitter.com/KhayaJames/status/1412371575165313024,2021-07-06 11:23:18+00:00,"I just want hot wings, braai meat and cheese burger. I'm overwhelmed. Where's @robertmarawa lol or he's looking after the hippo in Fourways",1412371575165313024,KhayaJames,[],,[],
11,https://twitter.com/TODAYonline/status/1412343201806000128,2021-07-06 09:30:34+00:00,Overwhelmed Indonesian coffin maker issues Covid-19 warning https://t.co/wuXqzDdmXS https://t.co/N1cup7h9Sj,1412343201806000128,TODAYonline,['https://tdy.sg/3yxmCwF'],https://tdy.sg/3yxmCwF,['https://t.co/wuXqzDdmXS'],https://t.co/wuXqzDdmXS
12,https://twitter.com/STForeignDesk/status/1412312880842563588,2021-07-06 07:30:04+00:00,Overwhelmed Indonesian coffin maker issues Covid-19 warning https://t.co/PZzWDbEc8a,1412312880842563588,STForeignDesk,['http://www.straitstimes.com/asia/se-asia/overwhelmed-indonesian-coffin-maker-issues-covid-19-warning?utm_source=twitter&utm_medium=social-organic&utm_keyword=dlvr.it'],http://www.straitstimes.com/asia/se-asia/overwhelmed-indonesian-coffin-maker-issues-covid-19-warning?utm_source=twitter&utm_medium=social-organic&utm_keyword=dlvr.it,['https://t.co/PZzWDbEc8a'],https://t.co/PZzWDbEc8a
13,https://twitter.com/appserowp/status/1412260516274180099,2021-07-06 04:02:00+00:00,"Are you overwhelmed with the hassles of managing your #WordPress #plugins? Then Appsero can help you enjoy extra holidays with #automation.
https://t.co/VScmWclEPV",1412260516274180099,appserowp,['https://tinyurl.com/yxaved82'],https://tinyurl.com/yxaved82,['https://t.co/VScmWclEPV'],https://t.co/VScmWclEPV
14,https://twitter.com/IAmQueennB/status/1412252735546683419,2021-07-06 03:31:05+00:00,Hate that I get overwhelmed so quickly…,1412252735546683419,IAmQueennB,[],,[],
15,https://twitter.com/adathorium/status/1412222944151932928,2021-07-06 01:32:42+00:00,@FaheemYounus My mother in law just passed 4 days ago because she couldn't even get tested that's how overwhelmed the healthcare system is in Indonesia right now. It's not only about doing more testing it is about getting the population to comply with the regulations and do their share.,1412222944151932928,adathorium,[],,[],
16,https://twitter.com/ayeemoii29/status/1412103138870390785,2021-07-05 17:36:38+00:00,really i feel overwhelmed,1412103138870390785,ayeemoii29,[],,[],
17,https://twitter.com/straits_times/status/1412063880910557188,2021-07-05 15:00:38+00:00,Composers of NDP theme song overwhelmed by positive response online https://t.co/pvB9t3EcEc,1412063880910557188,straits_times,['http://www.straitstimes.com/singapore/community/composers-of-ndp-theme-song-overwhelmed-by-positive-response-online?utm_source=twitter&utm_medium=social-organic&utm_keyword=dlvr.it'],http://www.straitstimes.com/singapore/community/composers-of-ndp-theme-song-overwhelmed-by-positive-response-online?utm_source=twitter&utm_medium=social-organic&utm_keyword=dlvr.it,['https://t.co/pvB9t3EcEc'],https://t.co/pvB9t3EcEc
18,https://twitter.com/swirlsof/status/1412048592848621568,2021-07-05 13:59:53+00:00,having that talk with ain unnie really helped cuz i was too overwhelmed with everything happening at work at the same time. i broke down but i am not done with this dreary feeling,1412048592848621568,swirlsof,[],,[],
19,https://twitter.com/STForeignDesk/status/1412044866117193734,2021-07-05 13:45:05+00:00,Family of Indian-American astronaut on Virgin Galactic crew 'happy and overwhelmed' https://t.co/Q131zoizkD,1412044866117193734,STForeignDesk,['http://www.straitstimes.com/world/family-of-indian-american-astronaut-on-virgin-galactic-crew-happy-and-overwhelmed?utm_source=twitter&utm_medium=social-organic&utm_keyword=dlvr.it'],http://www.straitstimes.com/world/family-of-indian-american-astronaut-on-virgin-galactic-crew-happy-and-overwhelmed?utm_source=twitter&utm_medium=social-organic&utm_keyword=dlvr.it,['https://t.co/Q131zoizkD'],https://t.co/Q131zoizkD
20,https://twitter.com/rahjess/status/1411984410212134913,2021-07-05 09:44:51+00:00,I’m so overwhelmed,1411984410212134913,rahjess,[],,[],
21,https://twitter.com/nadiasyazwani_/status/1411963525686173697,2021-07-05 08:21:52+00:00,"@hajar9688 Sebab mungkin socmed ni toxic untuk someone tu. So bila diri kita dah overwhelmed dengan uncertainty, sad etc, bila buka socmed kita jadi lebih sedih. Bertambah-tambah toxic. Ada orang dia boleh ignore, ada yg tak boleh. Bila tak boleh insecurity jadi lebih tinggi. Sambung 👇",1411963525686173697,nadiasyazwani_,[],,[],
22,https://twitter.com/AfifahShameemah/status/1411907657368162305,2021-07-05 04:39:52+00:00,Just finished orientation with my boss and I'm quite overwhelmed. But it's nothing new! I'm always overwhelmed HAHA. Let's hope I get the hang of this!,1411907657368162305,AfifahShameemah,[],,[],
23,https://twitter.com/AfifBarkerr/status/1411871818147790849,2021-07-05 02:17:27+00:00,"Thank you so much @mdzulkar9! ❤️❤️ This year has been pretty overwhelmed, it's always good to have a good friend like you who listens to my rants and nonsense. I love you friend ❤️❤️ https://t.co/oOjq8Qhz1b",1411871818147790849,AfifBarkerr,['https://twitter.com/mdzulkar9/status/1411745384406425604'],https://twitter.com/mdzulkar9/status/1411745384406425604,['https://t.co/oOjq8Qhz1b'],https://t.co/oOjq8Qhz1b
24,https://twitter.com/bintmohari/status/1411858289638330371,2021-07-05 01:23:41+00:00,"He didn’t expect that answer obviously but went on to say “I thought you don’t like having a maid?”

“I don’t. But I am overwhelmed. I’m tired. I need help.”

“You mean like part time maid, weekend maid or full time maid?”",1411858289638330371,bintmohari,[],,[],
25,https://twitter.com/chineseguy89/status/1411841708237615107,2021-07-05 00:17:48+00:00,"CNA obviously tried to take a neutral tone, but it's tough not to be overwhelmed by the idiocy of these people. Get vaxxed. Don't be a prick.",1411841708237615107,chineseguy89,[],,[],
26,https://twitter.com/_tamsyn/status/1411761535475716103,2021-07-04 18:59:13+00:00,"i get home every day and tell my family stories of how patients are dying, how there are no beds and hospitals are overwhelmed and they still have the audacity to tell me about mark of the beast and the virus doesn’t exist. im fucking upset man",1411761535475716103,_tamsyn,[],,[],
27,https://twitter.com/stupidgoatmilk/status/1411731452618633217,2021-07-04 16:59:41+00:00,so overwhelmed with work but I'm not doing anything about it,1411731452618633217,stupidgoatmilk,[],,[],
28,https://twitter.com/HumXin/status/1411717116785352707,2021-07-04 16:02:43+00:00,"@ConstantlyPeach I’m so sorry you have to go through all of this, it’s definitely a lot for one person to deal with, and you’re not weak for feeling overwhelmed, I hope things get better for you and that you can take care https://t.co/vyzQoJi3ux",1411717116785352707,HumXin,[],,[],
29,https://twitter.com/tumblrisabitch/status/1411709382786633732,2021-07-04 15:31:59+00:00,Not sad but not happy. A little overwhelmed. Everyone’s doing things w their lives and so many amazing ppl out there oof https://t.co/Jzhw6GYcIy,1411709382786633732,tumblrisabitch,[],,[],
30,https://twitter.com/aniasyrina/status/1411553747277291520,2021-07-04 05:13:33+00:00,"I am so overwhelmed with all the orders. Seronok, tapi hmmm kesiannya kameel. Semalam busy gila tak sempat pun duduk dekat play area main dengan kameel. Semalam takde bacakan buku untuk kameel pun. Nasib baik abah dia ada 🥺.",1411553747277291520,aniasyrina,[],,[],
31,https://twitter.com/carman_upshaw/status/1411507266000359430,2021-07-04 02:08:51+00:00,Geez no wonder many of the Capitol Police suffer from PTSD. Doing their best but just overwhelmed . https://t.co/Tc0SoCd4hW,1411507266000359430,carman_upshaw,['https://twitter.com/MacFarlaneNews/status/1411504534661304326'],https://twitter.com/MacFarlaneNews/status/1411504534661304326,['https://t.co/Tc0SoCd4hW'],https://t.co/Tc0SoCd4hW
32,https://twitter.com/alyybtrsyy/status/1411258113752141825,2021-07-03 09:38:48+00:00,im terribly overwhelmed,1411258113752141825,alyybtrsyy,[],,[],
33,https://twitter.com/onceesa/status/1411220143275864065,2021-07-03 07:07:56+00:00,Hospital Kuala Lumpur overwhelmed by surge in Covid cases https://t.co/kPHcFdoONy via @YouTube,1411220143275864065,onceesa,['https://youtu.be/XoPOjWATVOI'],https://youtu.be/XoPOjWATVOI,['https://t.co/kPHcFdoONy'],https://t.co/kPHcFdoONy
34,https://twitter.com/kureshii_/status/1411128935887216641,2021-07-03 01:05:30+00:00,"@gptbr00ke I like this theory by @KevinSimler, that tears evolved as a social way of (unconsciously) signaling that we are feeling overwhelmed and not trying to assert dominance

https://t.co/tOFDqtCNQi",1411128935887216641,kureshii_,['https://meltingasphalt.com/tears/'],https://meltingasphalt.com/tears/,['https://t.co/tOFDqtCNQi'],https://t.co/tOFDqtCNQi
35,https://twitter.com/Anushka34441167/status/1410979769823338497,2021-07-02 15:12:46+00:00,"Stress, overwhelmed and sobbing is an understatement to what I’m feeling",1410979769823338497,Anushka34441167,[],,[],
36,https://twitter.com/anjellycax/status/1410965174756941830,2021-07-02 14:14:46+00:00,"aw, poor ryan’s overwhelmed",1410965174756941830,anjellycax,[],,[],
37,https://twitter.com/eweinatsha/status/1410888362945236996,2021-07-02 09:09:33+00:00,"“When you do nothing, you feel overwhelmed and powerless. But when you get involved you feel the sense of hope and accomplishment that comes from knowing you are working to make things better.” – Maya Angelou",1410888362945236996,eweinatsha,[],,[],
38,https://twitter.com/MunnimSaeed/status/1410595420414234628,2021-07-01 13:45:30+00:00,"@dr_iyaz Are you equating MNU/GOM to Pharaoh &amp; you the Magicians?
The magicians believed in the miracles Prophet Moses performed by ALLAH's will, that overwhelmed the magic they performed by the order of Pharaoh to challenge Moses.
I do not see the relevance of this in your situation!
👇 https://t.co/ntqj6iZBbT",1410595420414234628,MunnimSaeed,[],,[],
39,https://twitter.com/tangenghui/status/1410578007165521924,2021-07-01 12:36:18+00:00,"@fernandogros Q1 for me wasn’t that bad actually, I was cautiously optimistic at that time. As for Q2, there was a bit of a drastic change along with community tighten measures, thus affecting business, followed by some very personal matters that overwhelmed me for about 1 month.",1410578007165521924,tangenghui,[],,[],
40,https://twitter.com/winstontlchow/status/1410559493939757061,2021-07-01 11:22:44+00:00,"Felt overwhelmed writing about coastal cities &amp; climate change, so I'm now reading something less depressing (with my old Irish friend) while waiting for kiddos to finish piano class. https://t.co/a71nMJm2fh",1410559493939757061,winstontlchow,[],,[],
41,https://twitter.com/AGUSTD_nim/status/1410558165611999237,2021-07-01 11:17:28+00:00,feeling really overwhelmed and burnt out after only my 4th day at my new workplace…it’s only during the 2-3 hrs left for my personal time that I feel like everything’s going to be ok.,1410558165611999237,AGUSTD_nim,[],,[],
42,https://twitter.com/SingtelSupport/status/1410554039851380745,2021-07-01 11:01:04+00:00,@kdayalan We regret to learn about this experience of yours. Our hotline team (1688) may have been overwhelmed with calls and perhaps that could be the reason for the long waiting time to engage with them. Able to share with us if you need further assistance from our end?,1410554039851380745,SingtelSupport,[],,[],
43,https://twitter.com/shwnyn/status/1410495433370050560,2021-07-01 07:08:11+00:00,Overwhelmed.,1410495433370050560,shwnyn,[],,[],
44,https://twitter.com/Nabila0303/status/1410260661309820931,2021-06-30 15:35:17+00:00,love how most of us was so overwhelmed during ndp ending HAHAHAHAHA EMO BITCHES ONLY 😍,1410260661309820931,Nabila0303,[],,[],
45,https://twitter.com/wrongsuethink/status/1410253703345446917,2021-06-30 15:07:38+00:00,"@keiii Nah I cry over seemingly stupid things as well
I think you were just overwhelmed",1410253703345446917,wrongsuethink,[],,[],
46,https://twitter.com/thorisotlapuu/status/1410232064885071873,2021-06-30 13:41:39+00:00,The last 6 months haven't been the easiest  but June was definitely a turning point. I feel so overwhelmed at how soft and giving June has been compared to the entire year. I needed a month of internal and external love flowing in and towards me.,1410232064885071873,thorisotlapuu,[],,[],
47,https://twitter.com/davidkingraj/status/1410203261773119491,2021-06-30 11:47:12+00:00,@TODAYonline Nothing can be done to make Chad proud. May his fans be overwhelmed,1410203261773119491,davidkingraj,[],,[],
48,https://twitter.com/MezameTV/status/1408385726245339136,2021-06-25 11:24:58+00:00,Last night was just amazing. I am still exhausted and overwhelmed by the love and support of the community on Twitch. Will do a proper thread later when I am more well-rested.,1408385726245339136,MezameTV,[],,[],
49,https://twitter.com/klariceenaj/status/1405300772523307014,2021-06-16 23:06:28+00:00,"we can go into situations with courage and confidence, even when we feel overwhelmed and unqualified. His presence and power can do amazing things in and through us.",1405300772523307014,klariceenaj,[],,[],
50,https://twitter.com/LyaaanaaA/status/1404066550932332544,2021-06-13 13:22:06+00:00,am i the only one who gets dizzy and overwhelmed after every BTS convert,1404066550932332544,LyaaanaaA,[],,[],
51,https://twitter.com/MezameTV/status/1402686985966288899,2021-06-09 18:00:12+00:00,"Consider your options.

Are you playing games you no longer enjoy just to bring in the crowd? Are you not able to meet like-minded people whom you share common interests with? Are you overwhelmed by technical issues? Are you overwhelmed by comparisons with bigger streamers?

2/5",1402686985966288899,MezameTV,[],,[],
52,https://twitter.com/RifdiH/status/1402538096160215042,2021-06-09 08:08:34+00:00,"Overwhelmed , tired, burntout mentally",1402538096160215042,RifdiH,[],,[],
53,https://twitter.com/peppermintqq/status/1399029533466972161,2021-05-30 15:46:48+00:00,Yizhou is back🤩 So many surprises today. I’m overwhelmed 🥰 #WelcomeToMyWorldLuoYizhou #LuoYizhou #LYZIsback https://t.co/eBzL5ttdEk,1399029533466972161,peppermintqq,[],,[],
54,https://twitter.com/xavtheworld/status/1393058981686353920,2021-05-14 04:21:57+00:00,"As long as herd immunity is still not reached, and as long as there is still a risk that hospitals will get overwhelmed with patients needing ventilators, I would like to keep my mask on, please, thanks.",1393058981686353920,xavtheworld,[],,[],
55,https://twitter.com/SaryMeowz/status/1379704944551325698,2021-04-07 07:57:47+00:00,@raining_on Omg honestly wow are we twins or what? I think you’re just very overwhelmed with everything that’s why everything is ticking you off 😂,1379704944551325698,SaryMeowz,[],,[],
56,https://twitter.com/july_julie/status/1379303474840498177,2021-04-06 05:22:29+00:00,"i'm just soooo overwhelmed right now...
wait.. wait.. wait lang..
hinga lang ako..",1379303474840498177,july_julie,[],,[],
57,https://twitter.com/kbgolfsingapore/status/1378874757655916544,2021-04-05 00:58:55+00:00,How about these stats? Average driving distance 323 yards!! AND backing it up with solid GIR.   AND smooth putting.  @Patty_MPT overwhelmed the @ANAinspiration with power and poise and the rest of the field who couldn’t keep up. https://t.co/TI1uxHmoAQ,1378874757655916544,kbgolfsingapore,[],,[],
58,https://twitter.com/AFatElectron/status/1375254382791380992,2021-03-26 01:12:50+00:00,"Assuming u have zero responsibility now because you have finished doing them.

U are free for one year.

Imagine this for real.

How would u feel.
Does it make u feel overwhelmed when u had things to dos previously?

Now that u are free to choose 1 yr what u want. What will",1375254382791380992,AFatElectron,[],,[],
59,https://twitter.com/Jasmineeeszxc/status/1371507820332343297,2021-03-15 17:05:20+00:00,"Feeling so overwhelmed from today , but haih, alhamdulillah :')",1371507820332343297,Jasmineeeszxc,[],,[],
60,https://twitter.com/pauseraphina/status/1371150700554514433,2021-03-14 17:26:16+00:00,im actl feeling so overwhelmed rn,1371150700554514433,pauseraphina,[],,[],
61,https://twitter.com/syasyasprdi/status/1366971254205423616,2021-03-03 04:38:38+00:00,so overwhelmed,1366971254205423616,syasyasprdi,[],,[],
62,https://twitter.com/tofulover97/status/1366476006362521601,2021-03-01 19:50:42+00:00,Feeling overwhelmed &amp; anxious 😟,1366476006362521601,tofulover97,[],,[],
63,https://twitter.com/triciapang/status/1365854359469268997,2021-02-28 02:40:30+00:00,YAKUN switched off their delivery platform this morning. I guess too overwhelmed with walk in customers boo! 😴😴🙇🏻‍♀️🙇🏻‍♀️,1365854359469268997,triciapang,[],,[],
64,https://twitter.com/willycp1/status/1365163281371947010,2021-02-26 04:54:24+00:00,Overwhelmed,1365163281371947010,willycp1,[],,[],
65,https://twitter.com/Ozwella__/status/1365079604302475270,2021-02-25 23:21:54+00:00,Feelings are over overwhelmed not sure if this is how i am anymore.,1365079604302475270,Ozwella__,[],,[],
66,https://twitter.com/potatoporkbacon/status/1363956453703360513,2021-02-22 20:58:54+00:00,Overwhelmed,1363956453703360513,potatoporkbacon,[],,[],
67,https://twitter.com/Cho76936391/status/1363816100568260618,2021-02-22 11:41:11+00:00,"Our national boycott was ended successfully overwhelmed the country 22.2.2021.
Everyone aldy gave thier life to  protest ,all knew that we would be killed by shotguns, arrested , but ingore it
All have the same mission 
'DICTATORSHIP MUST END'
#WhatsHappeninglnMyanmar 
#Feb22Coup https://t.co/YgaZLwHvT3",1363816100568260618,Cho76936391,[],,[],
68,https://twitter.com/nasheirlss/status/1363182549401444356,2021-02-20 17:43:41+00:00,i'm feeling overwhelmed rn,1363182549401444356,nasheirlss,[],,[],
69,https://twitter.com/PhogatRitu/status/1354391227999821827,2021-01-27 11:30:06+00:00,"Was really overwhelmed with the love and support I rec'd from the young students and teachers of Globalschools .Was great interacting with them on Monday. I will be really fortunate if I have some how motivated them with my interaction, they are the real future. https://t.co/6aZcA9g5ag",1354391227999821827,PhogatRitu,[],,[],
70,https://twitter.com/Yohanbubz/status/1352616483151515649,2021-01-22 13:57:54+00:00,"I really be saying that whenever we feel overwhelmed or sensing an attack coming, we drop some $$$ and buy some random shit. Because why the fuck not",1352616483151515649,Yohanbubz,[],,[],
71,https://twitter.com/ShaheerBirdieFC/status/1351191657237147651,2021-01-18 15:36:09+00:00,"🎶Baby, you light up my world like nobody else
The way that you flip your hair gets me overwhelmed
But when you smile at the ground, it ain't hard to tell
You don't know, you're beautiful
If only you saw what I can see 🎶 #onedirections G9💫 #TimeOnHand #thebawseandaccessories https://t.co/HtzHYJ0YTq",1351191657237147651,ShaheerBirdieFC,[],,[],
72,https://twitter.com/jayayyann/status/1350718944152223746,2021-01-17 08:17:46+00:00,Feeling refreshed but feeling slightly overwhelmed,1350718944152223746,jayayyann,[],,[],
73,https://twitter.com/danibogo/status/1350283598654394369,2021-01-16 03:27:51+00:00,"@xDianaEv You would love it. Your limbs are loose, your mind is refreshed, and you feel light as air and happy. The feeling you get when you emerge is invaluable for anyone feeling stressed, overwhelmed, or in need of physical or mental healing. I recommend 100%.",1350283598654394369,danibogo,[],,[],
74,https://twitter.com/MisterTechBlog/status/1347888011510312960,2021-01-09 12:48:39+00:00,Overwhelmed @ThePine64 😱 https://t.co/8iSP5VX3EF,1347888011510312960,MisterTechBlog,[],,[],
75,https://twitter.com/XXIIndigo/status/1347008887560392705,2021-01-07 02:35:19+00:00,I'm just overwhelmed guys don't be mean :') https://t.co/SOd3Cs34q3,1347008887560392705,XXIIndigo,['https://twitter.com/NEPTUNE_DREAM/status/1346846581610278913'],https://twitter.com/NEPTUNE_DREAM/status/1346846581610278913,['https://t.co/SOd3Cs34q3'],https://t.co/SOd3Cs34q3
76,https://twitter.com/peter__wong/status/1346825182376148992,2021-01-06 14:25:20+00:00,"No matter where we're at in our journey, we will always be pulled in the direction of comparison, to keep up with the Joneses, being overwhelmed by the media and therefore the truth is we've to constantly refocus ourselves to what really matters.",1346825182376148992,peter__wong,[],,[],
77,https://twitter.com/6kies415_ksh222/status/1346345896611495936,2021-01-05 06:40:50+00:00,"❤️❤️❤️2️⃣2️⃣2️⃣
2020.10.17 - An unforgettable day ...
I was overwhelmed with Joy and Emotions to see My ST⭐️R after a long time ... 🤩💕🙏🏻

Forever thankful for coming back to us @kang.s.h.0222 🙇🏼‍♀️🙇🏼‍♀️🙇🏼‍♀️

#Hoony #후니 사랑해요❤️❤️❤️

#강성훈 #KANGSUNGHOON #姜成勳 #姜成勋 #カンソンフン https://t.co/VjHNh0YCel",1346345896611495936,6kies415_ksh222,[],,[],
