,url,date,content,id,username,outlinks,outlinksss,tcooutlinks,tcooutlinksss
0,https://twitter.com/Flintex_career/status/1412702710873219073,2021-07-07 09:19:07+00:00,"Email your resume- application@flintex.com.sg

Now Hiring - Application Support Specialist.
Location - Singapore

***Apply Now ***
.
.
. 
#flintexconsulting #flintex
#application #support #jobs #specialist #singapore #jobvacancies #singaporejobsearch #singaporecandidates https://t.co/OX7wyeoQRe",1412702710873219073,Flintex_career,[],,[],
1,https://twitter.com/AChVoice/status/1412629953187827714,2021-07-07 04:30:00+00:00,"“Having professional #mentalhealth #support has really helped me. It goes further than that though. Sharing my #feelings with my #family and vice versa has helped us to understand each other better"": https://t.co/6BUOkMJMQl @meganelifestyle #ChronicIllness",1412629953187827714,AChVoice,['https://buff.ly/2QtrHFt'],https://buff.ly/2QtrHFt,['https://t.co/6BUOkMJMQl'],https://t.co/6BUOkMJMQl
2,https://twitter.com/BentecDigital/status/1412338209783123971,2021-07-06 09:10:43+00:00,"It gives us a great honour and pleasure to inform all our Business Partners, Associates, and Friends, the official opening of our brand-new office at Tannery Lane. 

#Business #office #environment #newoffice #brandnew #wishers #support #honour #opening https://t.co/7VIENsTq7i",1412338209783123971,BentecDigital,[],,[],
3,https://twitter.com/Norazlinasaat/status/1412234282420953090,2021-07-06 02:17:45+00:00,"POPIA PISANG CRISPY PANAS PANAS 🍌🫔 Anyone area JB yang nak try popia pisang i ni boleh lah follow IG Bisnes i (popialicioussssss.jb) kita cover semua area JB tau. Kalau nak terus Whatsapp 0178249411 ☺️🙏🏼 
#supportsmallbusiness #Support #thankyou https://t.co/dvO71BXl9r",1412234282420953090,Norazlinasaat,[],,[],
4,https://twitter.com/DFDLLegalandTax/status/1412226831567048704,2021-07-06 01:48:09+00:00,"Cambodia | Additional Measures to Support Private Sector Workers &amp; Revive the Post-COVID-19 Economy (Round 9): https://t.co/KbODqJyIBU

#DFDL #Cambodia #Government #Support #COVID19 https://t.co/wIVzQngTgE",1412226831567048704,DFDLLegalandTax,['https://www.dfdl.com/resources/legal-and-tax-updates/cambodia-additional-measures-to-support-private-sector-workers-revive-the-post-covid-19-economy-round-9/'],https://www.dfdl.com/resources/legal-and-tax-updates/cambodia-additional-measures-to-support-private-sector-workers-revive-the-post-covid-19-economy-round-9/,['https://t.co/KbODqJyIBU'],https://t.co/KbODqJyIBU
5,https://twitter.com/AcapWidol/status/1411946795001913345,2021-07-05 07:15:23+00:00,"Cari kedai frozen?

""FFZ Frozen Food""

#MySmartShopper #FFZFrozenFood #kedaifrozen #support #MSS #tiktokmalaysia #fyp #SushiNoi #FARCapital #WidolAshraf #QuantumMetal @ Rambai 6 Kota Masai https://t.co/aFqr6YSe6e",1411946795001913345,AcapWidol,['https://www.instagram.com/p/CQ785vVHlPz/?utm_medium=twitter'],https://www.instagram.com/p/CQ785vVHlPz/?utm_medium=twitter,['https://t.co/aFqr6YSe6e'],https://t.co/aFqr6YSe6e
6,https://twitter.com/sg_matters/status/1411883081011585025,2021-07-05 03:02:12+00:00,"As a union leader and strong advocate for workers' training, Brother Richard is also the General Secretary of UWEEI.

https://t.co/orDH0zTHcZ

#Livelihoods #NTUC #Singapore #Support #Union #Workers https://t.co/Mke0q14HYB",1411883081011585025,sg_matters,['https://sgmatters.com/luckily-i-am-a-union-rep-and-was-able-to-help/'],https://sgmatters.com/luckily-i-am-a-union-rep-and-was-able-to-help/,['https://t.co/orDH0zTHcZ'],https://t.co/orDH0zTHcZ
7,https://twitter.com/Cocoveda/status/1411346915996803072,2021-07-03 15:31:40+00:00,#cocoveda #sustainability #circulareconomy #economy #environment #Farmers #july3rd #socialenterpise #inequality #UN #cleanbeauty #organicfarming #Cooperatives #worldwide #annual #celebration #savetheplanet #people #covid19 #pandemic #ActForEqual #International #support #future,1411346915996803072,Cocoveda,[],,[],
8,https://twitter.com/AChVoice/status/1411255948165910530,2021-07-03 09:30:12+00:00,"“I need to be her #advocate, her mouthpiece, her #support, her friend, her ally, until she steps fully into being her own (which she is beautifully and vulnerably beginning to do)"":  https://t.co/dz1AcECah4 @TheMightySite #MentalHealth #depression #parenting",1411255948165910530,AChVoice,['https://buff.ly/2SnRb8r'],https://buff.ly/2SnRb8r,['https://t.co/dz1AcECah4'],https://t.co/dz1AcECah4
9,https://twitter.com/AChVoice/status/1410349930477240326,2021-06-30 21:30:01+00:00,"“always happy to take charge of a #kid (or 2 or 3!) when I really need a break. She also gives me a great deal of #emotional #support, reminding me that I’m an awesome #mom even when I don’t feel that way”: https://t.co/qHgDGX1fGQ @ArthritisFdn #ChronicallyIll",1410349930477240326,AChVoice,['https://buff.ly/2tbaGR9'],https://buff.ly/2tbaGR9,['https://t.co/qHgDGX1fGQ'],https://t.co/qHgDGX1fGQ
10,https://twitter.com/TheRealNozi/status/1410204952585179138,2021-06-30 11:53:55+00:00,"#Throwback to the #PrideParade I attended with my friend Michelle in #Spain as we reach the end of #PrideMonth. 

Let's continue to #support and embrace the #LGBTQ+ community and #freedomofexpression. Show up for yourself as your truest most authentic form! #HappyPrideMonth! https://t.co/ctMmSjj0DP",1410204952585179138,TheRealNozi,[],,[],
11,https://twitter.com/Actor_K_Mav/status/1397845999612170245,2021-05-27 09:23:51+00:00,"Dear friends, please #support this non-celebrity #actor who has been working hard trying to make something of his life! Or at least, pretending to 🤭😜. For real though: would appreciate if you could Like my FB page! 😊🤞
#krismavericko #socialmediamarketing #acting #CASTING https://t.co/xYsJPfH8Xl",1397845999612170245,Actor_K_Mav,[],,[],
12,https://twitter.com/yida88/status/1396087530429325312,2021-05-22 12:56:19+00:00,#support #susankoh #homebasedbusiness #agaragar #nomnomnom @ New Upper Changi Road https://t.co/V7LcWCUmAV,1396087530429325312,yida88,['https://www.instagram.com/p/CPLQ95rnEZo/?utm_medium=twitter'],https://www.instagram.com/p/CPLQ95rnEZo/?utm_medium=twitter,['https://t.co/V7LcWCUmAV'],https://t.co/V7LcWCUmAV
13,https://twitter.com/OpeningsSg/status/1393472242231615493,2021-05-15 07:44:06+00:00,"Pass @lucia_yeojy the pin set she redeemed using our Twitch Points and some extra goodies I throw in for her.

Thank you @lucia_yeojy for your support 😁

#support #pikachu #singapore https://t.co/TZGuIHiXsF",1393472242231615493,OpeningsSg,[],,[],
14,https://twitter.com/BlogBaobab/status/1390867052244520969,2021-05-08 03:12:00+00:00,"✨Have a nice day✨.
.
.
#quotes #quoteoftheday #love #support #goodmorning #singapore @ Singapore https://t.co/NkZlYPmPxG",1390867052244520969,BlogBaobab,['https://www.instagram.com/p/COmK90ADvsr/?igshid=wg1itw7pn2a4'],https://www.instagram.com/p/COmK90ADvsr/?igshid=wg1itw7pn2a4,['https://t.co/NkZlYPmPxG'],https://t.co/NkZlYPmPxG
15,https://twitter.com/paolapeacock/status/1373523654579953676,2021-03-21 06:35:32+00:00,"@freya_cole @EmirNader It is just pure killing and genocide of pro democracy protesters and unarmed civilians. The world should suspend the Junta’s access to money and weapons till they stop the violence, restore democracy and release all the detainees. #SUPPORT FEDERAL DEMOCRACY",1373523654579953676,paolapeacock,[],,[],
16,https://twitter.com/KyiKyi246/status/1361223914752335873,2021-02-15 08:00:46+00:00,"တရားဝင်အစိုးရမဖြစ်သေးတာတောင် ဥပဒေမဲ့ဖမ်းချင်သလိုဝင်ဖမ်းနေသေးတာနော်။
ဒီကောင်တွေသာတိုင်းပြည်အုပ်ချုပ်ခွင့်ရသွားရင် မျိုးဆက်သစ်တွေရော ခင်ဗျားတို့ကိုယ်တိုင်ရော အကြောက်တရားအောက်တသက်လုံးနေသွားကြရမှာအသေအချာပဲ။
#Reject military coup
#support Civil Disobidence Movement https://t.co/IlloSIdtEu",1361223914752335873,KyiKyi246,[],,[],
17,https://twitter.com/AprilBoAung2/status/1359898482102865920,2021-02-11 16:13:58+00:00,"#Day 6
#11th Feb 2021
#Support Civil Disobedience Movement
#Stop Military Coup
#We Want Our Leaders https://t.co/4vzETJwg5A",1359898482102865920,AprilBoAung2,[],,[],
18,https://twitter.com/THUYA95769690/status/1359109007428911105,2021-02-09 11:56:53+00:00,"Please save Myanmar &amp; our leader!

#SaveMyanmar  
#Save #Burma  
#Reject #the #Military!!!
#We #need #democracy!!!
#Help #us #and #support #our #Leader,  #Aung #San #Suu #Kyi #government!!! https://t.co/iMyc62ePOY",1359109007428911105,THUYA95769690,[],,[],
19,https://twitter.com/zinminkyaw1/status/1358665247989534722,2021-02-08 06:33:32+00:00,https://t.co/mdm62ccwu6            # Reject dictatorship# Protect Democracy# Stand with weaponless Myanmar citizens to end dictatorship #Support our fight for justice and human rights# Release our democratic leaders in detention # Don't recognize dictator s' illegitimate Gov#,1358665247989534722,zinminkyaw1,['https://fb.watch/3wAXGEsGxF/'],https://fb.watch/3wAXGEsGxF/,['https://t.co/mdm62ccwu6'],https://t.co/mdm62ccwu6
20,https://twitter.com/ChitSuW99880832/status/1357976541464981505,2021-02-06 08:56:52+00:00,"#Save #Myanmar  
#Save #Burma  
#Reject #the #Military !!!
#We #need #democracy!!!
#Help #us #and #support #our #Leader,  #Aung #San #Suu #Kyi #government https://t.co/s2mLScg4vL",1357976541464981505,ChitSuW99880832,['https://twitter.com/PoeYeeMon/status/1357961525470715905'],https://twitter.com/PoeYeeMon/status/1357961525470715905,['https://t.co/s2mLScg4vL'],https://t.co/s2mLScg4vL
21,https://twitter.com/ChitSuW99880832/status/1357976509684666369,2021-02-06 08:56:44+00:00,"@PoeYeeMon 
#HearTheVoiceOfMyanmar 
#Save #Myanmar  
#Save #Burma  
#Reject #the #Military !!!
#We #need #democracy!!!
#Help #us #and #support #our #Leader,  #Aung #San #Suu #Kyi #government https://t.co/zWoSVpGgbM",1357976509684666369,ChitSuW99880832,[],,[],
22,https://twitter.com/Than17340713/status/1357909889708822529,2021-02-06 04:32:01+00:00,"#Save #Myanmar  🇲🇲🇲🇲🇲🇲
#Save #Burma  
#Reject #the #Military !!!
#We #need #democracy!!!
#Help #us #and #support #our #Leader,  #Aung #San #Suu #Kyi #government!!!၀🙏🙏🙏",1357909889708822529,Than17340713,[],,[],
23,https://twitter.com/VanLian23599712/status/1357623603638931457,2021-02-05 09:34:25+00:00,"#Save #Myanmar  
#Save #Burma  
#Reject #the #Military !!!
#We #need #democracy!!!
#Help #us #and #support #our #Leader,  #Aung #San #Suu #Kyi #government!!! https://t.co/OwnvyjgGXZ",1357623603638931457,VanLian23599712,[],,[],
24,https://twitter.com/MayMay25207327/status/1357617728727576578,2021-02-05 09:11:04+00:00,"@Reuters #SaveMyanmar  
#Save #Burma  
#Reject #the #military
#We #need #democracy
#Help #us #and #support #our #leader
#Aung #San #Suu #Kyi #government",1357617728727576578,MayMay25207327,[],,[],
25,https://twitter.com/MayMay25207327/status/1357617267031252992,2021-02-05 09:09:14+00:00,"@only_oohsehun #SaveMyanmar  
#Save #Burma  
#Reject #the #military
#We #need #democracy
#Help #us #and #support #our #leader
#Aung #San #Suu #Kyi #government",1357617267031252992,MayMay25207327,[],,[],
26,https://twitter.com/ChitSuW99880832/status/1357240326440685568,2021-02-04 08:11:24+00:00,"#HearTheVoiceOfMyanmar

#Save #Myanmar  
#Save #Burma  
#Reject #the #Military !!!
#We #need #democracy!!!
#Help #us #and #support #our #Leader,  #Aung #San #Suu #Kyi #government https://t.co/QMrhUy16Gp",1357240326440685568,ChitSuW99880832,[],,[],
27,https://twitter.com/ThetNai76600750/status/1357004034536730624,2021-02-03 16:32:28+00:00,"I don't need Myanmar Military for making this aggressive and unrespectful situation 

#Save #Myanmar 🇲🇲 
#Save #Burma 🇲🇲 
#We #need #democracy!!!
#Help #us #and #support #our #Leader,  #Aung #San #Suu #Kyi #government!!! https://t.co/BlsJR7vxDi",1357004034536730624,ThetNai76600750,[],,[],
28,https://twitter.com/ThetNai76600750/status/1357003249631432706,2021-02-03 16:29:21+00:00,"#Save #Myanmar 🇲🇲 
#Save #Burma 🇲🇲 
#Reject #the #Military !!!
#We #need #democracy!!!
#Help #us #and #support #our #Leader,  #Aung #San #Suu #Kyi #government!!! https://t.co/7PguipKj4b",1357003249631432706,ThetNai76600750,[],,[],
29,https://twitter.com/khinbonmyintsa2/status/1356929013281824769,2021-02-03 11:34:21+00:00,"#Save #Myanmar  
#Save #Burma  
#Reject #the #Military !!!
#We #need #democracy!!!
#Help #us #and #support #our #Leader,  #Aung #San #Suu #Kyi #government!!! https://t.co/FE4MoY71T1",1356929013281824769,khinbonmyintsa2,[],,[],
30,https://twitter.com/WaiHnin98514464/status/1356227016954003463,2021-02-01 13:04:52+00:00,"#Save #Myanmar  
#Save #Burma  
#Reject #the #Military !!!
#We #need #democracy!!!
#Help #us #and #support #our #Leader,  #Aung #San #Suu #Kyi #government!!!",1356227016954003463,WaiHnin98514464,[],,[],
31,https://twitter.com/MyanmarPmo/status/1356181553114619909,2021-02-01 10:04:13+00:00,"#PleaseSaveMyanmar 🙏🙏🇲🇲🇲🇲🇲🇲
#Save #Myanmar 🙏🙏🇲🇲 
#Save #Burma🙏🙏 🇲🇲 
#We #need #democracy!!!
#Help #us #and #support #our #Leader,  #Aung #San #Suu #Kyi #government!!!
#crd https://t.co/KVYk6YYOKU",1356181553114619909,MyanmarPmo,[],,[],
32,https://twitter.com/honeyy79750636/status/1356179512443199488,2021-02-01 09:56:07+00:00,"#Save #Burma  
#Save #Myanmar
#Reject #the #Military !!!
#We #need #democracy!!!
#Help #us #and #support #our #Leader,  #AungSanSuuKyi #government!!! https://t.co/kZMvffocb1",1356179512443199488,honeyy79750636,[],,[],
33,https://twitter.com/nengchoi_N/status/1356161723762282498,2021-02-01 08:45:25+00:00,"#Save_Myanmar  🇲🇲
#Save #Burma  🇲🇲
#Reject #the #Military
#We #need #democracy
#Help #us #and #support #our #Leader #AungSanSuKyi #government https://t.co/FGq6qW6Xof",1356161723762282498,nengchoi_N,[],,[],
34,https://twitter.com/Noesi8/status/1356155387339149331,2021-02-01 08:20:15+00:00,"@ChannelNewsAsia #Save #Myanmar  
#Save #Burma  
#Reject #the #Military !!!
#We #need #democracy!!!
#Help #us #and #support #our #Leader,  #Aung #San #Suu #Kyi #government!!!",1356155387339149331,Noesi8,[],,[],
35,https://twitter.com/JohnSoeHtoonOo/status/1356133195327000582,2021-02-01 06:52:04+00:00,"#save #Myanmar🇲🇲
#save #Burma🇲🇲
#Reject#the#Military
#We#need# democary
#Help#us#and #support#our
#Leader 
#Aung_San_Suu_Kyi_government",1356133195327000582,JohnSoeHtoonOo,[],,[],
36,https://twitter.com/ThetNai76600750/status/1356076796819632131,2021-02-01 03:07:57+00:00,"#Save #Myanmar 🇲🇲 
#Save #Burma 🇲🇲 
#Reject #the #Military !!!
#We #need #democracy!!!
#Help #us #and #support #our #Leader,  #Aung #San #Suu #Kyi #government!!! https://t.co/fZanotMUhm",1356076796819632131,ThetNai76600750,[],,[],
37,https://twitter.com/crystanman/status/1356049950090670086,2021-02-01 01:21:16+00:00,"We don't want nightmare anymore,please stay strong and safe  #Save #Myanmar 🇲🇲 
#Save #Burma 🇲🇲 
#Reject #the #Military !!!
#We #need #democracy!!!
#Help #us #and #support #our #Leader,  #Aung #San #Suu #Kyi #government",1356049950090670086,crystanman,[],,[],
