,url,date,content,id,username,outlinks,outlinksss,tcooutlinks,tcooutlinksss
0,https://twitter.com/yperic/status/1410560717816619011,2021-07-01 11:27:36+00:00,10 weeks’ jail for man who forged retrenchment letter to get Covid-19 Support Grant https://t.co/jp6M04YoJ7 via @TODAYonline,1410560717816619011,yperic,['https://www.todayonline.com/singapore/10-weeks-jail-man-who-forged-retrenchment-letter-get-covid-19-support-grant?cid=tdy+tg_tg-pm_social-msging-free_09102018_today#.YN2mgHFoX7Y.twitter'],https://www.todayonline.com/singapore/10-weeks-jail-man-who-forged-retrenchment-letter-get-covid-19-support-grant?cid=tdy+tg_tg-pm_social-msging-free_09102018_today#.YN2mgHFoX7Y.twitter,['https://t.co/jp6M04YoJ7'],https://t.co/jp6M04YoJ7
1,https://twitter.com/HIREMAIDEA/status/1410513541547712517,2021-07-01 08:20:09+00:00,Man jailed for forging retrenchment letter to dupe MSF into disbursing Covid-19 Support Grant https://t.co/nEzp0LYwXE,1410513541547712517,HIREMAIDEA,['http://dlvr.it/S2qZfW'],http://dlvr.it/S2qZfW,['https://t.co/nEzp0LYwXE'],https://t.co/nEzp0LYwXE
2,https://twitter.com/asiaonecom/status/1410497815776743435,2021-07-01 07:17:39+00:00,10 weeks' jail for man who forged retrenchment letter to dupe MSF into disbursing Covid-19 Support Grant https://t.co/otoCavZ0q1 https://t.co/bnJ4kJ0JZV,1410497815776743435,asiaonecom,['https://bit.ly/2UhgXMl'],https://bit.ly/2UhgXMl,['https://t.co/otoCavZ0q1'],https://t.co/otoCavZ0q1
3,https://twitter.com/TODAYonline/status/1410486854596521989,2021-07-01 06:34:06+00:00,10 weeks’ jail for man who forged retrenchment letter to get Covid-19 Support Grant https://t.co/5vmgyJcXRy https://t.co/9hsCs0hD3y,1410486854596521989,TODAYonline,['https://tdy.sg/3jCjXxv'],https://tdy.sg/3jCjXxv,['https://t.co/5vmgyJcXRy'],https://t.co/5vmgyJcXRy
4,https://twitter.com/HIREMAIDEA/status/1410484953834344450,2021-07-01 06:26:33+00:00,10 weeks’ jail for man who forged retrenchment letter to get Covid-19 Support Grant https://t.co/U9LMk0fwMx,1410484953834344450,HIREMAIDEA,['http://dlvr.it/S2qHc2'],http://dlvr.it/S2qHc2,['https://t.co/U9LMk0fwMx'],https://t.co/U9LMk0fwMx
5,https://twitter.com/straits_times/status/1410477904744513539,2021-07-01 05:58:32+00:00,Man jailed for forging retrenchment letter to cheat MSF into disbursing Covid-19 Support Grant https://t.co/eRon7WT3tQ,1410477904744513539,straits_times,['http://www.straitstimes.com/singapore/courts-crime/man-jailed-for-forging-retrenchment-letter-to-cheat-msf-into-disbursing-covid?utm_source=twitter&utm_medium=social-organic&utm_keyword=dlvr.it'],http://www.straitstimes.com/singapore/courts-crime/man-jailed-for-forging-retrenchment-letter-to-cheat-msf-into-disbursing-covid?utm_source=twitter&utm_medium=social-organic&utm_keyword=dlvr.it,['https://t.co/eRon7WT3tQ'],https://t.co/eRon7WT3tQ
6,https://twitter.com/JustDreamson/status/1401540480051994627,2021-06-06 14:04:24+00:00,How prepared are OFW's when retrenchment comes? https://t.co/8In1Q8GXOq,1401540480051994627,JustDreamson,['https://youtu.be/BHSsmxMpFaE'],https://youtu.be/BHSsmxMpFaE,['https://t.co/8In1Q8GXOq'],https://t.co/8In1Q8GXOq
7,https://twitter.com/keyvinqiu/status/1400135718685396999,2021-06-02 17:02:23+00:00,"covid causing retrenchment , businesses shutting down

billie eilish : “but you got no job”",1400135718685396999,keyvinqiu,[],,[],
8,https://twitter.com/MeesamS/status/1350373199557529601,2021-01-16 09:23:54+00:00,"And worst come to worst, retrenchment lg mcm pkp1.0. Serammm",1350373199557529601,MeesamS,[],,[],
