,url,date,content,id,username,outlinks,outlinksss,tcooutlinks,tcooutlinksss
0,https://twitter.com/velorunsdeworld/status/1329562635101110272,2020-11-19 23:10:08+00:00,"@andreasharsono My dad, 70s received Jerinx’s IG post over WhatsApp, &amp; people like him swallowing His Hoaxes, influencing his fans &amp; elderly to deny Covid19. Ignore protocol, It’s not about democracy you preached about, Indo fatality rate is the highest in SEA, he’s threatening public health.. l",1329562635101110272,velorunsdeworld,[],,[],
1,https://twitter.com/velorunsdeworld/status/1329297652756869120,2020-11-19 05:37:12+00:00,"@okkymadasari Postingan Jerinx itu tersebar di WhatsApp, ttg konspirasi, kebencian ke Nakes.. menangani pandemi ini butuh Indonesia United sperti #SGunited ,tanpa peran semua dari kita pandemi gak kelar, damage semakin parah, high fatality rate. Karna lemahnya Hukum, Jerinx demo anti masker lo",1329297652756869120,velorunsdeworld,[],,[],
2,https://twitter.com/velorunsdeworld/status/1325055642327937024,2020-11-07 12:40:58+00:00,"@kawalnegeri Si Jerinx berkiblat ke barat, Padahal yg sukses mengcontain virus itu negara di Timur, Singapore, Vietnam &amp; Taiwan. Di Taiwan, masker wajib .. dia malah menyebarkan link di Eropa Yang gak pakai masker. Hasilnya; high fatality rate, second wave &amp; lockdown lagi, ekonomi hancur",1325055642327937024,velorunsdeworld,[],,[],
3,https://twitter.com/velorunsdeworld/status/1324599958884872193,2020-11-06 06:30:14+00:00,"@fajarnugros @kumparan Siapa bilang Jerinx tidak melukai siapapun, orang seperti Jerinx ini yg Followernya 1 juta bikin pandemi Susah berakhir, resesi &amp; fatality rate tinggi https://t.co/vgQDnCoirq",1324599958884872193,velorunsdeworld,['http://heymusafir.com/jerinx-layak-di-penjara/'],http://heymusafir.com/jerinx-layak-di-penjara/,['https://t.co/vgQDnCoirq'],https://t.co/vgQDnCoirq
4,https://twitter.com/velorunsdeworld/status/1324574149860237312,2020-11-06 04:47:41+00:00,"@leoranger382 @DivHumas_Polri @PBIDI @WHO Ini bahaya Jerinx &amp; kenapa orang2 seperti Jerinx dipenjara dulu, pengikutnya banyak yg kemakan kebodohannya. Ornag seperti Jerinx ini yg bikin fatality rate di Indonesia tertinggi di region, resesi berdekade https://t.co/Jp6ApDxwqh",1324574149860237312,velorunsdeworld,['http://heymusafir.com/jerinx-layak-di-penjara/?fbclid=IwAR0G-s6T9V-iXmyQMK6df6UL6rZEgW9L2f6yThDdtN_JeIkLyzTz3vpijpI'],http://heymusafir.com/jerinx-layak-di-penjara/?fbclid=IwAR0G-s6T9V-iXmyQMK6df6UL6rZEgW9L2f6yThDdtN_JeIkLyzTz3vpijpI,['https://t.co/Jp6ApDxwqh'],https://t.co/Jp6ApDxwqh
5,https://twitter.com/velorunsdeworld/status/1324330362672082946,2020-11-05 12:38:57+00:00,"@iwanpiliang7 @didiklpambudi @VLAMINORA Jerinx ini layak dipenjara 3 tahun, jadi dia bisa merefleksi.. &amp; gak gencar menyebarkan kebodohan Konspirasi yg berbahaya di Indonesia.. fatality rate di Indonesia tertinggi di Asia Tenggara. Para dokter juga meninggal .. biasakan berpikir dengan logika bukan dengan perasaan",1324330362672082946,velorunsdeworld,[],,[],
6,https://twitter.com/ainunnajib/status/1296781925214875648,2020-08-21 12:11:18+00:00,"1 million infections is a fair estimate, given that the deaths including untested suspects (PDP) are &gt; 10,000 and the established infection fatality rate (IFR) worldwide is less than 1%. Thus 1M is really a conservative estimate.

This begs a question of whether 🇮🇩 is in denial. https://t.co/4bLNOVrGQ6",1296781925214875648,ainunnajib,['https://twitter.com/jamesmassola/status/1296691405901795331'],https://twitter.com/jamesmassola/status/1296691405901795331,['https://t.co/4bLNOVrGQ6'],https://t.co/4bLNOVrGQ6
7,https://twitter.com/vanguy79/status/1290611504782249984,2020-08-04 11:32:15+00:00,"@FromTheRough @axios @jonathanvswan 1-fatalities/cases only tells you how deadly this particular strain of Covid virus is in the USA. 
2- If you use fatality/case, fatality rate would be higher in Europe as the kill rate of the virus did not change but infected cases is decreased as Europe slows speed of infection",1290611504782249984,vanguy79,[],,[],
8,https://twitter.com/ESchoonbrood/status/1247492424328331269,2020-04-07 11:52:25+00:00,@JMatheus001 @ArmandVervaeck @Jelle290985 En in Wallonië zijn er dan weer labo's (Luik?) die het aantal besmette cases maar eens om de zoveel dagen doorgeven. Dus meer doden over minder cases geeft een totaal scheefgetrokken case fatality rate. Moet niet makkelijk zijn om zo correcte conclusies te trekken. #failedstate,1247492424328331269,ESchoonbrood,[],,[],
9,https://twitter.com/taqinfatsun/status/1240505756429873152,2020-03-19 05:09:54+00:00,Kemaren adem ayem pede Corona gak akan datang ke Indonesia yang mana negara-negara lain udah sibuk buat preventif Corona. Tapi sekarang faktanya Indonesia punya fatality rate corona paling tinggi diantara negara asean lain. Kan pikiran anda kan cuma ekonomi ekonomi😭 https://t.co/bI7oU8YeJj,1240505756429873152,taqinfatsun,[],,[],
10,https://twitter.com/chandrakumar/status/1237909464977567745,2020-03-12 01:13:10+00:00,"Early guesstimates, made before data were widely available, suggested that the fatality rate for the coronavirus might wind up being about 1 percent. If that guess proves true, the coronavirus is 10 times as deadly as the flu. https://t.co/IhU6ocwosL",1237909464977567745,chandrakumar,['https://amp.theatlantic.com/amp/article/607675/'],https://amp.theatlantic.com/amp/article/607675/,['https://t.co/IhU6ocwosL'],https://t.co/IhU6ocwosL
11,https://twitter.com/9d9m/status/1236478771437260800,2020-03-08 02:28:06+00:00,"What worries me is that how the virus even though the fatality rate is low than Sars, spreads rapidly thruout the entire world. 
#COVID19",1236478771437260800,9d9m,[],,[],
12,https://twitter.com/tulunsokit/status/1221095145879134209,2020-01-25 15:39:04+00:00,"@ChristosArgyrop @DrDanMO The same paper also said that only 5.1% of patients were identified. We know it potentially can spread but it seems like droplet spread. 
Case fatality rate on INITIAL estimates was 4%. It's probably much lower if a huge population is asymptomatic. That thread was irresponsible",1221095145879134209,tulunsokit,[],,[],
13,https://twitter.com/tulunsokit/status/1220857263323136000,2020-01-24 23:53:48+00:00,R0 of 3.6 to 4.0 is scary. I hope it's an overestimation. However the estimation that only 5.1% of cases are detected probably means the case fatality rate is much lower https://t.co/6P1knq0vMY,1220857263323136000,tulunsokit,['https://twitter.com/DrToniHo/status/1220715255803846656'],https://twitter.com/DrToniHo/status/1220715255803846656,['https://t.co/6P1knq0vMY'],https://t.co/6P1knq0vMY
