,url,date,content,id,username,outlinks,outlinksss,tcooutlinks,tcooutlinksss
0,https://twitter.com/kavyaj93/status/1412355546192121862,2021-07-06 10:19:37+00:00,"@bhogleharsha Referring to a virus / its variant by its country of origin is detrimental to the people residing in those countries - it increases stigma against them, including us Indians

Why must we subject people to more hatred and racism when there are alternate scientific terms available?",1412355546192121862,kavyaj93,[],,[],
1,https://twitter.com/xxxesallice/status/1411681151731716101,2021-07-04 13:39:48+00:00,@reinjooniie Hehehheheeh sudah stigma yg melekat di masyarakat wkwkwk,1411681151731716101,xxxesallice,[],,[],
2,https://twitter.com/boeyRetard/status/1411552500872712197,2021-07-04 05:08:36+00:00,"Wow, listening to V's Stigma is like watching Jung Wheein dance sensually.

This guy. That girl. I can't. They get on my nerves differently. Sweet annoying kind of nerve.",1411552500872712197,boeyRetard,[],,[],
3,https://twitter.com/mohdazim45/status/1411529756906975233,2021-07-04 03:38:13+00:00,"@kusyuk @HilalAsyraf dalam kalangan orang kita, minta maaf cakap benda ini kira tabu. Pada orang gini, ini aib. Padahal, benda sebegini kena cakap agar dapat bantu permasalahan. Kita dibelenggu stigma &amp; falasi palsu tentang ini terlalu lama sampai banyak nyawa melayang",1411529756906975233,mohdazim45,[],,[],
4,https://twitter.com/mezzaninelover/status/1411329654464466946,2021-07-03 14:23:05+00:00,toxic masculinity cultivated by dismissal of men’s mental health + stigma against men getting help for their MH struggles hurts EVERYONE. it’s litchrally one of the root causes of all our daddy issues babes…. 🤡 https://t.co/u3d9T5Z55z,1411329654464466946,mezzaninelover,['https://twitter.com/dangpankoozie/status/1411325726553370629'],https://twitter.com/dangpankoozie/status/1411325726553370629,['https://t.co/u3d9T5Z55z'],https://t.co/u3d9T5Z55z
5,https://twitter.com/SpionaseNKRI/status/1411264476175736833,2021-07-03 10:04:05+00:00,"@susipudjiastuti Harusnya pemerintah memberikan sanksi yg keras biar jadi pembelajaran buat yang lain!

Kalo yg begini tidak diberi sanksi, akan ada stigma yg beredar liar di masyarakat!

https://t.co/1IU4M0e31K",1411264476175736833,SpionaseNKRI,['https://twitter.com/susipudjiastuti/status/1411256802210054147?s=19'],https://twitter.com/susipudjiastuti/status/1411256802210054147?s=19,['https://t.co/1IU4M0e31K'],https://t.co/1IU4M0e31K
6,https://twitter.com/AChVoice/status/1410889598755082242,2021-07-02 09:14:28+00:00,"[Issue 272] The Steep #Stigma of Taking #Painkillers Only as a ‘Last Resort’ &amp; Can One be ‘Brave’ in the Face of #ChronicPain, When There Isn’t a Choice?: https://t.co/q8Z7NrspoO #awareness #spoonies",1410889598755082242,AChVoice,['https://buff.ly/2SNhxRC'],https://buff.ly/2SNhxRC,['https://t.co/q8Z7NrspoO'],https://t.co/q8Z7NrspoO
7,https://twitter.com/LunnaMindarraa/status/1410550737801678850,2021-07-01 10:47:57+00:00,Stigma sama Singularity bisa kali dek 😭😭😭,1410550737801678850,LunnaMindarraa,[],,[],
8,https://twitter.com/simeiguy/status/1410419952725594115,2021-07-01 02:08:15+00:00,"Thank you to everyone that have been given me the support, trust and motivation in continuing to spread this awareness.
Let's talk about it more and make it like a norm so as our PLHIV friends can lived without stigma..",1410419952725594115,simeiguy,[],,[],
9,https://twitter.com/simeiguy/status/1410216934239477767,2021-06-30 12:41:32+00:00,@Hazman361 Thank you for kind words and motivation. I'm just doing the least that I could so we can do our part to lessen the stigma and make people understand about HIV. It's not like we want this to happen to us but it happened. So we should not treat PLHIV differently.,1410216934239477767,simeiguy,[],,[],
10,https://twitter.com/ATrez/status/1408403371996897281,2021-06-25 12:35:05+00:00,"Untuk negara dan juga kawan,
Sedia menunaikan segala kewajiban
Dua sahabat bersatu melawan,
Membanteras stigma demi masa depan @ Singapore https://t.co/EHJY9ddgqI",1408403371996897281,ATrez,['https://www.instagram.com/p/CQixkDulwWT/?utm_medium=twitter'],https://www.instagram.com/p/CQixkDulwWT/?utm_medium=twitter,['https://t.co/EHJY9ddgqI'],https://t.co/EHJY9ddgqI
11,https://twitter.com/randomrobin/status/1406233647846334465,2021-06-19 12:53:22+00:00,"My friend Shalini is doing brave, bold work to break the stigma around mental health and suicide by sharing her story. I am so proud of her. She is one of the firecest people I know. https://t.co/NMCevYyWL0",1406233647846334465,randomrobin,['https://twitter.com/ShaliniTuscano/status/1405711762775851014'],https://twitter.com/ShaliniTuscano/status/1405711762775851014,['https://t.co/NMCevYyWL0'],https://t.co/NMCevYyWL0
12,https://twitter.com/AndreW192808/status/1402960443342155784,2021-06-10 12:06:50+00:00,"@PemudaPeduliHIV Teruslah mencari referensi² yg tepat untuk bisa dijadikan sebagai bahan advokasi ketidakadilan...
Berikut ini contoh kampanye anti stigma terhadap ODHIV...
Silahkan disimak.. https://t.co/rxYKLVhQFn",1402960443342155784,AndreW192808,[],,[],
13,https://twitter.com/Poyie10/status/1391568545511731201,2021-05-10 01:39:30+00:00,"@leys_ash @Niobe71696557 @BTS_twt Stigma

🔑 BUTTEREADY ON BBMAS

#FaveChoreography #iHeartAwards #Dynamite (@BTS_twt)",1391568545511731201,Poyie10,[],,[],
14,https://twitter.com/lenatikah/status/1383444445752819714,2021-04-17 15:37:13+00:00,1 cons orang jenis senyum dekat luar ni and nampak happy mcm takde masalah adalah ada stigma yg kena hadap orang fikir mcm kita takde masalah lansung. Orang pertikaikan masalah yg kita hadapi pun ada. Penat tau jumpa orang mcm ni.,1383444445752819714,lenatikah,[],,[],
15,https://twitter.com/yogatirta/status/1379403798293135363,2021-04-06 12:01:08+00:00,"@namakugracia tapi gak bisa di pungkiri stigma nya kalo psikiater rujukan nya orang gila / stress..
kita nya aja sih yg kudu kuat mental ngadepin stigma..",1379403798293135363,yogatirta,[],,[],
16,https://twitter.com/yogatirta/status/1379402794613014528,2021-04-06 11:57:08+00:00,@namakugracia itu karena stigma aja...orang berstigma kalo ke psikiater berarti gila..dahal kan gak selalu orang waras aja yg ke psikiater..,1379402794613014528,yogatirta,[],,[],
17,https://twitter.com/Fadzly892/status/1364086701543411716,2021-02-23 05:36:27+00:00,"👍👍👍 for Staf STI Klinik Kesihatan Mahmoodiah JB..
Diaorg mmg friendly &amp; helpful..no stigma to others..
So xde alasan ye utk korg xnk or segan nk aware ttg status diri..
Mehla set appointment &amp; attend test disini..❤ https://t.co/OLWlCEvBIk",1364086701543411716,Fadzly892,[],,[],
18,https://twitter.com/rosaleadam/status/1352530111514304513,2021-01-22 08:14:42+00:00,Allahu sedihnya baca. Bercampur baur perasaan bila baca. Rasa nak maki pun ada. Bila la kita boleh hentikan stigma orang yg sakit mental tu gila. Allahu. Semoga semua penghidap mental illness terus berjuang!!! https://t.co/Li8vhWLAQ7,1352530111514304513,rosaleadam,['https://twitter.com/fatihwho_/status/1352497657927766016'],https://twitter.com/fatihwho_/status/1352497657927766016,['https://t.co/Li8vhWLAQ7'],https://t.co/Li8vhWLAQ7
19,https://twitter.com/ItsJustHadi/status/1351911452571963392,2021-01-20 15:16:22+00:00,This is why there’s a stigma around the minority community 🤷🏻‍♂️,1351911452571963392,ItsJustHadi,[],,[],
20,https://twitter.com/EncekSiputEnsem/status/1348839558243262467,2021-01-12 03:49:45+00:00,"@norazambudin Noted. Stigma org kita bila dgr perkataan DARURAT semua panik x tentu pasal. 
Bagus tindakan ni..at least kurangkn kes covid 19 tanpa campurtangan ahli politik yg gila kuasa.",1348839558243262467,EncekSiputEnsem,[],,[],
21,https://twitter.com/yatttt__/status/1347166115735113732,2021-01-07 13:00:05+00:00,Mungkin cara peyampaian doktor tersebut nampak begitu tebal stigma didalam setiap baris perkataan. Sekaligus ia boleh membuat sebahagian yang membaca cicipannya salah faham. Serta ia boleh membuat penghidap HIV terkesan dengan cicipan tersebut. T,1347166115735113732,yatttt__,[],,[],
