,url,date,content,id,username,outlinks,outlinksss,tcooutlinks,tcooutlinksss
0,https://twitter.com/FebrianaaTina/status/1343738848577130499,2020-12-29 02:01:21+00:00,Sometimes we still get reminded of ppl/things who’s caused trauma &amp; its not nice feeling. But we gotta moving forward &amp; tell ourselves nothing can stop us anymore 💕,1343738848577130499,FebrianaaTina,[],,[],
1,https://twitter.com/faiz_salleh/status/1343092497090633728,2020-12-27 07:12:59+00:00,@muhdnaqibr Lama sgt kena kuarantin tu dia jdi trauma tu qib hahaha,1343092497090633728,faiz_salleh,[],,[],
2,https://twitter.com/pauriahcarey/status/1342635244130693120,2020-12-26 00:56:01+00:00,choir was fun for me but choral trauma truly never leaves you uwu,1342635244130693120,pauriahcarey,[],,[],
3,https://twitter.com/benoeffee/status/1342375913346932736,2020-12-25 07:45:32+00:00,"Nah setelah itu, 3 orang user panik kan..
""Mas nya duduk dulu aja""
""Mas, tadi udah di kasih air kan?""
""Kejadian nya gimana mas""

Gua enjoy enjoy aja, shock di awal tapi gak trauma.. beuh mantep lah pengalamannya.. anggep aja oleh oleh dari sini..",1342375913346932736,benoeffee,[],,[],
4,https://twitter.com/alfannyra/status/1341765699643928577,2020-12-23 15:20:46+00:00,"sama sama punya trauma, sama sama saling menyembuhkan",1341765699643928577,alfannyra,[],,[],
5,https://twitter.com/nurfadlin_/status/1340221224589295618,2020-12-19 09:03:34+00:00,memilih sakit daripada bahagia kerana trauma dengan masa silam yang lebih membahagiakan dari masa akan datang yang bukan tentu bahagia,1340221224589295618,nurfadlin_,[],,[],
6,https://twitter.com/Ulfamaulidini17/status/1339855305773965313,2020-12-18 08:49:32+00:00,"Bukan sok jual mahal apalagi sok cantik juga,tp aku punya trauma di sakiti laki lokal . Ya walaupun gak semuanya sama,tpi circle hidupku seperti ini .",1339855305773965313,Ulfamaulidini17,[],,[],
7,https://twitter.com/gojouwaifuu/status/1338848492131762177,2020-12-15 14:08:49+00:00,It became my new trauma....,1338848492131762177,gojouwaifuu,[],,[],
8,https://twitter.com/AaraAdnan/status/1338744027881979906,2020-12-15 07:13:43+00:00,@EllyShafienaz Iya sis. Saya bersalin normal. Baru balik rumah. Orang da tanya nak tambah adik lagi tak. Memang saya jawab TAK la. Tengah sakit kot. Saya pulak morning sickness dari awal sampai nak bersalin. Memang trauma sikit la.,1338744027881979906,AaraAdnan,[],,[],
9,https://twitter.com/GuwopIndustries/status/1337249261335896069,2020-12-11 04:14:03+00:00,my fathers side of the family (including my dad) all one kind sia the trauma and problems idk pass down from how many generations,1337249261335896069,GuwopIndustries,[],,[],
10,https://twitter.com/adernny/status/1336878239621386241,2020-12-10 03:39:44+00:00,Oh god the trauma https://t.co/iPuzHUT76n,1336878239621386241,adernny,['https://twitter.com/Shxhryar/status/1336712914749763584'],https://twitter.com/Shxhryar/status/1336712914749763584,['https://t.co/iPuzHUT76n'],https://t.co/iPuzHUT76n
11,https://twitter.com/_koushoku/status/1336540572606058496,2020-12-09 05:17:58+00:00,my daily struggle is whether or not to take my anti depressants and be emotionally numb the whole day or be suicidal with a chance of laughing at my trauma,1336540572606058496,_koushoku,[],,[],
12,https://twitter.com/kidalhandal/status/1336457673890381824,2020-12-08 23:48:34+00:00,Budak trauma terperangkap dalam kereta.. 😹 https://t.co/kVeTbZJc6l,1336457673890381824,kidalhandal,[],,[],
13,https://twitter.com/UcupCarrick/status/1335301220253069312,2020-12-05 19:13:14+00:00,Agak trauma ama free kick kayak gitu...apalagi pas de gea yang main...untung deano bagus reaksinya,1335301220253069312,UcupCarrick,[],,[],
14,https://twitter.com/umairahshmsuri/status/1333820686431776770,2020-12-01 17:10:07+00:00,"@ShahlinJ Dengar je dah seram, confirm trauma. Macam mana dia boleh terpedaya dengan pujuk rayu konon kata sayang jealousy apa kejadah semua tu weh 😭",1333820686431776770,umairahshmsuri,[],,[],
15,https://twitter.com/hafizij92/status/1333751264501395457,2020-12-01 12:34:16+00:00,@ERAdotje trauma..tpi insyallah klw ad..adlah 🙈,1333751264501395457,hafizij92,[],,[],
16,https://twitter.com/unitedwomen_sg/status/1333350781026668545,2020-11-30 10:02:53+00:00,3. Tech-facilitated violence is a serious offence as it causes the victims lasting harm and trauma. Find out more below:  #ViolenceAgainstWomen #OrangeTheWorld #WomenSupportingWomen https://t.co/0alI31x7Hb,1333350781026668545,unitedwomen_sg,[],,[],
17,https://twitter.com/mirashafiee/status/1332924308646023168,2020-11-29 05:48:14+00:00,"yes it’s not easy! it took courage tau sebab bila buat report, polis akan tanya macam macam yang akan buat kita ingat balik kejadian tu and it can lead to trauma. plus, kadang kadang ada je polis mulut jahat yang salahkan victim yang buat victim rasa makin pressure bila report https://t.co/sDNojmwHOR",1332924308646023168,mirashafiee,['https://twitter.com/mimierhmn/status/1331142884867809280'],https://twitter.com/mimierhmn/status/1331142884867809280,['https://t.co/sDNojmwHOR'],https://t.co/sDNojmwHOR
18,https://twitter.com/GrithaF/status/1332565375498686464,2020-11-28 06:01:58+00:00,@Dennysiregar7 Jadi ingat teman sekampung pedagang cengkih tenga malam di hadang 3 laki bersenjata semua ngak bisa ngomo Indonesia .. Untung ngak di tembak cuma di rampok uang doang ...sejak itu mereka trauma ke sana .,1332565375498686464,GrithaF,[],,[],
19,https://twitter.com/nehaxrai/status/1332534457983664129,2020-11-28 03:59:06+00:00,another trauma,1332534457983664129,nehaxrai,[],,[],
20,https://twitter.com/Am_Mirul_Syafiq/status/1332168600967204865,2020-11-27 03:45:19+00:00,@hiddenmnky I deal with my childhood trauma not through a video social media,1332168600967204865,Am_Mirul_Syafiq,[],,[],
21,https://twitter.com/zaihanisme/status/1331997571636621313,2020-11-26 16:25:43+00:00,"@ginger_manis @ahmadhafzz @AbangDen2013 @notorioustapir @humaizierahman @aripfredo You get it, akak. These men? Telling people how to deal with their trauma? They never will understand.",1331997571636621313,zaihanisme,[],,[],
22,https://twitter.com/_waRaoul/status/1331825665046323200,2020-11-26 05:02:37+00:00,"Peninglah, buat report trauma. Viral tak trauma hahaha",1331825665046323200,_waRaoul,[],,[],
23,https://twitter.com/iqwoo/status/1331124982315773952,2020-11-24 06:38:21+00:00,Abandonment Trauma,1331124982315773952,iqwoo,[],,[],
24,https://twitter.com/bavrara/status/1329235859548237824,2020-11-19 01:31:39+00:00,Are we using humour to cope with this trauma now https://t.co/ZT21BxjXui,1329235859548237824,bavrara,['https://twitter.com/badgirIkiki/status/1328769407506591744'],https://twitter.com/badgirIkiki/status/1328769407506591744,['https://t.co/ZT21BxjXui'],https://t.co/ZT21BxjXui
25,https://twitter.com/anerqvolatile/status/1329106896654008320,2020-11-18 16:59:12+00:00,Trauma betul aku tengok dent dekat main camera org lain. Esok g pasang protector camera belakang terus,1329106896654008320,anerqvolatile,[],,[],
26,https://twitter.com/dyllalala/status/1328327529569021953,2020-11-16 13:22:16+00:00,Utopia Trauma. https://t.co/PN9OioTA1y,1328327529569021953,dyllalala,['https://twitter.com/rabaklit/status/1327967576673067008'],https://twitter.com/rabaklit/status/1327967576673067008,['https://t.co/PN9OioTA1y'],https://t.co/PN9OioTA1y
27,https://twitter.com/nxrxtxkxh_/status/1327633502917988353,2020-11-14 15:24:27+00:00,Aku trauma serius. So tolonglah. Aku tak harap pon ampa paham apa aku lalui. Just jangan tanya pasai parut aku ni ja. Sekian.,1327633502917988353,nxrxtxkxh_,[],,[],
28,https://twitter.com/izzahafrinamohd/status/1327557277264461825,2020-11-14 10:21:34+00:00,"pasni kalau nak ajak keluar, amik sis ya. aku takkan bawak kete dah👍🏻 trauma is benar 👍🏻",1327557277264461825,izzahafrinamohd,[],,[],
29,https://twitter.com/izzahafrinamohd/status/1327549061239504896,2020-11-14 09:48:55+00:00,ytjt trauma nak bawak kete pasni suruh bapak aku je hantar ☝🏻,1327549061239504896,izzahafrinamohd,[],,[],
30,https://twitter.com/amirulhakimja/status/1327516984708218881,2020-11-14 07:41:27+00:00,“Learning my partner’s trauma is my love language”,1327516984708218881,amirulhakimja,[],,[],
31,https://twitter.com/annenajihah_/status/1326455845891182593,2020-11-11 09:24:52+00:00,Hmmmmmm trauma la dgn org pahang ni. Skskksksks https://t.co/WGp5u0j6zG,1326455845891182593,annenajihah_,['https://twitter.com/AdDien90/status/1326450218544500736'],https://twitter.com/AdDien90/status/1326450218544500736,['https://t.co/WGp5u0j6zG'],https://t.co/WGp5u0j6zG
32,https://twitter.com/Atiqahudaa_/status/1326345007373021184,2020-11-11 02:04:26+00:00,thanks to kakashi I know what it is the ptsd trauma &amp; i get an idea to write abt it on my essay😆,1326345007373021184,Atiqahudaa_,[],,[],
33,https://twitter.com/berman_girsang/status/1325457220062998530,2020-11-08 15:16:41+00:00,suara yg buat trauma... sound 'Radar Alarm',1325457220062998530,berman_girsang,[],,[],
34,https://twitter.com/Diahzqh/status/1324935504429674497,2020-11-07 04:43:35+00:00,"That's is how trauma make me, and I'm sorry if I hurt anyone along this journey",1324935504429674497,Diahzqh,[],,[],
35,https://twitter.com/dilibrary/status/1324340012188495872,2020-11-05 13:17:18+00:00,"Ternyata nggak hilang trauma masa kecil karena pernah di bentak-bentak. Sampai detik ini pun kalo suami emosinya lg ga stabil, capek, lelah, pusing terus tiba2 ngebentak tetep aja langsung detik itu juga mau nangis. Ditahan sakit, ga ditahan merasa lemah. 😔",1324340012188495872,dilibrary,[],,[],
36,https://twitter.com/PromkesKota/status/1324295388216487937,2020-11-05 10:19:59+00:00,Basic Trauma Cardiac Life Support (BTCLS) https://t.co/ji95QvTvGZ,1324295388216487937,PromkesKota,[],,[],
37,https://twitter.com/KevinBagas7/status/1324048459880562688,2020-11-04 17:58:47+00:00,"@pandaxxpandaxx @YBRAP u kagak trauma bang, nnti yang ada nmor u yang kesebar lg , for free wwkwk",1324048459880562688,KevinBagas7,[],,[],
38,https://twitter.com/Khaiirullchand1/status/1323277192499847168,2020-11-02 14:54:02+00:00,Jangan membawa trauma masalalu ke yang baru,1323277192499847168,Khaiirullchand1,[],,[],
39,https://twitter.com/ctajamohdtaha/status/1323067880271835137,2020-11-02 01:02:18+00:00,"@SyazaSalman Cter mnde wan, org x nk tgk lah, tkut trauma nt hahahaha, tringat perjalan2 time buat research diselangi pergaduhan2 mnja 😂",1323067880271835137,ctajamohdtaha,[],,[],
40,https://twitter.com/LeChandra29/status/1322883160229650432,2020-11-01 12:48:18+00:00,"Setelah kucing ku mati, trauma mau melihara lagi dan gak punya waktu juga, tapi masih sering beli mknan kucing, untuk ngasih makan kucing2 tetangga yg sering main kerumah",1322883160229650432,LeChandra29,[],,[],
41,https://twitter.com/NizanPhotoShoot/status/1322380886722121729,2020-10-31 03:32:26+00:00,Ngeee (@ Jabatan Kecemasan &amp; Trauma in Johor Bahru) https://t.co/x0YdhFglbE,1322380886722121729,NizanPhotoShoot,['https://www.swarmapp.com/c/hYRDYuKApAC'],https://www.swarmapp.com/c/hYRDYuKApAC,['https://t.co/x0YdhFglbE'],https://t.co/x0YdhFglbE
42,https://twitter.com/yohansnuna_/status/1322047315494858758,2020-10-30 05:26:57+00:00,"@drakorfess_ Ak gayakin sm joonsoo wkwk
Soalnya dia lom sempat nyatain perasaan ma cewenya gasi tp cwe tsb pergi kluar wkwk
Lee soo udh suka lama cuma krn dia trauma aja liat klg nya makanya ga berani nyatain wkwk trs skrg baru sadar",1322047315494858758,yohansnuna_,[],,[],
43,https://twitter.com/pauseraphina/status/1320728735587266560,2020-10-26 14:07:23+00:00,"for someone who HATED coding, i sure still remember how to go about understanding and doing it quite swimmingly 

i guess trauma really does leave unwarranted memories in your head",1320728735587266560,pauseraphina,[],,[],
44,https://twitter.com/NurulNaziefa_/status/1320265730097491969,2020-10-25 07:27:34+00:00,"And aku trauma sebab pernah kena, konon nak guna pencuci. Sekali, sampai ke hospital aku 😐 https://t.co/uhYt1AUJa7",1320265730097491969,NurulNaziefa_,['https://twitter.com/muhammadeizat/status/1320263956141797378'],https://twitter.com/muhammadeizat/status/1320263956141797378,['https://t.co/uhYt1AUJa7'],https://t.co/uhYt1AUJa7
45,https://twitter.com/ericmydier/status/1319403682673299456,2020-10-22 22:22:05+00:00,good morning fantastic performance @SpursOfficial i'll take this win to slowly get over the trauma,1319403682673299456,ericmydier,[],,[],
46,https://twitter.com/JKannanR/status/1318735787555311616,2020-10-21 02:08:07+00:00,"Warning: Gruesome &amp; Gore

The snake suffered a bad ‘avulsion’ on the right side of its face that destroyed its eye, and potentially parts of its skull. 
The lower body also looked to have suffered blunt trauma; perhaps it was trodden on during the grass-cutting. https://t.co/zKtMRsUza0",1318735787555311616,JKannanR,[],,[],
47,https://twitter.com/najamboo/status/1317519945828163585,2020-10-17 17:36:48+00:00,@farisbrock_ Hahaha okay tq. Bukan apa trauma tu kena gigit charlie,1317519945828163585,najamboo,[],,[],
48,https://twitter.com/faizolshamrie/status/1315844597730308096,2020-10-13 02:39:33+00:00,"Asal la bila ada laki datang dekat meja aku pastu ajak sembang ja, ak ingat dorang ni gay. Trauma ke hape tak tahula",1315844597730308096,faizolshamrie,[],,[],
49,https://twitter.com/theatkh_/status/1315665714666041344,2020-10-12 14:48:44+00:00,😭 trauma budak kecik tu. Sial betul https://t.co/ACWLspLEHh,1315665714666041344,theatkh_,['https://twitter.com/_Seriouslyika/status/1315476422736060417'],https://twitter.com/_Seriouslyika/status/1315476422736060417,['https://t.co/ACWLspLEHh'],https://t.co/ACWLspLEHh
50,https://twitter.com/nazura93/status/1315141167588102144,2020-10-11 04:04:23+00:00,Trauma bawak kereta bilamana kereta yg aku drive pernah berpusing tgh2 jalan raya. Kau ghase? Nasib baik kereta belakang sempat elak. Memang dah tawakal teruk waktu tu.,1315141167588102144,nazura93,[],,[],
51,https://twitter.com/shddramr/status/1313853566734360576,2020-10-07 14:47:55+00:00,"Aaa now I see kenapa sakitnya lagi sakit dari kau jatuh tergesel atas hi-way. Satu tahun lebih juga nak move on . Trauma masih lagi , semua perempuan aku cakap jahatt. Sorry perempuan. https://t.co/ZFuiktqtVy",1313853566734360576,shddramr,['https://twitter.com/Fact/status/1313852835185000449'],https://twitter.com/Fact/status/1313852835185000449,['https://t.co/ZFuiktqtVy'],https://t.co/ZFuiktqtVy
52,https://twitter.com/UcupCarrick/status/1312519687742185472,2020-10-03 22:27:33+00:00,"Gak terlalu antusias ama transfer Cavani...masih lumayan trauma ama semisal Di Maria, Falcao, Sanchez...
Tapi semoga kali ini beda...",1312519687742185472,UcupCarrick,[],,[],
53,https://twitter.com/syooooooo__/status/1311175669687050240,2020-09-30 05:26:54+00:00,@meshazwani Same 😢 rasa dia macam entah ek. Aku jadi trauma dah nak try ice cream flavor oreo pahtu hahaha,1311175669687050240,syooooooo__,[],,[],
54,https://twitter.com/UcupCarrick/status/1309851993087729667,2020-09-26 13:47:05+00:00,Meski dia gak cepat kayak awal gabung ya om...dan rada trauma mau duel... https://t.co/z3hpK2rLFO,1309851993087729667,UcupCarrick,['https://twitter.com/Craze_26/status/1309851243108474880'],https://twitter.com/Craze_26/status/1309851243108474880,['https://t.co/z3hpK2rLFO'],https://t.co/z3hpK2rLFO
55,https://twitter.com/ThePanicRoom_SG/status/1309331631044472832,2020-09-25 03:19:21+00:00,You were the most beautiful as the damage and the trauma. @babylissprouk WHITE FX now available online and at the barbershop 💈 #geylangtakeover #babylisspro @ The Panic Room SG https://t.co/H3zrD9Wx55,1309331631044472832,ThePanicRoom_SG,['https://www.instagram.com/p/CFi08tLD6rk/?igshid=1rpq5emicuxma'],https://www.instagram.com/p/CFi08tLD6rk/?igshid=1rpq5emicuxma,['https://t.co/H3zrD9Wx55'],https://t.co/H3zrD9Wx55
56,https://twitter.com/_ainnana/status/1309158447670341632,2020-09-24 15:51:11+00:00,Aku faham perasaan bila diserbu sebegini. Aku pernah kene gigit anjing walaupun masatu aku tak lari but anjing tuh yg berlari dtg dkt aku dan gigit aku. Jilake punya punya anjing dan sampai skrg aku trauma dgn anjing https://t.co/YVxWVRzBJL,1309158447670341632,_ainnana,['https://twitter.com/AkeemSharyzal/status/1309052325001035776'],https://twitter.com/AkeemSharyzal/status/1309052325001035776,['https://t.co/YVxWVRzBJL'],https://t.co/YVxWVRzBJL
57,https://twitter.com/syaz_bay/status/1308581577438277633,2020-09-23 01:38:54+00:00,@kirkripp Trauma kan tengok video tu time malam malam 😂,1308581577438277633,syaz_bay,[],,[],
58,https://twitter.com/IzzuddinSafuan/status/1307811139577720833,2020-09-20 22:37:28+00:00,@graxier Betul. Trauma tu lama jugak nak hilang tu. Tak masuk loss of income tangan patah tak boleh pergi kerja semua,1307811139577720833,IzzuddinSafuan,[],,[],
59,https://twitter.com/pauriahcarey/status/1307587056273514496,2020-09-20 07:47:02+00:00,"@kaidibing @ngyiyang @shakiraIaw Agreed on not using “shits” and “advices” and “stuffs” coz we didn’t go through the trauma of PSLE English just to let our poor teachers down, but I’m just here to defend the only exception in “shits and giggles” https://t.co/YtKZ8mzOSM",1307587056273514496,pauriahcarey,[],,[],
60,https://twitter.com/teemakhul/status/1306627422645698560,2020-09-17 16:13:48+00:00,"lagi pulak kalau dia drive dalam keadaan penat. kepala mesti melilau. aku punya trauma tak hilang lg, kau jgn nak accident pulak. aku patahkan kaki2 kau nanti",1306627422645698560,teemakhul,[],,[],
61,https://twitter.com/teemakhul/status/1306626976447307778,2020-09-17 16:12:01+00:00,"sejak amat tukar keje baru ni, asyiklah balik lambat lepas pukul 10 malam. sejak dia accident dulu tu, aku memang trauma kalau dia keje lama2 sgt ni",1306626976447307778,teemakhul,[],,[],
62,https://twitter.com/FaraJulliet/status/1306446143484616704,2020-09-17 04:13:27+00:00,Trauma dia tu sampai tachy kita dibuatnya 😔 Rasa berdebar and dalam ketakutan.,1306446143484616704,FaraJulliet,[],,[],
63,https://twitter.com/lenatikah/status/1305609156435435520,2020-09-14 20:47:34+00:00,At the same time aku trauma dgn ex aku yang kuat ayat maneh tu terasa la kebodohan tu ksksksksk apooo la belajar tinggi pun time bercinta bangang sekejap ehhhh.,1305609156435435520,lenatikah,[],,[],
64,https://twitter.com/qiskoaiko/status/1305546850234064897,2020-09-14 16:39:59+00:00,hate how ppl in my past create trauma that is almost impossible to overcome,1305546850234064897,qiskoaiko,[],,[],
65,https://twitter.com/ieja_dzulkifli/status/1305044865026199552,2020-09-13 07:25:17+00:00,Sebab urat kat tangan halus sangat jadi trauma setiap kali nak check up 🥴,1305044865026199552,ieja_dzulkifli,[],,[],
66,https://twitter.com/1337empire/status/1303738826767003650,2020-09-09 16:55:33+00:00,@iamnotmahler The whole thing is laid out REALLY beautifully and there never feels like there is any safety/comfort to be found at any parts of the movie which adds on to the whole troubling nature of trauma and stresses. Fucking good you should watch,1303738826767003650,1337empire,[],,[],
67,https://twitter.com/1337empire/status/1303738596470353921,2020-09-09 16:54:38+00:00,"@iamnotmahler I liked it a lot

It’s an understated presentation of trauma and the way every action sequence is obfuscated really adds on to the whole impact of the violent nature of the movie, like how Reservoir Dogs only had the pre and post but never the act itself",1303738596470353921,1337empire,[],,[],
68,https://twitter.com/racunberapi/status/1303675386635583488,2020-09-09 12:43:27+00:00,childhood trauma apa yang membuatmu sukses hingga saat ini?,1303675386635583488,racunberapi,[],,[],
69,https://twitter.com/Hany50587734/status/1303536822899810309,2020-09-09 03:32:51+00:00,"Trauma itu ibarat penyakit kronis yang susah dicari obatnya,💔

Jangan selalu berasumsi buruk terhadap seseorang yang kau kenal namun tak pernah kau ketahui disebalik historynya,karena kau tak pernah tau,dia selalu melawan sendiri kerasnya dunia yang hampir selalu menganiaya nya https://t.co/amX6jM53Tu",1303536822899810309,Hany50587734,[],,[],
70,https://twitter.com/Michaelfranssi1/status/1303189627025518592,2020-09-08 04:33:13+00:00,"""Boleh sakit hati,tapi jangan trauma sampai tak buka hati, karena tak semua yg hadir akan menyakiti mu kembali."" https://t.co/fG2xzMLsh7",1303189627025518592,Michaelfranssi1,[],,[],
71,https://twitter.com/DaningWahyu/status/1302583957851009029,2020-09-06 12:26:31+00:00,"Trauma? Ada.
Yang penting mulai sekarang harus bisa lebih berhati-hati lagi :)",1302583957851009029,DaningWahyu,[],,[],
72,https://twitter.com/tulunsokit/status/1298615145036357633,2020-08-26 13:35:52+00:00,Another potential source of trauma is the metal stylet tip which can cause vessel or bladder injury. It is important to ensure the tip of the stylet is flush with the tip of the tenckhoff catheter when inserting and the stylet is partially withdrawn while advancing the catheter,1298615145036357633,tulunsokit,[],,[],
73,https://twitter.com/LaurenSorkin18/status/1298493485503279104,2020-08-26 05:32:26+00:00,"Will the trauma of #COVID19 cause people to leave cities behind? What do experiences from #India, #Indonesia and across the globe tell us about what will happen in fast growing cities? Looking forward to insights from @JaganShah @wiwandari @Baker4MO tomorrow. @NIUA_India @DFID_UK https://t.co/JOllqmRylp",1298493485503279104,LaurenSorkin18,['https://twitter.com/RCitiesNetwork/status/1296961079101333505'],https://twitter.com/RCitiesNetwork/status/1296961079101333505,['https://t.co/JOllqmRylp'],https://t.co/JOllqmRylp
74,https://twitter.com/myleshie15/status/1298125572141273089,2020-08-25 05:10:29+00:00,Everyone deserves a person that can make their heart forget the trauma in the past 😍 @iiyaanx914 https://t.co/MibN9mnHKq,1298125572141273089,myleshie15,[],,[],
75,https://twitter.com/wynlim/status/1295533782598955008,2020-08-18 01:31:38+00:00,"also wish I’d learned how trauma/stress affects the body, not everyone can have the capacity to endure chronic stress and get away with it. And when people talk about trauma they don’t realise something like emotional neglect can have profound consequences on the body.",1295533782598955008,wynlim,[],,[],
76,https://twitter.com/joanleong/status/1295531881220509697,2020-08-18 01:24:04+00:00,"After a few days of recovering from the trauma of falling, am back bright and early with an upper body workout. Inclined push ups, sit ups, weights. 

Now that the skin wounds are healing along nicely (love my doctor… https://t.co/sULQKMFTxv",1295531881220509697,joanleong,['https://www.instagram.com/p/CEAxjPJH-B7/?igshid=c2gcfgudbjpe'],https://www.instagram.com/p/CEAxjPJH-B7/?igshid=c2gcfgudbjpe,['https://t.co/sULQKMFTxv'],https://t.co/sULQKMFTxv
77,https://twitter.com/wynlim/status/1295507470308085760,2020-08-17 23:47:04+00:00,"last night I woke up at 4am and was trying to get back to sleep but my brain insisted on writing an essay (on humanity, trauma, and selfishness) by thinking out non-stop coherent sentences by itself.",1295507470308085760,wynlim,[],,[],
78,https://twitter.com/a4mirziz/status/1295012742114340864,2020-08-16 15:01:12+00:00,you maybe akan affect dekat member lain yang ada trauma and past history.,1295012742114340864,a4mirziz,[],,[],
79,https://twitter.com/GrithaF/status/1294487886323003396,2020-08-15 04:15:37+00:00,"@LadyStay_Classy @Penyuka_ombak Gara gara kawan saya jatuh gini gue jadi trauma belajar ...sampai sekarang ngak tahu kayu sepeda ...kaki bengkak pamanku yg urut cuma becandai temanku ,habis ini kaki sudah pulih pasti pinter naik sepeda ..gue dengarin doang tapi ngak mau belajar.😆😆",1294487886323003396,GrithaF,[],,[],
80,https://twitter.com/racunberapi/status/1294472035821686785,2020-08-15 03:12:38+00:00,"@saj_________ Lok en rek koncoku digudo tukang sampe gatau leggingan, ga clonoan maneh i lo saking trauma e.
https://t.co/yHpUTrxUv6",1294472035821686785,racunberapi,['https://twitter.com/saj_________/status/1294169472933064705?s=19'],https://twitter.com/saj_________/status/1294169472933064705?s=19,['https://t.co/yHpUTrxUv6'],https://t.co/yHpUTrxUv6
81,https://twitter.com/FakkahFuzz/status/1294470398373855234,2020-08-15 03:06:07+00:00,"@JoakimGomez Enough love for them to have good relationships and enough trauma to make them creatives. 

Balance is key.",1294470398373855234,FakkahFuzz,[],,[],
82,https://twitter.com/Erindrayanti_06/status/1294093014160220160,2020-08-14 02:06:32+00:00,"Trauma sama yang nama nya cinta
Jadi agak takut untuk mencintai seseorang 
Takut di PHP'in ;(

Masih ragu sama cinta nya..😞😞",1294093014160220160,Erindrayanti_06,[],,[],
83,https://twitter.com/PDesiraju/status/1293928244853395457,2020-08-13 15:11:48+00:00,"@vinay9466 @sambitswaraj @ndtv How about lost lives, emotional trauma etc was inflicted by these Bangalore Muslim mob who are hinduphobic?",1293928244853395457,PDesiraju,[],,[],
84,https://twitter.com/zulaikhazoo/status/1293906008394235908,2020-08-13 13:43:26+00:00,Thankful to everyone who was worried and look after me especially bae as just end night shift and had to take grab to accompany me to the clinic. It maybe minor but I’m still trauma by it,1293906008394235908,zulaikhazoo,[],,[],
85,https://twitter.com/_ainnana/status/1293854583811272704,2020-08-13 10:19:06+00:00,@eiqaafyqah Entahlah. Aku kurang sikit skincare local ni. Mcm trauma pun ye 😣 seriau weii,1293854583811272704,_ainnana,[],,[],
86,https://twitter.com/SirBrightHeart/status/1293349009411592192,2020-08-12 00:50:07+00:00,You’re my beautiful trauma!,1293349009411592192,SirBrightHeart,[],,[],
87,https://twitter.com/controvrsaltwts/status/1293150307434692609,2020-08-11 11:40:33+00:00,People who only drink orange juice without pulp have never experienced trauma,1293150307434692609,controvrsaltwts,[],,[],
88,https://twitter.com/rahmatillah0512/status/1292618088282591237,2020-08-10 00:25:42+00:00,"#ItsOkayToNotBeOkayEP16 siapa disini yang awalnya ngerasa ni orng gatau diri bngt cuman bisa nyusahin sama egois😩tapi makin lama malah luluh sendiri 😭walau autis dan punya trauma yang nggak smua orng bisa mnghdpi nya dia malah mau brusaha untuk sembuh,sangtae oppa saranghae❤️ https://t.co/xsH1BpNwN7",1292618088282591237,rahmatillah0512,[],,[],
89,https://twitter.com/rahmatillah0512/status/1292617563088629760,2020-08-10 00:23:37+00:00,"#ItsOkayToNotBeOkayEP16 setiap orang punya trauma dan beban mental masing2 
Tergantung dia mau berusaha untuk keluar dari ketakutannya atau tetap terpuruk di lubang kelam itu selamanya 
Saat dia bilang pergi tolong peluk lebih erat,karna tidak ada orang yang bisa sendiri https://t.co/Ey9abyZ9u9",1292617563088629760,rahmatillah0512,[],,[],
90,https://twitter.com/wynlim/status/1292254502645506048,2020-08-09 00:20:57+00:00,"I think the human species has collective inter-generational trauma from the very first days when we’re made to kill each other and other animals, and everything is the result of this unprocessed trauma. How do you work against a collective cellular memory of being hunted?",1292254502645506048,wynlim,[],,[],
91,https://twitter.com/herniepotter/status/1291964928018939905,2020-08-08 05:10:17+00:00,@reneita_m its the childhood trauma tht made me be prepared 🤣😞🎻,1291964928018939905,herniepotter,[],,[],
92,https://twitter.com/shqfhfrhna/status/1291925435903696896,2020-08-08 02:33:21+00:00,"Idk y I’m still trauma nak pegi kubur, ziarah kematian, etc. Bukan taknak ikut pegi kubur abah mama. Since sakit haritu, trauma dia lain mcm",1291925435903696896,shqfhfrhna,[],,[],
93,https://twitter.com/SzhyObeKK/status/1291510107071606784,2020-08-06 23:02:59+00:00,"Dilema dan trauma gara2 nonton survival waiji.... 😂😂😂😂

WIN-MXM-YGTB
Membekas smpe skrg

Guguuuup adek2 nak debut hari ini 😭 https://t.co/APc8Bma9Lb",1291510107071606784,SzhyObeKK,['https://twitter.com/YGlSFAM/status/1291404563379978244'],https://twitter.com/YGlSFAM/status/1291404563379978244,['https://t.co/APc8Bma9Lb'],https://t.co/APc8Bma9Lb
94,https://twitter.com/ibukosmarah/status/1290578193905139712,2020-08-04 09:19:53+00:00,Ada gak si orang orang yang belum nikah tapi trauma ke pernikahan? Seperti serem gitu,1290578193905139712,ibukosmarah,[],,[],
95,https://twitter.com/nrulhdanrddin/status/1290445785272856576,2020-08-04 00:33:45+00:00,Aku jadi trauma nak tidur balik sebab literally ada ulat gonggok duk merayap atas tangan aku subuh tadi......,1290445785272856576,nrulhdanrddin,[],,[],
96,https://twitter.com/Nadelxxi/status/1290349018191507456,2020-08-03 18:09:14+00:00,"rindu shooting, rindu nk on set balik, tapi trauma dia tak boleh bawak bincang 😔",1290349018191507456,Nadelxxi,[],,[],
97,https://twitter.com/bacotdahajg/status/1288479434643664898,2020-07-29 14:20:10+00:00,"Trauma, gasukak. https://t.co/aVJXCCUKZV",1288479434643664898,bacotdahajg,['https://twitter.com/zarryhendrik/status/1288143020529840129'],https://twitter.com/zarryhendrik/status/1288143020529840129,['https://t.co/aVJXCCUKZV'],https://t.co/aVJXCCUKZV
98,https://twitter.com/jxneism/status/1288420284022710272,2020-07-29 10:25:08+00:00,Stems from years of emotional abuse and trauma. https://t.co/jBxOpgShPZ,1288420284022710272,jxneism,['https://twitter.com/syahizaq/status/1287393012188770304'],https://twitter.com/syahizaq/status/1287393012188770304,['https://t.co/jBxOpgShPZ'],https://t.co/jBxOpgShPZ
99,https://twitter.com/ftmore_/status/1288356832461742080,2020-07-29 06:13:00+00:00,"@JiaBahar Thanksss jiaaa, trauma sikit tapi inshaAllah strong 💪🏻💪🏻",1288356832461742080,ftmore_,[],,[],
100,https://twitter.com/skincaretopiamy/status/1288306137914195968,2020-07-29 02:51:33+00:00,"Sekarang semua somi yang buat. Tinggat buat dan bagi list.
Tapi kat hujung kena buat simple note “JANGAN BELI SELAIN YANG DALAM LIST”

Sebab, sis trauma. First time dia pegi beli barang dapur, almost rm600 for 3 trips . In a week. 

Sekarang, rm80, and barang untuk 2 weeks.",1288306137914195968,skincaretopiamy,[],,[],
101,https://twitter.com/nrainiamrl94/status/1288266969431433216,2020-07-29 00:15:55+00:00,Bila hujan gini. Nk drive jd trauma seh,1288266969431433216,nrainiamrl94,[],,[],
102,https://twitter.com/ftmore_/status/1288249549144948736,2020-07-28 23:06:41+00:00,"@kh4_w4 Thankss dear, trauma gak ni nak drive sorg2, inshaAllah selamat2",1288249549144948736,ftmore_,[],,[],
103,https://twitter.com/nblfdzk_/status/1287767739545694208,2020-07-27 15:12:09+00:00,"Lagi la bila tiap kali hati dia terbuka nak kenal lelaki je, lelaki yg dia kenal tu jenis makan duit perempuan . Lagi la dia trauma. Hahahaha",1287767739545694208,nblfdzk_,[],,[],
104,https://twitter.com/Darwan_/status/1287655225981931521,2020-07-27 07:45:04+00:00,DIANUGERAHILAH KELEN YANG ENGGA TRAUMA SAMA JARUM DAN DARAH😂😂😂,1287655225981931521,Darwan_,[],,[],
105,https://twitter.com/itzmeprincy/status/1287425137990668289,2020-07-26 16:30:46+00:00,"Week 3- ""Challenges""
.
Double tap 💖 if you agree to this:
▫️
Our brains are wired for connection, but trauma rewires them for protection. That’s why healthy relationships are difficult for wounded… https://t.co/YGdtymfOcI",1287425137990668289,itzmeprincy,['https://www.instagram.com/p/CDHLCBgHwOX/?igshid=jqgk1xd29eh8'],https://www.instagram.com/p/CDHLCBgHwOX/?igshid=jqgk1xd29eh8,['https://t.co/YGdtymfOcI'],https://t.co/YGdtymfOcI
106,https://twitter.com/ajib_JF/status/1286652528730374144,2020-07-24 13:20:42+00:00,"@syidi22 tiba2 ada kronologi lagi adik perempuan tu kata akak dia masih trauma smpai skrg?

mcm x kena je storyline dua2 belah pihak tu...

mcm mana smpai harini masih trauma tp lpas berlaku tu boleh bg kebenaran?
bak kata geng llaki tu siap ada surat pmpuan tu sign...",1286652528730374144,ajib_JF,[],,[],
107,https://twitter.com/farahhamizahh/status/1286605234756882432,2020-07-24 10:12:46+00:00,😭 (@ Jabatan Kecemasan &amp; Trauma in Johor Bahru) https://t.co/L7Dmc70ruM,1286605234756882432,farahhamizahh,['https://www.swarmapp.com/c/kdEtsc5gYVG'],https://www.swarmapp.com/c/kdEtsc5gYVG,['https://t.co/L7Dmc70ruM'],https://t.co/L7Dmc70ruM
108,https://twitter.com/pauriahcarey/status/1285839177381146624,2020-07-22 07:28:44+00:00,Does anyone truly recover from the trauma of being in the alto section in choir,1285839177381146624,pauriahcarey,[],,[],
109,https://twitter.com/wynlim/status/1285785846403092481,2020-07-22 03:56:49+00:00,"I will never forget the moment my therapist said, “trauma is trauma”. It was the very first time in my entire life someone did not try to dismiss the pain.",1285785846403092481,wynlim,[],,[],
110,https://twitter.com/mochimyeon_/status/1285617714669793282,2020-07-21 16:48:43+00:00,"I really wonder when I started to ship seho .... Oh god istg I wasn't into all these ships (when I first joined the fandom , I read upon a 🔞seho fic and oh God I was traumatised) never did I realised I cause the trauma upon myself after falling in love with them both ...",1285617714669793282,mochimyeon_,[],,[],
111,https://twitter.com/UchihaSasz/status/1284957815606374402,2020-07-19 21:06:31+00:00,The trauma of being a United fan awakened my Sharingan https://t.co/hbWn7ZBAym,1284957815606374402,UchihaSasz,[],,[],
112,https://twitter.com/meymeyblqs/status/1284718992087674881,2020-07-19 05:17:31+00:00,@AmirahSyafff HAHAHAHAH kecik2 dah trauma kene beduk dengan hammer,1284718992087674881,meymeyblqs,[],,[],
113,https://twitter.com/homiliai/status/1284308656771575808,2020-07-18 02:06:59+00:00,@superfinefeline Misalignment of neck due to untreated whiplash trauma from 7 years ago. Thankfully my body is responding well to treatment!,1284308656771575808,homiliai,[],,[],
114,https://twitter.com/jxneism/status/1283572390996267008,2020-07-16 01:21:20+00:00,"I think the pet name I hate the most now is dear. Istg it can literally make my skin crawl. 
And that is on trauma😉",1283572390996267008,jxneism,[],,[],
115,https://twitter.com/nblfdzk_/status/1282543397413064706,2020-07-13 05:12:29+00:00,Me too having the same reason knp dah jd trauma nak kenal org and nak kahwin. Smpai parents stress asyik suh cari jodoh. https://t.co/OMxKv7v1XJ,1282543397413064706,nblfdzk_,['https://twitter.com/twtna___/status/1282539016936513537'],https://twitter.com/twtna___/status/1282539016936513537,['https://t.co/OMxKv7v1XJ'],https://t.co/OMxKv7v1XJ
116,https://twitter.com/gunawan248/status/1281584092157378567,2020-07-10 13:40:32+00:00,@martabak2telor Itu buat trauma sama jarum 😂😂,1281584092157378567,gunawan248,[],,[],
117,https://twitter.com/meymeyblqs/status/1281313973283860480,2020-07-09 19:47:11+00:00,Budak tu keluar lif pun teragak agak nak jalan 😭 trauma teruk weh 💔 https://t.co/lVeRqFwBDN,1281313973283860480,meymeyblqs,['https://twitter.com/My_CrimeWatch/status/1281259274052620290'],https://twitter.com/My_CrimeWatch/status/1281259274052620290,['https://t.co/lVeRqFwBDN'],https://t.co/lVeRqFwBDN
118,https://twitter.com/pikangggggg/status/1281064955727343618,2020-07-09 03:17:41+00:00,"nak menangis , trauma semua ada lah :,(((",1281064955727343618,pikangggggg,[],,[],
119,https://twitter.com/KAMNAJAISWAL/status/1280300729345863680,2020-07-07 00:40:55+00:00,"@Soni_Razdan It could be because of childhood trauma, or feeling neglected due to a dominating sibling, or parents always giving you second preference over other, or getting bullied, breakup,  feeling worthless doesn't come suddenly there is always a story behind.",1280300729345863680,KAMNAJAISWAL,[],,[],
120,https://twitter.com/hazim_kobaci/status/1279948319394074624,2020-07-06 01:20:34+00:00,Singgah sini pulak (@ Jabatan Kecemasan &amp; Trauma in Johor Bahru) https://t.co/9IuGdU1RID,1279948319394074624,hazim_kobaci,['https://www.swarmapp.com/c/csl9gNo50HT'],https://www.swarmapp.com/c/csl9gNo50HT,['https://t.co/9IuGdU1RID'],https://t.co/9IuGdU1RID
121,https://twitter.com/SaufiSubari/status/1279703978972975104,2020-07-05 09:09:38+00:00,I'm at Jabatan Kecemasan &amp; Trauma in Johor Bahru https://t.co/et6kMnpBHH,1279703978972975104,SaufiSubari,['https://www.swarmapp.com/c/bmSy8SageXD'],https://www.swarmapp.com/c/bmSy8SageXD,['https://t.co/et6kMnpBHH'],https://t.co/et6kMnpBHH
122,https://twitter.com/yyyeek/status/1279644404152627201,2020-07-05 05:12:55+00:00,@toniikusuma Nah iya kan... trauma sama cowo tp ngebawa2 seluruh wanita di bumi ini 😒😒,1279644404152627201,yyyeek,[],,[],
123,https://twitter.com/welbyaltidor/status/1279638874302504962,2020-07-05 04:50:56+00:00,"@staceylnewman @FastCompany @JoeBerkowitz I would add to your well-chosen words: twisted, sublimated, distorted, and suffocated. I wonder if the current expression of cancel culture is the imperfect expression of the rising consciousness of the suppressed? Abused people often take time before waking up to the trauma.",1279638874302504962,welbyaltidor,[],,[],
124,https://twitter.com/yatttt__/status/1279424894019629057,2020-07-04 14:40:39+00:00,@hezkyboy Well... Sampai sekarang saya trauma ye...,1279424894019629057,yatttt__,[],,[],
125,https://twitter.com/Nieysa_Nuovox/status/1278655088634916865,2020-07-02 11:41:44+00:00,Ya Allah macam mana lah budak tu pinya trauma hm https://t.co/1iuMjvsDYn,1278655088634916865,Nieysa_Nuovox,['https://twitter.com/kamarul14/status/1278345792751718401'],https://twitter.com/kamarul14/status/1278345792751718401,['https://t.co/1iuMjvsDYn'],https://t.co/1iuMjvsDYn
126,https://twitter.com/natalieann_chin/status/1278359589709246464,2020-07-01 16:07:31+00:00,"Argh this just frustrates me.

It really broke my heart to see the child cry and scream with so much pain and trauma.😢💔

But seeing ppl judge the therapist without fully understanding what her job entails???

No way man. Normalise understanding both sides of the story",1278359589709246464,natalieann_chin,[],,[],
127,https://twitter.com/ratihcape/status/1278193589739126784,2020-07-01 05:07:54+00:00,"kok bisa ya masih nganut prinsip ngetes ketahanan siswanya pake cara manipulatif? efeknya gede lho, Mama sampe skrg takut bgt anaknya telat skripsian krna dulu pembimbingnya bkin trauma trus beliau blg udh g prnah liat skripsinya lg slesai itu dicetak:""",1278193589739126784,ratihcape,[],,[],
128,https://twitter.com/AmaliaPHanday/status/1277987487932129280,2020-06-30 15:28:55+00:00,"@trianovandaptr aduhh mbaa,, aku sedih liat wajah ponakanmu,, kebayang aku gmn sedih n kecewanya dia 😭😭. Pengen peluk. Kasi pengertian mba sama mamanyaa,, Kasian anaknya pasti trauma digituin.",1277987487932129280,AmaliaPHanday,[],,[],
129,https://twitter.com/RGSpore/status/1277750006720524288,2020-06-29 23:45:15+00:00,@Gladwell I listnd2d B Williams p'cast. He B tellin porky pies. It's nt lik he 4gotD sequence aftr D trauma ofan RPG attck. He jst mde it up. Whn D cam is rollin they feel like they hv2tell a gd story. Embellish at will. Chris Scheinkel Dsportscster ws a pathological liar on cam,1277750006720524288,RGSpore,[],,[],
130,https://twitter.com/naimohamad/status/1277718614821482497,2020-06-29 21:40:31+00:00,"👀 (@ Jabatan Kecemasan Dan Trauma in Johor Bahru, Johor) https://t.co/t0wmN4xGTk",1277718614821482497,naimohamad,['https://www.swarmapp.com/c/geo94PC291T'],https://www.swarmapp.com/c/geo94PC291T,['https://t.co/t0wmN4xGTk'],https://t.co/t0wmN4xGTk
131,https://twitter.com/ahmadasshraf/status/1275342947395842048,2020-06-23 08:20:28+00:00,@eliandira Mcm trauma aje 🤣,1275342947395842048,ahmadasshraf,[],,[],
132,https://twitter.com/lenatikah/status/1275055660489564161,2020-06-22 13:18:53+00:00,Terfikir bila aku sakit and nazak ada tak orang di sisi aku mcm mana kawan2 Justin and his new family besides him till the last breath. I had trauma in hospital bcz abi critical that times. I feel so numb gila.,1275055660489564161,lenatikah,[],,[],
133,https://twitter.com/NooNicah/status/1274679123051458561,2020-06-21 12:22:39+00:00,I'm at Jabatan Kecemasan &amp; Trauma in Johor Bahru https://t.co/9nvspnawET,1274679123051458561,NooNicah,['https://www.swarmapp.com/c/ildDW8IDmmt'],https://www.swarmapp.com/c/ildDW8IDmmt,['https://t.co/9nvspnawET'],https://t.co/9nvspnawET
134,https://twitter.com/KuMuhaimin7/status/1274581631756414977,2020-06-21 05:55:16+00:00,Kalau ada masalah bawak berbincang la. Lelaki ni kalau kene mmg dia trauma. Igt pompuan je ke kene tipu. Hek eleh https://t.co/ojLnlhXDk1,1274581631756414977,KuMuhaimin7,['https://twitter.com/twt_cinta/status/1274580414275846145'],https://twitter.com/twt_cinta/status/1274580414275846145,['https://t.co/ojLnlhXDk1'],https://t.co/ojLnlhXDk1
135,https://twitter.com/lenatikah/status/1274461445883748352,2020-06-20 21:57:41+00:00,"Sbb tu ramai y single sebab some of us trauma dengan previous relationship. Tambah lagi dengan cerita kawan2 kau, family &amp; orang awam. Kita jadi takut &amp; extra careful pilih partner bukan main sebat je asal boleh je.",1274461445883748352,lenatikah,[],,[],
136,https://twitter.com/thisisjoshaaaa/status/1274440530965852160,2020-06-20 20:34:35+00:00,Kng kanus a ko ga seryosog balik gagohon nsb ahh ywa mka trauma na ayoko na,1274440530965852160,thisisjoshaaaa,[],,[],
137,https://twitter.com/hereisjoey/status/1274378502255468546,2020-06-20 16:28:06+00:00,when you're so used to trauma you don't even question it you just sink into the pit,1274378502255468546,hereisjoey,[],,[],
138,https://twitter.com/danibogo/status/1274311644877742086,2020-06-20 12:02:26+00:00,Powerful conversation on the intersectionality of movements &amp; erasure and collective trauma of trans community. https://t.co/VbrdK7XF46,1274311644877742086,danibogo,['https://twitter.com/BreneBrown/status/1273286770411606022'],https://twitter.com/BreneBrown/status/1273286770411606022,['https://t.co/VbrdK7XF46'],https://t.co/VbrdK7XF46
139,https://twitter.com/Muhamma40451088/status/1274151211688587264,2020-06-20 01:24:56+00:00,Terlalu di bayang bayangi oleh trauma.,1274151211688587264,Muhamma40451088,[],,[],
140,https://twitter.com/MieraMyiraa/status/1273975306806685696,2020-06-19 13:45:57+00:00,yes that's true 💯 lagi lagi kalau melibatkan perasaan ☺ trauma teroksss https://t.co/yh2ACoDkrD,1273975306806685696,MieraMyiraa,['https://twitter.com/TwitIsiHati_/status/1273608037362589698'],https://twitter.com/TwitIsiHati_/status/1273608037362589698,['https://t.co/yh2ACoDkrD'],https://t.co/yh2ACoDkrD
141,https://twitter.com/Diahzqh/status/1273848981483745283,2020-06-19 05:23:58+00:00,"Trauma is a trauma, even it was 10 years ago. You didn't live on it, so pls if you can't understand, shut the fuck up.",1273848981483745283,Diahzqh,[],,[],
142,https://twitter.com/wynlim/status/1273763946663559169,2020-06-18 23:46:04+00:00,"I’m not a scientist, but if I were I’ll research prenatal/childhood trauma and migraines. https://t.co/KkJhv4EeD1",1273763946663559169,wynlim,['https://twitter.com/SusannaLHarris/status/1273690024429719555'],https://twitter.com/SusannaLHarris/status/1273690024429719555,['https://t.co/KkJhv4EeD1'],https://t.co/KkJhv4EeD1
143,https://twitter.com/wawaNAMI/status/1273602376327282688,2020-06-18 13:04:03+00:00,"@Elle_Masir86 Kannn😢 yang merompak katanya umur 19. Sia sia je mati katak 

Tebusan tu mesti trauma . Yelah sabit kat leher pulak tu😢",1273602376327282688,wawaNAMI,[],,[],
144,https://twitter.com/wawaNAMI/status/1273587923254833153,2020-06-18 12:06:37+00:00,"@shazyan_ahmad Kannn trauma seumur hidup weh. Lepastu perompak tu mati kena tembak pulak tu 

Depan mata weh",1273587923254833153,wawaNAMI,[],,[],
145,https://twitter.com/syazwisuhaili/status/1273423814953545728,2020-06-18 01:14:31+00:00,@Shahidaaaaah Aku nak retweet..but the same time aku trauma baca Ni😭,1273423814953545728,syazwisuhaili,[],,[],
146,https://twitter.com/tmiraz_/status/1273253481332142080,2020-06-17 13:57:40+00:00,@iimanhamdan Mungkin dia trauma dibuang kut.. hahahaha kalau tahan kena cakar dan digigit.. silakan..😂,1273253481332142080,tmiraz_,[],,[],
147,https://twitter.com/HertBrkClub/status/1273217180847403009,2020-06-17 11:33:25+00:00,"Trauma got me fucked up, so I'm mentally unstable
I got wrapped up in my emotions, now I'm tangled",1273217180847403009,HertBrkClub,[],,[],
148,https://twitter.com/mr_box95/status/1273200955366891521,2020-06-17 10:28:57+00:00,@ejamsayang haha xla.. kite dah x berani nk buat surprise lg dah.. peristiwa eh eh buat kita rasa trauma wak 😌,1273200955366891521,mr_box95,[],,[],
149,https://twitter.com/Dinor_Fagha/status/1273171895039467526,2020-06-17 08:33:28+00:00,Aku memang tk suka pantai sbb trauma. Tapi this lately mcm teringin nak pergi pantai hm https://t.co/NXQGzYjU6J,1273171895039467526,Dinor_Fagha,['https://twitter.com/ikeartt/status/1272895133189640194'],https://twitter.com/ikeartt/status/1272895133189640194,['https://t.co/NXQGzYjU6J'],https://t.co/NXQGzYjU6J
150,https://twitter.com/4dda__/status/1272898021160820739,2020-06-16 14:25:12+00:00,TRAUMA YE AKU BILA BELAKANG ADA LORI 🙂🙂🙂🙂 nasib baik sempat break kalau tak depan belakang pecah https://t.co/yxy5m42R69,1272898021160820739,4dda__,['https://twitter.com/IniAlannn/status/1272842841702588417'],https://twitter.com/IniAlannn/status/1272842841702588417,['https://t.co/yxy5m42R69'],https://t.co/yxy5m42R69
151,https://twitter.com/aubsy_daisy/status/1272534905323282432,2020-06-15 14:22:18+00:00,"Being a sexual assault victim, going though
""Ptsd/sexual trauma"" DOES NOT give you the rights to be a piece of shit to other women???? Like you're a sex worker,,, I'm sure you'd understand this more than anyone else",1272534905323282432,aubsy_daisy,[],,[],
152,https://twitter.com/NourElCharme/status/1272028429429272576,2020-06-14 04:49:45+00:00,"@izzatjonid Kes sblm ini, betul2 jatuh hari pertama PKP. Saya sangat trauma. Hahaha.",1272028429429272576,NourElCharme,[],,[],
153,https://twitter.com/MYramadhan22/status/1271948048067747840,2020-06-13 23:30:20+00:00,"@happydos10 @subtanyarl Untung gak trauma sama air ,coba trauma sama air sampe skrng gak mandi",1271948048067747840,MYramadhan22,[],,[],
154,https://twitter.com/PanggilHe/status/1270753866422730752,2020-06-10 16:25:05+00:00,"please, jangan ada yang nanya ""kalau aku sayang kamu gimana?"" ga suka gue pertanyaan itu.. trauma gue sama orang yang pertama kali bilang itu.. tau itu siapa? om om mesum eh bukan om2, kakek2 malahan usia 50 an😭 langsung keinget diaa.. trauma gue jangan nanya gitu😭",1270753866422730752,PanggilHe,[],,[],
155,https://twitter.com/zeesh2/status/1270732336296980480,2020-06-10 14:59:32+00:00,@republic @ShefVaidya Arnab is mentally sick. People the world over are praying for him to recover soon and for his family to get over the trauma of seeing their star son/husband/father become normal again.,1270732336296980480,zeesh2,[],,[],
156,https://twitter.com/mutasi_srg_soon/status/1269786333439877121,2020-06-08 00:20:28+00:00,"@miaoowww Jangan lari mam, harus dihadapi... trauma semakin di hindari akan semakin ngejar tp kalo semakin di hadapi mereka akan kalah sendiri",1269786333439877121,mutasi_srg_soon,[],,[],
157,https://twitter.com/_drwshhhputra/status/1269681927767785473,2020-06-07 17:25:35+00:00,BAPAK AHHH AKU TRAUMA LAA SIAL NAK GUNTING RAMBUT LEPAS NI .😂😂😂 https://t.co/AozvxRhwf8,1269681927767785473,_drwshhhputra,['https://twitter.com/User0305247832/status/1269265840441978881'],https://twitter.com/User0305247832/status/1269265840441978881,['https://t.co/AozvxRhwf8'],https://t.co/AozvxRhwf8
158,https://twitter.com/rendy_123/status/1269435748492513281,2020-06-07 01:07:22+00:00,"@kebohejo Mungkin agak sedikit berbeda dengan cita-cita tu Kucing, atau pernah mengalami trauma dengan aer 🤣",1269435748492513281,rendy_123,[],,[],
159,https://twitter.com/DTrain/status/1268140604032090112,2020-06-03 11:20:55+00:00,"@Rakhee ""Why we loving the culture, but not the bodies though / We co-sign the oppression, purchase the trauma, yo"" @MarlonCraft 

https://t.co/uAlujNe7uv",1268140604032090112,DTrain,['https://youtu.be/KfgOD5CalF8'],https://youtu.be/KfgOD5CalF8,['https://t.co/uAlujNe7uv'],https://t.co/uAlujNe7uv
160,https://twitter.com/SyaufiqRosman/status/1268026016590696448,2020-06-03 03:45:35+00:00,"Yang baik baik aja (@ Jabatan Kecemasan Dan Trauma in Johor Bahru, Johor) https://t.co/IwRi2JFhqK",1268026016590696448,SyaufiqRosman,['https://www.swarmapp.com/c/0ER18VxiyWS'],https://www.swarmapp.com/c/0ER18VxiyWS,['https://t.co/IwRi2JFhqK'],https://t.co/IwRi2JFhqK
161,https://twitter.com/MeanMijer/status/1267848018050650113,2020-06-02 15:58:17+00:00,I'm at Jabatan Kecemasan &amp; Trauma in Johor Bahru https://t.co/YWJXjmEYhy,1267848018050650113,MeanMijer,['https://www.swarmapp.com/c/lrmkEcR9iPL'],https://www.swarmapp.com/c/lrmkEcR9iPL,['https://t.co/YWJXjmEYhy'],https://t.co/YWJXjmEYhy
162,https://twitter.com/farhaaaamanda/status/1267612834139041792,2020-06-02 00:23:45+00:00,@centimentallin trauma sis trauma😭😭😭😭,1267612834139041792,farhaaaamanda,[],,[],
163,https://twitter.com/notagnesbae/status/1267556297911631872,2020-06-01 20:39:06+00:00,do people actually think trauma goes away in a day? do they think that whatever shit someone puts you through just goes away?,1267556297911631872,notagnesbae,[],,[],
164,https://twitter.com/ramfeb96/status/1266882546098335745,2020-05-31 00:01:51+00:00,@mhmdafhn Wkwkwkwk trauma membekas teramat sangat itu😂,1266882546098335745,ramfeb96,[],,[],
165,https://twitter.com/Nopitasari_dly/status/1265593746000801792,2020-05-27 10:40:37+00:00,"Semenjak kejadian kemarin sore, aku di tabrak mobil dari belakang.
Jadinya trauma banget mau pakai motor lagi ya allah😭😭🥺🥺",1265593746000801792,Nopitasari_dly,[],,[],
166,https://twitter.com/SaragihDebby/status/1264685434602307584,2020-05-24 22:31:18+00:00,trauma nya gak ilang2 . ini knp yaa hmmm?,1264685434602307584,SaragihDebby,[],,[],
167,https://twitter.com/bacotdahajg/status/1264635266590887939,2020-05-24 19:11:57+00:00,"Eh gaklah canda sayang, mohon maaf lahir bathin moga trauma mu ga bawa trauma buat org lain lagi setelah aku.",1264635266590887939,bacotdahajg,[],,[],
168,https://twitter.com/THEricebunny023/status/1264386102007173120,2020-05-24 02:41:52+00:00,"@julietsoddeye @aussiemattel @katya_zamo I miss it, too! Her old teeth made her cute and lovely. Her new teeth make her look like she had a trauma and wanted a new identity so renamed herself Barbara White.",1264386102007173120,THEricebunny023,[],,[],
169,https://twitter.com/ArvinTunas/status/1263346491185233926,2020-05-21 05:50:49+00:00,"Sedikit trauma Kalau liat cuaca buruk di pelabuhan ferry, jadi inget filem Jurassic Park. https://t.co/t0XSPjnQoR",1263346491185233926,ArvinTunas,['https://twitter.com/punapibali/status/1263332359266463744'],https://twitter.com/punapibali/status/1263332359266463744,['https://t.co/t0XSPjnQoR'],https://t.co/t0XSPjnQoR
170,https://twitter.com/wynlim/status/1263303231850991616,2020-05-21 02:58:56+00:00,"sometimes I can’t help but wonder if the people who knew me for more than five years would think I’ve gone off the rails because I quit my lifelong career and started writing about trauma, health and philosophy.",1263303231850991616,wynlim,[],,[],
171,https://twitter.com/_atkhnurul/status/1262310246459965441,2020-05-18 09:13:10+00:00,Aku dah cukup trauma tau bab duit! Aku penat lah,1262310246459965441,_atkhnurul,[],,[],
172,https://twitter.com/sitizarina86/status/1262239120362860544,2020-05-18 04:30:32+00:00,Trauma sampai sekarang tgk cerita ni https://t.co/0oBVC6dl99,1262239120362860544,sitizarina86,['https://twitter.com/hanifjamals/status/1262062382160834560'],https://twitter.com/hanifjamals/status/1262062382160834560,['https://t.co/0oBVC6dl99'],https://t.co/0oBVC6dl99
173,https://twitter.com/yunsuhada/status/1261660734599004161,2020-05-16 14:12:14+00:00,@patrokhlus And I cried a lot when I watch Aimee from Sex Education because that literally how I feel. The shame and trauma. And it never disappear from your head. Its just there waiting for a playback again whenever I read about this stuff.,1261660734599004161,yunsuhada,[],,[],
174,https://twitter.com/notagnesbae/status/1261341285404643329,2020-05-15 17:02:51+00:00,@aliminati_ OMG YES - again i learnt my lesson with the “a guy who treats his mom well” cause they might just have other childhood trauma and skewed mentality from else where,1261341285404643329,notagnesbae,[],,[],
175,https://twitter.com/bacotdahajg/status/1260905588394848257,2020-05-14 12:11:33+00:00,"Aku pernah ketemu banyak cowo yang pengecut banget sampai sampai kudu ngilang tiba tiba bak ditelan bumi. Entah karena dia ngerasa aku kurang, karena aku ngebosenin, karena ekpektasi nya ke aku terlalu tinggi atau karena trauma nya di masa lalu yang harus dilampiasin ke aku.",1260905588394848257,bacotdahajg,[],,[],
176,https://twitter.com/nadaahdi_/status/1260426564942118916,2020-05-13 04:28:05+00:00,"Besok swab test lagi 😣 Trauma betullah disebabkan first swab test haritu. Kalau jatuh lagi sample aku, siap eh!",1260426564942118916,nadaahdi_,[],,[],
177,https://twitter.com/KatelynnManalac/status/1259414226956767232,2020-05-10 09:25:25+00:00,Nakaka trauma manood ng kdrama. 💔,1259414226956767232,KatelynnManalac,[],,[],
178,https://twitter.com/sezairi/status/1259367842027171840,2020-05-10 06:21:06+00:00,@fixated_f Trauma from living with hoarders most of my life.,1259367842027171840,sezairi,[],,[],
179,https://twitter.com/malingkatbaiyan/status/1258406256118661127,2020-05-07 14:40:06+00:00,Kucing kena dera aku xleh arr trauma. Kalau anjing ok lg bole tgk. Tp tulah kejam sgt manusia xdehati dn perut langsung,1258406256118661127,malingkatbaiyan,[],,[],
180,https://twitter.com/_bilav/status/1258372685794607104,2020-05-07 12:26:42+00:00,"better. representation is important. i'm not saying racism and discrimination is like ptsd, but when people stay silent about their trauma and can't identify it with others' struggles, they feel lonely and alone. this pushes people to the sidelines and can create deep rooted...",1258372685794607104,_bilav,[],,[],
181,https://twitter.com/_bilav/status/1258372683361857538,2020-05-07 12:26:41+00:00,there must be a way to give a voice to all the other colours and creeds of lgbtqia+ her in singapore. because this lack of visibility produces a lack of common understanding of common experiences. forms of trauma need to be discussed in communities in order to be understood... https://t.co/MdffWbiW1o,1258372683361857538,_bilav,['https://twitter.com/hafanzeee/status/1258370610360537088'],https://twitter.com/hafanzeee/status/1258370610360537088,['https://t.co/MdffWbiW1o'],https://t.co/MdffWbiW1o
182,https://twitter.com/CheekyAmin/status/1257626800743575552,2020-05-05 11:02:49+00:00,@farieziqmal @SRJ2000000000 @KhairulAnam___ Anam trauma..,1257626800743575552,CheekyAmin,[],,[],
183,https://twitter.com/CutRiznha/status/1257568787848744960,2020-05-05 07:12:18+00:00,jujur aq trauma sma rasa sakit ini,1257568787848744960,CutRiznha,[],,[],
184,https://twitter.com/ThatNsh/status/1257485495304482816,2020-05-05 01:41:19+00:00,@atikahjoharii haha trauma ke sis,1257485495304482816,ThatNsh,[],,[],
185,https://twitter.com/MmSyamAziz/status/1257366470146895879,2020-05-04 17:48:21+00:00,@nrzmnsf_ kau tahu kan tempat ni ada kat krabi aku masa berenang kat sini tangN aku terbelit gopro terus trauma sia swimming without life jacket,1257366470146895879,MmSyamAziz,[],,[],
186,https://twitter.com/Herdadhi/status/1257248126752047105,2020-05-04 09:58:06+00:00,Langsung trauma tuku online barang larang wkwkw https://t.co/v8R4s134tX,1257248126752047105,Herdadhi,['https://twitter.com/ardianida/status/1257245891024437248'],https://twitter.com/ardianida/status/1257245891024437248,['https://t.co/v8R4s134tX'],https://t.co/v8R4s134tX
187,https://twitter.com/isabellasofeaa/status/1254992761813491712,2020-04-28 04:36:05+00:00,"Orang tak pernah rasa kena tinggal, dia tak akan tahu. Lead to trauma, broken heart failure, sakit berat di dada tetiba. Depressed, so jangan di buat main hati orang. Long term effect bendanya.",1254992761813491712,isabellasofeaa,[],,[],
188,https://twitter.com/Zaraabdulgafor/status/1254548536814796802,2020-04-26 23:10:54+00:00,@ftynshfyqh Trauma yg melanda . Menikam nikam jiwa ! Hahahahhaahhahahaa,1254548536814796802,Zaraabdulgafor,[],,[],
189,https://twitter.com/ftynshfyqh/status/1254548097352364032,2020-04-26 23:09:09+00:00,"@Zaraabdulgafor wehh tak nak la cikgu tu, saya trauma",1254548097352364032,ftynshfyqh,[],,[],
190,https://twitter.com/sxrxfxnxh/status/1254358679928705024,2020-04-26 10:36:28+00:00,Aku agak trauma ye bersendirian dalam bilek ni. Muncul pulak si DRAGONFLY out of nowhere dekat dalam bilek! @smallingciks i will shit in my pants soon!,1254358679928705024,sxrxfxnxh,[],,[],
191,https://twitter.com/silvestriafelis/status/1252834960760692738,2020-04-22 05:41:45+00:00,YIKES imagine having people go through a time of massive stress and trauma and breaking routine that may be the only thing holding some people together and then going around and being like U LACK DISCIPLINE FOR NOT ACHIEVING YOUR GOALS,1252834960760692738,silvestriafelis,[],,[],
192,https://twitter.com/metalbote/status/1248705967790800896,2020-04-10 20:14:37+00:00,We've got shared trauma,1248705967790800896,metalbote,[],,[],
193,https://twitter.com/namilo1312/status/1247784737613078529,2020-04-08 07:13:58+00:00,@azqdnL @hamzah_nazri Concusion due to head trauma cause patient to vibrate and enter coma.,1247784737613078529,namilo1312,[],,[],
194,https://twitter.com/namilo1312/status/1247389306009702400,2020-04-07 05:02:40+00:00,@hamzah_nazri Head trauma for patients and have 0.5mg blood cloth on the right side of brain.,1247389306009702400,namilo1312,[],,[],
195,https://twitter.com/kilcher/status/1246448868608233472,2020-04-04 14:45:42+00:00,"@juneeeee Pede din doon; pag may trauma, may fever. Monitor na lang din ha. May mga contacts ka namang docs di bey?",1246448868608233472,kilcher,[],,[],
196,https://twitter.com/fadhlina_zul/status/1245517199911108609,2020-04-02 01:03:35+00:00,"""Alhamdulillah tadi siang GEMA telah menyampaikan amanah ANDA semua melalui sumbangan 10 buah kipas berdiri KDK untuk kegunaan di zone kecemasan dan trauma serta wad isolasi bagi keselesaan Barisan Hadapan dan semua… https://t.co/GTrm2WYZwM",1245517199911108609,fadhlina_zul,['https://www.instagram.com/p/B-dZggnAHXm/?igshid=15l91zkq1bu40'],https://www.instagram.com/p/B-dZggnAHXm/?igshid=15l91zkq1bu40,['https://t.co/GTrm2WYZwM'],https://t.co/GTrm2WYZwM
197,https://twitter.com/iprincipino__/status/1244952297634856960,2020-03-31 11:38:52+00:00,Issit the trauma or issit i’m falling sick?,1244952297634856960,iprincipino__,[],,[],
198,https://twitter.com/Jezzitup/status/1243741460949692418,2020-03-28 03:27:26+00:00,"Eyeliner Embroidery with highly absorbtive nano organic pigments that does not change color overtime. With this careful method there is no risk and trauma to the skin, making eyeliner embrodiery very smooth, pain… https://t.co/p8IloouY5L",1243741460949692418,Jezzitup,['https://www.instagram.com/p/B-Qx_gcHN6W/?igshid=1f89unngosno0'],https://www.instagram.com/p/B-Qx_gcHN6W/?igshid=1f89unngosno0,['https://t.co/p8IloouY5L'],https://t.co/p8IloouY5L
199,https://twitter.com/SamratNM/status/1243543789094031360,2020-03-27 14:21:57+00:00,@jayholler @taylorleese What trauma Jay? Abused by last person?,1243543789094031360,SamratNM,[],,[],
200,https://twitter.com/faraheartbeat/status/1243471483013189632,2020-03-27 09:34:38+00:00,Nak buat. Tapi bab hilang phone ni trauma la pulak😢 https://t.co/2H972EjNkc,1243471483013189632,faraheartbeat,['https://twitter.com/afiqdruce/status/1243214425949011969'],https://twitter.com/afiqdruce/status/1243214425949011969,['https://t.co/2H972EjNkc'],https://t.co/2H972EjNkc
201,https://twitter.com/MelikaAlipour/status/1243394721847758849,2020-03-27 04:29:37+00:00,Middle Easterns and Latinos solution to every trauma they have been through https://t.co/fb5vf2fRUz,1243394721847758849,MelikaAlipour,['https://twitter.com/maasalan/status/1242478759170560000'],https://twitter.com/maasalan/status/1242478759170560000,['https://t.co/fb5vf2fRUz'],https://t.co/fb5vf2fRUz
202,https://twitter.com/haqxtanz/status/1242661953874481152,2020-03-25 03:57:52+00:00,"Not my cup of tea. Geli, trauma aku tgk. Mental health aku triggered tgk cerita ceni 😂 Ada message lah tp huaaaa tak sukaaaa https://t.co/APa0KNco7s",1242661953874481152,haqxtanz,['https://twitter.com/zulfaqar1994/status/1242363943298854912'],https://twitter.com/zulfaqar1994/status/1242363943298854912,['https://t.co/APa0KNco7s'],https://t.co/APa0KNco7s
203,https://twitter.com/NooNicah/status/1242443163370958850,2020-03-24 13:28:28+00:00,"Sbb kene halau dgn klinik 😭💆🏻‍♀️ (@ Jabatan Kecemasan Dan Trauma in Johor Bahru, Johor) https://t.co/UnQPqfMTW1",1242443163370958850,NooNicah,['https://www.swarmapp.com/c/0zlveolUYKB'],https://www.swarmapp.com/c/0zlveolUYKB,['https://t.co/UnQPqfMTW1'],https://t.co/UnQPqfMTW1
204,https://twitter.com/xunqhi/status/1241295039004700672,2020-03-21 09:26:14+00:00,Mencoba self-love dn menghilangkan trauma kamera dgn cara nyoba foto arah pandangannya ke kamera.,1241295039004700672,xunqhi,[],,[],
205,https://twitter.com/rubysahxe/status/1240917933074735104,2020-03-20 08:27:45+00:00,weh sumpah trauma nak lalu cabang empat hm,1240917933074735104,rubysahxe,[],,[],
206,https://twitter.com/rubysahxe/status/1240883197723860992,2020-03-20 06:09:43+00:00,trauma bodo sumpah trauma,1240883197723860992,rubysahxe,[],,[],
207,https://twitter.com/homiliai/status/1240698203520950273,2020-03-19 17:54:37+00:00,@chriscorrigan @eccemarco You’re welcome. You can tell the residual trauma of living through SARS 2003 and its economic impact changing my life forever made me a bit shouty…,1240698203520950273,homiliai,[],,[],
208,https://twitter.com/dayahyakob/status/1240578070093815808,2020-03-19 09:57:15+00:00,"@CheahJamaluddin Cheah lagi laaa ada pengalaman PUI, memang trauma laa kann",1240578070093815808,dayahyakob,[],,[],
209,https://twitter.com/vocalogysg/status/1240492987987062784,2020-03-19 04:19:10+00:00,"This trauma shows up as flat thyro-arytenoid dominant pitches 
 at the bottom of the vocal range (also known as ‘chesty-chest’) and is associated with a disharmonised kidney function flow in Jin Shin Jyutsu https://t.co/Vg3Bg7IyfG",1240492987987062784,vocalogysg,['https://www.instagram.com/p/B95se27FkMs/?igshid=11ug45hlpzm6c'],https://www.instagram.com/p/B95se27FkMs/?igshid=11ug45hlpzm6c,['https://t.co/Vg3Bg7IyfG'],https://t.co/Vg3Bg7IyfG
210,https://twitter.com/vocalogysg/status/1240490062430662656,2020-03-19 04:07:32+00:00,"In singing, excess body tensions from trauma translate to little/no voice projection; flat or sharp pitch and muffled tones. Active release &amp; reinforcing a released state via practice makes practicing singing a conditioned behaviour that supports healing https://t.co/vlEB3wUANk",1240490062430662656,vocalogysg,['https://www.instagram.com/p/B9nlqaHgS9Y/?igshid=1n2mbskwtmuyf'],https://www.instagram.com/p/B9nlqaHgS9Y/?igshid=1n2mbskwtmuyf,['https://t.co/vlEB3wUANk'],https://t.co/vlEB3wUANk
211,https://twitter.com/mrbranch/status/1240236838142394368,2020-03-18 11:21:19+00:00,Cauliflower ears pla ang tawag dun. It happens due to trauma usually in combat sports. #mma101,1240236838142394368,mrbranch,[],,[],
212,https://twitter.com/lZZYSAMA/status/1239106651275186176,2020-03-15 08:30:21+00:00,pattern is spook. it hath revealed all my childhood trauma and called me out for blaming my closet relatives for my feelings of inadequacy and insufficiency,1239106651275186176,lZZYSAMA,[],,[],
213,https://twitter.com/strwbrysherbet/status/1238766969140039681,2020-03-14 10:00:35+00:00,"People feel entitled to another person's grief/trauma/pain. They want to listen to you talk about how you wrecked your life, tell you that they are there for you when and if it's convenient for them.",1238766969140039681,strwbrysherbet,[],,[],
214,https://twitter.com/selviyuliaani21/status/1238347508650102785,2020-03-13 06:13:48+00:00,"trauma buka tutup botol minuman, pernah tersayat grgr tutup botolnya not good gitu:(",1238347508650102785,selviyuliaani21,[],,[],
215,https://twitter.com/Chanz108/status/1237851258288918533,2020-03-11 21:21:52+00:00,Fucking trauma.,1237851258288918533,Chanz108,[],,[],
216,https://twitter.com/lenatikah/status/1237845058637840389,2020-03-11 20:57:14+00:00,Aku harap aku mampu siapkan fyp aku on times. Tolong lah. aku kalau boleh nak cepat habis study. Sebab penat. My brains pun dah tak macam dulu. Panel aku pun menyeramkan. Before nak present I had hard times nak bertenang. Trauma from first presentation haritu.,1237845058637840389,lenatikah,[],,[],
217,https://twitter.com/dzadzadzaiimah/status/1237739928382889985,2020-03-11 13:59:29+00:00,"Some people just dont understand ""childhood trauma""",1237739928382889985,dzadzadzaiimah,[],,[],
218,https://twitter.com/nblh_syhrh/status/1237262203306180610,2020-03-10 06:21:11+00:00,@_fazlikasyahira hm selalu jugak tau sampai trauma sis :'),1237262203306180610,nblh_syhrh,[],,[],
219,https://twitter.com/jay_davyd/status/1235537008795123712,2020-03-05 12:05:52+00:00,@flsm_ That's called trauma..,1235537008795123712,jay_davyd,[],,[],
220,https://twitter.com/Jezzitup/status/1234670377919401984,2020-03-03 02:42:11+00:00,"Eyeliner Embroidery with highly absorbtive nano organic pigments that does not change color overtime. With this careful method there is no risk and trauma to the skin, making eyeliner embrodiery very smooth, pain… https://t.co/WW64rVnXve",1234670377919401984,Jezzitup,['https://www.instagram.com/p/B9QU5-Wn3dY/?igshid=jviyq31m6ytc'],https://www.instagram.com/p/B9QU5-Wn3dY/?igshid=jviyq31m6ytc,['https://t.co/WW64rVnXve'],https://t.co/WW64rVnXve
221,https://twitter.com/tashalala/status/1234332112876007425,2020-03-02 04:18:03+00:00,"Truth be told, my grandmother is a manipulative, hateful cunt. And I dislike old people because of the trauma she put my mom and I through. But I’ll never succumb to this, let her face God’s judgment when the time comes. https://t.co/Es4iSZUSQ8",1234332112876007425,tashalala,['https://twitter.com/pykaarazak/status/1068471180628123650'],https://twitter.com/pykaarazak/status/1068471180628123650,['https://t.co/Es4iSZUSQ8'],https://t.co/Es4iSZUSQ8
222,https://twitter.com/SzhyObeKK/status/1234312917786382336,2020-03-02 03:01:46+00:00,"@rorolembayung @apakatabidan Ketika di ""Copas twit"" jd semacam trauma ya kn 🙁",1234312917786382336,SzhyObeKK,[],,[],
223,https://twitter.com/JuitaZ/status/1233730487144763393,2020-02-29 12:27:24+00:00,@ejattebabom Sebab akar infected. Isnin lps baru tampal kat klinik gov. Lpstu jumaat dah sakit denyut. Trauma dah nak pg klinik gigi gov 😭,1233730487144763393,JuitaZ,[],,[],
224,https://twitter.com/aisyahhhhlatif_/status/1233692725989363712,2020-02-29 09:57:21+00:00,sejak terkena sampai sekarang susah nak accept atau kenal dengan orang baru . i felt trauma and scared,1233692725989363712,aisyahhhhlatif_,[],,[],
225,https://twitter.com/nurliyana_k/status/1233425640646303744,2020-02-28 16:16:03+00:00,"Canggih sgt update pasal kemalangan, and jem kat acc Twitter tp xde improvement langsung nk kurang kan kemalangan. Service 24hours taik ayam. Aku kt tempat kejadian almost sejam. Aku xleh bayangkan klu aku yg accident. Service mcm haram jadah aku trauma laa siak",1233425640646303744,nurliyana_k,[],,[],
226,https://twitter.com/nurliyana_k/status/1233424836224905216,2020-02-28 16:12:51+00:00,"Aku jadi trauma nk p jalan jauh lg. Highway plus bersepah serpihan tayar, tali pengikat traler yg boleh buat org accident. 3hari lepas aku ulang alik Kulim-jb dua kali, serpihan tayar tuh mmg xde org bersihkan ker. Mmg nk tunggu Ada org mampus mati katak baru nk bersihkan ek???",1233424836224905216,nurliyana_k,[],,[],
227,https://twitter.com/SyhraRsli/status/1233232683121045504,2020-02-28 03:29:18+00:00,Lepastu terjaga terus teringat sakit beranak. Tarik2 weh aduhh terus trauma😵,1233232683121045504,SyhraRsli,[],,[],
228,https://twitter.com/taqinfatsun/status/1233060900837318661,2020-02-27 16:06:42+00:00,Trauma nonton film peele. Apalagi ini. https://t.co/mAE3H9c749,1233060900837318661,taqinfatsun,['https://twitter.com/RottenTomatoes/status/1233060280579452928'],https://twitter.com/RottenTomatoes/status/1233060280579452928,['https://t.co/mAE3H9c749'],https://t.co/mAE3H9c749
229,https://twitter.com/SyhraRsli/status/1232876859806736384,2020-02-27 03:55:23+00:00,Nak preggy balik mungkin 5 tahun akan dtg lah. 😭 trauma sangat.,1232876859806736384,SyhraRsli,[],,[],
230,https://twitter.com/AartiOlivia/status/1232765384220127239,2020-02-26 20:32:25+00:00,"Trigger Warning: Eating Disorders, Self Harm, Physical Abuse, Trauma 
The cases of people seeking help for eating disorders are increasing in Singapore but a lot of us prefer not to seek help out of shame or the… https://t.co/TDvpahpUEE",1232765384220127239,AartiOlivia,['https://www.instagram.com/p/B9CxeHlg9yj/?igshid=1f0v870tewy2u'],https://www.instagram.com/p/B9CxeHlg9yj/?igshid=1f0v870tewy2u,['https://t.co/TDvpahpUEE'],https://t.co/TDvpahpUEE
231,https://twitter.com/lOVEPEIXUANNNNN/status/1232594559122563073,2020-02-26 09:13:38+00:00,"// It’s been a week and the post trauma is still there. But I won’t resign to fate, we won’t. @ Hotel Jen Puteri Harbour Johor https://t.co/VJL7oUTYPs",1232594559122563073,lOVEPEIXUANNNNN,['https://www.instagram.com/p/B9Bk-FIHTpa/?igshid=1e4qy5dm7kbz3'],https://www.instagram.com/p/B9Bk-FIHTpa/?igshid=1e4qy5dm7kbz3,['https://t.co/VJL7oUTYPs'],https://t.co/VJL7oUTYPs
232,https://twitter.com/SRS_Sophie/status/1232260948414517248,2020-02-25 11:07:59+00:00,My travel trauma is not just limited to trains! Been travelling for over a day now and am now in a country that wasn’t even part of this trip. One more flight and we will hopefully reach our destination 🤣 https://t.co/TxhTvRnaJU,1232260948414517248,SRS_Sophie,[],,[],
233,https://twitter.com/softenersolikin/status/1231611479780028417,2020-02-23 16:07:13+00:00,"@tendabiruuuu Trauma aq, trakhir bj seruling, nyangkut d kerongokoang 😭",1231611479780028417,softenersolikin,[],,[],
234,https://twitter.com/Jezzitup/status/1231462442229805057,2020-02-23 06:15:00+00:00,"Eyeliner Embroidery with highly absorbtive nano organic pigments that does not change color overtime. With this careful method there is no risk and trauma to the skin, making eyeliner embrodiery very smooth, pain… https://t.co/dN5Wqv32ui",1231462442229805057,Jezzitup,['https://www.instagram.com/p/B85iI94HubC/?igshid=10ecplre22srs'],https://www.instagram.com/p/B85iI94HubC/?igshid=10ecplre22srs,['https://t.co/dN5Wqv32ui'],https://t.co/dN5Wqv32ui
235,https://twitter.com/SzhyObeKK/status/1231394678290862081,2020-02-23 01:45:44+00:00,Kebanjiran itu bikin lemes capek trauma kesel dongkol dll......... https://t.co/2miSkmZMXC,1231394678290862081,SzhyObeKK,[],,[],
236,https://twitter.com/adrien_tim/status/1231143352621383681,2020-02-22 09:07:03+00:00,"Btw, soal get back itu ga mudah. Ada faktor trauma, ada yang terlanjur nyaman, ada yang males memulai kembali. Makanya we need acceptance. Kita ingin diterima dan terimalah orang lain just the way he/she is.",1231143352621383681,adrien_tim,[],,[],
237,https://twitter.com/fiqahfiyy/status/1230977479780601857,2020-02-21 22:07:56+00:00,"Apa nk cakap bila kau tk ready lgi tpi laki kau nak anak lagi😌 
Trauma yg lepas pun tk hilang lgiiii 😫 terasa lgi sakit nya , morning sickness nk kena hadap sepanjang hari",1230977479780601857,fiqahfiyy,[],,[],
238,https://twitter.com/_baemiee/status/1230615741897904128,2020-02-20 22:10:31+00:00,Trauma,1230615741897904128,_baemiee,[],,[],
239,https://twitter.com/nisa_arika/status/1230307401393410048,2020-02-20 01:45:17+00:00,"I'm at Emergency &amp; Trauma Department, Central Medical Facilities, Petronas Rapid Project, Pengerang in Pengerang, Johor https://t.co/oBnF1QoqNe",1230307401393410048,nisa_arika,['https://www.swarmapp.com/c/2FBLCwstO07'],https://www.swarmapp.com/c/2FBLCwstO07,['https://t.co/oBnF1QoqNe'],https://t.co/oBnF1QoqNe
240,https://twitter.com/Rzkis/status/1230035490394370048,2020-02-19 07:44:48+00:00,@nugrani Trauma aku sama php,1230035490394370048,Rzkis,[],,[],
241,https://twitter.com/DanielYorkLoh/status/1229748481683677184,2020-02-18 12:44:20+00:00,@girlwithboyswag Unbelievable. And physically preventing him from walking away from a space of racialised trauma,1229748481683677184,DanielYorkLoh,[],,[],
242,https://twitter.com/DanielYorkLoh/status/1229411904344346624,2020-02-17 14:26:54+00:00,@courttianewland Literally trying to get him in a racial trauma situation. It actually makes me cry,1229411904344346624,DanielYorkLoh,[],,[],
243,https://twitter.com/yudithCathern/status/1229402581081808898,2020-02-17 13:49:51+00:00,Capek saya kalo baca sesuatu atau nonton sesuatu tiba tiba dapat satu genre atau alur cerita yang memicu trauma. Langsung perasaan gak enak atau auto nangis.,1229402581081808898,yudithCathern,[],,[],
244,https://twitter.com/badgalvivix/status/1227636353476620289,2020-02-12 16:51:29+00:00,Went through so much trauma. Never again,1227636353476620289,badgalvivix,[],,[],
245,https://twitter.com/mengwong/status/1226529954193522688,2020-02-09 15:35:03+00:00,I wonder if there’s any link between trauma and aphantasia. @QiaochuYuan,1226529954193522688,mengwong,[],,[],
246,https://twitter.com/babyshima64/status/1226119285543620609,2020-02-08 12:23:12+00:00,"@azianeemmalisee @missahyo77 Ya allah,kesiannya u girl..Harap u tak trauma. ..",1226119285543620609,babyshima64,[],,[],
247,https://twitter.com/yogatirta/status/1226011091223793664,2020-02-08 05:13:16+00:00,"sekarang gw tau rasanya trauma..kemaren aer di kontrakan mati seharian..sekarang udah ngalir lagi aer nya, cuma ngalir nya kayak gak normal gitu..hari ini gw mandi dengan perasaan was2 banget..khan lucu udah pake sabun, sampo, eh tetiba aer gak ngalir..fak..",1226011091223793664,yogatirta,[],,[],
248,https://twitter.com/thealdreigs/status/1225942819233099776,2020-02-08 00:41:59+00:00,"So sad. My last patient last night was a  rescued stray cat. Rescuers found 5 rubber bands on the neck of the cat. I can’t imagine why people do this to innocent animals! The cat nearly choke to death, she didn’t die but I can’t imagine how much trauma did it brought to her.",1225942819233099776,thealdreigs,[],,[],
249,https://twitter.com/AdammaOsman/status/1225076115347103744,2020-02-05 15:18:01+00:00,"@nanadyraa Takziah Nad. Aku tahu rasa tu. takut, trauma, sedih. Kita kuat sebab Allah dan kita kuat sebab orang sekeliling. Kalau kita sorang, tak mampu kita nak berdiri",1225076115347103744,AdammaOsman,[],,[],
250,https://twitter.com/SwaraKepri/status/1224035517869756416,2020-02-02 18:23:03+00:00,"Dinas Sosial (Dinsos) Kota Batam turunkan Taruna Siaga Bencana (Tagana) ke lokasi kebakaran kios seken Sengkuang guna menangani trauma dan membantu evakuasi korban kebakaran.
°
°
Peristiwa kebakaran yang terjadi… https://t.co/snKlxiMHdg",1224035517869756416,SwaraKepri,['https://www.instagram.com/p/B8EwxNrl0eL/?igshid=1dzwwv80awt02'],https://www.instagram.com/p/B8EwxNrl0eL/?igshid=1dzwwv80awt02,['https://t.co/snKlxiMHdg'],https://t.co/snKlxiMHdg
251,https://twitter.com/standupindo_btm/status/1223687405045026816,2020-02-01 19:19:47+00:00,"#Openmic sahli, trauma mau ke bioskop. https://t.co/vcmUbKcHCU",1223687405045026816,standupindo_btm,[],,[],
252,https://twitter.com/MFerrisN/status/1221864179205718016,2020-01-27 18:34:56+00:00,"These films/shows goes heavily into mental health , addiction, trauma etc. https://t.co/yhd27AZSsa",1221864179205718016,MFerrisN,[],,[],
253,https://twitter.com/chikechikechik/status/1221750402099613696,2020-01-27 11:02:49+00:00,"Tik tok tik tok (@ Jabatan Kecemasan Dan Trauma in Johor Bahru, Johor) https://t.co/OBqYnLWw9m",1221750402099613696,chikechikechik,['https://www.swarmapp.com/c/4Z3vW5ACwfT'],https://www.swarmapp.com/c/4Z3vW5ACwfT,['https://t.co/OBqYnLWw9m'],https://t.co/OBqYnLWw9m
254,https://twitter.com/BeBeTiano/status/1221557670135468032,2020-01-26 22:16:58+00:00,"The most damaging aspect of abuse is the trauma to our hearts and souls from being betrayed by the people we trust, respect and love. 💯",1221557670135468032,BeBeTiano,[],,[],
255,https://twitter.com/aisyahhhhlatif_/status/1221470601245626369,2020-01-26 16:30:59+00:00,idk why this family sangat toxic to others . trauma gila,1221470601245626369,aisyahhhhlatif_,[],,[],
256,https://twitter.com/mrhis55/status/1221384068278808577,2020-01-26 10:47:08+00:00,"@notsyv9 @spacewitchalex Okay laki takde otak. Same goes with your father or brother also lelaki.Klu perempuan ada otak tapi tak reti guna akal yg Allah bagi, takde beza dgn lelaki yg takde otak.. Jgn emosi, aku tegur bahasa dia je. Klu kau rasa dia trauma boleh carut sial dumbfuck butoh as a normal. Hmm",1221384068278808577,mrhis55,[],,[],
257,https://twitter.com/JazmienAzmi/status/1220567993140121601,2020-01-24 04:44:21+00:00,Muncul virus2 baru ni buat aku trauma since kena Influenza A hari tu.. hmmm..,1220567993140121601,JazmienAzmi,[],,[],
258,https://twitter.com/erikEST03/status/1219507553052217344,2020-01-21 06:30:32+00:00,"#4niesHancurkanMonas kalian warga Jkt trauma dgn banjir gk?

Nnt klo Jkt tenggelam lg, kalian bs naik ke monas sih.. jd jgn komplain dgn pilihan kalian 👻",1219507553052217344,erikEST03,[],,[],
259,https://twitter.com/DTrain/status/1219358195698651137,2020-01-20 20:37:03+00:00,"@CatherineEBonn Stuck in my head for the past month: 

""Why we loving the culture, but not the bodies though/ We co-sign the oppression, purchase the trauma, yo/ Same country raise the roof raised Dylann Roof/ Shit, we murdered King and gave that kid Burger King"" 
https://t.co/AG8GLNst7N",1219358195698651137,DTrain,['https://www.youtube.com/watch?v=KfgOD5CalF8'],https://www.youtube.com/watch?v=KfgOD5CalF8,['https://t.co/AG8GLNst7N'],https://t.co/AG8GLNst7N
260,https://twitter.com/abglhfthlh/status/1218599856576458752,2020-01-18 18:23:40+00:00,"trauma bgt nonton ini.. nonton jaman smp, jiwa q langsung terguncang~ https://t.co/KhwguVhvoY",1218599856576458752,abglhfthlh,['https://twitter.com/akashisedai/status/1218407040466341888'],https://twitter.com/akashisedai/status/1218407040466341888,['https://t.co/KhwguVhvoY'],https://t.co/KhwguVhvoY
261,https://twitter.com/sywnian/status/1216327855870640128,2020-01-12 11:55:33+00:00,"Tetiba teringat tragedi lemas dekat Sabah masa 2017, sampai sekarang aku trauma nak mandi pantai😔 https://t.co/bn4nKyQUjG",1216327855870640128,sywnian,['https://twitter.com/bernamadotcom/status/1216248366323003393'],https://twitter.com/bernamadotcom/status/1216248366323003393,['https://t.co/bn4nKyQUjG'],https://t.co/bn4nKyQUjG
262,https://twitter.com/akifsams/status/1216275520746217472,2020-01-12 08:27:36+00:00,@apik1323 Traumatized tak? Kalau trauma boleh claim banyak ni.huhu,1216275520746217472,akifsams,[],,[],
263,https://twitter.com/dianmayasaris/status/1216032162526285825,2020-01-11 16:20:34+00:00,"Eh ni malam malam jd tekejut, trauma, sedih karna bakal safar..
Safar ke bekasi yg jelas aing trauma dicopet, trauma harus jalan sendiri..
Yg harap harap lokasinya dekat bintaro ajaa😭
Ya Allah dekatkan jodoh hamba, kalau belum jg ya lindungi dari marabahaya, ga sanggup begini😰",1216032162526285825,dianmayasaris,[],,[],
264,https://twitter.com/dzadzadzaiimah/status/1215267843891089408,2020-01-09 13:43:27+00:00,Am I actually straight? Im not attracted to women but men just... turns me off whenever I think of going far ahead... what's this? Is this what people call trauma?,1215267843891089408,dzadzadzaiimah,[],,[],
265,https://twitter.com/nabillazamani/status/1214463619288580097,2020-01-07 08:27:45+00:00,"Kite pon pelik kenapa byqa trauma sangat bila cakap nak hantar dy kat rumah nenda . Berlari peluk mama nangis nangis ‘no ayah , no’ 😢",1214463619288580097,nabillazamani,[],,[],
266,https://twitter.com/SyaufiqRosman/status/1214427728948191232,2020-01-07 06:05:08+00:00,"I'm at Jabatan Kecemasan Dan Trauma in Johor Bahru, Johor https://t.co/gaLT9VFegS",1214427728948191232,SyaufiqRosman,['https://www.swarmapp.com/c/ew1S9znoPXm'],https://www.swarmapp.com/c/ew1S9znoPXm,['https://t.co/gaLT9VFegS'],https://t.co/gaLT9VFegS
267,https://twitter.com/ijmc06/status/1213492252929970177,2020-01-04 16:07:53+00:00,@camazueladee hahahaha!!! na.trauma ka lang siguro nung last ka na nagturo at sa mga colleague mo,1213492252929970177,ijmc06,[],,[],
268,https://twitter.com/debyustia/status/1212518360061100032,2020-01-01 23:37:59+00:00,"Dude, lo gak pernah tau apa yang terjadi sebenarnya dibalik kehidupan seseorang. Mana tau dia kurus krn sakit, dia gendut krn depresi dan menjadikan makan sebagai pelarian, dia putihan krn trauma dimasa lalu yg selalu dibully krn kucel, dia iteman krn panas2an dijalan-",1212518360061100032,debyustia,[],,[],
269,https://twitter.com/MohdKhuzzan/status/1212290742011346946,2020-01-01 08:33:30+00:00,01/01/2020 - Melakukan lawatan mengejut ke Jabatan Kecemasan &amp; Trauma Hospital Sultanah Aminah untuk mendapatkan penjelasan keadaan yang sebenar selepas mendapat pertanyaan dari wartawan berhubung kekurangan kerusi… https://t.co/svm6Youco3,1212290742011346946,MohdKhuzzan,['https://www.instagram.com/p/B6xT3OkHZWC/?igshid=1aw4o5myzqvrp'],https://www.instagram.com/p/B6xT3OkHZWC/?igshid=1aw4o5myzqvrp,['https://t.co/svm6Youco3'],https://t.co/svm6Youco3
