,url,date,content,id,username,outlinks,outlinksss,tcooutlinks,tcooutlinksss
0,https://twitter.com/graham_euan/status/1343900655556018178,2020-12-29 12:44:19+00:00,"+1. It’s been a rough ride politically and economically, still full of uncertainty. But I’m persuaded of the foreign policy case, especially on China and Russia. https://t.co/IXSjo80y72",1343900655556018178,graham_euan,['https://twitter.com/james_rogers/status/1343668796737933313'],https://twitter.com/james_rogers/status/1343668796737933313,['https://t.co/IXSjo80y72'],https://t.co/IXSjo80y72
1,https://twitter.com/TopKopyc/status/1343900652007608321,2020-12-29 12:44:18+00:00,"@NotoriousJOS I think there’s more uncertainty due to the fact we need to offload a foreign player to get one in. May well need to move someone on first before signing. Could see Origi go, at least out on loan",1343900652007608321,TopKopyc,[],,[],
2,https://twitter.com/dsouza_martin/status/1343179904813154305,2020-12-27 13:00:19+00:00,"Racist Trump. Trump continues to complain about the bill, creating uncertainty for the 12 million Americans on the verge of losing unemployment benefits and addition to the unemployment benefits that have already lapsed, Trump's continued refusal to sign the Bill. Just guck off. https://t.co/pzc4NH2zft",1343179904813154305,dsouza_martin,[],,[],
3,https://twitter.com/JBatheromiaz/status/1342793471497682945,2020-12-26 11:24:46+00:00,"Some sources just said, the virus just warming up. Prepare ourselves for big uncertainty ahead. Everyone need to play their own role. #COVID19 #virusmutant #COVID21 #lockdown",1342793471497682945,JBatheromiaz,[],,[],
4,https://twitter.com/awws/status/1341027482644873216,2020-12-21 14:27:21+00:00,"@Emmamentary Oh c’mon, the down-a-shot word for this *entire year* is “uncertainty”. You can cope.  💪🏼",1341027482644873216,awws,[],,[],
5,https://twitter.com/JBatheromiaz/status/1340834880628748288,2020-12-21 01:42:01+00:00,Uncertainty of economic lead to reaction of gold and silver in the market.,1340834880628748288,JBatheromiaz,[],,[],
6,https://twitter.com/r_tham/status/1336861886785064960,2020-12-10 02:34:46+00:00,"Perhaps doors are closing amd uncertainty looms, but in the window the sun still rises and there is the day to be thankful for.

#whyeternity @ Singapore https://t.co/dL9gjED44e",1336861886785064960,r_tham,['https://www.instagram.com/p/CImcQvaHmemSFR_5uKtlpCmjB0dBxb7BBy7fbQ0/?igshid=1pqr76vg6qb30'],https://www.instagram.com/p/CImcQvaHmemSFR_5uKtlpCmjB0dBxb7BBy7fbQ0/?igshid=1pqr76vg6qb30,['https://t.co/dL9gjED44e'],https://t.co/dL9gjED44e
7,https://twitter.com/triciapang/status/1336480623213473794,2020-12-09 01:19:45+00:00,"We are 2 years 1 day old together. Coincidentally yesterday when we were at hafary, we were reminded of the fun times of choosing tiles for the first home. It was a light hearted feel then, yesterday felt a little tense coz of timing uncertainty to start work.",1336480623213473794,triciapang,[],,[],
8,https://twitter.com/shaz4m3/status/1331711343225831424,2020-11-25 21:28:20+00:00,"Uncertainty is growing.

economic downturn and high unemployment.

People with no jobs, people with no income.

Overwhelmed.

Going out and not being able to find a job because the company, the factory closed.

WE the PEOPLE are tired.",1331711343225831424,shaz4m3,[],,[],
9,https://twitter.com/rvhimm/status/1325438179709628417,2020-11-08 14:01:02+00:00,uncertainty will end me.,1325438179709628417,rvhimm,[],,[],
10,https://twitter.com/dwallbank/status/1325273469660012545,2020-11-08 03:06:32+00:00,"My somewhat crude model is within a cone of uncertainty in Arizona, for what it's worth. 

Pennsylvania puts Biden over the top in all counts, but Biden's camp would have an easier time of it if they won by multiple states. https://t.co/uCz5dZyKNJ",1325273469660012545,dwallbank,['https://twitter.com/ByMikeBaker/status/1325269969668460545'],https://twitter.com/ByMikeBaker/status/1325269969668460545,['https://t.co/uCz5dZyKNJ'],https://t.co/uCz5dZyKNJ
11,https://twitter.com/Lutfeys/status/1324603510416011265,2020-11-06 06:44:21+00:00,"The #uncertainty (vs. #risk) we’re currently experiencing is not a tiger we can run from; it goes on day after day and our bodies are full of cortisone and adrenaline =&gt; disproportionate levels of stress hormones, high blood pressure, obesity. https://t.co/09ngitC8VV",1324603510416011265,Lutfeys,['https://www.bbc.com/worklife/article/20201104-how-to-function-in-times-of-uncertainty'],https://www.bbc.com/worklife/article/20201104-how-to-function-in-times-of-uncertainty,['https://t.co/09ngitC8VV'],https://t.co/09ngitC8VV
12,https://twitter.com/MrBarnesTweets/status/1322093282722107393,2020-10-30 08:29:36+00:00,"This really resonated with me. Developing so-called ‘soft skills’ and investing in long-term growth is hard to quantify. Inspectors likewise need to get more comfortable with uncertainty! Well said, @MrMountstevens https://t.co/0Sz3SfYutN",1322093282722107393,MrBarnesTweets,['https://twitter.com/MrMountstevens/status/1321898541434941441'],https://twitter.com/MrMountstevens/status/1321898541434941441,['https://t.co/0Sz3SfYutN'],https://t.co/0Sz3SfYutN
13,https://twitter.com/argus_metals/status/1321333823641161730,2020-10-28 06:11:47+00:00,"News story: Galaxy Resources said the outlook for #lithium has stabilised, although there is still uncertainty about the timing of any significant sector recovery and an increase in demand for raw materials | #rawmaterials

By #ArgusMetals: https://t.co/91VRX4ug4Y https://t.co/zVSIDi3Hen",1321333823641161730,argus_metals,['https://okt.to/FnmS8W'],https://okt.to/FnmS8W,['https://t.co/91VRX4ug4Y'],https://t.co/91VRX4ug4Y
14,https://twitter.com/tansueechieh/status/1319826296617136136,2020-10-24 02:21:24+00:00,"Tip 60 Use Judgement not Models.     Frank Knight made the distinction between risk and uncertainty which is not amenable to measurement in probabilistic terms. 
For full commentary, go to 

https://t.co/c3klDy3YTs https://t.co/gVZOYixpBU",1319826296617136136,tansueechieh,['https://tansueechieh.com/we-live-in-a-world-of-uncertainty-use-judgement-not-models/'],https://tansueechieh.com/we-live-in-a-world-of-uncertainty-use-judgement-not-models/,['https://t.co/c3klDy3YTs'],https://t.co/c3klDy3YTs
15,https://twitter.com/greenteahoneeyy/status/1319153098409922561,2020-10-22 05:46:21+00:00,"@WirandoHG If you refer to someone or something as a joker in a particular situation, you mean that they cause uncertainty because you do not know how they will behave.",1319153098409922561,greenteahoneeyy,[],,[],
16,https://twitter.com/aswathiashok23/status/1318061695365869568,2020-10-19 05:29:31+00:00,"A story to help you get through times of Uncertainty 💖💖
@authorajaynair 
#writerscommunity
#writer #guestblogging 
https://t.co/A9fckMzLhX https://t.co/5gD4aaRieZ",1318061695365869568,aswathiashok23,['https://onewhohatedbooks.com/2020/10/18/the-red-door-and-the-golden-key/'],https://onewhohatedbooks.com/2020/10/18/the-red-door-and-the-golden-key/,['https://t.co/A9fckMzLhX'],https://t.co/A9fckMzLhX
17,https://twitter.com/hikayatpenyu/status/1317865143787646979,2020-10-18 16:28:29+00:00,@AdarnDresser the uncertainty of the future is real bro..,1317865143787646979,hikayatpenyu,[],,[],
18,https://twitter.com/jwalantudesai/status/1316306563678777345,2020-10-14 09:15:15+00:00,Just another day in times of disruption and uncertainty @instagram @ Singapore https://t.co/m2UgA5P5Dx,1316306563678777345,jwalantudesai,['https://www.instagram.com/p/CGUYt2SjhBo/?igshid=gav0suoei3jc'],https://www.instagram.com/p/CGUYt2SjhBo/?igshid=gav0suoei3jc,['https://t.co/m2UgA5P5Dx'],https://t.co/m2UgA5P5Dx
19,https://twitter.com/Adelineena/status/1309176805069336578,2020-09-24 17:04:08+00:00,"“I hope you settle in to the uncertainty and realize that uncertainty often leads to remarkable things, and that each season of your life will better you in one way or another.” https://t.co/izZtdvSJZS",1309176805069336578,Adelineena,['https://twitter.com/ThoughtCatalog/status/1308466138892959744'],https://twitter.com/ThoughtCatalog/status/1308466138892959744,['https://t.co/izZtdvSJZS'],https://t.co/izZtdvSJZS
20,https://twitter.com/MFerrisN/status/1303614577582641152,2020-09-09 08:41:49+00:00,"For those of you are filled with uncertainty, if you need some closure or clarity, this one’s for you. https://t.co/KEVRSWeOsb",1303614577582641152,MFerrisN,[],,[],
21,https://twitter.com/Shah_Indra/status/1302095027380744192,2020-09-05 04:03:40+00:00,Uncertainty is my middle name.,1302095027380744192,Shah_Indra,[],,[],
22,https://twitter.com/deardiarykot/status/1302063059997843457,2020-09-05 01:56:39+00:00,"""Uncertainty is the only certainty there is, and knowing how to live with insecurity is the only security."" 
-John Allen Paulos-",1302063059997843457,deardiarykot,[],,[],
23,https://twitter.com/FebrianaaTina/status/1301094442787467264,2020-09-02 09:47:42+00:00,"Constructive criticism and just plain criticism are two diametrically opposing forces. While one encourages growth and strength, the other breeds fear, uncertainty, and weakness. Choose your word wisely and help those around you to thrive.",1301094442787467264,FebrianaaTina,[],,[],
24,https://twitter.com/Lkzx/status/1300237164018634753,2020-08-31 01:01:11+00:00,"244 - Brand new week! And also, here’s to a start of something exciting. Thankful much. 💙 // Embrace uncertainty. Some of the most beautiful chapters of our lives won’t have a title until much later.… https://t.co/p1Ky7fjnDB",1300237164018634753,Lkzx,['https://www.instagram.com/p/CEiNRKOnDtf/?igshid=1sd3drzicwei6'],https://www.instagram.com/p/CEiNRKOnDtf/?igshid=1sd3drzicwei6,['https://t.co/p1Ky7fjnDB'],https://t.co/p1Ky7fjnDB
25,https://twitter.com/argus_metals/status/1298968931567362048,2020-08-27 13:01:41+00:00,"News story: @valeglobal + @RioTinto have expanded their ops to China's Ningbo Zhoushan port, at a time when seaborne prices for their mainstream products remain firm on robust buying appetite and uncertainty over supply: https://t.co/h2xYMyyzwQ | #ArgusSteel #ironore #dryfreight https://t.co/mDm8pYoydV",1298968931567362048,argus_metals,['https://okt.to/ZF4OIu'],https://okt.to/ZF4OIu,['https://t.co/h2xYMyyzwQ'],https://t.co/h2xYMyyzwQ
26,https://twitter.com/fitz_my_cube/status/1296706373745438722,2020-08-21 07:11:05+00:00,In this time of uncertainty it’s refreshing to know somethings don’t change. #BPcup #itsallaboutthecup right @schroeder8170 https://t.co/q2fhOEnUSY,1296706373745438722,fitz_my_cube,[],,[],
27,https://twitter.com/r_tham/status/1293574039961653248,2020-08-12 15:44:19+00:00,"Today's Meals on Wheels to familiar homes. In the uncertainty of recurrent waves of Covid-19, I stopped for 30 seconds to admire some flowers... before we might be gone before they are.… https://t.co/7Xdzv78GJ2",1293574039961653248,r_tham,['https://www.instagram.com/p/CDy3On-HJr_seGVEo1gCmdVB_2hjZc3qDxOTwM0/?igshid=ichco53yjeae'],https://www.instagram.com/p/CDy3On-HJr_seGVEo1gCmdVB_2hjZc3qDxOTwM0/?igshid=ichco53yjeae,['https://t.co/7Xdzv78GJ2'],https://t.co/7Xdzv78GJ2
28,https://twitter.com/MisterTechBlog/status/1293358692734103552,2020-08-12 01:28:36+00:00,"On Analysis Paralysis: ""Don’t be afraid of uncertainty, learn to use it as a catalyst""...

https://t.co/2x21ElJXU7",1293358692734103552,MisterTechBlog,['https://systemtrap.org/516'],https://systemtrap.org/516,['https://t.co/2x21ElJXU7'],https://t.co/2x21ElJXU7
29,https://twitter.com/myleshie15/status/1292465664062451714,2020-08-09 14:20:01+00:00,"You asked for it simply because you truthfully and Honestly Love me and want me in your Life. So, i said “YES!” Truly, sincerely and faithfully without uncertainty and with all my heart.. 💞",1292465664062451714,myleshie15,[],,[],
30,https://twitter.com/LeChaudhrySahab/status/1290945226584907778,2020-08-05 09:38:21+00:00,"@NileshShah68 Whatsapp university investor Guru
Cash =Networth ,😂😂🤣
Companies are drawing credit lines to pile up cash in pandemic uncertainty. Lets not confuse people.",1290945226584907778,LeChaudhrySahab,[],,[],
31,https://twitter.com/LeChaudhrySahab/status/1290945194473349120,2020-08-05 09:38:13+00:00,"Whatsapp university investor Guru
Cash =Networth ,😂😂🤣
Companies are drawing credit lines to pile up cash in pandemic uncertainty. Lets not confuse people. https://t.co/7Rry2eXFuG",1290945194473349120,LeChaudhrySahab,['https://twitter.com/NileshShah68/status/1290934816376946689'],https://twitter.com/NileshShah68/status/1290934816376946689,['https://t.co/7Rry2eXFuG'],https://t.co/7Rry2eXFuG
32,https://twitter.com/danibogo/status/1290141958493491205,2020-08-03 04:26:27+00:00,"In the public imagination, the arrival of a coronavirus vaccine looms large: It’s the neat Hollywood ending to the grim and agonizing uncertainty of everyday life in a pandemic. However, the vaccine is going to be a rollout, not a thunderclap. 👇🏻👀 https://t.co/wSYx0ChxPV",1290141958493491205,danibogo,['https://twitter.com/mikiebarb/status/1290135980041633794'],https://twitter.com/mikiebarb/status/1290135980041633794,['https://t.co/wSYx0ChxPV'],https://t.co/wSYx0ChxPV
33,https://twitter.com/GlobalCxO/status/1290125928580804608,2020-08-03 03:22:45+00:00,"Negative Capability: the capacity to be able tolerate ambiguity and the resultant anxiety and fear, staying with the uncertainty to make space for creativity and allow for the emergence of new ideas 💡",1290125928580804608,GlobalCxO,[],,[],
34,https://twitter.com/thebendingone/status/1289877471576219648,2020-08-02 10:55:28+00:00,@Robert_Tinney fingers crossed things work out for you. I’m sure they will in the end but the uncertainty must be difficult,1289877471576219648,thebendingone,[],,[],
35,https://twitter.com/StephanSteve87/status/1288069455604375552,2020-07-28 11:11:04+00:00,But I also like contending with them. They equip me with terrorizing psychology and strategies for dealing with uncertainty and other less prepared persons ready to slender and Attack. Teach me.. more...,1288069455604375552,StephanSteve87,[],,[],
36,https://twitter.com/SwaggyKJ/status/1281632854997254146,2020-07-10 16:54:18+00:00,There is so much happening around and its so difficult to cope with everything 😔 #Uncertainty everywhere,1281632854997254146,SwaggyKJ,[],,[],
37,https://twitter.com/OurHealthMate/status/1280098184841363457,2020-07-06 11:16:04+00:00,"Achieving a goal is a wildly exhilarating thing. If you’re flirting with the idea of giving up, you could be throwing away something wonderful―your 'best' future.

There’s going to be anxiety about uncertainty and… https://t.co/vFV5RH09mV",1280098184841363457,OurHealthMate,['https://www.instagram.com/p/CCTHHhnJvka/?igshid=2vogsdoaccz'],https://www.instagram.com/p/CCTHHhnJvka/?igshid=2vogsdoaccz,['https://t.co/vFV5RH09mV'],https://t.co/vFV5RH09mV
38,https://twitter.com/Takamory_JET/status/1230189015619395585,2020-02-19 17:54:51+00:00,"#Period1 #Day31

8h30-10h00 Financial Accounting
10h15-11h45 Uncertainty, Data and Judgment
14h00-15h00 PLDP Group Session
13h00-20h00 Group Work (Strategy)
21h00-22h00 20D Dojo
22h30-25h00 Individual Work

明日の旅行に向け大詰め🇹🇼✈️
1ヶ月半ぶりに家族との再会です☺️

#INSEADMOMENT",1230189015619395585,Takamory_JET,[],,[],
39,https://twitter.com/Takamory_JET/status/1229446174995705857,2020-02-17 16:43:04+00:00,"#Periods1 #Day29

8h30-10h00 Uncertainty, Data and Judgment 
10h15-11h45 Financial Accounting
12h00-13h45 ITS Group Meeting
14h00-17h15 Organisational Behaviour 1

今日の統計はデータで見るDiversityとLeadership、組織論はNegotiation。かなり味わい深い内容だったなー。

#INSEADMOMENT",1229446174995705857,Takamory_JET,[],,[],
40,https://twitter.com/Takamory_JET/status/1227956625111015424,2020-02-13 14:04:08+00:00,"#Period1 #Day25

9h00-13h00 Interview prep
14h00-15h30 Financial Accounting
15h45-19h00 Uncertainty, Data and Judgment

なんか今日のあのコミュニケーションは無いなー。イロジカルかつセルフィッシュ、リーダーシップを履き違えてると思うぞ。モヤモヤするなー。

#INSEADMOMENT",1227956625111015424,Takamory_JET,[],,[],
41,https://twitter.com/Takamory_JET/status/1226881056323719168,2020-02-10 14:50:12+00:00,"#Period1 #Day22

09h00-10h00 FA Quiz
10h15-11h45 Uncertainty, Data and Judgment 
12h00-12h30  Career Coaching
14h00-15h30 CDC Career Changers
15h45-17h15 Financial Accounting
21h30-22h30 20D Dojo

前にも呟いたけど、INSEADのキャリアカウンセラーは質がとても高い☻

#INSEADMOMENT",1226881056323719168,Takamory_JET,[],,[],
42,https://twitter.com/Takamory_JET/status/1225969462215446528,2020-02-08 02:27:51+00:00,"個人的に好きな科目はValuationだけど、INSIDEDで授業が人気なのは、
・Organizational Behaviour
・Strategy
・Uncertainty, Data and Judgment
な気がする。

これもスクール間で差がありそうで、他のMBAはどのコア授業が人気なのか気になる。",1225969462215446528,Takamory_JET,[],,[],
43,https://twitter.com/Takamory_JET/status/1225467813311045632,2020-02-06 17:14:29+00:00,"#Period1 #Day18

08h30-10h00 Financial Accounting
10h15-11h45 Uncertainty, Data and Judgment
12h30-13h30 Career Workshop
14h00-17h15 Organisational Behaviour 
17h30-19h00 Financial Accounting
19h15-20h30 Case Workshop
21h30-22h30 20D Dojo
+思考整理に寝る前少し復習

#INSEADMOMENT",1225467813311045632,Takamory_JET,[],,[],
44,https://twitter.com/Takamory_JET/status/1222916932069838848,2020-01-30 16:18:11+00:00,"#Period1 #Day11

08h30-11h45 Organisational Behaviour 1 (OB)
12h00-13h30 Financial Accounting
15h45-17h15 Uncertainty, Data and Judgment
17h30-19h30 OB Film Showing
19h15-20h15 Career in Consulting

夕飯後飲みに。やっぱりバーは苦手w
(付き合いで少し頑張ったものの..)

#INSEADmoment https://t.co/Gpj1H49YtK",1222916932069838848,Takamory_JET,[],,[],
45,https://twitter.com/Takamory_JET/status/1220365310315728896,2020-01-23 15:18:57+00:00,"#Period1 #Day4

（朝から面接4連続からの...）
14h00-15h30 Financial Accounting #3
15h45-17h15 Uncertainty, Data and Judgment #3

統計は前提を疑い、判断力を高めるJudgementの授業だそうな。学びのなさそうな基礎科目でも、教授達にかかると最高に面白い授業になるから不思議。

#INSEADmoment https://t.co/Yv4efyCrX0",1220365310315728896,Takamory_JET,[],,[],
46,https://twitter.com/Takamory_JET/status/1219996008442056704,2020-01-22 14:51:29+00:00,"#Period1 #Day3

14h00-15h30 Uncertainty, Data and Judgment #2

今日は授業前後で課題とグループワークをメインに、空いた時間で明日の面接の準備。

Study Groupの仲がどんどん良くなってきてる。クラス内外も日に日に緩やかに仲良くなってて、明らかに居心地が良くなってきてる☺️

#INSEADmoment",1219996008442056704,Takamory_JET,[],,[],
47,https://twitter.com/Takamory_JET/status/1219293118492635137,2020-01-20 16:18:27+00:00,"#Period1 #Day1 

08h30-11h45 Organisational Behaviour 1
14h00-17h15 Financial Accounting
17h30-19h00 Uncertainty, Data and Judgment
（＋面接2つ@ナイト...しんど）

予習でOBは発言できたし、各授業のペースも無事ついていけた（万歳！）が、即興GDは完全に無理ゲーでした…。

#INSEADmoment",1219293118492635137,Takamory_JET,[],,[],
48,https://twitter.com/angelicasubil/status/1215954662379020289,2020-01-11 11:12:37+00:00,"The new year has already begun but im honestly feeling really lost; the future is foggy and full of uncertainty. I dont know where im heading to, nevertheless the only choice i have is to either give up or keep… https://t.co/4kZ0v5T5OG",1215954662379020289,angelicasubil,['https://www.instagram.com/p/B7LWBOcg-H2/?igshid=1rck04l9rq4zf'],https://www.instagram.com/p/B7LWBOcg-H2/?igshid=1rck04l9rq4zf,['https://t.co/4kZ0v5T5OG'],https://t.co/4kZ0v5T5OG
49,https://twitter.com/AppletonDave/status/1214120930017869824,2020-01-06 09:46:01+00:00,HelloGold continues to help the underserved protect their savings in times of financial uncertainty. https://t.co/UCaHL4Hg7q,1214120930017869824,AppletonDave,['https://twitter.com/rcfl1967/status/1214084072999227393'],https://twitter.com/rcfl1967/status/1214084072999227393,['https://t.co/UCaHL4Hg7q'],https://t.co/UCaHL4Hg7q
