,url,date,content,id,username,outlinks,outlinksss,tcooutlinks,tcooutlinksss
0,https://twitter.com/NUSMedicine/status/1412634454384812033,2021-07-07 04:47:54+00:00,"Suffering from #insomnia? Practising #mindfulness may help 💤

In a study led by @julianlimzq from @CSC_NUS at #NUSMedicine, researchers found mindfulness therapy to be more effective than an active sleep hygiene programme in improving #sleep quality. https://t.co/z6zGYDY9LI",1412634454384812033,NUSMedicine,['https://medicine.nus.edu.sg/mindfulness-therapy-may-help-bring-on-the-zzz/'],https://medicine.nus.edu.sg/mindfulness-therapy-may-help-bring-on-the-zzz/,['https://t.co/z6zGYDY9LI'],https://t.co/z6zGYDY9LI
1,https://twitter.com/drjaytoor/status/1411696438795374599,2021-07-04 14:40:33+00:00,My sleeping pattern is not even a damn pattern anymore. #insomnia #fuckthis,1411696438795374599,drjaytoor,[],,[],
2,https://twitter.com/Jae28/status/1411101846169477121,2021-07-02 23:17:51+00:00,TFW when it’s 7 am and your watch tells you you’ve been standing for 7 hours. #insomnia https://t.co/sEb3PlwspM,1411101846169477121,Jae28,[],,[],
3,https://twitter.com/aoipodsg/status/1410909294816493570,2021-07-02 10:32:43+00:00,"Ep 10 – Rising From The Valley Of Death, Re: @CheriIndigo 

A product manager in a tech #startup turned #singer-songwriter, Cheri had worked 20 h days during her time in #siliconvalley. An episode of #insomnia that lasted for 56 h led her to re-evaluate her priorities. #aoipodsg https://t.co/caeEnZc7aG",1410909294816493570,aoipodsg,[],,[],
4,https://twitter.com/irenetiong97/status/1407043985072431109,2021-06-21 18:33:22+00:00,Lack of vitamin sea indeed 🌊 #insomnia #Throwback 我家妹妹問這坐姿是不是太刻意😂 有嗎？ https://t.co/gKTrZZ3bYZ,1407043985072431109,irenetiong97,[],,[],
5,https://twitter.com/21stCenturyVits/status/1399543579773603843,2021-06-01 01:49:26+00:00,"We’ve got a range of sleep helpers😴 that contain melatonin which helps control your sleep and wake cycles. Sweet dreams🌛

 🛒Shop https://t.co/XCQF3kXQEY or visit Intenz Healthcare Store 

#21stcenturysg #insomnia #sleepproblems #melatonin #wellness #health #singapore https://t.co/Cg8Bze4edy",1399543579773603843,21stCenturyVits,['http://linktr.ee/21stcenturysg'],http://linktr.ee/21stcenturysg,['https://t.co/XCQF3kXQEY'],https://t.co/XCQF3kXQEY
6,https://twitter.com/AXHARRRRR/status/1345315800861741058,2021-01-02 10:27:36+00:00,"InSomnia Logo hot choco
#InSomnia
#Dreamcatcher https://t.co/SRRZHOtbY5",1345315800861741058,AXHARRRRR,[],,[],
