,url,date,content,id,username,outlinks,outlinksss,tcooutlinks,tcooutlinksss
0,https://twitter.com/eXAKR/status/1412813633801703431,2021-07-07 16:39:53+00:00,"In other words, anyone could have done it. His autism, or antisocial personality disorder, is just a happenstance.

Do not blame autistic people like us for his actions when it has already been determined that it isn’t a contributing factor in this case.",1412813633801703431,eXAKR,[],,[],
1,https://twitter.com/jwlltn/status/1412709768129519617,2021-07-07 09:47:10+00:00,"how many times before we stop seeing the words ""mental disorder"" in articles about people doing horrible shit to others https://t.co/PdP0ggLKW1 https://t.co/U6uFDhdbNp",1412709768129519617,jwlltn,['https://twitter.com/MothershipSG/status/1412622908086648838'],https://twitter.com/MothershipSG/status/1412622908086648838,['https://t.co/PdP0ggLKW1'],https://t.co/PdP0ggLKW1
2,https://twitter.com/olimpiuurcan/status/1412677370167758848,2021-07-07 07:38:25+00:00,"Edward Winter on John Nunn: ""Some writers create order and help chess knowledge to advance; others create disorder and obstruct such progress. In the former category Nunn is pre-eminent, and perhaps uniquely so."" https://t.co/RfrBx64CFJ https://t.co/2wch4367r1",1412677370167758848,olimpiuurcan,['https://bit.ly/36kkXhU'],https://bit.ly/36kkXhU,['https://t.co/RfrBx64CFJ'],https://t.co/RfrBx64CFJ
3,https://twitter.com/CoconutsSG/status/1412610211899006980,2021-07-07 03:11:34+00:00,"Shanmugam said the man had a history of mental disorder. 
https://t.co/y38mOOxFhE",1412610211899006980,CoconutsSG,['https://coconuts.co/singapore/news/man-who-threw-rainbow-flag-at-smol-food-stall-given-conditional-warning-lau-pa-sat/'],https://coconuts.co/singapore/news/man-who-threw-rainbow-flag-at-smol-food-stall-given-conditional-warning-lau-pa-sat/,['https://t.co/y38mOOxFhE'],https://t.co/y38mOOxFhE
4,https://twitter.com/miraxpath/status/1412268061327912963,2021-07-06 04:31:59+00:00,@whyvo I had nothing after the first shot and just fatigue for a day after the 2nd. But my flu vacs really do work for me and I am not  often sick. My immune syst is quite active - I have a mild auto-immune disorder.,1412268061327912963,miraxpath,[],,[],
5,https://twitter.com/Cosmic_Wyrm/status/1412262942830075911,2021-07-06 04:11:38+00:00,"not a specific subtweet but yeah the thing about ""uh we autistics actually HAVE empathy unlike those no-empathy personality disorder havers"" kind of rub me the wrong way. some people are just born with the clinical definition of low empathy and it doesn't make them bad people",1412262942830075911,Cosmic_Wyrm,[],,[],
6,https://twitter.com/AphasiaSG/status/1411886851409924102,2021-07-05 03:17:11+00:00,"‼️IMPACT OF APHASIA‼️

#Aphasia is a #communication disorder that occurs after a #brain injury. 🧠

When someone has aphasia, it affects every aspect of their lives - relationships, work, mental health and self-identity. 😔 https://t.co/bk8pGQ6N9M",1411886851409924102,AphasiaSG,[],,[],
7,https://twitter.com/strongcloudx/status/1411716642443120646,2021-07-04 16:00:50+00:00,"this book is a fiction novel about a boy who can't identify emotions due to a mental disorder (alexithymia). so, he cannot express emotions like fear, happiness, sadness, etc.
Almond refers to the sensory part of the brain that identifies emotions, which is shaped like an almond.",1411716642443120646,strongcloudx,[],,[],
8,https://twitter.com/FundiKumalo/status/1411687294218772488,2021-07-04 14:04:13+00:00,So this series is about a lady with a eating disorder who hates her husband 🤔,1411687294218772488,FundiKumalo,[],,[],
9,https://twitter.com/T_Boyega/status/1411556036612300801,2021-07-04 05:22:39+00:00,"@clairlemon There's only one mental disorder, racism",1411556036612300801,T_Boyega,[],,[],
10,https://twitter.com/formerforceuser/status/1411539810515259395,2021-07-04 04:18:10+00:00,"One driving a Merc 50km/h over kills a hapless cyclist; receives 0.5 years' jail and an 8-year driving ban

One diagnosed with a mental disorder and upset at systemic inequalities sets fire to a popo post, gets *three* years' jail and caning

We're still not listening, no sirree",1411539810515259395,formerforceuser,[],,[],
11,https://twitter.com/Fatihah_Juhari/status/1411188398610554887,2021-07-03 05:01:47+00:00,Bipolar disorder in Manic Phase. https://t.co/POlMIvybZR,1411188398610554887,Fatihah_Juhari,['https://twitter.com/ulat_bulu_bulu/status/1411143167911501829'],https://twitter.com/ulat_bulu_bulu/status/1411143167911501829,['https://t.co/POlMIvybZR'],https://t.co/POlMIvybZR
12,https://twitter.com/enghou/status/1411026172624834562,2021-07-02 18:17:09+00:00,"See this Instagram photo by @astrabeauty https://t.co/jsJEzhilrW https://t.co/nQoc4RHCux 
https://t.co/IpsWCXMm7t 
How to Deal with Generalized Anxiety Disorder and Its Related Conditions? 
#AnxietyManagementTips
https://t.co/aLHUr5Wdl9
https://t.co/u0OxXioRpi",1411026172624834562,enghou,"['https://www.instagram.com/p/CQ1Z_WVhKfi/?utm_source=ig_web_button_share_sheet', 'https://anchor.fm/ng-eng-hou/episodes/How-to-Deal-with-Generalized-Anxiety-Disorder-and-Its-Related-Conditions-e13r1m8', 'https://open.spotify.com/episode/5ZPQxuENOYeu8Z4ht0F8KD?si=TeqLw5bxRXKPIJYNoHTWmA&dl_branch=1', 'https://lovewithsex.me/?p=12109', 'https://luv2sex.info/?p=8444']",https://www.instagram.com/p/CQ1Z_WVhKfi/?utm_source=ig_web_button_share_sheet https://anchor.fm/ng-eng-hou/episodes/How-to-Deal-with-Generalized-Anxiety-Disorder-and-Its-Related-Conditions-e13r1m8 https://open.spotify.com/episode/5ZPQxuENOYeu8Z4ht0F8KD?si=TeqLw5bxRXKPIJYNoHTWmA&dl_branch=1 https://lovewithsex.me/?p=12109 https://luv2sex.info/?p=8444,"['https://t.co/jsJEzhilrW', 'https://t.co/nQoc4RHCux', 'https://t.co/IpsWCXMm7t', 'https://t.co/aLHUr5Wdl9', 'https://t.co/u0OxXioRpi']",https://t.co/jsJEzhilrW https://t.co/nQoc4RHCux https://t.co/IpsWCXMm7t https://t.co/aLHUr5Wdl9 https://t.co/u0OxXioRpi
13,https://twitter.com/enghou/status/1411024237989482496,2021-07-02 18:09:28+00:00,How to Deal with Generalized Anxiety Disorder and Its Related Conditions?#AnxietyManagementTips https://lo... https://t.co/QOJY0BhPSu,1411024237989482496,enghou,['https://enghou.typepad.com/blog/2021/07/how-to-deal-with-generalized-anxiety-disorder-and-its-related-conditions.html'],https://enghou.typepad.com/blog/2021/07/how-to-deal-with-generalized-anxiety-disorder-and-its-related-conditions.html,['https://t.co/QOJY0BhPSu'],https://t.co/QOJY0BhPSu
14,https://twitter.com/enghou/status/1411023770265915396,2021-07-02 18:07:37+00:00,"Pocket - How to Deal with Generalized Anxiety Disorder and Its Related Conditions? - https://t.co/6cAOHPHJ49 
#AnxietyManagementTips",1411023770265915396,enghou,['https://go.shr.lc/3yg7kMl'],https://go.shr.lc/3yg7kMl,['https://t.co/6cAOHPHJ49'],https://t.co/6cAOHPHJ49
15,https://twitter.com/enghou/status/1411022934517248005,2021-07-02 18:04:17+00:00,How to Deal with Generalized Anxiety Disorder and Its Related Conditions pdf https://t.co/duDlUHaWGf #AnxietyManagementTips,1411022934517248005,enghou,['https://www.wiziq.com/tutorial/2351164-how-to-deal-with-generalized-anxiety-disorder-and-its-related-conditions'],https://www.wiziq.com/tutorial/2351164-how-to-deal-with-generalized-anxiety-disorder-and-its-related-conditions,['https://t.co/duDlUHaWGf'],https://t.co/duDlUHaWGf
16,https://twitter.com/enghou/status/1411022763448365057,2021-07-02 18:03:36+00:00,How to Deal with Generalized Anxiety Disorder and Its Related Conditions?  https://t.co/15tUD9vhiy via @issuu #AnxietyManagementTips,1411022763448365057,enghou,['https://issuu.com/anti-agingbeautypersonalcare/docs/how_to_deal_with_generalized_anxiety_disorder_and_'],https://issuu.com/anti-agingbeautypersonalcare/docs/how_to_deal_with_generalized_anxiety_disorder_and_,['https://t.co/15tUD9vhiy'],https://t.co/15tUD9vhiy
17,https://twitter.com/enghou/status/1411022376897171460,2021-07-02 18:02:04+00:00,How to Deal with Generalized Anxiety Disorder and Its Related Conditions - https://t.co/JSvsCWiZmN #AnxietyManagementTips,1411022376897171460,enghou,['https://go.shr.lc/3yjaj6M'],https://go.shr.lc/3yjaj6M,['https://t.co/JSvsCWiZmN'],https://t.co/JSvsCWiZmN
18,https://twitter.com/enghou/status/1411022252313694209,2021-07-02 18:01:35+00:00,How to Deal with Generalized Anxiety Disorder and Its Related Conditions - Jumpshare - https://t.co/Th67d3fgAM #AnxietyManagementTips,1411022252313694209,enghou,['https://go.shr.lc/3yjbHpY'],https://go.shr.lc/3yjbHpY,['https://t.co/Th67d3fgAM'],https://t.co/Th67d3fgAM
19,https://twitter.com/enghou/status/1411022119115182080,2021-07-02 18:01:03+00:00,How to Deal with Generalized Anxiety Disorder and Its Related Conditions.pdf - Zoho Docs - https://t.co/5PCfo1Pe1K #AnxietyManagementTips,1411022119115182080,enghou,['https://go.shr.lc/2URdwfp'],https://go.shr.lc/2URdwfp,['https://t.co/5PCfo1Pe1K'],https://t.co/5PCfo1Pe1K
20,https://twitter.com/enghou/status/1411021941691936768,2021-07-02 18:00:21+00:00,How to Deal with Generalized Anxiety Disorder and Its Related Conditions published by @enghou on @edocr https://t.co/pwFm4ALz8P,1411021941691936768,enghou,['https://www.edocr.com/v/0g7z4my0/ngenghou/how-to-deal-with-generalized-anxiety-disorder-and-'],https://www.edocr.com/v/0g7z4my0/ngenghou/how-to-deal-with-generalized-anxiety-disorder-and-,['https://t.co/pwFm4ALz8P'],https://t.co/pwFm4ALz8P
21,https://twitter.com/enghou/status/1411020973994758146,2021-07-02 17:56:30+00:00,How To Have a Healthy Life: How to Deal with Generalized Anxiety Disorder and Its Related Conditions? - https://t.co/y0uZihYaoS #AnxietyManagementTips,1411020973994758146,enghou,['https://go.shr.lc/3ykUTyO'],https://go.shr.lc/3ykUTyO,['https://t.co/y0uZihYaoS'],https://t.co/y0uZihYaoS
22,https://twitter.com/enghou/status/1411020826665656323,2021-07-02 17:55:55+00:00,"Pinterest - https://t.co/KmJaZksKvg https://t.co/nQoc4RHCux 
https://t.co/IpsWCXMm7t 
How to Deal with Generalized Anxiety Disorder and Its Related Conditions? 
#AnxietyManagementTips
https://t.co/aLHUr5Wdl9
https://t.co/u0OxXioRpi",1411020826665656323,enghou,"['https://go.shr.lc/3waR7Xr', 'https://anchor.fm/ng-eng-hou/episodes/How-to-Deal-with-Generalized-Anxiety-Disorder-and-Its-Related-Conditions-e13r1m8', 'https://open.spotify.com/episode/5ZPQxuENOYeu8Z4ht0F8KD?si=TeqLw5bxRXKPIJYNoHTWmA&dl_branch=1', 'https://lovewithsex.me/?p=12109', 'https://luv2sex.info/?p=8444']",https://go.shr.lc/3waR7Xr https://anchor.fm/ng-eng-hou/episodes/How-to-Deal-with-Generalized-Anxiety-Disorder-and-Its-Related-Conditions-e13r1m8 https://open.spotify.com/episode/5ZPQxuENOYeu8Z4ht0F8KD?si=TeqLw5bxRXKPIJYNoHTWmA&dl_branch=1 https://lovewithsex.me/?p=12109 https://luv2sex.info/?p=8444,"['https://t.co/KmJaZksKvg', 'https://t.co/nQoc4RHCux', 'https://t.co/IpsWCXMm7t', 'https://t.co/aLHUr5Wdl9', 'https://t.co/u0OxXioRpi']",https://t.co/KmJaZksKvg https://t.co/nQoc4RHCux https://t.co/IpsWCXMm7t https://t.co/aLHUr5Wdl9 https://t.co/u0OxXioRpi
23,https://twitter.com/enghou/status/1411017761812189186,2021-07-02 17:43:44+00:00,"How to Deal with Generalized Anxiety Disorder and Its Related Conditions? | Podcast on Spotify - https://t.co/Jtx0Us9zgh https://t.co/nQoc4RHCux 
https://t.co/IpsWCXMm7t 
#AnxietyManagementTips
https://t.co/aLHUr5Wdl9
https://t.co/u0OxXioRpi",1411017761812189186,enghou,"['https://go.shr.lc/2TmAaMz', 'https://anchor.fm/ng-eng-hou/episodes/How-to-Deal-with-Generalized-Anxiety-Disorder-and-Its-Related-Conditions-e13r1m8', 'https://open.spotify.com/episode/5ZPQxuENOYeu8Z4ht0F8KD?si=TeqLw5bxRXKPIJYNoHTWmA&dl_branch=1', 'https://lovewithsex.me/?p=12109', 'https://luv2sex.info/?p=8444']",https://go.shr.lc/2TmAaMz https://anchor.fm/ng-eng-hou/episodes/How-to-Deal-with-Generalized-Anxiety-Disorder-and-Its-Related-Conditions-e13r1m8 https://open.spotify.com/episode/5ZPQxuENOYeu8Z4ht0F8KD?si=TeqLw5bxRXKPIJYNoHTWmA&dl_branch=1 https://lovewithsex.me/?p=12109 https://luv2sex.info/?p=8444,"['https://t.co/Jtx0Us9zgh', 'https://t.co/nQoc4RHCux', 'https://t.co/IpsWCXMm7t', 'https://t.co/aLHUr5Wdl9', 'https://t.co/u0OxXioRpi']",https://t.co/Jtx0Us9zgh https://t.co/nQoc4RHCux https://t.co/IpsWCXMm7t https://t.co/aLHUr5Wdl9 https://t.co/u0OxXioRpi
24,https://twitter.com/enghou/status/1411012929885925377,2021-07-02 17:24:32+00:00,How to Deal with Generalized Anxiety Disorder and Its Related Conditions? https://t.co/w8v3uWqb0G,1411012929885925377,enghou,['http://lovewithsex.me/2021/07/02/how-to-deal-with-generalized-anxiety-disorder-and-its-related-conditions/'],http://lovewithsex.me/2021/07/02/how-to-deal-with-generalized-anxiety-disorder-and-its-related-conditions/,['https://t.co/w8v3uWqb0G'],https://t.co/w8v3uWqb0G
25,https://twitter.com/LilLeftofNormal/status/1410993018094505985,2021-07-02 16:05:25+00:00,"@WhatTheADHD hello! i'm megan!
- undergrad in creative writing and psych, 22 years old
- currently obsessed with queen's gambit
- anxiety, depression, panic disorder (my brain is such a fun party)
- used to regularly do ballet &amp; contemporary, now i write poems",1410993018094505985,LilLeftofNormal,[],,[],
26,https://twitter.com/mrtoughdev/status/1410922216997359619,2021-07-02 11:24:04+00:00,Social anxiety disorder is one of the most common mental disorders https://t.co/yENj6MpXrk,1410922216997359619,mrtoughdev,[],,[],
27,https://twitter.com/garyveesiva/status/1410812771982184451,2021-07-02 04:09:11+00:00,"What's normal Anxiety --and what's an anxiety disorder? | Body Stuff  with Dr. Jen Gunter @TEDTalks #Anxiety #stress
 https://t.co/AnHQpa7KC8",1410812771982184451,garyveesiva,['https://youtu.be/xsEJ6GeAGb0'],https://youtu.be/xsEJ6GeAGb0,['https://t.co/AnHQpa7KC8'],https://t.co/AnHQpa7KC8
28,https://twitter.com/HIREMAIDEA/status/1410701777519869952,2021-07-01 20:48:07+00:00,Newly discovered genetic variants in a single gene cause neurodevelopmental disorder - Science Daily https://t.co/mn6ePOqIFG,1410701777519869952,HIREMAIDEA,['http://dlvr.it/S2szSP'],http://dlvr.it/S2szSP,['https://t.co/mn6ePOqIFG'],https://t.co/mn6ePOqIFG
29,https://twitter.com/MetjahLeague/status/1410664814821756930,2021-07-01 18:21:15+00:00,delusional disorder is a type of serious mental illness,1410664814821756930,MetjahLeague,[],,[],
30,https://twitter.com/jolynliauw/status/1410616492463296515,2021-07-01 15:09:14+00:00,a bitch (me) is angry cos mum supports her studying psychology but gets SALTY AS F**K when she tries to explain to her in the best way possible why someone’s “unusualness” in sexuality IS NOT A GOD DAMN MENTAL DISORDER,1410616492463296515,jolynliauw,[],,[],
31,https://twitter.com/JCTRWhioce/status/1410568870444687360,2021-07-01 12:00:00+00:00,The #autoimmune disorder #rheumatoid #arthritis (RA) causes chronic #inflammation and destruction of #joints. Learn about the role played by the tumor necrosis factor-alpha (TNF-α) inhibitors for treating RA here: https://t.co/30MWKOjyRz https://t.co/vncpuXRImL,1410568870444687360,JCTRWhioce,['http://dx.doi.org/10.18053/jctres.02.201603.005'],http://dx.doi.org/10.18053/jctres.02.201603.005,['https://t.co/30MWKOjyRz'],https://t.co/30MWKOjyRz
32,https://twitter.com/xhangelanne/status/1410202644182835201,2021-06-30 11:44:45+00:00,“People with chronic stress and anxiety may be more likely to develop nightmare disorder”,1410202644182835201,xhangelanne,[],,[],
33,https://twitter.com/repployy/status/1404050557375942656,2021-06-13 12:18:33+00:00,"@MuhyiddinYassin i swear to god, you and your bloody government will pay for this. I have bipolar disorder and now its getting worse because of you. KALAU KORANG TAK GILA KUASA MASA PRN SABAH, TAKDE MAKNANYA ADA PKP WAKTU MACAMNI. KAU TAHU TAK BETAPA STRUGGLE JE FOR ME TO SURVIVE",1404050557375942656,repployy,[],,[],
34,https://twitter.com/NaqiyanAnis/status/1398239986852405250,2021-05-28 11:29:25+00:00,"So pagi tadi ada kes anaphylaxis, petang ada panic disorder pulak. Siyes weh aku rasa baik bukak klinik je kat hotel ni. Confirm laku keras.",1398239986852405250,NaqiyanAnis,[],,[],
35,https://twitter.com/DSanonymous27/status/1397191472714235905,2021-05-25 14:03:00+00:00,@rizee_chan @Eelllayyylaaaaa Can i join and just listen ?. I myself is suferring from anxieties (panic attavk disorder) and depression..,1397191472714235905,DSanonymous27,[],,[],
36,https://twitter.com/himanshu2904/status/1397168881689501704,2021-05-25 12:33:14+00:00,"@vishakhatalreja @Captainwa2 @pariwaar @suhaibroomy @TVMohandasPai @kooindia @Twitter @rsprasad @PMOIndia Vishakha,I lost my mother to Covid in Aug20, brother in Sep20, could not attend moms funeral, attended brothers funeral.Was stuck in India for 4months with my family here .Got infected but survived only to fall into anxiety disorder but now recovered.We have all been through this",1397168881689501704,himanshu2904,[],,[],
37,https://twitter.com/yienchong_chen/status/1397050728439422976,2021-05-25 04:43:44+00:00,@mrbrown Mental disorder due to long run of pandemic,1397050728439422976,yienchong_chen,[],,[],
38,https://twitter.com/himanshu2904/status/1395517874509271040,2021-05-20 23:12:43+00:00,"@BDUTT Barkha,I lost 2 to Covid, was stuck in India for 4 months away from family, couldn’t attend funeral of my mother and was hit by anxiety disorder,high BP and insomnia during 14 day quarantine upon return to SG. Went to a Psych,on Med but better. Mental Illness is real and common..",1395517874509271040,himanshu2904,[],,[],
39,https://twitter.com/lulubellrunner/status/1395294242382094336,2021-05-20 08:24:05+00:00,"14 months?!? How is he fit to be a doctor? And how taking upskirt films and photos for years can be 'diagnosed' as onset persistent depressive disorder, I have no idea. Unbelievable. https://t.co/rWfNHBiXlo",1395294242382094336,lulubellrunner,['https://twitter.com/straits_times/status/1395290335396253699'],https://twitter.com/straits_times/status/1395290335396253699,['https://t.co/rWfNHBiXlo'],https://t.co/rWfNHBiXlo
40,https://twitter.com/MissFortuneCat/status/1384849599404388354,2021-04-21 12:40:48+00:00,All his old schoolmates thought he had a development disorder because he couldn't even make eye contact with people.,1384849599404388354,MissFortuneCat,[],,[],
41,https://twitter.com/MissFortuneCat/status/1384849596938027015,2021-04-21 12:40:47+00:00,"Went out with my mom and bro for dinner. Wanted to snap some shots of the food and my brother got angry I was taking more than 30 seconds, he fucking slammed his fist on the table. Seriously what is his problem? This is why I HONESTLY think he has some development disorder.",1384849596938027015,MissFortuneCat,[],,[],
42,https://twitter.com/aisyahhhhlatif_/status/1384521185971511309,2021-04-20 14:55:48+00:00,"about being philophobia disorder, I still stuck in the dark past . 3-4 yrs having a struggle keeping move on and realize having a relationship will make others person will in pains because of me . Don't blame yourself . https://t.co/NFg4l3pkKN",1384521185971511309,aisyahhhhlatif_,['https://twitter.com/_brotabah_/status/1384137553561882628'],https://twitter.com/_brotabah_/status/1384137553561882628,['https://t.co/NFg4l3pkKN'],https://t.co/NFg4l3pkKN
43,https://twitter.com/lenatikah/status/1380633343901921282,2021-04-09 21:26:54+00:00,@ashhsbri_ @bytpl Narcissistic personality disorder 😂 dia buat apa lagi yie selain selipar? Hahaha,1380633343901921282,lenatikah,[],,[],
44,https://twitter.com/r_eubern/status/1369392515875487748,2021-03-09 20:59:52+00:00,Shift work is honestly starting to make me have stupid disorders that i have never had before. Idk how the fuck and what the fuck sleep disorder i have now.,1369392515875487748,r_eubern,[],,[],
45,https://twitter.com/JiexiTay/status/1368602408259964928,2021-03-07 16:40:16+00:00,Avoidance feeds disorder anxiety,1368602408259964928,JiexiTay,[],,[],
46,https://twitter.com/afqhmh/status/1368221068062646272,2021-03-06 15:24:57+00:00,makin lama makin seram ea suami bunuh isteri sebegitu rupa. mental disorder lah jantan tu.,1368221068062646272,afqhmh,[],,[],
47,https://twitter.com/nasheirlss/status/1364858101329928194,2021-02-25 08:41:43+00:00,i hope NDs will remember the humilation of their neurology being labelled as a disorder,1364858101329928194,nasheirlss,[],,[],
48,https://twitter.com/nurareefah/status/1363369127146971138,2021-02-21 06:05:04+00:00,"“Biasalah rasa macam tu masa pregnant. Semua orang pun alami. Just jangan terlalu nak ikutkan perasaan sangat”

Kata Si Fulanah yang tidak ada any mental disorder.",1363369127146971138,nurareefah,[],,[],
49,https://twitter.com/aisyahhhhlatif_/status/1359134887547052041,2021-02-09 13:39:43+00:00,having a panic disorder is not a joke and congratulations they did a joke on me https://t.co/S3nJIbaWHC,1359134887547052041,aisyahhhhlatif_,['https://twitter.com/FarisNazrin18/status/1359096587989880832'],https://twitter.com/FarisNazrin18/status/1359096587989880832,['https://t.co/S3nJIbaWHC'],https://t.co/S3nJIbaWHC
50,https://twitter.com/syahirLMNlovato/status/1356892709647077381,2021-02-03 09:10:06+00:00,Tibe dkt timeline instagram aku banyak gila keluar pasal bipolar disorder. Tibe mcm nak self diagnose diri ini ada bipolar. Laaa tibee. Kena pergi check jumpe psychiatrist ni😂 laaa tibe,1356892709647077381,syahirLMNlovato,[],,[],
51,https://twitter.com/pissatay47/status/1355746420867776520,2021-01-31 05:15:09+00:00,Aku mmg pantang betul orang yg sesuka hati label diri dia ada mental disorder without being diagnosed. Do you know it's a torturing journey to get the treatment so that yourself will feel better? To cope with mental disorder? To live with mental disorder? https://t.co/bhbISxhpGE,1355746420867776520,pissatay47,['https://twitter.com/jebat_165/status/1355693031366647816'],https://twitter.com/jebat_165/status/1355693031366647816,['https://t.co/bhbISxhpGE'],https://t.co/bhbISxhpGE
52,https://twitter.com/mfosgp/status/1350734214631591937,2021-01-17 09:18:26+00:00,@JoshLekach I’d choose senile dementia over narcissistic  personality disorder sociopathic / psychopathic tendencies any day of the week. It’s a pity America could not find better candidates than these two...,1350734214631591937,mfosgp,[],,[],
53,https://twitter.com/mfosgp/status/1349025206887657483,2021-01-12 16:07:27+00:00,"@jordanbpeterson The role of patient is a familiar and comforting one, and it fills a psychological need in people with this syndrome. This disorder is distinct from hypochondriasis and other somatoform disorders in that those with the latter do not intentionally produce their somatic symptoms.",1349025206887657483,mfosgp,[],,[],
54,https://twitter.com/aprilMT2/status/1348576244258852864,2021-01-11 10:23:26+00:00,Y’all really think having a mental disorder is a personality trait now huh...,1348576244258852864,aprilMT2,[],,[],
55,https://twitter.com/kent76934124/status/1348101754550845440,2021-01-10 02:57:59+00:00,@gtconway3d You are right. The ends are much the same they had the same personality disorder. Malignant narcissism combined with sociopath.,1348101754550845440,kent76934124,[],,[],
56,https://twitter.com/tuffmuffin/status/1346138748145156096,2021-01-04 16:57:42+00:00,"@RyhanSamadi conceited yes, narcissism is a lot heavier as a term it’s an actual personality disorder!! cannot anyhow say one hahah",1346138748145156096,tuffmuffin,[],,[],
