,url,date,content,id,username,outlinks,outlinksss,tcooutlinks,tcooutlinksss
0,https://twitter.com/giti_sg/status/1412722642709192705,2021-07-07 10:38:19+00:00,"The wait is over! Here comes

$ The Rare Earth Oserver $

RE Prices: Happy Days Are Here Again; Myth Busting: EU 98% RE-China Dependence?; VAC Throw Their Hat in The Ring; Rare Earths Exploration in Laos; Vital Now A RE First In Canada; LEM Report Profit; https://t.co/DkBAPxfyGf https://t.co/dfFqY05LGv",1412722642709192705,giti_sg,['https://treo.substack.com/p/re-prices-happy-days-are-here-again'],https://treo.substack.com/p/re-prices-happy-days-are-here-again,['https://t.co/DkBAPxfyGf'],https://t.co/DkBAPxfyGf
1,https://twitter.com/mirza_khurram/status/1412431847196221440,2021-07-06 15:22:48+00:00,@saxena_puru major dependence on credit karma just like Fsly had TikTok.,1412431847196221440,mirza_khurram,[],,[],
2,https://twitter.com/khoogerald/status/1412236772927369216,2021-07-06 02:27:39+00:00,Prayer is the very way God has chosen for us to express our conscious need of him and our humble dependence on him. - John Stott #40Day2021,1412236772927369216,khoogerald,[],,[],
3,https://twitter.com/kureshii_/status/1411137750871412736,2021-07-03 01:40:32+00:00,"Secularly, prayer should change you!

It reminds you of your imperfection, to protect you from hubris.

It reminds you of your dependence on others, to keep you open to their need.",1411137750871412736,kureshii_,[],,[],
4,https://twitter.com/katrinanicholas/status/1410850682194722816,2021-07-02 06:39:49+00:00,A drive to reduce dependence on imported materials is pushing India to invest in a battery technology that uses aluminum rather than lithium as the key ingredient https://t.co/Y9BFlbhKDg via @business,1410850682194722816,katrinanicholas,['https://www.bloomberg.com/news/articles/2021-07-01/india-gives-aluminum-battery-a-chance-to-take-on-lithium-in-evs?sref=6dWlCyGI'],https://www.bloomberg.com/news/articles/2021-07-01/india-gives-aluminum-battery-a-chance-to-take-on-lithium-in-evs?sref=6dWlCyGI,['https://t.co/Y9BFlbhKDg'],https://t.co/Y9BFlbhKDg
5,https://twitter.com/shivanthah/status/1410604635308511243,2021-07-01 14:22:07+00:00,@KernerPathum the butterfly effect is the sensitive dependence on initial conditions in which a small change in one state of a deterministic nonlinear system can result in large differences in a later state.,1410604635308511243,shivanthah,[],,[],
6,https://twitter.com/Amitendu1/status/1410274737834450944,2021-06-30 16:31:13+00:00,#US #supplychainresilience review expresses concern over the #pharmaceutical industry’s dependence on #India and urges diversification https://t.co/NsquAEVvTo,1410274737834450944,Amitendu1,['https://www.isas.nus.edu.sg/papers/us-reviews-resilient-supply-chains-whats-in-store-for-india/'],https://www.isas.nus.edu.sg/papers/us-reviews-resilient-supply-chains-whats-in-store-for-india/,['https://t.co/NsquAEVvTo'],https://t.co/NsquAEVvTo
7,https://twitter.com/jerry991953/status/1399960765763768321,2021-06-02 05:27:11+00:00,"17 And whatever you do [no matter what it is] in word or deed, do everything in the name of the Lord Jesus and in [dependence upon] His Person, giving praise to God the Father through Him.
Colossians 3:17 AMPC

https://t.co/vcEZpAo5Ht",1399960765763768321,jerry991953,['https://bible.com/bible/8/col.3.17.AMPC'],https://bible.com/bible/8/col.3.17.AMPC,['https://t.co/vcEZpAo5Ht'],https://t.co/vcEZpAo5Ht
8,https://twitter.com/ramkumarvijayan/status/1399901237458325507,2021-06-02 01:30:38+00:00,Good decision @narendramodi ji Pls make it permanent and do awy with dependence on exams..it is ridiculous that  so many have been scoring almost 100% in #CBSE boards and spks a lot about the obsolence of  system.@DrRPNishank @vikramchandra @ShekharGupta https://t.co/NdjkTDnHNp,1399901237458325507,ramkumarvijayan,['https://indianexpress.com/article/education/cbse-class-12-board-cisce-isc-exams-sc-to-hear-plea-demanding-cancellation-of-board-exam-today-7337639/'],https://indianexpress.com/article/education/cbse-class-12-board-cisce-isc-exams-sc-to-hear-plea-demanding-cancellation-of-board-exam-today-7337639/,['https://t.co/NdjkTDnHNp'],https://t.co/NdjkTDnHNp
9,https://twitter.com/APELabNUS/status/1392382977208844291,2021-05-12 07:35:45+00:00,"Read our new #openaccess paper “Critical dependence of butterflies on a non-native host plant in the urban tropics” https://t.co/FYlI03sRYl led by our former lab member Anuj Jain, with @yiwen1987 @ELWEcology 

#Lepidoptera #SDM #Singapore #Asia #urbanisation #exoticspecies",1392382977208844291,APELabNUS,['https://www.frontiersin.org/articles/10.3389/fevo.2021.655012/full'],https://www.frontiersin.org/articles/10.3389/fevo.2021.655012/full,['https://t.co/FYlI03sRYl'],https://t.co/FYlI03sRYl
10,https://twitter.com/ritzsinha/status/1387743555188248577,2021-04-29 12:20:21+00:00,@jishnu0605 @chetan_bhagat Chetan is bang on! What is the problem with Pfizer or any vaccine per se? We should get all the vaccines available and inoculate our population. Only way to save lives and reduce dependence on the creaky health infra.,1387743555188248577,ritzsinha,[],,[],
11,https://twitter.com/iamrainlouise/status/1381412544011628545,2021-04-12 01:03:10+00:00,"On Thanksgiving Day we acknowledge our dependence.

#MayWard #EdwardBarber @Barber_Edward_",1381412544011628545,iamrainlouise,[],,[],
12,https://twitter.com/vargaseous/status/1379108928248668162,2021-04-05 16:29:25+00:00,hello this is a reminder that the solution to the Philippines's geopolitical woes is NOT increased dependence on the United States,1379108928248668162,vargaseous,[],,[],
13,https://twitter.com/awws/status/1353221013589225472,2021-01-24 06:00:05+00:00,"Fantastic thread on path dependence, which - as started - rarely gets modelled by people in their financial planning. Key takeaway: Do some sensitivity analysis in your projections. 
&lt;adds todo to his list&gt; https://t.co/AFjgJOeDJF",1353221013589225472,awws,['https://twitter.com/10kdiver/status/1353169429287211009'],https://twitter.com/10kdiver/status/1353169429287211009,['https://t.co/AFjgJOeDJF'],https://t.co/AFjgJOeDJF
