,url,date,content,id,username,outlinks,outlinksss,tcooutlinks,tcooutlinksss
0,https://twitter.com/AChVoice/status/1411391802838503424,2021-07-03 18:30:02+00:00,"“She explained that our #body freezes at the time of #trauma, holding in the #emotions that we were experiencing”: https://t.co/FutN9GiNFe @klclark525 #MyofascialRelease #MentalHealthAwareness",1411391802838503424,AChVoice,['https://buff.ly/3rv22ZI'],https://buff.ly/3rv22ZI,['https://t.co/FutN9GiNFe'],https://t.co/FutN9GiNFe
1,https://twitter.com/garyveesiva/status/1410912935094853632,2021-07-02 10:47:11+00:00,"Writing Can Help Us Heal from Trauma @HarvardBiz #writing #trauma 
https://t.co/DyqvK0pWqG",1410912935094853632,garyveesiva,['https://hbr.org/2021/07/writing-can-help-us-heal-from-trauma'],https://hbr.org/2021/07/writing-can-help-us-heal-from-trauma,['https://t.co/DyqvK0pWqG'],https://t.co/DyqvK0pWqG
2,https://twitter.com/GamingZaft/status/1410200733404700672,2021-06-30 11:37:09+00:00,"Co-op series Dead by daylight Survivor Ft - Niikiko EP1
#survivor #jukes #co-op #Deadbydaylight #Trauma #hideyomamas #hideyokids #theboogeymaniscoming",1410200733404700672,GamingZaft,[],,[],
3,https://twitter.com/leejanhau/status/1406189293203124233,2021-06-19 09:57:07+00:00,"#trauma #neurotrauma 
#PedsICU 

@brain_trauma https://t.co/7DUgP3Kw7x",1406189293203124233,leejanhau,['https://twitter.com/Paucaporal/status/1405896408847290368'],https://twitter.com/Paucaporal/status/1405896408847290368,['https://t.co/7DUgP3Kw7x'],https://t.co/7DUgP3Kw7x
4,https://twitter.com/leejanhau/status/1388279715253735425,2021-04-30 23:50:51+00:00,"#PedsICU 
#NeuroPICU
#Trauma 
#TBI https://t.co/jxyC0fEkHI",1388279715253735425,leejanhau,['https://twitter.com/PECCAfrica/status/1388278750610001921'],https://twitter.com/PECCAfrica/status/1388278750610001921,['https://t.co/jxyC0fEkHI'],https://t.co/jxyC0fEkHI
5,https://twitter.com/leejanhau/status/1388275142157996032,2021-04-30 23:32:41+00:00,"Early Coagulopathy in Pediatric TBI- is it time for a clinical trial? 
Kudos to @paccman_asia for examining observational data this area in #pediatric #trauma 
#PedsICU
#NeuroPICU 
@brain_trauma 
@NeurosurgeryCNS 

https://t.co/bfgrFGQETv",1388275142157996032,leejanhau,['https://academic.oup.com/neurosurgery/advance-article-abstract/doi/10.1093/neuros/nyab157/6258459#.YIySz7tlgI0.twitter'],https://academic.oup.com/neurosurgery/advance-article-abstract/doi/10.1093/neuros/nyab157/6258459#.YIySz7tlgI0.twitter,['https://t.co/bfgrFGQETv'],https://t.co/bfgrFGQETv
6,https://twitter.com/DionysusYeo/status/1361515514149761027,2021-02-16 03:19:28+00:00,"🕯️🕯️🕯️🕯️
🚪🪑🛏️🚬
The #trigger
Social #trauma is a #scary #thing @ Singapore https://t.co/NDvZjTOdub",1361515514149761027,DionysusYeo,['https://www.instagram.com/p/CLVnbsYHrAP/?igshid=19lzytbu5b85x'],https://www.instagram.com/p/CLVnbsYHrAP/?igshid=19lzytbu5b85x,['https://t.co/NDvZjTOdub'],https://t.co/NDvZjTOdub
