,url,date,content,id,username,outlinks,outlinksss,tcooutlinks,tcooutlinksss
0,https://twitter.com/JMae1153/status/1344428659155693568,2020-12-30 23:42:25+00:00,"This morning You reminded me of Your faithfulness &amp; goodness, Oh Lord. Though our plans didn’t happen the way we expected it to be,it may not be how we imagined but my heart is full of gratefulness of Your grace that sustained us from day 1 up to this 365th day. I’m overwhelmed.",1344428659155693568,JMae1153,[],,[],
1,https://twitter.com/LyaaanaaA/status/1343951966750134276,2020-12-29 16:08:12+00:00,I’ll be lying if i said I wasn’t overwhelmed from work.,1343951966750134276,LyaaanaaA,[],,[],
2,https://twitter.com/AsilahFasihah/status/1341026882058244096,2020-12-21 14:24:58+00:00,Saya masih ✨overwhelmed✨,1341026882058244096,AsilahFasihah,[],,[],
3,https://twitter.com/NeshMaari/status/1340785929032585219,2020-12-20 22:27:30+00:00,"I’m blessed and overwhelmed by many things happening around me . thanks to that one person I believe thru out my success , god ❤️",1340785929032585219,NeshMaari,[],,[],
4,https://twitter.com/AsilahFasihah/status/1340611857250283527,2020-12-20 10:55:48+00:00,Overwhelmed. 💓,1340611857250283527,AsilahFasihah,[],,[],
5,https://twitter.com/ainaanainaa/status/1338121811247001601,2020-12-13 14:01:15+00:00,I am overwhelmed by how much God has grant us a lot of rezeki this week. Allahu. Alhamdulillah alhamdulillah alhamdulillah.,1338121811247001601,ainaanainaa,[],,[],
6,https://twitter.com/brightsnowin/status/1336921996085448704,2020-12-10 06:33:37+00:00,Omg Nin i am so sorry. I hope you dont get overwhelmed with my dms😂😂😂 @lightwinbunny,1336921996085448704,brightsnowin,[],,[],
7,https://twitter.com/shaymeowmeow/status/1336618608722505728,2020-12-09 10:28:04+00:00,overwhelmed but i only can blame myself,1336618608722505728,shaymeowmeow,[],,[],
8,https://twitter.com/cassiecham/status/1335423365801259009,2020-12-06 03:18:36+00:00,I think I got overwhelmed just by looking at this row and forgot that there were another 4 rows to go... @ Pokémon Singapore https://t.co/EjgCrEueEp,1335423365801259009,cassiecham,['https://www.instagram.com/p/CIcOGTnse-gQt6A2Vaclzo9e-VoVUNzUrR5W000/?igshid=2itljt4oibpi'],https://www.instagram.com/p/CIcOGTnse-gQt6A2Vaclzo9e-VoVUNzUrR5W000/?igshid=2itljt4oibpi,['https://t.co/EjgCrEueEp'],https://t.co/EjgCrEueEp
9,https://twitter.com/shaz4m3/status/1331711343225831424,2020-11-25 21:28:20+00:00,"Uncertainty is growing.

economic downturn and high unemployment.

People with no jobs, people with no income.

Overwhelmed.

Going out and not being able to find a job because the company, the factory closed.

WE the PEOPLE are tired.",1331711343225831424,shaz4m3,[],,[],
10,https://twitter.com/isntrst/status/1331541469497212928,2020-11-25 10:13:19+00:00,"Overwhelmed sama bau parfum sendiri, ditambah migren.
Udah paling bener w nggak pakai apa-apa, jadi kalo migren cuma nyium bau badan aja yg lebih bearable. 😑",1331541469497212928,isntrst,[],,[],
11,https://twitter.com/kairin/status/1330761881338875904,2020-11-23 06:35:31+00:00,"Was feeling overwhelmed at work so decided to take half day leave. Soothe myself down by cooking my favourite garlic #EggFriedRice with prawns and #PickledChillies. #TeamPixel @ Bukit Panjang, Singapore https://t.co/ZZjXDY7BsE",1330761881338875904,kairin,['https://www.instagram.com/p/CH7GTAVAPFs/?igshid=1arktz4yf34a4'],https://www.instagram.com/p/CH7GTAVAPFs/?igshid=1arktz4yf34a4,['https://t.co/ZZjXDY7BsE'],https://t.co/ZZjXDY7BsE
12,https://twitter.com/kinkongking/status/1327463545492045826,2020-11-14 04:09:06+00:00,Overwhelmed.,1327463545492045826,kinkongking,[],,[],
13,https://twitter.com/Jasmineeeszxc/status/1326445882141597696,2020-11-11 08:45:17+00:00,"Feeling so overwhelmed about everything this week. Pls, it's only wednesday.",1326445882141597696,Jasmineeeszxc,[],,[],
14,https://twitter.com/SheepySkippy/status/1326360580525969408,2020-11-11 03:06:19+00:00,"@inumi1216 @Fallout @BethesdaStudios @bethesda Thank you! Be quick though, I’m only opening a few slots at a time, don’t want to be overwhelmed with orders 😅",1326360580525969408,SheepySkippy,[],,[],
15,https://twitter.com/DruvKent/status/1325336874374795264,2020-11-08 07:18:29+00:00,"We're LIVE in a few hrs!  Overwhelmed &amp; humbled by the response! 💕🙏

If you haven't got ur tix, last chance ... link in bio 😊

#DareToDream #DKLive #livemusic #SingerSongwriter @ Singapore https://t.co/BvOIQ56wC7",1325336874374795264,DruvKent,['https://www.instagram.com/p/CHUjSskJlL0/?igshid=1ac8jsmkfec13'],https://www.instagram.com/p/CHUjSskJlL0/?igshid=1ac8jsmkfec13,['https://t.co/BvOIQ56wC7'],https://t.co/BvOIQ56wC7
16,https://twitter.com/H4SIF_/status/1323007423540391936,2020-11-01 21:02:04+00:00,"Last 5 mins of watching Tottenham play:

“I get overwhelmed so easily
My anxiety creeps inside of me
Makes it hard to breathe
What's come over me”",1323007423540391936,H4SIF_,[],,[],
17,https://twitter.com/heyitsdayah/status/1321406688323272704,2020-10-28 11:01:19+00:00,"crying in the toilet silently is one of the toughest thing i had to do today. overwhelmed w emotions, healing from the loss.",1321406688323272704,heyitsdayah,[],,[],
18,https://twitter.com/Jhopiesun/status/1320660641363808256,2020-10-26 09:36:48+00:00,Lel my colleagues are overwhelmed by how much water I drink per day 🤣🤣,1320660641363808256,Jhopiesun,[],,[],
19,https://twitter.com/zacharyshaff/status/1320032988780847105,2020-10-24 16:02:44+00:00,Dest did really well. Busquets was sloppy and Pedri looked a little overwhelmed. Koeman left it too late with the changes. Better clasico compared to last year no doubt,1320032988780847105,zacharyshaff,[],,[],
20,https://twitter.com/LyaaanaaA/status/1318931262459924482,2020-10-21 15:04:52+00:00,not going to lie i’m overwhelmed,1318931262459924482,LyaaanaaA,[],,[],
21,https://twitter.com/29naux/status/1317755841513021440,2020-10-18 09:14:09+00:00,Overwhelmed.,1317755841513021440,29naux,[],,[],
22,https://twitter.com/haqxtanz/status/1317572122282237952,2020-10-17 21:04:07+00:00,It was scary how deep it can go when it was too overwhelmed. And I feel like I'll never able to save myself.,1317572122282237952,haqxtanz,[],,[],
23,https://twitter.com/h_eeemz/status/1316618542918193157,2020-10-15 05:54:56+00:00,"Hello to all our valued patrons, your support to us has always been overwhelmed. First of all, i would like to thank each and everyone for continuing to show your love to us, your support is where it has landed us to. https://t.co/6NqAr8ZFHZ",1316618542918193157,h_eeemz,[],,[],
24,https://twitter.com/Yohanbubz/status/1316018276804120576,2020-10-13 14:09:42+00:00,The fact that this is real and im just. Like I’m overwhelmed. I’m really overwhelmed https://t.co/G88MnHjf8N,1316018276804120576,Yohanbubz,[],,[],
25,https://twitter.com/rxgzmn/status/1314738055773708288,2020-10-10 01:22:33+00:00,please i hope they hire 3 more teachers sia im truly overwhelmed by the workload given to me ever since one of the teachers quit 😣😣,1314738055773708288,rxgzmn,[],,[],
26,https://twitter.com/_Edddddddd/status/1314559283011485696,2020-10-09 13:32:11+00:00,i get my pay tmr and its 10.10 sale im so overwhelmed,1314559283011485696,_Edddddddd,[],,[],
27,https://twitter.com/aswathiashok23/status/1312576898791165953,2020-10-04 02:14:53+00:00,"I am overwhelmed with all the love I received from those who loved the story. It truly motivates me to write more😍 I am glad you all loved the story. I thank each and every one of you for taking the time to read the story and for giving me your  feedback, it means a lot to me💖. https://t.co/5qmLYcNcK7",1312576898791165953,aswathiashok23,['https://twitter.com/aswathiashok23/status/1309116837053988867'],https://twitter.com/aswathiashok23/status/1309116837053988867,['https://t.co/5qmLYcNcK7'],https://t.co/5qmLYcNcK7
28,https://twitter.com/hereisjoey/status/1310533270002520065,2020-09-28 10:54:14+00:00,poppin back on twitter to say im kinda overwhelmed by all the bday love 😭❤️,1310533270002520065,hereisjoey,[],,[],
29,https://twitter.com/Niaradean36/status/1307636597727334400,2020-09-20 11:03:54+00:00,he so overwhelmed... I am glad to see him happy😊🤗😬🤧😭 I will no longer wonder why mew is so kind https://t.co/WQuhDFxakR,1307636597727334400,Niaradean36,[],,[],
30,https://twitter.com/Yohanbubz/status/1302911648563261442,2020-09-07 10:08:38+00:00,No still can’t get over the fact that he covered Se7en. Shut up this Noona is just overwhelmed who emotions like NO YOU DID NOT JUST COVERED THE SAME SONG YOU SANG DURING PDX AUDITION,1302911648563261442,Yohanbubz,[],,[],
31,https://twitter.com/Shivapakiam/status/1301514897365151744,2020-09-03 13:38:27+00:00,"@mallikaaaax it took me long but I was finally able to make the list, I’ve promised you about.

I’ve basically just made a list of all the k-dramas I’ve watched since 2012 so do not be overwhelmed..😅🙈

Might have missed a few but when I remember, I will continue adding them.",1301514897365151744,Shivapakiam,[],,[],
32,https://twitter.com/PRO_FITS/status/1300129851681071104,2020-08-30 17:54:46+00:00,"@wesbury If your healthcare system is overwhelmed and under duress,  capabilities to deal with the pandemic will head down exponentially. That’s not rocket science.",1300129851681071104,PRO_FITS,[],,[],
33,https://twitter.com/fieza_sudin/status/1298957305996861440,2020-08-27 12:15:29+00:00,"You might be overwhelmed, but do not forget that you are destined for greatness, keep going on.

🥺 https://t.co/aTRhIiluUg",1298957305996861440,fieza_sudin,['https://twitter.com/hoodhoods_/status/1298588268892626946'],https://twitter.com/hoodhoods_/status/1298588268892626946,['https://t.co/aTRhIiluUg'],https://t.co/aTRhIiluUg
34,https://twitter.com/DrewRedCastro/status/1297057822312738816,2020-08-22 06:27:37+00:00,"Thank you all 🙏
I’m overwhelmed with what’s happening, not just with the whole covid situation but with what’s next 🙏🙏🙏 More than the greets and love you sent to me personally, via chats, comments, posts, stories,… https://t.co/gLu2rD2mfw",1297057822312738816,DrewRedCastro,['https://www.instagram.com/p/CELnd9sDLbc/?igshid=rliw0myv2m7w'],https://www.instagram.com/p/CELnd9sDLbc/?igshid=rliw0myv2m7w,['https://t.co/gLu2rD2mfw'],https://t.co/gLu2rD2mfw
35,https://twitter.com/weezaleena/status/1296818674842533888,2020-08-21 14:37:20+00:00,Back to work after almost 2 weeks. I’m so f**kin overwhelmed,1296818674842533888,weezaleena,[],,[],
36,https://twitter.com/TehAisBatu/status/1296442276663762946,2020-08-20 13:41:40+00:00,feel bad fr my classmates that kena shouted at today. too overwhelmed CA ask me do so much ;-; ok except for that one BITCH I SWEAR ONE DAY SHE'LL CRY,1296442276663762946,TehAisBatu,[],,[],
37,https://twitter.com/LyaaanaaA/status/1294612313463386112,2020-08-15 12:30:02+00:00,trying to fit a schedule for myself so I won’t be so overwhelmed with curriculum and adhoc/admin matters~ and i’ll start more steadily and confidently in term 4!,1294612313463386112,LyaaanaaA,[],,[],
38,https://twitter.com/velorunsdeworld/status/1293569745866780672,2020-08-12 15:27:15+00:00,"Had a quick run this evening, wasn’t aware that this activity considered difficult training since I didn’t really feel overwhelmed during the run since I just wanted to finish it &amp; back to my work &amp; laptop. #runningjournal https://t.co/QJRJMedqRQ",1293569745866780672,velorunsdeworld,[],,[],
39,https://twitter.com/TanSiHuiCNA/status/1290178643113566208,2020-08-03 06:52:13+00:00,"1 in 3 people in their 20s would not consider contacting others for help when emotionally overwhelmed, according to survey",1290178643113566208,TanSiHuiCNA,[],,[],
40,https://twitter.com/apul_santoso/status/1288720840876421120,2020-07-30 06:19:26+00:00,"When you are overwhelmed, take a step back and remember that nobody has it all together. You'll find your way, and get through this adversity!",1288720840876421120,apul_santoso,[],,[],
41,https://twitter.com/yyyeek/status/1288161653578596355,2020-07-28 17:17:25+00:00,"I might feel vulnerable, insecure, and overwhelmed. But expressing my discontent to avoid the pain and emptiness that i felt won’t make it go away.",1288161653578596355,yyyeek,[],,[],
42,https://twitter.com/BinxBugarin/status/1286998395429642246,2020-07-25 12:15:03+00:00,"Let’s press delete. 
Lately, I feel stressed out. I feel too overwhelmed in a bad way. And it’s giving me a headache.
So, let’s just delete those stuffs that don’t bring joy to us. 😇🤘🏼",1286998395429642246,BinxBugarin,[],,[],
43,https://twitter.com/AliIsBk1/status/1285518096141176837,2020-07-21 10:12:52+00:00,"A often forgotten fact. When hospitals are overwhelmed with COVID-19 cases, other cases requring medical care might not have available resources. 

I was suppose to go for a scope this year, last year polyps (at near cancerous stage) were detected. And it has been postponed twice https://t.co/RSuUfxXVSm",1285518096141176837,AliIsBk1,['https://twitter.com/CNN/status/1285399860078927873'],https://twitter.com/CNN/status/1285399860078927873,['https://t.co/RSuUfxXVSm'],https://t.co/RSuUfxXVSm
44,https://twitter.com/borryshasian/status/1284411160075268097,2020-07-18 08:54:18+00:00,"👥 Feedback dari online workshop Design Sprint. Alhamdulillah kesannya insightful, refreshing, berisi dan praktikal. In syaa Allah di improve utk next nya, supaya ngga overwhelmed dan waktunya pas. https://t.co/QFG4ZTkpMq",1284411160075268097,borryshasian,[],,[],
45,https://twitter.com/haicapekyasamaa/status/1281812712809324549,2020-07-11 04:49:00+00:00,OVERWHELMED!,1281812712809324549,haicapekyasamaa,[],,[],
46,https://twitter.com/bavrara/status/1281675917425643521,2020-07-10 19:45:25+00:00,"I can’t even begin to say what WP’s win in sengkang means to me I’m so emotionally overwhelmed and it means hope and representation for me and my future kids/grandkids. Thank you, thank you sengkang for coming thru  #wpsg #GE2020",1281675917425643521,bavrara,[],,[],
47,https://twitter.com/natalieann_chin/status/1278363813075496960,2020-07-01 16:24:18+00:00,"When i go to my teaching job, towards the middle i do start to get overwhelmed, becos here i am trying to finish marking but the students are all finishing their work at different times, some are whining, others need help. i’ll prioritise those who do NEED help.",1278363813075496960,natalieann_chin,[],,[],
48,https://twitter.com/SmithRChris/status/1277726993199448065,2020-06-29 22:13:48+00:00,Overwhelmed https://t.co/5FfrEdvFcd,1277726993199448065,SmithRChris,['https://twitter.com/storywithdata/status/1277602177888862213'],https://twitter.com/storywithdata/status/1277602177888862213,['https://t.co/5FfrEdvFcd'],https://t.co/5FfrEdvFcd
49,https://twitter.com/msvcr/status/1277171620797349889,2020-06-28 09:26:57+00:00,"More from our members.. I asked for a few and got slightly overwhelmed! Taking these ones front on.. 

#the_msvcr #driveinstyle #morningdrives #singaporeclassiccars  #classiccars #drive #vintagecars… https://t.co/CvQfnyy82Z",1277171620797349889,msvcr,['https://www.instagram.com/p/CB-URfPlct6/?igshid=15ewjqdvkivvr'],https://www.instagram.com/p/CB-URfPlct6/?igshid=15ewjqdvkivvr,['https://t.co/CvQfnyy82Z'],https://t.co/CvQfnyy82Z
50,https://twitter.com/allimenon/status/1275813484949835780,2020-06-24 15:30:12+00:00,"Never have I ever been so overwhelmed with excitement over a meal, till today!
Also, #prawnalli is 10yrs old! 💜💖
And prodigalcafe was absolutely worth leaving the house for!
I want to put the Tomato Cream Sauce on… https://t.co/sKlxU9axeT",1275813484949835780,allimenon,['https://www.instagram.com/p/CB0qqegnQoG/?igshid=10f5twi387b6y'],https://www.instagram.com/p/CB0qqegnQoG/?igshid=10f5twi387b6y,['https://t.co/sKlxU9axeT'],https://t.co/sKlxU9axeT
51,https://twitter.com/smilingkace/status/1274527223601561602,2020-06-21 02:19:04+00:00,"You were overjoyed and thrilled when Chase came. You were the happiest man. But along the way, I saw you struggle to be that perfect dad. You get scared and you get so overwhelmed sometimes. Growing up without a dad… https://t.co/KMv79CRvJQ",1274527223601561602,smilingkace,['https://www.instagram.com/p/CBrhvPgpse1/?igshid=1jjop5ujgb4ga'],https://www.instagram.com/p/CBrhvPgpse1/?igshid=1jjop5ujgb4ga,['https://t.co/KMv79CRvJQ'],https://t.co/KMv79CRvJQ
52,https://twitter.com/modernstatement/status/1272953483960836096,2020-06-16 18:05:35+00:00,"Truth be spoken, I’m so overwhelmed by the fact that Phase 2 is here and my itchy ass just wants to get out. But on the flip side, this CB has really altered my habit/routine so much so that I just wanna stay home... like... what is hangout again? https://t.co/D9WQ7oua5d",1272953483960836096,modernstatement,['https://twitter.com/NlAMHMEALONE/status/1272558277151375360'],https://twitter.com/NlAMHMEALONE/status/1272558277151375360,['https://t.co/D9WQ7oua5d'],https://t.co/D9WQ7oua5d
53,https://twitter.com/frhmeel/status/1271446382537146370,2020-06-12 14:16:54+00:00,Overwhelmed... overwhelmed,1271446382537146370,frhmeel,[],,[],
54,https://twitter.com/DanspireVy/status/1267407807000829954,2020-06-01 10:49:03+00:00,"📌 Everyday...A little bit more.

When one is overwhelmed, it is usually because they see the entire load they are handling that is very daunting and scary.

One was to ease this problem is to always see ""the next… https://t.co/rarVjS4Ww8",1267407807000829954,DanspireVy,['https://www.instagram.com/p/CA48M_nHjls/?igshid=12dmxbtaeivme'],https://www.instagram.com/p/CA48M_nHjls/?igshid=12dmxbtaeivme,['https://t.co/rarVjS4Ww8'],https://t.co/rarVjS4Ww8
55,https://twitter.com/eunevaenilec/status/1266750317506379777,2020-05-30 15:16:25+00:00,I hate when SAHM rant a little about being overwhelmed and some asshat says “well if you don’t like staying home then get a job.” OH ISSIT? Then my baby put where? Alone at home let her cook and clean the house for me issit? Where the fuck is your brain??,1266750317506379777,eunevaenilec,[],,[],
56,https://twitter.com/Rys5a_Gonzalez/status/1266450710792515584,2020-05-29 19:25:53+00:00,@Anush1311 Indeed.... I’m overwhelmed by the beauty of and God’s Grace is giving us a rainbow in the storms as sign telling us to hang in there ... smile on ....💪🏼💪🏼💪🏼🌈💗,1266450710792515584,Rys5a_Gonzalez,[],,[],
57,https://twitter.com/JamshedWadia/status/1265620160339009538,2020-05-27 12:25:34+00:00,- I am just impressed and overwhelmed with the amount of quality online content available during this period. You can learn anything and be anything you want to be. No more excuses,1265620160339009538,JamshedWadia,[],,[],
58,https://twitter.com/Canciiinoe/status/1265244594582646784,2020-05-26 11:33:13+00:00,"I should really pay attention to one task at the time but my mind is overwhelmed with ideas for a new song and story. I'm just gonna write out a sample, record a demo.",1265244594582646784,Canciiinoe,[],,[],
59,https://twitter.com/MoldezShiey/status/1263399208062574593,2020-05-21 09:20:18+00:00,"@caren_lec @fanwithacause You might be interested to watch The Empress Ki, you will be overwhelmed with his acting prowess 😎",1263399208062574593,MoldezShiey,[],,[],
60,https://twitter.com/cheithai_max/status/1262747385651818500,2020-05-19 14:10:12+00:00,"Thank you for the all birthday wishes. I'm overwhelmed with all the love and food deliveries today. 

You are part and parcel of my life's joys and made turning a year a little less ""sucky"". 

Now let's forget it… https://t.co/OkJsZaNV4J",1262747385651818500,cheithai_max,['https://www.instagram.com/p/CAX041onSmw/?igshid=1ucvxd4ljcvle'],https://www.instagram.com/p/CAX041onSmw/?igshid=1ucvxd4ljcvle,['https://t.co/OkJsZaNV4J'],https://t.co/OkJsZaNV4J
61,https://twitter.com/cobyyacob/status/1258480132949344256,2020-05-07 19:33:39+00:00,I am actually overwhelmed on the handful of people reaching out to me and checking on me during this period. God bless their hearts 💕,1258480132949344256,cobyyacob,[],,[],
62,https://twitter.com/krnrzf/status/1258408766799671297,2020-05-07 14:50:04+00:00,im so overwhelmed 🥺😭,1258408766799671297,krnrzf,[],,[],
63,https://twitter.com/BenAngYH/status/1255153423558688770,2020-04-28 15:14:30+00:00,"Thanks everyone for your birthday wishes through the various social media and messaging platforms. Overwhelmed by the well wishes. 

Lots of love and hearts, and yummy food to fill the stomachs from my lovely family… https://t.co/l7wYYSHnuq",1255153423558688770,BenAngYH,['https://www.instagram.com/p/B_h3jUanJbI/?igshid=1g143q52g8o29'],https://www.instagram.com/p/B_h3jUanJbI/?igshid=1g143q52g8o29,['https://t.co/l7wYYSHnuq'],https://t.co/l7wYYSHnuq
64,https://twitter.com/davidjrainey/status/1253635549622972418,2020-04-24 10:43:01+00:00,"@johnb78 Probably different now, but back in the mid 90’s when I was selling 0800 numbers to banks, one of the key selling points was that a free call-to-action would give them insight into who was actually seeing the TV and print ads. 
IME, they were usually overwhelmed w 1st response",1253635549622972418,davidjrainey,[],,[],
65,https://twitter.com/AaronUnKoch/status/1252749063063101441,2020-04-22 00:00:26+00:00,"@JillieBeanBaby The more common meanings is that you are overwhelmed by the drowning person, see them as overwhelmed, or the emotional situation between the two of you is overwhelming or out of control..",1252749063063101441,AaronUnKoch,[],,[],
66,https://twitter.com/psychedelicida/status/1252074193300029440,2020-04-20 03:18:44+00:00,@girigiriLife17 Sometimes i get overwhelmed by things and it feels so dumb. Idek why😩,1252074193300029440,psychedelicida,[],,[],
67,https://twitter.com/benjoeee/status/1251881026420305925,2020-04-19 14:31:10+00:00,@fliki @ToxicConsort You’re not alone! Haha I just unlocked terraform today and I am overwhelmed. Don’t know what to do haha,1251881026420305925,benjoeee,[],,[],
68,https://twitter.com/BigBrandSatay/status/1251535778867544065,2020-04-18 15:39:16+00:00,"Sorry guys! We are overwhelmed by many supporters and sold out completely today on most of our food thus no time to organize the “Wheel of Fortune”, I promise you you it will come back with more surprise and new… https://t.co/NyMDcyX69g",1251535778867544065,BigBrandSatay,['https://www.instagram.com/p/B_IKcHbn2jv/?igshid=a6v9rudwbtlk'],https://www.instagram.com/p/B_IKcHbn2jv/?igshid=a6v9rudwbtlk,['https://t.co/NyMDcyX69g'],https://t.co/NyMDcyX69g
69,https://twitter.com/AtomeSg/status/1249277797115121664,2020-04-12 10:06:51+00:00,"If you're feeling overwhelmed, or anxious for the future, we're here for you 💕 #SGUnited #Singapore #Inthistogether https://t.co/LhY3wY9F2g",1249277797115121664,AtomeSg,[],,[],
70,https://twitter.com/jennylee_2012/status/1249276388663627776,2020-04-12 10:01:16+00:00,"#sgcircuitbreaker Day 4 #10April2020

Is a #throwback! How’ve you been? 

I am overwhelmed at home with teaching, cleaning, packing, cooking, clearing all emails and working from home, etc.   

Nagging at kids for… https://t.co/Tl0enOIFCE",1249276388663627776,jennylee_2012,['https://www.instagram.com/p/B-4G_I1nA9Y/?igshid=t7m5834k4d3y'],https://www.instagram.com/p/B-4G_I1nA9Y/?igshid=t7m5834k4d3y,['https://t.co/Tl0enOIFCE'],https://t.co/Tl0enOIFCE
71,https://twitter.com/natashaqhalisha/status/1248612077272354826,2020-04-10 14:01:31+00:00,"Today orders and deliveries was overwhelmed and im up since 7. So thankful. And i love how each and everyone of you complimented my dishes. Sure i open up orders again but for now, natsout!",1248612077272354826,natashaqhalisha,[],,[],
72,https://twitter.com/raynaaael/status/1247012193352081408,2020-04-06 04:04:09+00:00,Overwhelmed,1247012193352081408,raynaaael,[],,[],
73,https://twitter.com/ardyyyanugrah/status/1245942741646766080,2020-04-03 05:14:32+00:00,Just sharing the squad that extinguished the fire. Btw its a social responsibility.. We appreciate all the kind words and we are abit overwhelmed https://t.co/PsAS2RHuQt,1245942741646766080,ardyyyanugrah,[],,[],
74,https://twitter.com/lostsomehow/status/1244934312702566404,2020-03-31 10:27:24+00:00,Overwhelmed :’(,1244934312702566404,lostsomehow,[],,[],
75,https://twitter.com/AliIsBk1/status/1243164532463173632,2020-03-26 13:14:56+00:00,@apolledesma ...being overwhelmed.  And the Govt has enlisted the help of private Hospitals to take in less serious cases. Testing and treatment for COVID19 for Singaporeans is free as of now.,1243164532463173632,AliIsBk1,[],,[],
76,https://twitter.com/edithmabuyo/status/1242973359190638592,2020-03-26 00:35:16+00:00,"When overwhelmed with stress, take a deep breath &amp; remind yourself that you have to keep hope high since nothing lasts forever. This too shall pass. Better days are coming. Have faith &amp; they will manifest quicker.… https://t.co/2KziyKF78A",1242973359190638592,edithmabuyo,['https://www.instagram.com/p/B-LUs71DMET/?igshid=156387neilgwc'],https://www.instagram.com/p/B-LUs71DMET/?igshid=156387neilgwc,['https://t.co/2KziyKF78A'],https://t.co/2KziyKF78A
77,https://twitter.com/jesline_OT7/status/1242081888241500160,2020-03-23 13:32:53+00:00,"ARMY, U MIGHT BE STRAINED OUT BY OVERWHELMED VOTING EVENTS; 

BUT 

THIS IS THE WAY TO  GET THE RECOGNITION THEY DESERVED. 

PROVE THAT U WILL BE:
FOREVER WITH BANGTAN 

VOTE
#iHeartAwards
#BoyWithLuv @BTS_twt #BestMusicVideo 

NO TIME TO LOSE! ACTION NOW! https://t.co/LiaADPFOBt",1242081888241500160,jesline_OT7,['https://twitter.com/BVSUTeam/status/1242072491738034178'],https://twitter.com/BVSUTeam/status/1242072491738034178,['https://t.co/LiaADPFOBt'],https://t.co/LiaADPFOBt
78,https://twitter.com/AuggieAnthuvan/status/1242012334660308992,2020-03-23 08:56:30+00:00,Coronavirus: Boris Johnson warns NHS in danger of being overwhelmed – BB... https://t.co/s5Fo099pGT via @YouTube @NHSuk,1242012334660308992,AuggieAnthuvan,['https://youtu.be/gbuA2iujI2A'],https://youtu.be/gbuA2iujI2A,['https://t.co/s5Fo099pGT'],https://t.co/s5Fo099pGT
79,https://twitter.com/FerdieVita23/status/1241809456020598784,2020-03-22 19:30:20+00:00,"If you find yourself discouraged by the ever-changing news on the Coronavirus, disheartened by social media, or overwhelmed by financial difficulty, YOU’RE NOT ALONE.",1241809456020598784,FerdieVita23,[],,[],
80,https://twitter.com/tzeoutofnothing/status/1240227089418256384,2020-03-18 10:42:35+00:00,"Maybe we have never realized it, but life has never been certain from day one. 
We assume we can control everything around us, become overwhelmed by anxiety when things don’t seem to go our way. But the truth is,… https://t.co/WfgnnrPoIm",1240227089418256384,tzeoutofnothing,['https://www.instagram.com/p/B9zNrfmnYXm/?igshid=16jwbqvr5exiq'],https://www.instagram.com/p/B9zNrfmnYXm/?igshid=16jwbqvr5exiq,['https://t.co/WfgnnrPoIm'],https://t.co/WfgnnrPoIm
81,https://twitter.com/jeevzxcy/status/1240044886348328961,2020-03-17 22:38:34+00:00,One of the reasons I become so much stronger . The person who literally broke me but taught me so many important lessons in life . We did have amazing memories but the hurt overwhelmed everything else. It was nothing but toxic. But I wish him well . https://t.co/Tk5D6Y07BT,1240044886348328961,jeevzxcy,['https://twitter.com/bloodywildone/status/1239854633356423172'],https://twitter.com/bloodywildone/status/1239854633356423172,['https://t.co/Tk5D6Y07BT'],https://t.co/Tk5D6Y07BT
82,https://twitter.com/tzeoutofnothing/status/1239580402639163397,2020-03-16 15:52:52+00:00,"Maybe we have never realized it, but life has never been certain from day one. 
We assume we can control everything around us, become overwhelmed by anxiety when things don’t seem to go our way. But the truth is,… https://t.co/951YivIkWH",1239580402639163397,tzeoutofnothing,['https://www.instagram.com/p/B9zNrfmnYXm/?igshid=15n7cp8t6hxo6'],https://www.instagram.com/p/B9zNrfmnYXm/?igshid=15n7cp8t6hxo6,['https://t.co/951YivIkWH'],https://t.co/951YivIkWH
83,https://twitter.com/sygrivera/status/1238823394809769985,2020-03-14 13:44:48+00:00,"Fk my head’s so messy, I feel so overwhelmed",1238823394809769985,sygrivera,[],,[],
84,https://twitter.com/Canciiinoe/status/1237345424932876289,2020-03-10 11:51:52+00:00,Overwhelmed with so many emotions,1237345424932876289,Canciiinoe,[],,[],
85,https://twitter.com/NuuGuSeYONGE/status/1236595606228848640,2020-03-08 10:12:22+00:00,"One thing that's kinda good thing about when your bias goes on hiatus is that when they come back, you are so overwhelmed with love and happiness and feels and joy and relief. I can't explain it but you appreciate just being able to see them so much, so thankful every moment https://t.co/4p8gFF3Fyk",1236595606228848640,NuuGuSeYONGE,[],,[],
86,https://twitter.com/Jorineeed/status/1233784369640177664,2020-02-29 16:01:30+00:00,"Just wanted to say I’m so happy &amp;thankful to @sopereme team for holding such an epic&amp;pretty cafe for SOPE😭🧡the quizzes were so fun&amp; meaningful,the deco are top notch, &amp; the MD are so pretty! SOPE fangirl in me is so overwhelmed&amp;happy🧡😭너무감사해요ㅠㅠ정말 수고했어🧡#SOPEreme https://t.co/bipTMHnRtG",1233784369640177664,Jorineeed,[],,[],
87,https://twitter.com/Canciiinoe/status/1232481998997901313,2020-02-26 01:46:21+00:00,@FarhanAl_Athari I'm overwhelmed with grief 😣,1232481998997901313,Canciiinoe,[],,[],
88,https://twitter.com/Yohanbubz/status/1230871512434872320,2020-02-21 15:06:51+00:00,Idk how to explain this. Like I’m so overwhelmed not because of the amount of work but because I’m not meeting up to my own expectations. Urgh,1230871512434872320,Yohanbubz,[],,[],
89,https://twitter.com/Yohanbubz/status/1230871098469670912,2020-02-21 15:05:13+00:00,I really want to cry. Feeling so overwhelmed right now. I just left school. It’s bloody 11pm and I can’t take public transport since I won’t be able to catch the last bus the moment i reach my house area. So I’m gonna spend $30 to grab homes omg,1230871098469670912,Yohanbubz,[],,[],
90,https://twitter.com/Hzq_Szmnd/status/1230426371005927425,2020-02-20 09:38:01+00:00,"20/02/2020. Since I've joined, this is the first time ever I have felt overwhelmed by my work.",1230426371005927425,Hzq_Szmnd,[],,[],
91,https://twitter.com/currently_jined/status/1228354241011412993,2020-02-14 16:24:07+00:00,@emmerch_ YAAA OMG AND STARTED STABBING PPL THATS WHEN I WAS OVERWHELMED ALRDY LIKE CHILL CHILL,1228354241011412993,currently_jined,[],,[],
92,https://twitter.com/tulunsokit/status/1225783473937346560,2020-02-07 14:08:48+00:00,"@yoongkhean @rahah_ghazali @huajern @Hopeily It's inevitable. Just accept it, mitigate and minimise rate of spread as much as possible so healthcare isn't overwhelmed",1225783473937346560,tulunsokit,[],,[],
93,https://twitter.com/_syabilaa_/status/1220831999331430401,2020-01-24 22:13:25+00:00,I would say that i was overwhelmed with emotions. Aku tak fikir apa dah. I just wanted to let it go. I know that my mom noticed me bcs it was so obvious. But she didnt say anything. Maybe she also didnt know what to do. And we never talked about what happened. The plan proceeds.,1220831999331430401,_syabilaa_,[],,[],
94,https://twitter.com/Prime5222/status/1219064001218273280,2020-01-20 01:08:01+00:00,“Flood the zone with shit”: How misinformation overwhelmed our democracy https://t.co/E7Ad5u56bN vía @voxdotcom,1219064001218273280,Prime5222,['https://www.vox.com/policy-and-politics/2020/1/16/20991816/impeachment-trial-trump-bannon-misinformation?utm_campaign=vox&utm_content=entry&utm_medium=social&utm_source=twitter'],https://www.vox.com/policy-and-politics/2020/1/16/20991816/impeachment-trial-trump-bannon-misinformation?utm_campaign=vox&utm_content=entry&utm_medium=social&utm_source=twitter,['https://t.co/E7Ad5u56bN'],https://t.co/E7Ad5u56bN
95,https://twitter.com/NetraVeetil/status/1214210357461434369,2020-01-06 15:41:22+00:00,"This is truly a place you can lose yourself in. 🌱🌱🌱

Forget the stresses of life, the appointments, the places you need to go - when you're at the Gardens By The Bay in Singapore you are overwhelmed by one universal… https://t.co/PPKaqYPTds",1214210357461434369,NetraVeetil,['https://www.instagram.com/p/B6-8yimoIKT/?igshid=x9ixnipig5oc'],https://www.instagram.com/p/B6-8yimoIKT/?igshid=x9ixnipig5oc,['https://t.co/PPKaqYPTds'],https://t.co/PPKaqYPTds
