,url,date,content,id,username,outlinks,outlinksss,tcooutlinks,tcooutlinksss
0,https://twitter.com/SGinsightful/status/1412742374434893836,2021-07-07 11:56:44+00:00,"4. Strengthens the bond between the two partners.
 #selflove #youarewhatyouthink #anxietysupport #keepgoing #keeptrying #youareloved #mentalhealthsupport #counsellingservices #itsokaytonotbeokay 
#marriage #therapy #marriagecounselling #benefits #relationships #communication",1412742374434893836,SGinsightful,[],,[],
1,https://twitter.com/SGinsightful/status/1411970630535114756,2021-07-05 08:50:06+00:00,"To understand what couples therapy is, what to expect, and how this therapy helps, click the link in our bio to read the blog - ""All You Should Know About Couples Therapy"" 

#counsellingservices #itsokaytonotbeokay
#blog #therapyblog #couplestherapy #couplescounselling #therapy",1411970630535114756,SGinsightful,[],,[],
2,https://twitter.com/tyhosg/status/1411920191731081216,2021-07-05 05:29:40+00:00,"You are worthy.

If you find that you have a hard time believing that, or need someone to talk to, reach out to us. 💜 

#quoteoftheday 
#quote #psychology #therapy 

image credit: https://t.co/vDLJrRemMg https://t.co/IzVV5248qN",1411920191731081216,tyhosg,['http://freepik.com'],http://freepik.com,['https://t.co/vDLJrRemMg'],https://t.co/vDLJrRemMg
3,https://twitter.com/npasami1/status/1411896676646744068,2021-07-05 03:56:14+00:00,毎週月曜日は整体の日、今日も2時間掛けてガチガチの身体を解して貰いました😃お腹空いたから食事買いに行ってから帰ろう。#整体の日 #Therapy #Chiropractic #Manipulative #整体院 #Malaysialockdown https://t.co/mEg8ngrf0h,1411896676646744068,npasami1,[],,[],
4,https://twitter.com/tangenghui/status/1411735764677795848,2021-07-04 17:16:49+00:00,"Writing down some points for my #photography #therapy #zine / book that I am working on. I would come back and add on tot his thread if necessary.

- Komorebi 木漏れ日
- Shinrin-Yoku 森林浴
- Ikigai 生き甲斐

- Rainforest
- Sunrise
- Sunset
- Mountain range
- Sea
- Sky/clouds",1411735764677795848,tangenghui,[],,[],
5,https://twitter.com/tangenghui/status/1411647605289885699,2021-07-04 11:26:30+00:00,"Working on my next article on #forestbathing for my #photography and #travel portal/blog - https://t.co/209XBzbHal 

An introductory and foundation article preparation for my #photography #therapy #zine. 

Themes to adhere to
- Shinrin-Yoku #森林浴
- Komorebi #木漏れ日",1411647605289885699,tangenghui,['https://blog.photojournalist-tgh.tv'],https://blog.photojournalist-tgh.tv,['https://t.co/209XBzbHal'],https://t.co/209XBzbHal
6,https://twitter.com/RTandapany/status/1411540367229419524,2021-07-04 04:20:23+00:00,A client came to me yesterday just to tell me that they are attending therapy sessions because they needed time away from their wife and that my couch was comfier. So glad to have been of of service 🤔 #therapy https://t.co/0If1pOUTv1,1411540367229419524,RTandapany,[],,[],
7,https://twitter.com/AChVoice/status/1411120035167342598,2021-07-03 00:30:08+00:00,"“It’s important to search for a #therapist that has the qualities that..you’re looking for..requires a bit of leg work..researching #therapists, reading background info, bios..”: https://t.co/OX9WxlcCZA @ClevelandClinic #MentalHealthAwareness #therapy #psychologist",1411120035167342598,AChVoice,['https://buff.ly/3w1gQ5r'],https://buff.ly/3w1gQ5r,['https://t.co/OX9WxlcCZA'],https://t.co/OX9WxlcCZA
8,https://twitter.com/SGinsightful/status/1410879282507776001,2021-07-02 08:33:28+00:00,"#selftalk #depressionhelp #selflove #youarewhatyouthink #anxietysupport #keepgoing #keeptrying #youareloved #mentalhealthsupport #counsellingservices #itsokaytonotbeokay
#qotd #quoteoftheday #quote #mentalhealthquote #courage #help #healing #therapy #brave #journey",1410879282507776001,SGinsightful,[],,[],
9,https://twitter.com/tangenghui/status/1410861524957097985,2021-07-02 07:22:54+00:00,"I have an inspiration, an idea to combine a #zine and a #playbook together, for a #photography #therapy book on #MentalHealthAwareness

Where my sources come from:

https://t.co/QtLj5OI6nO

https://t.co/Ss3SwJqmWZ",1410861524957097985,tangenghui,"['https://www.tangenghui.com/personal-stories/a-playbook-to-encourage-and-teach-foundership-in-children-by-funderbeam', 'https://blog.photojournalist-tgh.tv/photojournalism/launch-of-tgh-photography-zine-vol-1-sg55-special-edition']",https://www.tangenghui.com/personal-stories/a-playbook-to-encourage-and-teach-foundership-in-children-by-funderbeam https://blog.photojournalist-tgh.tv/photojournalism/launch-of-tgh-photography-zine-vol-1-sg55-special-edition,"['https://t.co/QtLj5OI6nO', 'https://t.co/Ss3SwJqmWZ']",https://t.co/QtLj5OI6nO https://t.co/Ss3SwJqmWZ
10,https://twitter.com/WarnerMusicSG/status/1410485869614714883,2021-07-01 06:30:11+00:00,"We can't wait for 🌺 #Therapy 🌺 to be released on July 23rd.
@AnneMarie, can the day come any faster? 😩😩😩 https://t.co/FGbAZhj7Tw",1410485869614714883,WarnerMusicSG,[],,[],
11,https://twitter.com/DionysusYeo/status/1406491873837993986,2021-06-20 05:59:28+00:00,"#haveaniceday
💕📷
🚶🏻‍♂️🌞🌝

#walking #therapy #haveitmyway
#capturedonhuawei @huawei.sg #huawei #huaweisg #huaweiP20pro #leicalens #leica #huaweiwatchfit #huaweihealth @ Singapore https://t.co/5R7Fz6iUV1",1406491873837993986,DionysusYeo,['https://www.instagram.com/p/CQVMSUyH4Qr/?utm_medium=twitter'],https://www.instagram.com/p/CQVMSUyH4Qr/?utm_medium=twitter,['https://t.co/5R7Fz6iUV1'],https://t.co/5R7Fz6iUV1
12,https://twitter.com/DionysusYeo/status/1392521064396296195,2021-05-12 16:44:28+00:00,"#chillout #wednesday #humpday #night with my #bestfriendsforever #bff #benandjerrys
One of the few regular #therapy that I #needed
#chocolatetherapy
#smoke #less #cigarettes #eat #more
#comfort #foods @ Singapore https://t.co/oeO3tGhzNH",1392521064396296195,DionysusYeo,['https://www.instagram.com/p/COx7H9YHnup/?igshid=1bamqjpspuv0'],https://www.instagram.com/p/COx7H9YHnup/?igshid=1bamqjpspuv0,['https://t.co/oeO3tGhzNH'],https://t.co/oeO3tGhzNH
13,https://twitter.com/DionysusYeo/status/1377824714056376320,2021-04-02 03:26:25+00:00,"#solar #charging
#vidameanDion
#recovery #therapy @ Singapore https://t.co/3oFtTyxhUU",1377824714056376320,DionysusYeo,['https://www.instagram.com/p/CNJf_0mHcgS/?igshid=196vaqhdpbw1f'],https://www.instagram.com/p/CNJf_0mHcgS/?igshid=196vaqhdpbw1f,['https://t.co/3oFtTyxhUU'],https://t.co/3oFtTyxhUU
