,url,date,content,id,username,outlinks,outlinksss,tcooutlinks,tcooutlinksss
0,https://twitter.com/ShaZia132/status/1412824804240068610,2021-07-07 17:24:17+00:00,Today I felt like a #journalist full of passion ready to share someone's amazing story! Cannot wait for everyone to see it! #WatchThisSpace . Thank you @hashtagourstory for making me excited about work again! ♥ #OurMinds #HumanStories #MentalHealthMatters,1412824804240068610,ShaZia132,[],,[],
1,https://twitter.com/AChVoice/status/1412705544981434373,2021-07-07 09:30:23+00:00,"“When people speak out it does make it easier for others to speak out"": https://t.co/LatBmqH4lj @nikki_albert #depression #MentalHealthMatters #MentalIllness #advocates #StrongerTogether",1412705544981434373,AChVoice,['https://buff.ly/38RQlWJ'],https://buff.ly/38RQlWJ,['https://t.co/LatBmqH4lj'],https://t.co/LatBmqH4lj
2,https://twitter.com/Cocoveda/status/1412586912322228225,2021-07-07 01:38:59+00:00,"Hi, you.
Things can get hard so we hope you can get through this week! Here are some #selfcare ideas you can do and remember: it’s okay to take a break

#cocoveda #mentalhealth #wednesdaywisdom #wellbeing #mentalhealthmatters #covid #covid19 #depression #isolation #anxiety #love https://t.co/7qg5yPeTM9",1412586912322228225,Cocoveda,[],,[],
3,https://twitter.com/nadiasyazwani_/status/1412321422211354628,2021-07-06 08:04:01+00:00,#MentalHealthMatters #TalianRahmah🥰 https://t.co/3DbSwB0o2G,1412321422211354628,nadiasyazwani_,[],,[],
4,https://twitter.com/solsetur/status/1412303082885554177,2021-07-06 06:51:08+00:00,Saw this poster in KK hospital. Share to help a friend! #MentalHealthMatters #postnatal https://t.co/IwV8MIBo6t,1412303082885554177,solsetur,[],,[],
5,https://twitter.com/CampusSingapore/status/1412280044693557249,2021-07-06 05:19:36+00:00,"Check out these anime that tackle mental health. Some are about protagonists seeking validation &amp; redemption or coping with isolation &amp; societal pressure. There's also one that links criminal activity with mental state.

#MentalHealthMatters #anime 
https://t.co/lH0OcnqABk",1412280044693557249,CampusSingapore,['https://bit.ly/AnimeMental'],https://bit.ly/AnimeMental,['https://t.co/lH0OcnqABk'],https://t.co/lH0OcnqABk
6,https://twitter.com/CampusSingapore/status/1412278243034484741,2021-07-06 05:12:26+00:00,"See how some Korean dramas are tackling mental health issues.

#MentalHealthMatters #kdrama 
https://t.co/zdvuNylwa3",1412278243034484741,CampusSingapore,['https://bit.ly/KDramaMental'],https://bit.ly/KDramaMental,['https://t.co/zdvuNylwa3'],https://t.co/zdvuNylwa3
7,https://twitter.com/AChVoice/status/1411950502045274112,2021-07-05 07:30:07+00:00,"""use this as an #opportunity to evaluate and augment your “toolbox.” Consider practicing a form of #selfcare every day – and remember, that can mean doing less, not more"": https://t.co/q96HywjNQ5 @ForbesTech #mindfulness #MentalHealthAwareness #MentalHealthMatters",1411950502045274112,AChVoice,['https://buff.ly/2T4boQD'],https://buff.ly/2T4boQD,['https://t.co/q96HywjNQ5'],https://t.co/q96HywjNQ5
8,https://twitter.com/ManishS_SG/status/1411805897786077188,2021-07-04 21:55:30+00:00,"May I please get 2 followers to copy &amp; re-post this tweet to demonstrate that someone is always listening?

#SuicidePrevention
1-800-273-8255

Suicide prevention helpline India
9152987821
9820466726
Just 2. Any 2 🙏🏻 #MentalHealthMatters 

Carrying it forward. https://t.co/biDNQSG8Up",1411805897786077188,ManishS_SG,['https://twitter.com/IAmGMishra/status/1411802750040514563'],https://twitter.com/IAmGMishra/status/1411802750040514563,['https://t.co/biDNQSG8Up'],https://t.co/biDNQSG8Up
9,https://twitter.com/unexpect3rd/status/1411671554803396608,2021-07-04 13:01:40+00:00,"it has been a tantalising 12 month of my career as a sw dev. Slowed down my thoughts, deep breath, forced myself to focus on the Now. On the things that i can do as opposed to what cannot yet be done. And calm the f down.
#burnout #Anxiety #stressmanagement #MentalHealthMatters",1411671554803396608,unexpect3rd,[],,[],
10,https://twitter.com/AChVoice/status/1411663611118993411,2021-07-04 12:30:06+00:00,"“The #mentalhealthcrisis for #carers is going to be even bigger due to #coronavirus as those who were already hanging by a thread have had respite, coping mechanisms and support services cut"": https://t.co/UHo8qpFMHk @accessiblerach #MentalHealthMatters #humanity",1411663611118993411,AChVoice,['https://buff.ly/2DKkTgc'],https://buff.ly/2DKkTgc,['https://t.co/UHo8qpFMHk'],https://t.co/UHo8qpFMHk
11,https://twitter.com/tangenghui/status/1411278549688807426,2021-07-03 11:00:01+00:00,"Personal Blog Post: Reflecting H1 2021 and New Themes for Personal and Biz in H2 2021.

Reflecting Q1 2021, what went well didn’t go as well in Q2 2021. 

On #MentalHealthMatters, depressed and getting out from the rut.

New themes #Care and #Recovery

https://t.co/PHkZ1CYYMg",1411278549688807426,tangenghui,['https://www.tangenghui.com/personal-stories/reflecting-h1-2021-and-new-themes-for-personal-and-business-in-h2-2021'],https://www.tangenghui.com/personal-stories/reflecting-h1-2021-and-new-themes-for-personal-and-business-in-h2-2021,['https://t.co/PHkZ1CYYMg'],https://t.co/PHkZ1CYYMg
12,https://twitter.com/byrayabdul/status/1411066154890579968,2021-07-02 20:56:02+00:00,"never felt so liberated in accepting the conditions, weaknesses and flaws, yet a tiny bit fearful. But this is 2021, isn't it!  

#RaiseYourVoice #MentalHealthMatters",1411066154890579968,byrayabdul,[],,[],
13,https://twitter.com/byrayabdul/status/1411064827913531392,2021-07-02 20:50:45+00:00,"To heal, is to focus on one's self. And then in due time, the overflow goes to others. #recovery #MentalHealthMatters #PositiveVibes",1411064827913531392,byrayabdul,[],,[],
14,https://twitter.com/tangenghui/status/1411036955912159233,2021-07-02 19:00:00+00:00,"Reflecting H1 2021 and New Themes for Personal and Biz in H2 2021.

Reflecting Q1 2021, what went well didn’t go as well in Q2 2021. 

On #MentalHealthMatters, depressed and getting out from the rut.

New themes #Care and #Recovery

https://t.co/PHkZ1CHnUI",1411036955912159233,tangenghui,['https://www.tangenghui.com/personal-stories/reflecting-h1-2021-and-new-themes-for-personal-and-business-in-h2-2021'],https://www.tangenghui.com/personal-stories/reflecting-h1-2021-and-new-themes-for-personal-and-business-in-h2-2021,['https://t.co/PHkZ1CHnUI'],https://t.co/PHkZ1CHnUI
15,https://twitter.com/tangenghui/status/1410810464259424257,2021-07-02 04:00:00+00:00,"New Personal Blog Post: Reflecting H1 2021 and New Themes for Personal and Biz in H2 2021.

Reflecting Q1 2021, what went well didn’t go as well in Q2 2021. 

On #MentalHealthMatters, depressed and getting out from the rut.

New themes #Care and #Recovery

https://t.co/PHkZ1CHnUI",1410810464259424257,tangenghui,['https://www.tangenghui.com/personal-stories/reflecting-h1-2021-and-new-themes-for-personal-and-business-in-h2-2021'],https://www.tangenghui.com/personal-stories/reflecting-h1-2021-and-new-themes-for-personal-and-business-in-h2-2021,['https://t.co/PHkZ1CHnUI'],https://t.co/PHkZ1CHnUI
16,https://twitter.com/elesay_official/status/1410760786956357633,2021-07-02 00:42:36+00:00,"This should be popular opinion! I totally agree but I still couldn't apply without a guilt😔
#AcademicTwitter #MentalHealthMatters https://t.co/5NkqDB9qJQ",1410760786956357633,elesay_official,['https://twitter.com/BrianEJRose/status/1410693455580438539'],https://twitter.com/BrianEJRose/status/1410693455580438539,['https://t.co/5NkqDB9qJQ'],https://t.co/5NkqDB9qJQ
17,https://twitter.com/cwcchun/status/1406760363069083658,2021-06-20 23:46:21+00:00,"They said, “Clean your own mess!”
The mess was created by someone else. #Anxiety #MentalHealthMatters #HealYourself",1406760363069083658,cwcchun,[],,[],
18,https://twitter.com/cwcchun/status/1403680176592986120,2021-06-12 11:46:47+00:00,"Mental health issues are things that we should talk about openly. High functioning depression is something that exists in our society. Talk about it, talk to someone, write about, get it out of your head. #Mentalhealth #staypositive #anxiety #MentalHealthMatters #depression",1403680176592986120,cwcchun,[],,[],
19,https://twitter.com/himanshu_iitg/status/1400273592953180160,2021-06-03 02:10:15+00:00,"Building mental toughness, one day at a time!

“What gets measured, gets managed.”

#Mentalhealth #MentalHealthMatters #meditation #stayhard #atomichabits 

@JamesClear https://t.co/8eVF5pN8Cl",1400273592953180160,himanshu_iitg,[],,[],
20,https://twitter.com/bizarre_day_/status/1397927482754437124,2021-05-27 14:47:38+00:00,"If we develop properly, we transfer the source of approval from the world to ourselves; we shift from the external to the internal. Nathaniel Branden
.
.
#selfesteem #theartoflivingconsciously #psychology
#MentalHealthMatters #mentalhealthawarness #selfcare #ketolifrstyle #keto https://t.co/R8yzTxcRQc",1397927482754437124,bizarre_day_,[],,[],
21,https://twitter.com/PositiveCarat/status/1397434306708922368,2021-05-26 06:07:56+00:00,SEVENTEEN said #MHAM #MentalHealthMatters https://t.co/hmyvWyC0jL,1397434306708922368,PositiveCarat,['https://twitter.com/tinkswonu/status/1397347021095280643'],https://twitter.com/tinkswonu/status/1397347021095280643,['https://t.co/hmyvWyC0jL'],https://t.co/hmyvWyC0jL
22,https://twitter.com/vani_khare/status/1385190139836604417,2021-04-22 11:13:59+00:00,"Beautifully written by @Shrads_chettri 
During these turbulent time mental health of care providers and patients is often neglected. Thanks for bringing this important aspect out. My services are available ❤
#CovidIndia #pandamic #Mentalhealth #MentalHealthMatters https://t.co/rq1U5cAD4J",1385190139836604417,vani_khare,['https://twitter.com/Shrads_chettri/status/1385161837642059776'],https://twitter.com/Shrads_chettri/status/1385161837642059776,['https://t.co/rq1U5cAD4J'],https://t.co/rq1U5cAD4J
23,https://twitter.com/mrsslurp/status/1377638239968890881,2021-04-01 15:05:26+00:00,"You dont have to be anything, just yourself! 

Short escaped &amp; recharge! 
#enjoythejourney #beboldforchange #mentalhealthmatters @ Tanjung Sepang Johor https://t.co/KlEDj8H7M5",1377638239968890881,mrsslurp,['https://www.instagram.com/p/CNILMr6hyLN/?igshid=dl9ifurr6fv0'],https://www.instagram.com/p/CNILMr6hyLN/?igshid=dl9ifurr6fv0,['https://t.co/KlEDj8H7M5'],https://t.co/KlEDj8H7M5
24,https://twitter.com/JeongSerri/status/1373278867310268417,2021-03-20 14:22:50+00:00,"LET'S TALK:
T- TELLING TO SOMEONE WHO YOU TRUST ABOUT YOUR PROBLEMS
A- ASK FOR HELP
L- LISTEN WITHOUT JUDGEMENT
K- KNOW WHERE TO SEEK HELP

Speaker : Associate Professor Dr. Amer Siddiq

#MentalHealthMatters https://t.co/Qpw9Ly7n0F",1373278867310268417,JeongSerri,[],,[],
