,url,date,content,id,username,outlinks,outlinksss,tcooutlinks,tcooutlinksss
0,https://twitter.com/baziltt/status/1335891153414025216,2020-12-07 10:17:25+00:00,Meeting.  Counselling. Back to back meeting. Penat nak mampos eh,1335891153414025216,baziltt,[],,[],
1,https://twitter.com/WhatsOnOLIO/status/1335246795644039178,2020-12-05 15:36:58+00:00,"""Counselling books and hand outs"" in #Singapore #Singapore https://t.co/PkDGX2H8hG #zerowaste #free",1335246795644039178,WhatsOnOLIO,['https://olioex.com/food-waste-in/-/-/3795699#'],https://olioex.com/food-waste-in/-/-/3795699#,['https://t.co/PkDGX2H8hG'],https://t.co/PkDGX2H8hG
2,https://twitter.com/baziltt/status/1331572987330400256,2020-11-25 12:18:34+00:00,Counselling starts next week.,1331572987330400256,baziltt,[],,[],
3,https://twitter.com/MuazEzhar/status/1330120337665744902,2020-11-21 12:06:15+00:00,"No matter how many times i studied AF pnya management, Still confusing af. Lantak lah klo isnin ni kluar warfarin counselling station... https://t.co/0kDaxZ9vPk",1330120337665744902,MuazEzhar,[],,[],
4,https://twitter.com/noramogumogu/status/1329098520645681152,2020-11-18 16:25:55+00:00,i understand now on why they need to go to counselling after everything,1329098520645681152,noramogumogu,[],,[],
5,https://twitter.com/QillinAurora/status/1328618664942211077,2020-11-17 08:39:08+00:00,Cuz I don't want the bad counsellin letter. Just counselling to help heal my wounds,1328618664942211077,QillinAurora,[],,[],
6,https://twitter.com/mauiwose/status/1325334508170694656,2020-11-08 07:09:04+00:00,"It’s important to check in on each other’s mental health. 

It’s okay to go to couples counselling. 
It helps. 
It doesn’t mean you two are ending, or failing. 

Talk about money. 
Talk about your financial goals. 
Let your partner know what you expect from them, and vice versa.",1325334508170694656,mauiwose,[],,[],
7,https://twitter.com/ainaanainaa/status/1324284447391322112,2020-11-05 09:36:30+00:00,"Walaupun kau dah takde di sisi, cinta kalian tetap mengalir seperti ketika hidup. Insyaallah juga kiriman doanya.

Nak bajet bukak akaun takaful? Nah cikna bagi ikut peringkat umur.

FREE POLICY PASANGAN 100K ✅
FREE BADAL HAJI ✅
FREE GRIEF COUNSELLING ✅
FREE LEGAL ADVICE ✅ https://t.co/YbKYkXZqeu",1324284447391322112,ainaanainaa,[],,[],
8,https://twitter.com/AdammaOsman/status/1323601338488401921,2020-11-03 12:22:05+00:00,Kenapa tak counselling ? Orang tu stress kot. Alahai Malaysia https://t.co/zw7wxdh3Oq,1323601338488401921,AdammaOsman,['https://twitter.com/bukhariawesome/status/1323500428051410944'],https://twitter.com/bukhariawesome/status/1323500428051410944,['https://t.co/zw7wxdh3Oq'],https://t.co/zw7wxdh3Oq
9,https://twitter.com/pauriahcarey/status/1318413180058570753,2020-10-20 04:46:11+00:00,Going to n*s counselling for the first time ever today...... hope it turns out well unlike the numerous nasty experiences I’ve heard of,1318413180058570753,pauriahcarey,[],,[],
10,https://twitter.com/appilala/status/1317073922982965248,2020-10-16 12:04:27+00:00,i feel like i need to talk to someone that’s not my parents. LMAO maybe a counselling sesh ?,1317073922982965248,appilala,[],,[],
11,https://twitter.com/aiaiaidid/status/1317003074863390725,2020-10-16 07:22:56+00:00,"and yes trust me, counselling is really good for your mental health.",1317003074863390725,aiaiaidid,[],,[],
12,https://twitter.com/AfifahShameemah/status/1315150993726734336,2020-10-11 04:43:25+00:00,"@rainysumzara @tasha_en I feel compelled to let everyone know that in Singapore, counsellors dont even have to be accredited. You can be, but you don't have to be to practice or open your own centre. Found that out when I was taking my diploma in counselling psych,,,",1315150993726734336,AfifahShameemah,[],,[],
13,https://twitter.com/tulunsokit/status/1310720597677154307,2020-09-28 23:18:37+00:00,Counselling for transplant - excellent thread by @rheault_m https://t.co/mJzBMrd80f,1310720597677154307,tulunsokit,['https://twitter.com/rheault_m/status/1310720108382347265'],https://twitter.com/rheault_m/status/1310720108382347265,['https://t.co/mJzBMrd80f'],https://t.co/mJzBMrd80f
14,https://twitter.com/NeilHumphreys/status/1305886011981922306,2020-09-15 15:07:42+00:00,@StevenSchirripa @talkingsopranos One of the best yet @StevenSchirripa . Loving it. Like a free counselling session. Don’t sweat the small stuff ;),1305886011981922306,NeilHumphreys,[],,[],
15,https://twitter.com/vanessaburtonsg/status/1294869878612963328,2020-08-16 05:33:31+00:00,"Three years ago, at the last lecture for our #counselling diploma. What a journey we’ve been on since then! #Mentalhealth #wellbeing https://t.co/j4FeBxjM94",1294869878612963328,vanessaburtonsg,[],,[],
16,https://twitter.com/AliIsBk1/status/1290148447635386369,2020-08-03 04:52:14+00:00,I’m not by nature confrontational... but I have certain limits. I just made a student cry during counselling session and now I feel guilty about it ... 🤦🏻‍♀️,1290148447635386369,AliIsBk1,[],,[],
17,https://twitter.com/_SHNAYA17_/status/1286747336266268672,2020-07-24 19:37:26+00:00,Let them live their life! Please think on how their kids would feel if they get divorced!! Fuck I dont want them to go through what I did! Its ok we have some counselling therapy nowadays for all this problem. Let them decide their life. https://t.co/qeqC0pKpbc,1286747336266268672,_SHNAYA17_,['https://twitter.com/kosmo_online/status/1286601475989233664'],https://twitter.com/kosmo_online/status/1286601475989233664,['https://t.co/qeqC0pKpbc'],https://t.co/qeqC0pKpbc
18,https://twitter.com/mediumshawn/status/1285189072458141698,2020-07-20 12:25:27+00:00,"Unless we really and truly address all this, we will see more of such cases as guys reach adulthood in university and their hormones are raging. 

I hope this guy gets a sex education 101 refresher in his five months of counselling.",1285189072458141698,mediumshawn,[],,[],
19,https://twitter.com/MFerrisN/status/1285069207621656577,2020-07-20 04:29:09+00:00,"If you press your thumb into someone’s eye you truly trying to hurt them &amp; cause permanent damage to their health, perhaps even kill them, yet all that fucking Dentist undergrad got was 5 months of counselling &amp; 100 hrs of community service. What the fuck m8.",1285069207621656577,MFerrisN,[],,[],
20,https://twitter.com/fadhlina_zul/status/1284079870658715650,2020-07-17 10:57:52+00:00,"Alhamdulillah GEMA telah menerima sumbangan Surah Yaasiin untuk diwaqafkan kepada waris2 dan pesakit2 di wad.
Jutaan Terimakasih dan TAHNIAH adik Najlah kerana melanjutkan pelajaran dlm bidang ‘Islamic Counselling’,… https://t.co/pL2WunVpsg",1284079870658715650,fadhlina_zul,['https://www.instagram.com/p/CCvZx6KABv1/?igshid=a1mphx8nxz2q'],https://www.instagram.com/p/CCvZx6KABv1/?igshid=a1mphx8nxz2q,['https://t.co/pL2WunVpsg'],https://t.co/pL2WunVpsg
21,https://twitter.com/TehAisBatu/status/1282562665060028416,2020-07-13 06:29:02+00:00,". it gets super bad because the littlest of things can js make me explode. but im trying t get better over the years, counselling and what not. im trying my best. i rlly am. https://t.co/ezc5q70Hr6",1282562665060028416,TehAisBatu,['https://twitter.com/nanashiiee/status/1282346130206945281'],https://twitter.com/nanashiiee/status/1282346130206945281,['https://t.co/ezc5q70Hr6'],https://t.co/ezc5q70Hr6
22,https://twitter.com/pauriahcarey/status/1282183322790014976,2020-07-12 05:21:40+00:00,Do you go for counselling or therapy sessions / have you gone in the past year,1282183322790014976,pauriahcarey,[],,[],
23,https://twitter.com/TehAisBatu/status/1264797671866302466,2020-05-25 05:57:18+00:00,"wtf ""he can't""?? his nafsu is sky high and harass girls. so this person trying to justify his actions by saying ""he can't stop"". WHY? why can't he stop? need go counselling for sex addiction issit until he can stop? https://t.co/Uce4zUrhz0",1264797671866302466,TehAisBatu,['https://twitter.com/cnjackyy/status/1264619020491186176'],https://twitter.com/cnjackyy/status/1264619020491186176,['https://t.co/Uce4zUrhz0'],https://t.co/Uce4zUrhz0
24,https://twitter.com/meowjitsu/status/1257017425901441025,2020-05-03 18:41:23+00:00,"also a counselling tip for anyone who needs it, when attempting to comfort a friend: don’t relate yourself to them at all times

honestly it’s really the last thing they want to hear, and it devalues their experiences",1257017425901441025,meowjitsu,[],,[],
25,https://twitter.com/ErosLomboy/status/1251532632258560000,2020-04-18 15:26:46+00:00,"Have you ever thought, who can explain to you more about @medel #cochlearimplants offer here in #Singapore? Feel free to DM me for an indepth explanation of hearing loss intervention, to complement your audiologist’s counselling. https://t.co/1cIm5zmJWU",1251532632258560000,ErosLomboy,[],,[],
26,https://twitter.com/MsDayinMS/status/1251309975948759042,2020-04-18 00:42:01+00:00,@techstarteacher @HighSais I’m adding it to our School Counselling webpage now and am writing something for next weeks newsletter this weekend. Everyone needs a little extra #compassion right now,1251309975948759042,MsDayinMS,[],,[],
27,https://twitter.com/MsDayinMS/status/1250928561868861440,2020-04-16 23:26:24+00:00,A2 shifting our focus as school Counsellors to the adults in our community this.  Small group Counselling for teachers and Zoom parenting chats are coming up next week. plus a few funny counseling lip sync videos!     #whatisschool,1250928561868861440,MsDayinMS,[],,[],
28,https://twitter.com/shaunymacattack/status/1246597132825423872,2020-04-05 00:34:51+00:00,@PrincessMattie1 I think you should go to counselling.....alone!!,1246597132825423872,shaunymacattack,[],,[],
29,https://twitter.com/itsallaboutart/status/1239116714324836352,2020-03-15 09:10:21+00:00,@DannyGlasner @klbeasley @watnunu @chamada @kellyed121 @varga_mel @mrkpyp @r_langlands @AngelaLanglands @feetetweet @traintheteacher @becinthelibrary @intlNadine @pernilleripp @KimTyoDickerson @libraryjet Where did you do your camp counselling? Mine was upstate New York in the Catskills,1239116714324836352,itsallaboutart,[],,[],
30,https://twitter.com/shaunymacattack/status/1236591174502117384,2020-03-08 09:54:45+00:00,@PrincessMattie1 @fee_bee_63 @DearPlanA @ERN_Malleyscrub He needs counselling,1236591174502117384,shaunymacattack,[],,[],
31,https://twitter.com/wenwenwendyyyy/status/1224418560862126080,2020-02-03 19:45:08+00:00,Hopefully i can wake up later for starbucks and counselling test... HAHAHAH time check its 0345 now,1224418560862126080,wenwenwendyyyy,[],,[],
32,https://twitter.com/RehDaz/status/1224050024645984256,2020-02-02 19:20:42+00:00,"Malaysia follow Singapore style..imprisonment due to attempting suicide..

But Singapore already change the law.. i guess Malaysia have to change too

Imprisonment is not the way, these ppl shud seek counselling https://t.co/TSIoIsLkoB",1224050024645984256,RehDaz,['https://twitter.com/jyrhighness/status/1223981986294853633'],https://twitter.com/jyrhighness/status/1223981986294853633,['https://t.co/TSIoIsLkoB'],https://t.co/TSIoIsLkoB
33,https://twitter.com/ThatJsDev/status/1222856365049122816,2020-01-30 12:17:31+00:00,"When Krishna instructed Arjuna that we have a right to our labor but not to the fruits of our labor , he was counselling the warrior to act territorially , not hierarchically . We must do our work for its own sake , not for fortune or attention or applause.",1222856365049122816,ThatJsDev,[],,[],
