,url,date,content,id,username,outlinks,outlinksss,tcooutlinks,tcooutlinksss
0,https://twitter.com/junnydaah/status/1343467854281146369,2020-12-28 08:04:31+00:00,I just want walk Alone 😔 #Depression https://t.co/Cm97pCA3rC,1343467854281146369,junnydaah,[],,[],
1,https://twitter.com/AsiaDerma/status/1324186282172411905,2020-11-05 03:06:26+00:00,"Research has found people with #psoriasis are at greater risk of #depression than those without, independent of other diseases suffered. Identifying patients at high-risk may enable pre-emptive measures to reduce the risk: https://t.co/tRJKVy0VKH

#asiaderma  #dermatology https://t.co/9NObhDJO9G",1324186282172411905,AsiaDerma,['https://onlinelibrary.wiley.com/doi/abs/10.1111/bjd.17365'],https://onlinelibrary.wiley.com/doi/abs/10.1111/bjd.17365,['https://t.co/tRJKVy0VKH'],https://t.co/tRJKVy0VKH
2,https://twitter.com/SectsShop/status/1318020826243923971,2020-10-19 02:47:07+00:00,"Wearing DEPRESSION for ESQUIRE magazine  

📍 SECTS SHOP 🇸🇬 orchardgateway 04-14

@joshuasimonxl 
@sects.shop 

#depression 
#depressiontribe
#esquiresg 
#sectsshop 
#orchardgateway 
#orchardroad 
#singapore @ SECTS SHOP https://t.co/6pAj7UDnbE",1318020826243923971,SectsShop,['https://www.instagram.com/p/CGgkVpvBxD-/?igshid=7r38s0i9ff3o'],https://www.instagram.com/p/CGgkVpvBxD-/?igshid=7r38s0i9ff3o,['https://t.co/6pAj7UDnbE'],https://t.co/6pAj7UDnbE
3,https://twitter.com/PreetSoniababe/status/1312721984665522178,2020-10-04 11:51:24+00:00,@Soni_Razdan what do you know about #depression ? Your daughter is suffering from it? #SushantSinghRajput is not that kind of a person or rather coward that will take his life HE WAS MURDERED AND YOUR HUSBAND @MaheshNBhatt is also a part of his death conspiracy 😡😡😡 https://t.co/6k6Pj0C8uJ,1312721984665522178,PreetSoniababe,[],,[],
4,https://twitter.com/DR3nu/status/1298074587435941888,2020-08-25 01:47:53+00:00,@DR3nu have to be strong to fight wat have make u down .... Almost 10yrs ...n back up #Singapore #depression https://t.co/K4oKz21ZUM,1298074587435941888,DR3nu,[],,[],
5,https://twitter.com/remind_sg/status/1297800435382681600,2020-08-24 07:38:30+00:00,"💆🏿‍♂️🌸𝙎𝙚𝙡𝙛-𝙘𝙖𝙧𝙚 🌸🙆🏼

The term self-care is used so commonly in the social media landscape today. Do you know what self-care is? ❤️

#ReMind #mentalhealth #mentalhealthawareness #anxiety #depression #selfcare #selflove #health #mentalillness #selfcare https://t.co/kuD985DXfD",1297800435382681600,remind_sg,[],,[],
6,https://twitter.com/Suchisingapore/status/1283974024180060162,2020-07-17 03:57:17+00:00,"Mental Health cases are on the rise.

#Depression is entering with no sound and leaving with a bang.

Join me at Psychiatry Conference where I will share healthier ways to manage stress.

#MentalHealthAwareness #healthiswealth #today #fridaymorning https://t.co/Lt8jDZMNaH",1283974024180060162,Suchisingapore,['https://twitter.com/conf_psychiatry/status/1283713505217003523'],https://twitter.com/conf_psychiatry/status/1283713505217003523,['https://t.co/Lt8jDZMNaH'],https://t.co/Lt8jDZMNaH
7,https://twitter.com/Suchisingapore/status/1281913511841419265,2020-07-11 11:29:32+00:00,"Discipline is the bridge between Goals and Results~ Growing my networks on #LinkedIn 

I will continue to ~

✅provide support 
✅save lives
✅spread empowerment
✅spread hope
✅spread #laughter
✅save people from #Depression

Love from MS. SUCHI #SINGAPORE https://t.co/N4xnS6VNXb",1281913511841419265,Suchisingapore,[],,[],
8,https://twitter.com/remind_sg/status/1273865171329400833,2020-06-19 06:28:18+00:00,"✅ Mental Health Checklist ✅

TGIF! Here's a friendly reminder to reaffirm yourself today 💪🏻

You are doing great! Tag a friend below to remind them too 💌

#ReMind #mentalhealth #mentalhealthawareness #anxiety #depression #selfcare #selflove #health #mentalillness #checklist https://t.co/IlpegByYla",1273865171329400833,remind_sg,[],,[],
9,https://twitter.com/remind_sg/status/1273260957490266113,2020-06-17 14:27:22+00:00,"(2/2) ⚫️🗡Posted @withregram🗡⚫️ 

I just want to say that depression may be a big black monster but don't forget that there is always someone to lean on 🙆🏻‍♀️ For my friends who are going through this, FIGHT ON! 💪🏼 

#WellnessWednesdays 
#ReMind #depression #seekhelp #mentalhealth",1273260957490266113,remind_sg,[],,[],
10,https://twitter.com/SingaporeDo/status/1261124289119449089,2020-05-15 02:40:35+00:00,Watching @KevinHart4real I know it’s just a Comedian but some how or rather his words do help me smile a little more despite my loss. #fighton #depression https://t.co/PmaaBGOyxu,1261124289119449089,SingaporeDo,[],,[],
11,https://twitter.com/Ladynite/status/1239973853972926464,2020-03-17 17:56:19+00:00,"😴😴😣😣

#sleepless #depression #aniexty @ Singapore https://t.co/KSRnnTF8TB",1239973853972926464,Ladynite,['https://www.instagram.com/p/B92ArzwhZj4/?igshid=7t41daxrovlk'],https://www.instagram.com/p/B92ArzwhZj4/?igshid=7t41daxrovlk,['https://t.co/KSRnnTF8TB'],https://t.co/KSRnnTF8TB
12,https://twitter.com/NeuroLandscape/status/1226775558966505472,2020-02-10 07:51:00+00:00,"To strengthen our study findings, we’re collecting more data from healthy individuals and patients with #depression and #anxiety. Link to the paper with preliminary findings in the comments!
#therapeutic #garden #faa #eeg #contemplative #brain #neurolandscape https://t.co/tlyvRvWIrQ",1226775558966505472,NeuroLandscape,[],,[],
13,https://twitter.com/AmeerSharifah/status/1222534425939861504,2020-01-29 14:58:15+00:00,"We are all sane people driven to the brink by the evils of the world 

#depression 
#anxiety
#MentalHealthAwareness 
#MentalHealthMatters",1222534425939861504,AmeerSharifah,[],,[],
