,url,date,content,id,username,outlinks,outlinksss,tcooutlinks,tcooutlinksss
0,https://twitter.com/shivaniigunalan/status/1411542896063311875,2021-07-04 04:30:26+00:00,This intermittent fasting shit is making me very irritable. 🙄,1411542896063311875,shivaniigunalan,[],,[],
1,https://twitter.com/asiaonecom/status/1410602232601464851,2021-07-01 14:12:34+00:00,To infinity and beyond! This oxygenating astronaut facial calms sensitive and irritable skin to keep flare-ups away https://t.co/ew2VkX6oRy https://t.co/PCgleQlu9K,1410602232601464851,asiaonecom,['https://bit.ly/3hhjpKk'],https://bit.ly/3hhjpKk,['https://t.co/ew2VkX6oRy'],https://t.co/ew2VkX6oRy
2,https://twitter.com/OtterJurong/status/1405905293284835331,2021-06-18 15:08:37+00:00,"The worst part of being exhausted is the irritability that comes.

Even the smallest of things sets me off and I hate it when I get this irritable, it means sleep is not gonna come easy.",1405905293284835331,OtterJurong,[],,[],
3,https://twitter.com/Justinkim9834/status/1400370339511554048,2021-06-03 08:34:41+00:00,"@momomodol @yourbaetreasure Irritable Male Syndrom. Itu PMS pada pria yg di sebabkan menurun nya hormon testosteron pada pria. Yang dapat membuat pria tersebut stres, emosian yg gk terkendali, atau bahkan membuatnya kehilangan jati dirinya.",1400370339511554048,Justinkim9834,[],,[],
