,url,date,content,id,username,outlinks,outlinksss,tcooutlinks,tcooutlinksss
0,https://twitter.com/AChVoice/status/1412871608671391749,2021-07-07 20:30:16+00:00,"""Many who struggle with pain on a daily basis end up with #mentalhealth issues, which comes as no surprise. We often need to seek the help of a #psychologist, which isn’t always covered by insurance"": https://t.co/adohCv0CLN #healthcare #MentalIllness #depression https://t.co/F54fCz7UiN",1412871608671391749,AChVoice,['https://buff.ly/37dIr6i'],https://buff.ly/37dIr6i,['https://t.co/adohCv0CLN'],https://t.co/adohCv0CLN
1,https://twitter.com/AChVoice/status/1412705544981434373,2021-07-07 09:30:23+00:00,"“When people speak out it does make it easier for others to speak out"": https://t.co/LatBmqH4lj @nikki_albert #depression #MentalHealthMatters #MentalIllness #advocates #StrongerTogether",1412705544981434373,AChVoice,['https://buff.ly/38RQlWJ'],https://buff.ly/38RQlWJ,['https://t.co/LatBmqH4lj'],https://t.co/LatBmqH4lj
2,https://twitter.com/ceenaomi/status/1412683847679057921,2021-07-07 08:04:10+00:00,"So accurate... #mentalhealth
#depression #parenting https://t.co/ES0K3By6YX",1412683847679057921,ceenaomi,[],,[],
3,https://twitter.com/Cocoveda/status/1412586912322228225,2021-07-07 01:38:59+00:00,"Hi, you.
Things can get hard so we hope you can get through this week! Here are some #selfcare ideas you can do and remember: it’s okay to take a break

#cocoveda #mentalhealth #wednesdaywisdom #wellbeing #mentalhealthmatters #covid #covid19 #depression #isolation #anxiety #love https://t.co/7qg5yPeTM9",1412586912322228225,Cocoveda,[],,[],
4,https://twitter.com/bilinair/status/1412252262802485259,2021-07-06 03:29:12+00:00,#Mentalhealth lost a colleague to it late last year. Reading an article on inquest to his death. He was diagnosed with #depression &amp; still something was missed. Pls seek help &amp; ensure those around you are there to support.,1412252262802485259,bilinair,[],,[],
5,https://twitter.com/AChVoice/status/1411255948165910530,2021-07-03 09:30:12+00:00,"“I need to be her #advocate, her mouthpiece, her #support, her friend, her ally, until she steps fully into being her own (which she is beautifully and vulnerably beginning to do)"":  https://t.co/dz1AcECah4 @TheMightySite #MentalHealth #depression #parenting",1411255948165910530,AChVoice,['https://buff.ly/2SnRb8r'],https://buff.ly/2SnRb8r,['https://t.co/dz1AcECah4'],https://t.co/dz1AcECah4
6,https://twitter.com/SanCareAsia/status/1410419353263042567,2021-07-01 02:05:52+00:00,New #AI program could help screen #seniors for #depression and #anxiety through video calls. Read: https://t.co/R5TpO6c6Iq #eldercare #dementia #alzheimers #sancareasia https://t.co/tXfc7rA3zF,1410419353263042567,SanCareAsia,['http://tiny.cc/yvz2uz'],http://tiny.cc/yvz2uz,['https://t.co/R5TpO6c6Iq'],https://t.co/R5TpO6c6Iq
7,https://twitter.com/remind_sg/status/1410250511735951361,2021-06-30 14:54:57+00:00,"Hey Re:Mind fam! Here are a few reminders for you ☀️ Send this to a friend who needs to see this!
#remind #mentalhealth #mentalhealthawareness #anxiety #depression #selfcare #selflove #health #mentalillness #reminder #motivationalquotes #inspirationalquotes #inspirational https://t.co/zRTbt7bHlG",1410250511735951361,remind_sg,[],,[],
8,https://twitter.com/cwcchun/status/1403680176592986120,2021-06-12 11:46:47+00:00,"Mental health issues are things that we should talk about openly. High functioning depression is something that exists in our society. Talk about it, talk to someone, write about, get it out of your head. #Mentalhealth #staypositive #anxiety #MentalHealthMatters #depression",1403680176592986120,cwcchun,[],,[],
9,https://twitter.com/rubyissoamazing/status/1384397716680167432,2021-04-20 06:45:11+00:00,I’m so sad rn #depression #faint,1384397716680167432,rubyissoamazing,[],,[],
10,https://twitter.com/TheSyira/status/1352163001084755968,2021-01-21 07:55:56+00:00,Ramainya commit suicide sekarang. Aduh siapa siapa perlukan bahu carilah saya saya volunteer ni asalkan jangan diam sendiri. Sakit simpan sendiri #depression #anxiety #Berjuang Untuk Rakyat,1352163001084755968,TheSyira,[],,[],
