,url,date,content,id,username,outlinks,outlinksss,tcooutlinks,tcooutlinksss
0,https://twitter.com/DoReMiX_II/status/1344329702404571137,2020-12-30 17:09:12+00:00,"Such A Lonely Day, And Its Mine...😔 https://t.co/ie0kWO0rwx",1344329702404571137,DoReMiX_II,[],,[],
1,https://twitter.com/DoReMiX_II/status/1344152567979208704,2020-12-30 05:25:20+00:00,Cover Lonely Day by SOAD https://t.co/Dq0KX3GLnc,1344152567979208704,DoReMiX_II,[],,[],
2,https://twitter.com/hikayatpenyu/status/1344023126657536001,2020-12-29 20:50:58+00:00,Lonely - Justin Bieber (Lyrics) FT. benny blanco https://t.co/dXGao8C2yj via @YouTube,1344023126657536001,hikayatpenyu,['https://youtu.be/GtwHKYKt5gE'],https://youtu.be/GtwHKYKt5gE,['https://t.co/dXGao8C2yj'],https://t.co/dXGao8C2yj
3,https://twitter.com/WinnDoe/status/1343887278284763137,2020-12-29 11:51:10+00:00,"A bowl of soup for my lonely night. 🤭
#alterph #altersg #alterpinoysg #alterphilippines #altersg https://t.co/uZzQ5FvA0y",1343887278284763137,WinnDoe,[],,[],
4,https://twitter.com/amxyar/status/1343374027117621248,2020-12-28 01:51:41+00:00,Jodoh oh jodoh where are you i lonely ni🥲,1343374027117621248,amxyar,[],,[],
5,https://twitter.com/OhStudio7/status/1342860935141019651,2020-12-26 15:52:50+00:00,"24 Dec 2020 …那一夜的夜游
10pm maybe?
摄影就是拍摄者的镜子

#streetPhotography #night
#fujixe3 #fujifilm_xseries #xc1545 #xc1545mm #lonely #alone https://t.co/laRAMuS8Yb",1342860935141019651,OhStudio7,[],,[],
6,https://twitter.com/AM15HA/status/1342858115293704192,2020-12-26 15:41:38+00:00,HAHA my mom cute she knows im lonely &amp; sad after my sis left me🥲,1342858115293704192,AM15HA,[],,[],
7,https://twitter.com/shaymeowmeow/status/1342424651935350787,2020-12-25 10:59:12+00:00,Such a lonely Christmas,1342424651935350787,shaymeowmeow,[],,[],
8,https://twitter.com/WinnDoe/status/1342399188189892609,2020-12-25 09:18:01+00:00,I wander lonely as a cloud. https://t.co/5rLSnGF5ht,1342399188189892609,WinnDoe,[],,[],
9,https://twitter.com/_frdzniskndr/status/1342339615630344193,2020-12-25 05:21:18+00:00,Holy lonely monster,1342339615630344193,_frdzniskndr,[],,[],
10,https://twitter.com/amiragus_/status/1341710372852490241,2020-12-23 11:40:55+00:00,fuck jugak kekadang rasa lonely nie,1341710372852490241,amiragus_,[],,[],
11,https://twitter.com/syukibum/status/1341318504780185600,2020-12-22 09:43:46+00:00,"Yup so betol lah blackpink cakap

“We are born to be alone”

Doesn’t mean we are lonely. https://t.co/vJU1LbyaQ0",1341318504780185600,syukibum,['https://twitter.com/aimanazlan90/status/1341231670079287296'],https://twitter.com/aimanazlan90/status/1341231670079287296,['https://t.co/vJU1LbyaQ0'],https://t.co/vJU1LbyaQ0
12,https://twitter.com/aux1ontv/status/1341016909026758659,2020-12-21 13:45:20+00:00,@LANShadownet Pick up mr lonely @theloneIyonee,1341016909026758659,aux1ontv,[],,[],
13,https://twitter.com/Dhillwithit/status/1340338241543708673,2020-12-19 16:48:33+00:00,damn i that lonely haha,1340338241543708673,Dhillwithit,[],,[],
14,https://twitter.com/zrythsfya/status/1339264724207222784,2020-12-16 17:42:47+00:00,kene tahu satu konsep dalam hidup ni bukan setiap masa akan ada orang yang teman kau or ada dengan kau sometimes you have to be alone and not being lonely,1339264724207222784,zrythsfya,[],,[],
15,https://twitter.com/nabillie123/status/1339025041799835650,2020-12-16 01:50:22+00:00,The world is full of lonely people afraid to make the first move,1339025041799835650,nabillie123,[],,[],
16,https://twitter.com/syvminvyumi/status/1338545378816262144,2020-12-14 18:04:21+00:00,its the ✨ lonely ✨for me,1338545378816262144,syvminvyumi,[],,[],
17,https://twitter.com/M_FirmanHakim/status/1338503697752420359,2020-12-14 15:18:44+00:00,Its been a long lonely december 🥲,1338503697752420359,M_FirmanHakim,[],,[],
18,https://twitter.com/_amirulakhbar/status/1338167427708829702,2020-12-13 17:02:31+00:00,Back to my peaceful lonely life then 😁,1338167427708829702,_amirulakhbar,[],,[],
19,https://twitter.com/QillinAurora/status/1337854649085304832,2020-12-12 20:19:39+00:00,"I know supposedly I'm lonely now (lonely now)
Know I'm supposed to be unhappy
Without someone (someone)
But aren't I someone? (Aren't I someone? Yeah)",1337854649085304832,QillinAurora,[],,[],
20,https://twitter.com/ummeyhh/status/1337852147782668288,2020-12-12 20:09:42+00:00,"End of this year, i still feel lonely even i have so many people around. But somehow i miss old times more than this present time",1337852147782668288,ummeyhh,[],,[],
21,https://twitter.com/MissFortuneCat/status/1337730846837522435,2020-12-12 12:07:42+00:00,Am so lonely I'm eavesdropping on my neighbour's small party and want to holler my inputs over 😔,1337730846837522435,MissFortuneCat,[],,[],
22,https://twitter.com/keymonn/status/1337387038295789569,2020-12-11 13:21:32+00:00,lonely // justin bieber,1337387038295789569,keymonn,[],,[],
23,https://twitter.com/MFerrisN/status/1337057617823342595,2020-12-10 15:32:32+00:00,"I have a fond memory watching season 3 episode 5 of money heist, Nairobi &amp; Palermo were having a heated exchange about him being a coward &amp; lonely piece of shit for not  having the courage to confess his love for Berlin (who is dead already) in the last 10 years.",1337057617823342595,MFerrisN,[],,[],
24,https://twitter.com/wulandiyareen/status/1337029991293304835,2020-12-10 13:42:45+00:00,Feeling lonely yoon ??? #MinYoongi #SUGA @BTS_twt https://t.co/KO8FVIVl7f,1337029991293304835,wulandiyareen,[],,[],
25,https://twitter.com/raymond_thomas/status/1337019797033324544,2020-12-10 13:02:14+00:00,Why we may feel lonely? Maybe it’s time to step out and accept and be comfortable with people for who they are. #justsaying. @ Singapore https://t.co/KdNBhKTIWR,1337019797033324544,raymond_thomas,['https://www.instagram.com/p/CInkEgmHh2P/?igshid=18njfezpmc0l'],https://www.instagram.com/p/CInkEgmHh2P/?igshid=18njfezpmc0l,['https://t.co/KdNBhKTIWR'],https://t.co/KdNBhKTIWR
26,https://twitter.com/Cxrlbxby08/status/1337014169476841472,2020-12-10 12:39:53+00:00,Lonely,1337014169476841472,Cxrlbxby08,[],,[],
27,https://twitter.com/Sgboy01/status/1336549538648055808,2020-12-09 05:53:36+00:00,It is a lonely and quiet  affair for the 3rd person to be vaccinated in UK,1336549538648055808,Sgboy01,[],,[],
28,https://twitter.com/haiqarlassyraf/status/1336491732247056386,2020-12-09 02:03:54+00:00,I guess I make ppl laugh but at the end of da day I’m just thinking about how truly lonely I am,1336491732247056386,haiqarlassyraf,[],,[],
29,https://twitter.com/youngwildbts/status/1335988188825829386,2020-12-07 16:43:00+00:00,"anyone willing to be my partner in crime 👉🏻🥺👈🏻 like im finding a boyfriend 🥺🥺 like someone from 176cm-182cm 😳 age 18-21 🦋🧚🏻‍♀️ 

#boyfriend #lonely #lovelife #findingboyfriend",1335988188825829386,youngwildbts,[],,[],
30,https://twitter.com/Nnrlndh/status/1335973946101882880,2020-12-07 15:46:24+00:00,Wah fucking lonely sia...,1335973946101882880,Nnrlndh,[],,[],
31,https://twitter.com/gashina98/status/1335633558765899784,2020-12-06 17:13:49+00:00,"I have people in my life i adore but why does it feel like I'm alone... i hate feeling this way. This feeling of needing someone and being lonely, when in reality i have everything i need.",1335633558765899784,gashina98,[],,[],
32,https://twitter.com/KhooBoocheang/status/1335535172012240897,2020-12-06 10:42:52+00:00,"Why  U seek HELP  govt's Social Dept think they able perhaps you don't know how to see them your  Community Centre   know Predicament  TODAYonline: Gen Y Speaks: I am blind, deaf and lonely. This is how I try to keep my chin up.
https://t.co/nTeuUCBN0a

via @GoogleNews",1335535172012240897,KhooBoocheang,['https://www.todayonline.com/gen-y-speaks/gen-y-speaks-i-am-blind-and-deaf-how-i-try-fight-loneliness-and-keep-my-chin'],https://www.todayonline.com/gen-y-speaks/gen-y-speaks-i-am-blind-and-deaf-how-i-try-fight-loneliness-and-keep-my-chin,['https://t.co/nTeuUCBN0a'],https://t.co/nTeuUCBN0a
33,https://twitter.com/fikriazmanx/status/1334882127913967617,2020-12-04 15:27:54+00:00,im hungry and lonely,1334882127913967617,fikriazmanx,[],,[],
34,https://twitter.com/PoeticEsther/status/1334750886061514752,2020-12-04 06:46:24+00:00,"@loewell Thank you for such a kind and beautiful heart, I am very touched. But the stars are far away and lonely, aren't they? Otherwise, they will be shattered.",1334750886061514752,PoeticEsther,[],,[],
35,https://twitter.com/rafiqakmal/status/1334004985734938624,2020-12-02 05:22:27+00:00,"When I told you I’m lonely, you have the power to make it go but instead you chose otherwise.",1334004985734938624,rafiqakmal,[],,[],
36,https://twitter.com/_sgcsj_/status/1333985720009060352,2020-12-02 04:05:54+00:00,"Helping a lonely friend, he need some friends 😅. Please help add him. Thanks in advance guys! https://t.co/jbduII7QeG",1333985720009060352,_sgcsj_,[],,[],
37,https://twitter.com/torvaanser/status/1333244301837385728,2020-11-30 02:59:46+00:00,"A large lonely male otter chows down on the brains of a freshly caught fish in Sungei Api Api (Api Api River). Watched him eat three fish, tossing the bodies after slurping up the brain. River is actually a man-made estuarine channel and whole park was created on reclaimed land. https://t.co/TkyciARTbp",1333244301837385728,torvaanser,[],,[],
38,https://twitter.com/rcsoledad/status/1332944088518299648,2020-11-29 07:06:50+00:00,"When you’re alone and life is making you lonely
You can always go downtown @ Marina Barrage https://t.co/R0RCdQiZIa",1332944088518299648,rcsoledad,['https://www.instagram.com/p/CIKmp6sn6Rc/?igshid=k4235a2yls7q'],https://www.instagram.com/p/CIKmp6sn6Rc/?igshid=k4235a2yls7q,['https://t.co/R0RCdQiZIa'],https://t.co/R0RCdQiZIa
39,https://twitter.com/SofrieJasman/status/1331978754495660033,2020-11-26 15:10:56+00:00,"What a beautiful cover of @justinbieber &amp; @ItsBennyBlanco ‘Lonely’! Queen @officialhyolyn_ soulful rendition is the perfect song to chill to at the end of a long day.💖

Reaction Vid💁🏻‍♂️➡️: https://t.co/x9X7BhpKyb

#효린 #HYOLYN #Lonely #집에서함께해요 #집에서함께음악들어요 https://t.co/yLeJEzhD7k",1331978754495660033,SofrieJasman,['https://youtu.be/PF95-dR-mGo'],https://youtu.be/PF95-dR-mGo,['https://t.co/x9X7BhpKyb'],https://t.co/x9X7BhpKyb
40,https://twitter.com/OhStudio7/status/1331451540847030273,2020-11-25 04:15:59+00:00,"Lonely man…

Instagram：https://t.co/pPdZEeZEyT
Oh studio Instagram: https://t.co/8HCmhWMFaW
 #StreetPhotography #fujixe3 #fujifilm_xseries  #xc50230 #xc50230mm https://t.co/hPZ9flD5Qn",1331451540847030273,OhStudio7,"['https://www.instagram.com/lc.vun93/', 'https://www.instagram.com/oh.studio.sg/?hl=en']",https://www.instagram.com/lc.vun93/ https://www.instagram.com/oh.studio.sg/?hl=en,"['https://t.co/pPdZEeZEyT', 'https://t.co/8HCmhWMFaW']",https://t.co/pPdZEeZEyT https://t.co/8HCmhWMFaW
41,https://twitter.com/InkkyTwinkky/status/1331280231420764160,2020-11-24 16:55:15+00:00,"i just.... dont wanna be lonely, feeling hollow...",1331280231420764160,InkkyTwinkky,[],,[],
42,https://twitter.com/whosgsalcedo/status/1331224481130418176,2020-11-24 13:13:43+00:00,A song i hear tonight made me realised that i dont want to be lonely,1331224481130418176,whosgsalcedo,[],,[],
43,https://twitter.com/eazyan/status/1330766727718703105,2020-11-23 06:54:46+00:00,My gf still sleeping and havent reply me 🥺 me is sad me is lonely,1330766727718703105,eazyan,[],,[],
44,https://twitter.com/MissFortuneCat/status/1330741215268986882,2020-11-23 05:13:24+00:00,"I'm getting so lonely I'm actually responding to my inner voice with my outer voice. Just now I had a thought and then I said out loud to NO ONE at all, ""That's a good point.""",1330741215268986882,MissFortuneCat,[],,[],
45,https://twitter.com/iwone7373/status/1330692021766373379,2020-11-23 01:57:55+00:00,"Let us save Christmas 2020. Wear your masks. Except when eating, of course.
Life is what we celebrate . All of it. Even when it’s sad &amp; lonely. Even when it’s difficult &amp; heavy. Yes, even when you’re ghosted &amp; ignored, betrayed &amp; abandoned. Celebrate life. ❤️ https://t.co/YqM7e9r80R",1330692021766373379,iwone7373,[],,[],
46,https://twitter.com/gelimatmat/status/1330178046108835850,2020-11-21 15:55:34+00:00,Tbh. I am missing everyone. Kinda feel lonely in JB.,1330178046108835850,gelimatmat,[],,[],
47,https://twitter.com/Fieqa_Yusof/status/1330163422311444488,2020-11-21 14:57:27+00:00,Feel lonely 😞,1330163422311444488,Fieqa_Yusof,[],,[],
48,https://twitter.com/PoeticEsther/status/1330099048041295876,2020-11-21 10:41:39+00:00,"@n6260 Thank you for writing me a beautiful lyrics, in the lonely night to read it, as if to see many small light✨⭐️✨🌈🙏🌺🌻🌺",1330099048041295876,PoeticEsther,[],,[],
49,https://twitter.com/InkkyTwinkky/status/1329815059191631876,2020-11-20 15:53:11+00:00,how lonely am i? im recreating my dream where i met a stranger in procreate https://t.co/yLZJ0snLJW,1329815059191631876,InkkyTwinkky,[],,[],
50,https://twitter.com/PANDORA0S04/status/1329073282696368129,2020-11-18 14:45:38+00:00,lul i’m just.... very confused w what i want rn...????? like i enjoy being single. and i enjoy not hvg to talk to anyone.... but im also lonely &amp; i want affection..????? 😊👍🏻,1329073282696368129,PANDORA0S04,[],,[],
51,https://twitter.com/Mienahuhu/status/1329072184791158785,2020-11-18 14:41:16+00:00,Lonely everyday .,1329072184791158785,Mienahuhu,[],,[],
52,https://twitter.com/razinahhanizar/status/1328607718161125377,2020-11-17 07:55:39+00:00,Lately feeling so lonely !😌,1328607718161125377,razinahhanizar,[],,[],
53,https://twitter.com/tihahahmadrozi/status/1328334273053483014,2020-11-16 13:49:04+00:00,@fffflowerchild seorang jelah tan. lonely,1328334273053483014,tihahahmadrozi,[],,[],
54,https://twitter.com/PikhaDina/status/1328126929040379904,2020-11-16 00:05:09+00:00,@AlyssaHanim HAHAHAHAHAHA KETIAK 🤣 dulu lonely sis . Kejut pagi pun kau yg kejut smpai 62 missed call😝😝,1328126929040379904,PikhaDina,[],,[],
55,https://twitter.com/FauzanMahfodz/status/1327853668087959552,2020-11-15 05:59:19+00:00,The higher level of lonely is bila semua dh kosong tu pun tk menang2 lg🤣 https://t.co/HZm8KiJjWc,1327853668087959552,FauzanMahfodz,['https://twitter.com/iffycient/status/1326902117781696512'],https://twitter.com/iffycient/status/1326902117781696512,['https://t.co/HZm8KiJjWc'],https://t.co/HZm8KiJjWc
56,https://twitter.com/PoeticEsther/status/1327851881511567366,2020-11-15 05:52:13+00:00,"@n6260 I read who's story
in the lonely night
where do you go
and for what
more beautiful view
beyond mountains
more enchanting songs
on the other side
Your heart is wandering
as my reading time
can you wait
wait for me
the diffident times
put in one 
love space",1327851881511567366,PoeticEsther,[],,[],
57,https://twitter.com/mickmassey11/status/1327812114593955840,2020-11-15 03:14:12+00:00,"Blank faces and empty eyes, the psychological cost of COVID, be kind to each other people, Christmas is going to leave a lot of folk stranded, lost and lonely.",1327812114593955840,mickmassey11,[],,[],
58,https://twitter.com/akimnasir7/status/1327711518478090240,2020-11-14 20:34:28+00:00,dont get confused between falling in love or fear of being lonely,1327711518478090240,akimnasir7,[],,[],
59,https://twitter.com/Aidinfitri_/status/1327629765457575939,2020-11-14 15:09:36+00:00,@_miracles No f way a girl like you are single... and lonely??? Damn what happen to this world,1327629765457575939,Aidinfitri_,[],,[],
60,https://twitter.com/hzyqh_/status/1327613372364324867,2020-11-14 14:04:28+00:00,@NaserFaridd tapi die tak lonely hahahaha sebok layan tiktok 😭,1327613372364324867,hzyqh_,[],,[],
61,https://twitter.com/uhhhthomson/status/1326181159961722881,2020-11-10 15:13:22+00:00,Been a lonely month tbh.. so many day out by myself but it's okay it was a good haven't felt being lonely for awhile now,1326181159961722881,uhhhthomson,[],,[],
62,https://twitter.com/waterycake/status/1325507219434057733,2020-11-08 18:35:22+00:00,someone hmu for lunch i’m a lonely bisexual individual,1325507219434057733,waterycake,[],,[],
63,https://twitter.com/Mrl142081/status/1325075024131158016,2020-11-07 13:57:59+00:00,"Saturday night, lonely night https://t.co/tj9lRuXV8k",1325075024131158016,Mrl142081,[],,[],
64,https://twitter.com/nuruljannah0/status/1324937846688419840,2020-11-07 04:52:53+00:00,Tolong yakin dengan diri sendiri when you want to start a relay. Dont give people hope unless you do it. Love when you ready not when you lonely. Appreciate people try hard to make effort and then you give them fakehope. Jangan fikir kita yg paling tersakiti. Please thinks others,1324937846688419840,nuruljannah0,[],,[],
65,https://twitter.com/MissFortuneCat/status/1323972649442111496,2020-11-04 12:57:32+00:00,Thinking about how a lot of lonely elderly commit suicide and here is my manipulative grandfather who threatens to commit suicide whenever he is upset at a family member.,1323972649442111496,MissFortuneCat,[],,[],
66,https://twitter.com/berkecnmx/status/1323605124745469954,2020-11-03 12:37:07+00:00,"So random but dining alone is not lonely when the dish is YUMMY!
Pickled diced Ginger Chicken! @ Chinatown Complex Food Centre / South Bridge Road https://t.co/UZsjQoNdaQ",1323605124745469954,berkecnmx,['https://www.instagram.com/p/CHIPyIRHCap/?igshid=1qd8l2fe1h77f'],https://www.instagram.com/p/CHIPyIRHCap/?igshid=1qd8l2fe1h77f,['https://t.co/UZsjQoNdaQ'],https://t.co/UZsjQoNdaQ
67,https://twitter.com/kxttykat_/status/1323329421407744000,2020-11-02 18:21:34+00:00,I'm no longer lonely whenever husband's on night shifts since little nugget's arrival 🥰,1323329421407744000,kxttykat_,[],,[],
68,https://twitter.com/Nnrlndh/status/1323308068017332224,2020-11-02 16:56:43+00:00,It comes every 3-4 months for me. I dont blame anyone if i feel lonely at times https://t.co/a1OGxrFjP0,1323308068017332224,Nnrlndh,['https://twitter.com/fathirsatayy/status/1322902057913704449'],https://twitter.com/fathirsatayy/status/1322902057913704449,['https://t.co/a1OGxrFjP0'],https://t.co/a1OGxrFjP0
69,https://twitter.com/izzaaah15/status/1322501824616624128,2020-10-31 11:33:00+00:00,"@marthintimotius HAHAHAH, but you are still on my lonely mindd~
I miss youuu timoooo",1322501824616624128,izzaaah15,[],,[],
70,https://twitter.com/azreen_adnan/status/1322479331478679553,2020-10-31 10:03:37+00:00,Housemate awal2 ckp dia tak balik sepanjang WFH.. maka bermulalah episod aku lonely dkt rumah sorang2..🤣 lumrah org duduk dkt vs jauh..,1322479331478679553,azreen_adnan,[],,[],
71,https://twitter.com/zulaikhazoo/status/1321522960511889409,2020-10-28 18:43:21+00:00,Reach home and feeling abit lonely as it reminded me that only left me and mom in this big house ....,1321522960511889409,zulaikhazoo,[],,[],
72,https://twitter.com/apishFishy/status/1321101151706763267,2020-10-27 14:47:14+00:00,Lonely soldier boy! (@ Xtreme SkatePark in Singapore) https://t.co/cpfzZQwUpq,1321101151706763267,apishFishy,['https://www.swarmapp.com/c/dMRNPiErEzj'],https://www.swarmapp.com/c/dMRNPiErEzj,['https://t.co/cpfzZQwUpq'],https://t.co/cpfzZQwUpq
73,https://twitter.com/juliazulhisham/status/1320252768733384707,2020-10-25 06:36:03+00:00,"You got to know your worth, even if it gets a little lonely sometimes.",1320252768733384707,juliazulhisham,[],,[],
74,https://twitter.com/Mrl142081/status/1320004652243451904,2020-10-24 14:10:08+00:00,Lonely night https://t.co/tXbA3dtduh,1320004652243451904,Mrl142081,[],,[],
75,https://twitter.com/elonchanismydad/status/1318974734625746944,2020-10-21 17:57:36+00:00,@FVCKF4GS @SanyaMoore lonely fucks🤣🤣🤣🤣🤣🤣,1318974734625746944,elonchanismydad,[],,[],
76,https://twitter.com/AliffDanielBlog/status/1318898741806465027,2020-10-21 12:55:38+00:00,"Why was he even lonely??? He made stupid decisions, it’s all on him. https://t.co/UXpEyeijAj",1318898741806465027,AliffDanielBlog,['https://twitter.com/sinsofbieber/status/1317692743162810368'],https://twitter.com/sinsofbieber/status/1317692743162810368,['https://t.co/UXpEyeijAj'],https://t.co/UXpEyeijAj
77,https://twitter.com/Nutterproject/status/1318868446034063362,2020-10-21 10:55:15+00:00,@RonStoeferle @IGWTreport @TwitterSupport Been lonely without you guys. Welcome back!,1318868446034063362,Nutterproject,[],,[],
78,https://twitter.com/farizuanwanz/status/1317993938238672903,2020-10-19 01:00:16+00:00,@nelidiaa Jenis lonely tu,1317993938238672903,farizuanwanz,[],,[],
79,https://twitter.com/annenajihah_/status/1317748984677502977,2020-10-18 08:46:55+00:00,"Dahlah kt fb tu semua keluarga aku boleh baca, tak memasal dorg kata mamat tu pakwe aku padahal aku lonely nak mampus? Hsjsjdeuddhdjddhs",1317748984677502977,annenajihah_,[],,[],
80,https://twitter.com/rehmanspore/status/1317451687158689795,2020-10-17 13:05:33+00:00,@SheemaMehkar You so lonely ~ wonder why !,1317451687158689795,rehmanspore,[],,[],
81,https://twitter.com/Summer_inJ/status/1317393837984133121,2020-10-17 09:15:41+00:00,@uenostwt Yess go read this manhua yan and you will gonna feeling lonely because we are stay single while this cutie got rich boyfriend 🥰🌝,1317393837984133121,Summer_inJ,[],,[],
82,https://twitter.com/JennHadii/status/1315961849775448064,2020-10-13 10:25:29+00:00,Aku dok umah je weh lonely the loneliness https://t.co/weaaggt6Vn,1315961849775448064,JennHadii,['https://twitter.com/donkcap/status/1315341756154560512'],https://twitter.com/donkcap/status/1315341756154560512,['https://t.co/weaaggt6Vn'],https://t.co/weaaggt6Vn
83,https://twitter.com/elonchanismydad/status/1315661766165106689,2020-10-12 14:33:03+00:00,"@maiiavergara fireman is lonely, send him a butt pic",1315661766165106689,elonchanismydad,[],,[],
84,https://twitter.com/Mikabahari/status/1315177321914003457,2020-10-11 06:28:03+00:00,Masak sedap sedap sendiri puji ni tiba tiba rasa lonely. Wkwkwkwkw camseal,1315177321914003457,Mikabahari,[],,[],
85,https://twitter.com/batrisyakawaii/status/1314872120510279680,2020-10-10 10:15:17+00:00,"2020: heartbroken lonely stress
 2021: its gonna be just me n cars 🥰 amin 🤲",1314872120510279680,batrisyakawaii,[],,[],
86,https://twitter.com/syafiqtayeb_/status/1313734318557069315,2020-10-07 06:54:04+00:00,missing lonely me 😂,1313734318557069315,syafiqtayeb_,[],,[],
87,https://twitter.com/ImMacko/status/1312981376518348808,2020-10-05 05:02:08+00:00,"Are you in love or just scared to be lonely.

-ViceGanda
#ShowtimePanaloSaTawanan",1312981376518348808,ImMacko,[],,[],
88,https://twitter.com/faridskrrt/status/1311762927121133568,2020-10-01 20:20:27+00:00,other than being lonely wat are y’all gonna be on halloween 🎃,1311762927121133568,faridskrrt,[],,[],
89,https://twitter.com/emeraldgabriel_/status/1310969761367388161,2020-09-29 15:48:42+00:00,"So if you’re lonely, darling you’re glowing, if you’re lonely come be lonely with me.✨",1310969761367388161,emeraldgabriel_,[],,[],
90,https://twitter.com/maximos62/status/1310509534885019648,2020-09-28 09:19:55+00:00,@lonely_fie Banyak!,1310509534885019648,maximos62,[],,[],
91,https://twitter.com/serojaaaaa__/status/1310455907529027585,2020-09-28 05:46:50+00:00,If u’re lonely darling u’re glowing if u’re lonely come be lonely w me,1310455907529027585,serojaaaaa__,[],,[],
92,https://twitter.com/Mycloudy_Seine/status/1309366767764922369,2020-09-25 05:38:58+00:00,"Even if you are lonely and sad, don’t CRY and just Lean on YOUR CLOUDYS’ shoulders.
We will be your side. ☁️💙☁️
Words from OUR HEART for SKY.

#StandforSky",1309366767764922369,Mycloudy_Seine,[],,[],
93,https://twitter.com/kecoaterbang32/status/1308078224690147334,2020-09-21 16:18:46+00:00,"Hate when i’m lonely
That’s why i let u in",1308078224690147334,kecoaterbang32,[],,[],
94,https://twitter.com/Mikabahari/status/1307059591017050112,2020-09-18 20:51:05+00:00,"Maybe you’re right, maybe I was lonely",1307059591017050112,Mikabahari,[],,[],
95,https://twitter.com/JennHadii/status/1306887723622432768,2020-09-18 09:28:08+00:00,#TREASURE stream ILY peeps or you stay lonely,1306887723622432768,JennHadii,[],,[],
96,https://twitter.com/defickry/status/1304275390693740545,2020-09-11 04:27:40+00:00,People tend to forget the lonely dads out there. https://t.co/vXJGkm3kXt,1304275390693740545,defickry,[],,[],
97,https://twitter.com/Mikabahari/status/1303723819970953216,2020-09-09 15:55:55+00:00,"Lonely, I’m Ms Lonely, I have nobody",1303723819970953216,Mikabahari,[],,[],
98,https://twitter.com/juunji333/status/1301586502263087104,2020-09-03 18:22:59+00:00,"my dad walked me on eating a cake alone, and fucking hell😭😭😭😭 this is so embaressing, like????? HOW LONELY CAN I BE",1301586502263087104,juunji333,[],,[],
99,https://twitter.com/nrateeqah___/status/1301169069052190722,2020-09-02 14:44:15+00:00,Whose gonna be there to my lonely nights,1301169069052190722,nrateeqah___,[],,[],
100,https://twitter.com/ivysama132/status/1300776679543955456,2020-09-01 12:45:02+00:00,"We miss u so much. But if u are with P’Mew, I’m being lonely here.  #PhiBallsMissGulf",1300776679543955456,ivysama132,[],,[],
101,https://twitter.com/mmillerbbc/status/1300479678164197376,2020-08-31 17:04:51+00:00,"Changi is an eerie, lonely place right now. @ Changi Airport https://t.co/fVQUk72doY",1300479678164197376,mmillerbbc,['https://www.instagram.com/p/CEj7ZnEhqP-/?igshid=141gro0vjrj9r'],https://www.instagram.com/p/CEj7ZnEhqP-/?igshid=141gro0vjrj9r,['https://t.co/fVQUk72doY'],https://t.co/fVQUk72doY
102,https://twitter.com/cockporn/status/1300174928705019904,2020-08-30 20:53:53+00:00,"Cutie hunk at Starbucks who likes to people-watch just like me

🤩😍🥰😍🤩

He looks lonely aww I should have befriended him 🤪🤪🤪 https://t.co/dKLi59edvT",1300174928705019904,cockporn,[],,[],
103,https://twitter.com/yonathankidane/status/1299868493672787969,2020-08-30 00:36:13+00:00,R🌎CKSTAR STATUS. @ My Lonely Mind.. https://t.co/qRAPXZgJXz,1299868493672787969,yonathankidane,['https://www.instagram.com/p/CEflnPVhb1b/?igshid=u5l3rxnx24hp'],https://www.instagram.com/p/CEflnPVhb1b/?igshid=u5l3rxnx24hp,['https://t.co/qRAPXZgJXz'],https://t.co/qRAPXZgJXz
104,https://twitter.com/sharifahhana_/status/1298769734532440066,2020-08-26 23:50:09+00:00,"Lately i don’t feel like talking to anyone, even though i hate feeling lonely",1298769734532440066,sharifahhana_,[],,[],
105,https://twitter.com/sugahplume/status/1298638995090313216,2020-08-26 15:10:38+00:00,"Wandered into a garden one day, wondering why I sometimes feel so inexplicably lonely. ✨

#RandomMusings #Throwback #Ootd #SelfPortrait #Mermaid #MaskOn #Singapore #IgSg #IngredientsOfHappiness @ Singapore https://t.co/dNJy5QnQBr",1298638995090313216,sugahplume,['https://www.instagram.com/p/CEW2gLNn0so/?igshid=199g8gtebwz8p'],https://www.instagram.com/p/CEW2gLNn0so/?igshid=199g8gtebwz8p,['https://t.co/dNJy5QnQBr'],https://t.co/dNJy5QnQBr
106,https://twitter.com/haikalgorgeous/status/1298622414440427526,2020-08-26 14:04:45+00:00,"Bila badan x sihat ni feeling ni boleh rasa sedih pulak. Kalau mak dekat mesti mk picit badan, urut kepala. 

Hidup merantau macam ni la. Lonely pulak tu.  terpaksa luah kat Twitter",1298622414440427526,haikalgorgeous,[],,[],
107,https://twitter.com/Dyanangbeybii/status/1298395302626500609,2020-08-25 23:02:17+00:00,"Sometimes you need to be alone. Not to be lonely, but to enjoy your free time being yourself. @ Marina Bay Sands https://t.co/ePpakpDPZs",1298395302626500609,Dyanangbeybii,['https://www.instagram.com/p/CEVHr03llQc/?igshid=jspuna1hb4l6'],https://www.instagram.com/p/CEVHr03llQc/?igshid=jspuna1hb4l6,['https://t.co/ePpakpDPZs'],https://t.co/ePpakpDPZs
108,https://twitter.com/Zikryirwvn/status/1298341771257102336,2020-08-25 19:29:34+00:00,feels so lonely at home now,1298341771257102336,Zikryirwvn,[],,[],
109,https://twitter.com/htetnnhtun/status/1298276810434650112,2020-08-25 15:11:27+00:00,I don’t want him to feel lonely anymore. But seeing him with Lu Lu and Luobo makes me really happy. He will not feel lonely with them.😘@layzhang https://t.co/8QuCMmC2vd,1298276810434650112,htetnnhtun,[],,[],
110,https://twitter.com/ARFAA_OMAR/status/1298203469803708416,2020-08-25 10:20:01+00:00,Huwaaa lonely nyaaa.,1298203469803708416,ARFAA_OMAR,[],,[],
111,https://twitter.com/teejayanu/status/1297882413264076800,2020-08-24 13:04:15+00:00,"These lyrics suddenly just made so much sense.

“We're happy, free, confused and lonely at the same time
It's miserable and magical, oh yeah”

#TaylorSwift
#22",1297882413264076800,teejayanu,[],,[],
112,https://twitter.com/riszarudin/status/1297849449608122368,2020-08-24 10:53:16+00:00,never felt this lonely in a long time.. damn,1297849449608122368,riszarudin,[],,[],
113,https://twitter.com/vcnaalattas/status/1297811003908882436,2020-08-24 08:20:30+00:00,3 ghosts in the back watching this lonely hideous ghost infront of a mirror https://t.co/ioCIbPlPI7,1297811003908882436,vcnaalattas,[],,[],
114,https://twitter.com/Alcatraz2048/status/1297496275126870016,2020-08-23 11:29:52+00:00,"These 4 do be lonely at the top 

Change my mind https://t.co/CbAVXE3Paw",1297496275126870016,Alcatraz2048,[],,[],
115,https://twitter.com/kaisiangsin/status/1296146890929496064,2020-08-19 18:07:54+00:00,"circuit breaker was lonely but beautiful. took some time to fix some part of me and took some time to find my old self again. no more ridiculous guys, no more wasting time.  a space that is safe for me and the ppl i care matters. am definitely better than before. goodnight ✨",1296146890929496064,kaisiangsin,[],,[],
116,https://twitter.com/saturnmyth/status/1295851511038148609,2020-08-18 22:34:10+00:00,Ever felt super lonely? https://t.co/UQXLqoiEQg,1295851511038148609,saturnmyth,[],,[],
117,https://twitter.com/Pandit2022/status/1295770256636407808,2020-08-18 17:11:18+00:00,"The Lonely night , The empty room , just beer and me",1295770256636407808,Pandit2022,[],,[],
118,https://twitter.com/pauriahcarey/status/1295696069687271431,2020-08-18 12:16:30+00:00,Sample 1: “If You Think You’re Lonely Now” - Bobby Womack (1991) (2/6) https://t.co/lXWHPCYWcq,1295696069687271431,pauriahcarey,[],,[],
119,https://twitter.com/jeonbye_01/status/1295146520371556352,2020-08-16 23:52:47+00:00,No one can understand me. I live alone and forever alone. It's so lonely but ... still alone🦕🐡,1295146520371556352,jeonbye_01,[],,[],
120,https://twitter.com/EzreeAmree/status/1295044200476446721,2020-08-16 17:06:12+00:00,"Lonely by Minzy 2NE1 + So-Mi IOI

And Sook 😂😂 https://t.co/oeQMsvcQG1",1295044200476446721,EzreeAmree,[],,[],
121,https://twitter.com/fvttty/status/1294667980408647681,2020-08-15 16:11:14+00:00,@irviraaaaaa Me cause im lonely haha,1294667980408647681,fvttty,[],,[],
122,https://twitter.com/kaisiangsin/status/1294307268096192515,2020-08-14 16:17:54+00:00,"been a lil lonely during circuit breaker, but there’s still beauty in it, it was meaningful at the same time. getting rid of people, talking to random people online and ups some skills...",1294307268096192515,kaisiangsin,[],,[],
123,https://twitter.com/nurulafqhh/status/1294246512742940673,2020-08-14 12:16:29+00:00,Leaving the tv on just to make it less lonely 😔,1294246512742940673,nurulafqhh,[],,[],
124,https://twitter.com/Handriiiii/status/1294222449819566082,2020-08-14 10:40:52+00:00,Extra lonely or maybe its just the cold,1294222449819566082,Handriiiii,[],,[],
125,https://twitter.com/eunevaenilec/status/1293757992966356992,2020-08-13 03:55:17+00:00,"In my life, there’s been heartache and pain, I don’t know if I can face it again. Can’t stop now, I’ve traveled so far, to change this lonely life.",1293757992966356992,eunevaenilec,[],,[],
126,https://twitter.com/liciaanastasia/status/1293580228829184001,2020-08-12 16:08:54+00:00,watching anime without you feels kinda lonely 😔,1293580228829184001,liciaanastasia,[],,[],
127,https://twitter.com/hazinheira/status/1293473961267920896,2020-08-12 09:06:38+00:00,"Diary of a lonely man - I was asked why am I coming to the office everyday? Well, there are 2 reasons in this photo! #notwfh #singapore #workinghard #diaryofalonelyman… https://t.co/Al0qLQElu0",1293473961267920896,hazinheira,['https://www.instagram.com/p/CDyJt_eF0k_vsPTE63lg9i76Kdu65hYsu7pYcs0/?igshid=1aiukfxup4fyd'],https://www.instagram.com/p/CDyJt_eF0k_vsPTE63lg9i76Kdu65hYsu7pYcs0/?igshid=1aiukfxup4fyd,['https://t.co/Al0qLQElu0'],https://t.co/Al0qLQElu0
128,https://twitter.com/appilala/status/1292835824917073921,2020-08-10 14:50:55+00:00,"bro this few weeks is weird. i hv been feeling like, im not lonely. its like someone is with me all the time... the sense of security is there 🥺",1292835824917073921,appilala,[],,[],
129,https://twitter.com/Anwaramsay/status/1292823047435501570,2020-08-10 14:00:08+00:00,The Lonely Terminal https://t.co/31OMsbc2Qt,1292823047435501570,Anwaramsay,[],,[],
130,https://twitter.com/reeyowh/status/1292780499534897154,2020-08-10 11:11:04+00:00,have you ever felt so lonely you don’t even know why,1292780499534897154,reeyowh,[],,[],
131,https://twitter.com/rafiqakmal/status/1292774855272566785,2020-08-10 10:48:38+00:00,Bila ex yang dah kawen mesej tanya rindu dia kan...rasa nak nangis sebab dia takkan sangka betapa lonely nye aku tp sweet la dia boleh sense.,1292774855272566785,rafiqakmal,[],,[],
132,https://twitter.com/hazinheira/status/1292378061208518656,2020-08-09 08:31:55+00:00,"Diary of a lonely man - Happy 55th Anniversary, Singapore! Thank you for being my home. #singapore #55thanniversary #homeiswhereyouareloved #diaryofalonelyman @ Singapore https://t.co/wmqQDVdzCs",1292378061208518656,hazinheira,['https://www.instagram.com/p/CDqXXE5FGDQskwo13ak0sDFESBMnsNLQgJtgV80/?igshid=1kuzz2a07tz0g'],https://www.instagram.com/p/CDqXXE5FGDQskwo13ak0sDFESBMnsNLQgJtgV80/?igshid=1kuzz2a07tz0g,['https://t.co/wmqQDVdzCs'],https://t.co/wmqQDVdzCs
133,https://twitter.com/hazinheira/status/1292057507976949761,2020-08-08 11:18:09+00:00,Diary of a lonely man - pleasure comes in many ways! #singapore #55thanniversary #diaryofalonelyman @ LeVeL33 Craft-Brewery Restaurant &amp; Lounge https://t.co/YGSFIJ4dwL,1292057507976949761,hazinheira,['https://www.instagram.com/p/CDoFlxMl4ZJCTbg60wjH4vZu4suvw0P-ZlfLpI0/?igshid=10ltwt0co6juu'],https://www.instagram.com/p/CDoFlxMl4ZJCTbg60wjH4vZu4suvw0P-ZlfLpI0/?igshid=10ltwt0co6juu,['https://t.co/YGSFIJ4dwL'],https://t.co/YGSFIJ4dwL
134,https://twitter.com/DinMonzter/status/1291980685675130881,2020-08-08 06:12:53+00:00,"When you feel lonely, remember that you're actually not alone. Allah is there with you.

#kembaramasjid @ Mujahidin Mosque https://t.co/rpqAjH0FmH",1291980685675130881,DinMonzter,['https://www.instagram.com/p/CDnipxwByuC/?igshid=ef5mgcubj5s1'],https://www.instagram.com/p/CDnipxwByuC/?igshid=ef5mgcubj5s1,['https://t.co/rpqAjH0FmH'],https://t.co/rpqAjH0FmH
135,https://twitter.com/dannnyliciouss/status/1291737561501536256,2020-08-07 14:06:48+00:00,"Another boring, lonely and sendu weekend",1291737561501536256,dannnyliciouss,[],,[],
136,https://twitter.com/dariussavelov/status/1290931567687110656,2020-08-05 08:44:04+00:00,@lonely_fi3 @ChannelNewsAsia Im trolling lol,1290931567687110656,dariussavelov,[],,[],
137,https://twitter.com/naufalathalif_/status/1290735275895709696,2020-08-04 19:44:05+00:00,"Even if I'm leaving you at the door
Even when I know that you're never lonely
Harder than imagined
Harder when it's cold
Even when I'm playing in the fire
Even when I'm doing it for all my life
Harder than imagined
Harder when I let it go

1000x.",1290735275895709696,naufalathalif_,[],,[],
138,https://twitter.com/nursebujoy/status/1290701645785870336,2020-08-04 17:30:27+00:00,"i just don’t want to be lonely.......
kung binasa mo.... good... kung kinanta mo.. mukhang same age tayo or same genre of music ang pinakikinggan naten.. #MeMaTweets #VaklangNurse",1290701645785870336,nursebujoy,[],,[],
139,https://twitter.com/leonawannagrow/status/1290266757165441024,2020-08-03 12:42:21+00:00,The lonely road... @ Singapore https://t.co/Yzz0DTCg20,1290266757165441024,leonawannagrow,['https://www.instagram.com/p/CDbXQEHHQIq/?igshid=rrruhhqx3xuh'],https://www.instagram.com/p/CDbXQEHHQIq/?igshid=rrruhhqx3xuh,['https://t.co/Yzz0DTCg20'],https://t.co/Yzz0DTCg20
140,https://twitter.com/PencariProject/status/1289166359562055680,2020-07-31 11:49:46+00:00,I'm lonely in the crowd,1289166359562055680,PencariProject,[],,[],
141,https://twitter.com/aeriwxs/status/1288827012639944704,2020-07-30 13:21:19+00:00,feeling so lonely,1288827012639944704,aeriwxs,[],,[],
142,https://twitter.com/SirBrightHeart/status/1288803927387803650,2020-07-30 11:49:35+00:00,So you’d rather be a lonely fool?,1288803927387803650,SirBrightHeart,[],,[],
143,https://twitter.com/cassiecham/status/1288664836549869569,2020-07-30 02:36:53+00:00,#throwback weekend dinner  The menu stated that this was abalone. It took me almost a minute to locate the extremely thin slice of lonely abalone. The fish and chips was the same. The… https://t.co/eubpfbvMSn,1288664836549869569,cassiecham,['https://www.instagram.com/p/CDP-yDAngbXekIJnVnzQNP0ZYPzAZR2K8ceRBg0/?igshid=1a4cemc4ghvf0'],https://www.instagram.com/p/CDP-yDAngbXekIJnVnzQNP0ZYPzAZR2K8ceRBg0/?igshid=1a4cemc4ghvf0,['https://t.co/eubpfbvMSn'],https://t.co/eubpfbvMSn
144,https://twitter.com/cockporn/status/1288002783212236801,2020-07-28 06:46:08+00:00,When all my boys stop chatting with me I feel very bored and lonely. Yawns. Anyone wanna chat?,1288002783212236801,cockporn,[],,[],
145,https://twitter.com/weynalyd/status/1287769151927328768,2020-07-27 15:17:46+00:00,Sometimes i just feel really lonely,1287769151927328768,weynalyd,[],,[],
146,https://twitter.com/perfcuktion/status/1287571385926090753,2020-07-27 02:11:54+00:00,Bagi aku je lah bini dia. Aku lonely. https://t.co/cp4u5GIOlZ,1287571385926090753,perfcuktion,['https://twitter.com/alyayayy/status/1286951448488550401'],https://twitter.com/alyayayy/status/1286951448488550401,['https://t.co/cp4u5GIOlZ'],https://t.co/cp4u5GIOlZ
147,https://twitter.com/arifinipinnn/status/1286773229353197569,2020-07-24 21:20:19+00:00,you dont have to be alone to feel lonely,1286773229353197569,arifinipinnn,[],,[],
148,https://twitter.com/indroburito/status/1286088749663698944,2020-07-23 00:00:26+00:00,Lonely ass wifeless childhood deprived cocksuckers.,1286088749663698944,indroburito,[],,[],
149,https://twitter.com/cassTTAAecg/status/1285960763912228864,2020-07-22 15:31:52+00:00,Lonely Cat 🐱 do Commuicate with Humans #CuteKittens#sgcats#throwbacksunday# https://t.co/a2LIfzpoxK,1285960763912228864,cassTTAAecg,[],,[],
150,https://twitter.com/BryanChengFloyd/status/1284537187254431744,2020-07-18 17:15:05+00:00,Feeling lonely is part of life uh,1284537187254431744,BryanChengFloyd,[],,[],
151,https://twitter.com/Nxxbilxx_Nxshxx/status/1284207006266482690,2020-07-17 19:23:04+00:00,Really feel lonely nowwww,1284207006266482690,Nxxbilxx_Nxshxx,[],,[],
152,https://twitter.com/izzqqhh/status/1283592301059559424,2020-07-16 02:40:27+00:00,@lovellaa__ HAHAHAHAHAHAHA lonely sangat,1283592301059559424,izzqqhh,[],,[],
153,https://twitter.com/ZalenaMari/status/1281788478833876992,2020-07-11 03:12:42+00:00,yeah i have people around me that i assume like me so why tf do i still feel so damn lonely.,1281788478833876992,ZalenaMari,[],,[],
154,https://twitter.com/abdmuhaiminrazm/status/1281426180042719232,2020-07-10 03:13:03+00:00,"Me everytime feeling crush on someone.

""Dahhh kawan je takyah lelebih.""

When people crushing on me.

""hmmm hmmm hmmm okay.... Kawan dulu jelah""

My lonely ass spoke to myself

""BODOOO MAKE A MOVE BABIIIIII""",1281426180042719232,abdmuhaiminrazm,[],,[],
155,https://twitter.com/HertBrkClub/status/1281253718906638337,2020-07-09 15:47:45+00:00,"I screaming out “Lord help me,” I’ve been lonely",1281253718906638337,HertBrkClub,[],,[],
156,https://twitter.com/ohmais_/status/1281095314456211457,2020-07-09 05:18:19+00:00,"all the time bitch but luckily i got my bf ,, so i feel less lonely uk https://t.co/SCNdsWSxkk",1281095314456211457,ohmais_,['https://twitter.com/redzabobby/status/1280797333026779136'],https://twitter.com/redzabobby/status/1280797333026779136,['https://t.co/SCNdsWSxkk'],https://t.co/SCNdsWSxkk
157,https://twitter.com/mihavoc07/status/1280797420520013824,2020-07-08 09:34:35+00:00,"Even ur at the top but loneliness still above that 50th floor.........haizzzzzzz
#thisislife
#lonely
#wtf https://t.co/8wROLyP80O",1280797420520013824,mihavoc07,[],,[],
158,https://twitter.com/suhaida_23/status/1280320970503454721,2020-07-07 02:01:21+00:00,"Suhaida sgt ni. Sebab tu masa PKP tak terasa sgt pun tekanan duduk dirumah. Byk masa penuhkan keinginan dan keperluan diri. Sebelum pandemic lagi, kalau keluar pon, hanya dengan teman2 rapat yg memang dalam circle. But selalunya sorang2 je la. No, I'm not lonely. Im blessed 🌻 https://t.co/PfuEZC4tVn",1280320970503454721,suhaida_23,['https://twitter.com/DrAmaliAmin/status/1279969204565762048'],https://twitter.com/DrAmaliAmin/status/1279969204565762048,['https://t.co/PfuEZC4tVn'],https://t.co/PfuEZC4tVn
159,https://twitter.com/nazura93/status/1280002739620233217,2020-07-06 04:56:49+00:00,"Kadang2 mmg kita suka bersendirian. Buat sebab lonely, sebab nak clearkan apa yg dalam kepala. Tenangkan jiwa seketika",1280002739620233217,nazura93,[],,[],
160,https://twitter.com/DausLaa/status/1279820957373222913,2020-07-05 16:54:28+00:00,Feel lonely this night,1279820957373222913,DausLaa,[],,[],
161,https://twitter.com/waniekatek/status/1279704717883346945,2020-07-05 09:12:35+00:00,Get connected so you wont feel lonely.,1279704717883346945,waniekatek,[],,[],
162,https://twitter.com/indroburito/status/1279013297493209088,2020-07-03 11:25:07+00:00,You want to test my patience isit ? Do it in my face and let me know you’re testing my fucking patience don’t fuck with me on the other side of the fucking screen. I’ll break all your fingers you stupid retarded wifeless lonely prick.,1279013297493209088,indroburito,[],,[],
163,https://twitter.com/Kruxify_/status/1278413907342680064,2020-07-01 19:43:21+00:00,System Of A Down // Lonely Days,1278413907342680064,Kruxify_,[],,[],
164,https://twitter.com/sawayamadoll/status/1277776675137175552,2020-06-30 01:31:13+00:00,"gonna rank oh wonder’s home tapes bc i feel like it

1. oceansize
2. i like it when you love me
3. don’t you worry 
4. keep on dancing
5. lonely star https://t.co/4zq16YcsAu",1277776675137175552,sawayamadoll,[],,[],
165,https://twitter.com/29naux/status/1277635117716889606,2020-06-29 16:08:44+00:00,I was reminded of how lonely I felt with your absence. Have I worn my shoes out already?,1277635117716889606,29naux,[],,[],
166,https://twitter.com/SyazwanZakir/status/1277219689744101377,2020-06-28 12:37:58+00:00,lonely auto sendu,1277219689744101377,SyazwanZakir,[],,[],
167,https://twitter.com/arunr93/status/1276918449604661248,2020-06-27 16:40:57+00:00,"#Igloo filled with love care affection emotion desire lonely sadness end-up and so..
Lot of places got emotional 😭 on myself..superb film!",1276918449604661248,arunr93,[],,[],
168,https://twitter.com/khimarhawari/status/1276531616538488832,2020-06-26 15:03:48+00:00,@_nrhfzh_ thanks for making me feel less lonely HAHAHAHA,1276531616538488832,khimarhawari,[],,[],
169,https://twitter.com/JKannanR/status/1275807795212742656,2020-06-24 15:07:36+00:00,"This might be the key to the lonely little stickleback at the dipping pond, @jonniprice!! https://t.co/xXtvcbbFZv",1275807795212742656,JKannanR,['https://twitter.com/DrKatfish/status/1275767126607851522'],https://twitter.com/DrKatfish/status/1275767126607851522,['https://t.co/xXtvcbbFZv'],https://t.co/xXtvcbbFZv
170,https://twitter.com/toddboyman/status/1274974141213323270,2020-06-22 07:54:57+00:00,fucking lonely rn but its cool and all till i head home and it hit hARD IN MY FEELINGS,1274974141213323270,toddboyman,[],,[],
171,https://twitter.com/appnyein/status/1274887438016507905,2020-06-22 02:10:26+00:00,"Under the lonely starless sky,
Dim light of crying lamp posts
An old bridge where no one crosses
Quiet as an abandoned city

But I was standing still and
So ready when you run to me like a fool
To enjoy the nights as before...
As before
As before 
Before when the world was cursed https://t.co/C1JhflLJkC",1274887438016507905,appnyein,[],,[],
172,https://twitter.com/toddboyman/status/1274726979351113728,2020-06-21 15:32:49+00:00,"how tf yall shoot your shot, i gENUINELY dont know how and yall just getting a cute ass rs left right and center, its kinda pissing my lonely ass off 😤😤😤 smh.",1274726979351113728,toddboyman,[],,[],
173,https://twitter.com/toddboyman/status/1274545668812500993,2020-06-21 03:32:22+00:00,"is there a ""how to get a girlfriend 101"" i could read i feel lonely asf",1274545668812500993,toddboyman,[],,[],
174,https://twitter.com/CFCnabilon/status/1274227790754136064,2020-06-20 06:29:13+00:00,never scroll ur gallery when ure lonely.,1274227790754136064,CFCnabilon,[],,[],
175,https://twitter.com/edwinisdenim/status/1273873112598065152,2020-06-19 06:59:52+00:00,@twt_leen Do you have a lot of problems lingering around you that you couldn’t solve? And are you lonely?,1273873112598065152,edwinisdenim,[],,[],
176,https://twitter.com/Nabil_Malaysia/status/1273673994495913984,2020-06-18 17:48:38+00:00,@lonely_xain @murshid_daniels Grasshopper tu.. legit👏🏼,1273673994495913984,Nabil_Malaysia,[],,[],
177,https://twitter.com/officiallykumar/status/1273662286893158401,2020-06-18 17:02:07+00:00,huh?? vanitha is gonna get married? and here my lonely ass can’t even find love wow,1273662286893158401,officiallykumar,[],,[],
178,https://twitter.com/Ash_Pujari/status/1273552323671756801,2020-06-18 09:45:10+00:00,Really annoyed with @readersdigest India. Subscription order was placed in end March and till date we haven’t received even the first issue. This was a present to my dad who is lonely in Kolkata due to the COVID 19 lockdown but RD was a complete LETDOWN #CustomerService,1273552323671756801,Ash_Pujari,[],,[],
179,https://twitter.com/WeisongJi/status/1273539948226977792,2020-06-18 08:55:59+00:00,"Streak Broken : This is the only birthday I’ve spent in Singapore over the past 6 years. Also gotta utilize the lonely F1 Pit building.

📷 : #Sony A7r II @ Singapore https://t.co/HAZtZDv8Vc",1273539948226977792,WeisongJi,['https://www.instagram.com/p/CBkgx8dFhO2/?igshid=1bgmtptd26tpb'],https://www.instagram.com/p/CBkgx8dFhO2/?igshid=1bgmtptd26tpb,['https://t.co/HAZtZDv8Vc'],https://t.co/HAZtZDv8Vc
180,https://twitter.com/_PhilipRoberts/status/1273492238530539520,2020-06-18 05:46:24+00:00,"@leeunkrich “Fat, so huggin’ bear” sounds like ... confessions of a lonely park ranger ...",1273492238530539520,_PhilipRoberts,[],,[],
181,https://twitter.com/Nxxbilxx_Nxshxx/status/1272951851164397568,2020-06-16 17:59:06+00:00,Overthinking when ur lonely...it’s sucks.,1272951851164397568,Nxxbilxx_Nxshxx,[],,[],
182,https://twitter.com/Nxxbilxx_Nxshxx/status/1272190607348269062,2020-06-14 15:34:11+00:00,Without my friends really feel lonely af !.,1272190607348269062,Nxxbilxx_Nxshxx,[],,[],
183,https://twitter.com/Aquatickev/status/1271856167220740096,2020-06-13 17:25:14+00:00,"Wondering well, wonderin' how I got this high
Fell and asleep and forgot to die, god damn
I'm poppin' them dollars and drinkin' them powders, faded
Get it over the counter, I'm stuck on the browsers like how did I make it
These girls  don't know me, this shit is so lonely",1271856167220740096,Aquatickev,[],,[],
184,https://twitter.com/rnzlka/status/1270907894905499652,2020-06-11 02:37:09+00:00,@indah_burn Kalau adik aku gini pijak je diaa hahahaha lonely sangat dh hidup kauuuu,1270907894905499652,rnzlka,[],,[],
185,https://twitter.com/sm0leo/status/1270014714454487040,2020-06-08 15:27:58+00:00,growth sometimes rly is such a lonely process I’m tired,1270014714454487040,sm0leo,[],,[],
186,https://twitter.com/_nrafifh/status/1269716005086875648,2020-06-07 19:41:00+00:00,"bagusla ada diorng, i dont feel lonely at night 🥺",1269716005086875648,_nrafifh,[],,[],
187,https://twitter.com/nicknotasimp/status/1268000359403802626,2020-06-03 02:03:38+00:00,"Stay sad and smoking cigarettes is bad, but being lonely is even worse",1268000359403802626,nicknotasimp,[],,[],
188,https://twitter.com/jxneism/status/1267083198271377408,2020-05-31 13:19:10+00:00,"When I’m bored and lonely I Skype my parents.
I’m bored and lonely every day.",1267083198271377408,jxneism,[],,[],
189,https://twitter.com/neueux/status/1266024499402518532,2020-05-28 15:12:16+00:00,@Nemphtis Are people still playing FFXIV? I may join if its not lonely in the beginning and everyone is OP..,1266024499402518532,neueux,[],,[],
190,https://twitter.com/akufikrikbs/status/1264650255980613632,2020-05-24 20:11:31+00:00,"""A lonely road, crossed another cold state line
Miles away from those I love purpose undefined
While I recall all the words you spoke to me
Can't help but wish that I was there
And where I'd love to be""",1264650255980613632,akufikrikbs,[],,[],
191,https://twitter.com/akufikrikbs/status/1264203575812481024,2020-05-23 14:36:34+00:00,"@zidzainal Aku nak beli je, tapi utk beraya tak kot, walaupon aku kerja malam, siang aku tetap lonely, huhu, nati balik Malaysia aku beli, pakai kat Malaysia",1264203575812481024,akufikrikbs,[],,[],
192,https://twitter.com/dashenyyy/status/1263871656084140032,2020-05-22 16:37:39+00:00,Never felt this lonely before.,1263871656084140032,dashenyyy,[],,[],
193,https://twitter.com/enzoticaaa/status/1263494336991256576,2020-05-21 15:38:19+00:00,"If u’re looking for a guy with kpop good looks and the body of a greek god as a bf. Dont complain that u’re sad, lonely and single. Instead, look in the mirror and evaluate your character and self worth first. I said what i said. https://t.co/xOJSEbTWRp",1263494336991256576,enzoticaaa,[],,[],
194,https://twitter.com/NeNerryy/status/1263359614508101632,2020-05-21 06:42:58+00:00,"""Your PC is your best companion when you feel lonely""",1263359614508101632,NeNerryy,[],,[],
195,https://twitter.com/RappaChris/status/1262880513536163840,2020-05-19 22:59:12+00:00,"As we continue to be in lockdown, we should never forgot about others. There are people who are lonely and alone, they may be your neighbour's  or family or friends who is struggling day… https://t.co/41JVA0kSMt",1262880513536163840,RappaChris,['https://www.instagram.com/p/CAYxbdvH3SXk23RlaPPHTWV7yUaGf3hQv-zZsk0/?igshid=5jtu9mvue7ch'],https://www.instagram.com/p/CAYxbdvH3SXk23RlaPPHTWV7yUaGf3hQv-zZsk0/?igshid=5jtu9mvue7ch,['https://t.co/41JVA0kSMt'],https://t.co/41JVA0kSMt
196,https://twitter.com/sm0leo/status/1262389447271813121,2020-05-18 14:27:52+00:00,"what a lonely quiet night that I’m not use to,",1262389447271813121,sm0leo,[],,[],
197,https://twitter.com/IfatMohd/status/1262048754410024966,2020-05-17 15:54:05+00:00,"haisss bile main apex dgn syuqri and ilyas, syuq slalu vc dgn aimi...haisss rasa lonely pulak aku ni :( haiss 😕",1262048754410024966,IfatMohd,[],,[],
198,https://twitter.com/erinasharlyn/status/1259904708665176066,2020-05-11 17:54:25+00:00,watching all the love stories at thus time makin me feel lonely as hell 🥵,1259904708665176066,erinasharlyn,[],,[],
199,https://twitter.com/Frogelu/status/1259815327522648064,2020-05-11 11:59:14+00:00,Lonely &amp; forgotten 😥😞,1259815327522648064,Frogelu,[],,[],
200,https://twitter.com/RAWepics/status/1259759912369811457,2020-05-11 08:19:02+00:00,The waiting game. God’s lonely man. #diaryofagrabdriver https://t.co/LGLVPMY0fa,1259759912369811457,RAWepics,[],,[],
201,https://twitter.com/hafizithninlol/status/1259738449248055302,2020-05-11 06:53:45+00:00,@AnyssJack Aku tak lonely lah nis. Hahaha ko pehal,1259738449248055302,hafizithninlol,[],,[],
202,https://twitter.com/acapwashim/status/1258657743914676226,2020-05-08 07:19:25+00:00,Im a lonely penis ☹️ https://t.co/mlhtMhqw9b,1258657743914676226,acapwashim,[],,[],
203,https://twitter.com/_bilav/status/1258372685794607104,2020-05-07 12:26:42+00:00,"better. representation is important. i'm not saying racism and discrimination is like ptsd, but when people stay silent about their trauma and can't identify it with others' struggles, they feel lonely and alone. this pushes people to the sidelines and can create deep rooted...",1258372685794607104,_bilav,[],,[],
204,https://twitter.com/himanshu2904/status/1258362381949734912,2020-05-07 11:45:45+00:00,"Everything changed few decades and when I visit my village now, I see a sad reality that is hard to believe. People are stressed, elderly are lonely and the young have disappeared. 5/",1258362381949734912,himanshu2904,[],,[],
205,https://twitter.com/sezairi/status/1258321781389012992,2020-05-07 09:04:25+00:00,"Breaking fast with @mingasaur on IG live tonight. Come join us if you're lonely. Idk if he puasa or not, lets find out. https://t.co/W08cVKvrli",1258321781389012992,sezairi,[],,[],
206,https://twitter.com/malingkatbaiyan/status/1258012018428325888,2020-05-06 12:33:32+00:00,"Masa bf kat utm dlu. My bf masa tu mmg xleh nk lepas kan main futsal. Then, after I balik keje terus g tgk dia main futsal semata2 sbb nk dinner sama2 😂 bertapa lonely nya masa tu. Sanggup lepas balik keje g jumpa dia sbb nk dinner sekali. Currently now my husband 😇 https://t.co/SDHPiarwpj",1258012018428325888,malingkatbaiyan,['https://twitter.com/adraniel_/status/1257577099029872640'],https://twitter.com/adraniel_/status/1257577099029872640,['https://t.co/SDHPiarwpj'],https://t.co/SDHPiarwpj
207,https://twitter.com/mdnrsaleh/status/1257978085535657985,2020-05-06 10:18:42+00:00,lonely 12 hrs shift🙂,1257978085535657985,mdnrsaleh,[],,[],
208,https://twitter.com/HertBrkClub/status/1257612165588021248,2020-05-05 10:04:40+00:00,It's hard out here for a lonely stoner,1257612165588021248,HertBrkClub,[],,[],
209,https://twitter.com/kapitan809/status/1257432781254246402,2020-05-04 22:11:51+00:00,rogerfederer https://t.co/6LcehE8fqK Thank You my idol for responding to a small person like me. That is enough to inspire me to continue my Lonely Fight to flatten the curve in singapore. Jobless for more than a… https://t.co/R9WzBrF82V,1257432781254246402,kapitan809,"['http://rogerfederer.foundation', 'https://www.instagram.com/p/B_yEFRrlB30/?igshid=j7fis3a0k0id']",http://rogerfederer.foundation https://www.instagram.com/p/B_yEFRrlB30/?igshid=j7fis3a0k0id,"['https://t.co/6LcehE8fqK', 'https://t.co/R9WzBrF82V']",https://t.co/6LcehE8fqK https://t.co/R9WzBrF82V
210,https://twitter.com/blackvoidgames/status/1257329328750096387,2020-05-04 15:20:46+00:00,@MildraTheMonk Good thing it’s not so lonely anymore 😉,1257329328750096387,blackvoidgames,[],,[],
211,https://twitter.com/ayien_aen/status/1257246061405454337,2020-05-04 09:49:54+00:00,Ape yang happynya kuarantin ni kau akan rasa lonely bored food tak sedap plak uh,1257246061405454337,ayien_aen,[],,[],
212,https://twitter.com/2ne1_worldxxi/status/1257177018900164608,2020-05-04 05:15:33+00:00,"""IT HURTS"" and I am so ""LONELY"" for ""MISSING YOU"" everyday. Here I am still waiting for you to ""COME BACK HOME"". ""FALLING IN LOVE with you was the best feeling ever. You were my first ""CRUSH"", my first ""KISS"" and my first love.

@chaelinCL
@krungy21
@mingkki21
@haroobomkum 
#2NE1 https://t.co/LlKlF7Iah4",1257177018900164608,2ne1_worldxxi,[],,[],
213,https://twitter.com/zahirah_adibah/status/1257014095628210177,2020-05-03 18:28:09+00:00,"Fall in love when you're ready, not when you're lonely.",1257014095628210177,zahirah_adibah,[],,[],
214,https://twitter.com/NAFarhanaZ/status/1256939316447637504,2020-05-03 13:31:00+00:00,I feel so lonely rn. Hm,1256939316447637504,NAFarhanaZ,[],,[],
215,https://twitter.com/AnilynBasir/status/1256772289997099008,2020-05-03 02:27:18+00:00,Alone doesn’t mean u Lonely! U can do it 💪🏻🦾,1256772289997099008,AnilynBasir,[],,[],
216,https://twitter.com/_mimihusin_/status/1256718865507090432,2020-05-02 22:55:00+00:00,"Kalini raya dgn akk dan abg je kt sini.. Aq kne pastikan aq x terasa lonely bile tgok diorg sefamili bermaafan nnti 🤣😅 

 #DudukRumah https://t.co/CUpVyhiN9m",1256718865507090432,_mimihusin_,[],,[],
217,https://twitter.com/ShabirMusic/status/1256532657514545152,2020-05-02 10:35:05+00:00,A fan from JB who was studying medicine in Ukraine emailed me once that she was feeling ostracised and lonely and my music kept her going. Such messages remind me to always serve my purpose and people through my music. #Ezhuvom drops on 8th May. https://t.co/obyzIyhg5o,1256532657514545152,ShabirMusic,[],,[],
218,https://twitter.com/esor02lr/status/1256160437864853504,2020-05-01 09:56:01+00:00,"(To) Share this love with everyone
So when you're down and out and lonely
If you need some lovin'
He's got a lot to show
No he'll never leave
You just got to believe

LOOVANA CoLOVE",1256160437864853504,esor02lr,[],,[],
219,https://twitter.com/AUSMeihui/status/1255705005773844481,2020-04-30 03:46:17+00:00,@SumYee72864436 @Lonely_soul001 @JapanHayashis 我转发方方文章有的就说是负能量，我退出了所有同学朋友群，就剩艾灸保健群了,1255705005773844481,AUSMeihui,[],,[],
220,https://twitter.com/esor02lr/status/1255429788820541442,2020-04-29 09:32:41+00:00,"I need a love that's strong
I'm so tired of being alone
But will my lonely heart
Play the part
Of the fool again, before I begin

HAPPY3rd WeekSaryLOOVANA",1255429788820541442,esor02lr,[],,[],
221,https://twitter.com/muhammdHisyam/status/1255124958407098369,2020-04-28 13:21:23+00:00,Lonely ☹️,1255124958407098369,muhammdHisyam,[],,[],
222,https://twitter.com/ezlanazman/status/1255116512941105152,2020-04-28 12:47:50+00:00,it is possible to feel lonely even with the amount of friends you have..,1255116512941105152,ezlanazman,[],,[],
223,https://twitter.com/CollinHPTan/status/1254648671108546561,2020-04-27 05:48:48+00:00,"A lonely Dove in deep thoughts, sitting on a Frangipani branch in the drizzle. 🐦🌸🌧
.
.
.
.
.
.
#wfh #workfromhome #bored #birds #dove #samsungnote10plus #samsunggalaxyphotos #pigeon #frangipani #drizzle #rain @… https://t.co/zytxwt9BOi",1254648671108546561,CollinHPTan,['https://www.instagram.com/p/B_eSBUkHwWu/?igshid=je80uss3kax0'],https://www.instagram.com/p/B_eSBUkHwWu/?igshid=je80uss3kax0,['https://t.co/zytxwt9BOi'],https://t.co/zytxwt9BOi
224,https://twitter.com/weezaleena/status/1254608730508804098,2020-04-27 03:10:05+00:00,"Haizzz I dunno .. a very strong headed person now . I don’t let anyone hurt my feelings again . Sometimes I think , I can leave without man .. 8 years of being single ... lonely but happy !",1254608730508804098,weezaleena,[],,[],
225,https://twitter.com/MissFortuneCat/status/1253956717932503040,2020-04-25 07:59:13+00:00,"Me: I'm so lonely and I never have anyone to talk to.

Also me: &lt;gets multiple calls from friends and DECLINES ALL THE CALLS&gt;",1253956717932503040,MissFortuneCat,[],,[],
226,https://twitter.com/howard_brendan/status/1253197449348313089,2020-04-23 05:42:09+00:00,"Lonely people, in crowded room🤧",1253197449348313089,howard_brendan,[],,[],
227,https://twitter.com/gxnnna/status/1252612333378998274,2020-04-21 14:57:07+00:00,"now that i have time to think, its till 1/6... already feeling damn empty and lonely already...
i feel like i cant endure anymore",1252612333378998274,gxnnna,[],,[],
228,https://twitter.com/haqxtanz/status/1251541865918115846,2020-04-18 16:03:28+00:00,"Will things be better if you are still here?
Will I be  less lonely if you are still here?
Will I be able to overcome this if you didn't left?
Will I be more genuinely happy and less miserable if you are not dead?",1251541865918115846,haqxtanz,[],,[],
229,https://twitter.com/auntiesocial__/status/1251441874453200896,2020-04-18 09:26:08+00:00,im not lonely you are https://t.co/W8x8bRn8f3,1251441874453200896,auntiesocial__,[],,[],
230,https://twitter.com/DoriKinStarr/status/1251290063956148226,2020-04-17 23:22:53+00:00,Lonely passenger at 11pm... https://t.co/r1sxJ5yEup,1251290063956148226,DoriKinStarr,[],,[],
231,https://twitter.com/esor02lr/status/1250335202980724739,2020-04-15 08:08:37+00:00,Feeling lonely 😔 #homesick pahingi naman ng isang hi d'yan oh @DJLOONYO2,1250335202980724739,esor02lr,[],,[],
232,https://twitter.com/ShanadiJ/status/1250333821297278977,2020-04-15 08:03:07+00:00,"#COVID19 #Curfew 
“Sometimes, you need to be alone. Not to be lonely, but to enjoy your free time being yourself.” https://t.co/NJB9pOqMqx",1250333821297278977,ShanadiJ,[],,[],
233,https://twitter.com/Copanlicious/status/1250285090262769672,2020-04-15 04:49:29+00:00,@syueibrhm Hahahahahahahahahah fck jgn bagi aku benda mcm ni...hahahahaha rasa lonely laa pulak 🤣🤣🤣,1250285090262769672,Copanlicious,[],,[],
234,https://twitter.com/thekatflea/status/1250111890652422144,2020-04-14 17:21:15+00:00,"Golden framed on a mezzanine,
These boys came after me,
Psyched the hell of my family,
12 years being lonely,
Believe me, I’m lonely no more.
Straight path to hell, where these boys gotta pay, their sins are due for what they started.",1250111890652422144,thekatflea,[],,[],
235,https://twitter.com/kwonggg_/status/1249993855572869121,2020-04-14 09:32:13+00:00,"And it’s the day I turn 21🎉 Damn Covid made everyone stuck at home &amp; make my hotel 21st dream fly far away but I just wanna thank all of you (you know who you are hehe) for making me feel alil less lonely, even… https://t.co/P6NdAklZbL",1249993855572869121,kwonggg_,['https://www.instagram.com/p/B-9NQCbHH9A/?igshid=10edqx7j6azol'],https://www.instagram.com/p/B-9NQCbHH9A/?igshid=10edqx7j6azol,['https://t.co/P6NdAklZbL'],https://t.co/P6NdAklZbL
236,https://twitter.com/CasieLane/status/1249287585022631936,2020-04-12 10:45:45+00:00,@SkarredGhost got any single friends who wanna date a lonely lady in VR? 🤣,1249287585022631936,CasieLane,[],,[],
237,https://twitter.com/faizolshamrie/status/1249250717589618688,2020-04-12 08:19:15+00:00,"""Being an introvert is wanting to be invited but not wanting to go anywhere. Being lonely at home but not wanting anyone in ur space unless u really like them. And even if u really like them, u want them to go home soon."" -Daniel Redcliffe",1249250717589618688,faizolshamrie,[],,[],
238,https://twitter.com/razinahhanizar/status/1248845530584592384,2020-04-11 05:29:11+00:00,"I feel so lonely 😏  
i need love and attention 
hahaha #feelings",1248845530584592384,razinahhanizar,[],,[],
239,https://twitter.com/M4lev0lent/status/1248627866012495879,2020-04-10 15:04:16+00:00,So lonely that I might just buy men’s perfume just to sniff and feel something,1248627866012495879,M4lev0lent,[],,[],
240,https://twitter.com/4dda__/status/1248311317938573313,2020-04-09 18:06:25+00:00,Lonely sleep,1248311317938573313,4dda__,[],,[],
241,https://twitter.com/SiJKelly/status/1248291208805351424,2020-04-09 16:46:30+00:00,Night and day lonely lockdown walks through an empty Singapore #lockdown #covid19 #singapore #walks @ Singapore https://t.co/S7qeWghZij,1248291208805351424,SiJKelly,['https://www.instagram.com/p/B-xG-j7jZMI/?igshid=1m0tk1abwybjb'],https://www.instagram.com/p/B-xG-j7jZMI/?igshid=1m0tk1abwybjb,['https://t.co/S7qeWghZij'],https://t.co/S7qeWghZij
242,https://twitter.com/Alcatraz2048/status/1248281767867379715,2020-04-09 16:09:00+00:00,@1amsharky @Samurai_Takezo @Michaeldemurgas @skulnight If parallel dimensions exist i wanna go to the one where im not lonely :(,1248281767867379715,Alcatraz2048,[],,[],
243,https://twitter.com/shastaclaire_/status/1247403415233167360,2020-04-07 05:58:44+00:00,its so lonely here :/,1247403415233167360,shastaclaire_,[],,[],
244,https://twitter.com/Alcatraz2048/status/1246962508604133376,2020-04-06 00:46:44+00:00,@LLCtwn @paggaklapper1 Well someones gonna die lonely,1246962508604133376,Alcatraz2048,[],,[],
245,https://twitter.com/dreampipe/status/1246793582620471298,2020-04-05 13:35:29+00:00,I suspect when all this is over or let’s say we get back to normal - people will crave office settings and realize that work at home is only for certain roles and kind of lonely. If you like it cool but I did it for a few years and now look forward to my daily office jaunt,1246793582620471298,dreampipe,[],,[],
246,https://twitter.com/asyiahmohdali/status/1246456124666032131,2020-04-04 15:14:32+00:00,"Picang ya amat. Menyesal tak culik anak2 kucing aku kt kg bwk dtg jb.

Rse nak je kluar, kutip mana2 kucing bwk balik rumah. Ade gak kwn borak.

Lonely yall. Haha",1246456124666032131,asyiahmohdali,[],,[],
247,https://twitter.com/ManurungWww/status/1246021701000814592,2020-04-03 10:28:18+00:00,"Ini lagu untukmu… Lonely Night oleh Kwon Jin Ah
https://t.co/toFQc0PI3Z",1246021701000814592,ManurungWww,['https://open.spotify.com/track/35q0DyRH5bIXDoFGWJBjmC?si=ipmf8iejQdC4W6-yR28ciQ'],https://open.spotify.com/track/35q0DyRH5bIXDoFGWJBjmC?si=ipmf8iejQdC4W6-yR28ciQ,['https://t.co/toFQc0PI3Z'],https://t.co/toFQc0PI3Z
248,https://twitter.com/Alcatraz2048/status/1245961939517181955,2020-04-03 06:30:49+00:00,@waissishere Im not alone. But am lonely,1245961939517181955,Alcatraz2048,[],,[],
249,https://twitter.com/ecadnduddin/status/1245923575158067203,2020-04-03 03:58:23+00:00,kesian lonely,1245923575158067203,ecadnduddin,[],,[],
250,https://twitter.com/myyraxxx/status/1245654550100336645,2020-04-02 10:09:22+00:00,went for training and my entire 19 classmate is all from grand hyatt and im the only lonely fullerton 🙃,1245654550100336645,myyraxxx,[],,[],
251,https://twitter.com/kimfull81/status/1245233321199562754,2020-04-01 06:15:33+00:00,@hazimazmann I am lonely mm ah yeah .,1245233321199562754,kimfull81,[],,[],
252,https://twitter.com/MABNH97/status/1245006553121525760,2020-03-31 15:14:28+00:00,Sometimes it gets a bit lonely,1245006553121525760,MABNH97,[],,[],
253,https://twitter.com/dukefreaks/status/1244764597661208576,2020-03-30 23:13:01+00:00,"Here’s a song for you… How to Make Love Stay by empire! empire! (i was a lonely estate)
https://t.co/SKFh4onvv6",1244764597661208576,dukefreaks,['https://open.spotify.com/track/11YL8S1YTsUVXSwzYvoHGb?si=INw0T_IYQF28N5sET-EaKg'],https://open.spotify.com/track/11YL8S1YTsUVXSwzYvoHGb?si=INw0T_IYQF28N5sET-EaKg,['https://t.co/SKFh4onvv6'],https://t.co/SKFh4onvv6
254,https://twitter.com/marthameliasb/status/1244713488594776064,2020-03-30 19:49:55+00:00,"Ditunggu versi Show Me The Meaning Of Being Lonely~
 https://t.co/TQgvGyWbRt",1244713488594776064,marthameliasb,['https://twitter.com/AustinKellerman/status/1244434527616933895/video/1'],https://twitter.com/AustinKellerman/status/1244434527616933895/video/1,['https://t.co/TQgvGyWbRt'],https://t.co/TQgvGyWbRt
255,https://twitter.com/bord_jr/status/1244218362894278656,2020-03-29 11:02:28+00:00,@Shaun_DD_Sheep @suaidahh eh second name s4 leh. so ur s4 wont be lonely hahahahahaha,1244218362894278656,bord_jr,[],,[],
256,https://twitter.com/Yohanbubz/status/1244191997407064065,2020-03-29 09:17:42+00:00,@LeiUmbrella I- the generator know we’re both lonely hags that’s why,1244191997407064065,Yohanbubz,[],,[],
257,https://twitter.com/rockydotsg/status/1243875220609363969,2020-03-28 12:18:57+00:00,A lonely merlion #coronavirussingapore https://t.co/cfhQceyUAM,1243875220609363969,rockydotsg,[],,[],
258,https://twitter.com/poppyhobi/status/1243610794597781504,2020-03-27 18:48:13+00:00,@myqwheein @mc__dukk @_H_DD_LDF @wheeinismywife Is just my JC 好朋友you really THOUGHT didn't you 😔✨ my network ain't that big sweetie I'm still a lonely bitch !!!,1243610794597781504,poppyhobi,[],,[],
259,https://twitter.com/hafizahcheese/status/1243041174438293504,2020-03-26 05:04:45+00:00,IM A LONELY IM A LONELY IM A LONELINESS,1243041174438293504,hafizahcheese,[],,[],
260,https://twitter.com/shaunling/status/1242542752937713667,2020-03-24 20:04:12+00:00,"好菇独🎤 lonely #marketer 👉 @shaunling
👑 @shaunling
🎊 @shaunling

#Successful #successmemories #successfulmindset #successjobs #successactivity
#tiktok

📸 https://t.co/5f8FzwzVE9 via https://t.co/uAhWI1n3OS https://t.co/TDOuYjxidB",1242542752937713667,shaunling,"['https://www.instagram.com/p/B-IQ1BdFZ-b/', 'https://tweet.photo']",https://www.instagram.com/p/B-IQ1BdFZ-b/ https://tweet.photo,"['https://t.co/5f8FzwzVE9', 'https://t.co/uAhWI1n3OS']",https://t.co/5f8FzwzVE9 https://t.co/uAhWI1n3OS
261,https://twitter.com/mankimii/status/1242495715269439489,2020-03-24 16:57:17+00:00,bila nak start kita punya video call ? 😔 #single #lonely https://t.co/QAxXD102Ab,1242495715269439489,mankimii,['https://twitter.com/Izdnrdn/status/1242493562945585153'],https://twitter.com/Izdnrdn/status/1242493562945585153,['https://t.co/QAxXD102Ab'],https://t.co/QAxXD102Ab
262,https://twitter.com/teelip/status/1242152320479232003,2020-03-23 18:12:45+00:00,"Abandoned. Lonely. Used. Life is such, one moment you can be happy to see a vibrant modern carpark, then another block away you see an old abandoned solo chair at the void deck beside a flight of stairs. Neither here… https://t.co/xNfqmaA7Tk",1242152320479232003,teelip,['https://www.instagram.com/p/B-FfVp9AFdN/?igshid=5f6blznronf6'],https://www.instagram.com/p/B-FfVp9AFdN/?igshid=5f6blznronf6,['https://t.co/xNfqmaA7Tk'],https://t.co/xNfqmaA7Tk
263,https://twitter.com/teelip/status/1242151457018671104,2020-03-23 18:09:20+00:00,"Abandoned. Lonely. Used. Life is such, one moment you can be happy to see a vibrant modern carpark, then another block away you see an old abandoned solo chair at the void deck beside a flight of stairs. Neither… https://t.co/Pel5xsiOlW",1242151457018671104,teelip,['https://www.instagram.com/p/B-Fe8bMg-6C/?igshid=10zc7pf4qrm0u'],https://www.instagram.com/p/B-Fe8bMg-6C/?igshid=10zc7pf4qrm0u,['https://t.co/Pel5xsiOlW'],https://t.co/Pel5xsiOlW
264,https://twitter.com/ashfronaut/status/1242049924214095874,2020-03-23 11:25:52+00:00,anyone wanna watch Onward with my lonely ass :’),1242049924214095874,ashfronaut,[],,[],
265,https://twitter.com/Ejulyusof_/status/1241762605590437889,2020-03-22 16:24:10+00:00,@zattbesi Dont be sorry if you know that im lonely,1241762605590437889,Ejulyusof_,[],,[],
266,https://twitter.com/nnjwwa/status/1241718024958181376,2020-03-22 13:27:01+00:00,im a lonely bitch,1241718024958181376,nnjwwa,[],,[],
267,https://twitter.com/haqxtanz/status/1240955864573333505,2020-03-20 10:58:28+00:00,Its kinda scary how you are still feel empty and lonely when you have people who love you around you.,1240955864573333505,haqxtanz,[],,[],
268,https://twitter.com/mochimyeon_/status/1240514883575152640,2020-03-19 05:46:10+00:00,"no point to cry also right ,,,, i hate to admit that it’s so fucking lonely and to say that I’m not scared is bullshit",1240514883575152640,mochimyeon_,[],,[],
269,https://twitter.com/Syedmdamirul_99/status/1240288784098324481,2020-03-18 14:47:44+00:00,@Hasan_AHamid @melur_yasmine @hairiki22 @nurnabilahhhs @Hakim_Fuat @ekahashim_ @wunfara @fatinnabilaaaaa @hanifjamals Kena kuarantin pun lonely😕,1240288784098324481,Syedmdamirul_99,[],,[],
270,https://twitter.com/hikayatpenyu/status/1240119338549551104,2020-03-18 03:34:25+00:00,"@timah29 1 dikala bulan bermain biola.
2 pijak hatiku.
3 lonely soldier boy acoustic version.
4 sarawak.",1240119338549551104,hikayatpenyu,[],,[],
271,https://twitter.com/enggul/status/1238697034758176768,2020-03-14 05:22:41+00:00,Chicken Tinola For The Lonely Cold Soul LOL @ Singapore https://t.co/lEfrn2B2Ji,1238697034758176768,enggul,['https://www.instagram.com/p/B9s8DjcgKWa/?igshid=1b1kwlhg94j4v'],https://www.instagram.com/p/B9s8DjcgKWa/?igshid=1b1kwlhg94j4v,['https://t.co/lEfrn2B2Ji'],https://t.co/lEfrn2B2Ji
272,https://twitter.com/soiamlily/status/1238110748468899841,2020-03-12 14:33:00+00:00,Love please come when im ready not when im lonely,1238110748468899841,soiamlily,[],,[],
273,https://twitter.com/mohnish_shelby/status/1238071842763493376,2020-03-12 11:58:24+00:00,Im not alone yet i feel so lonely.,1238071842763493376,mohnish_shelby,[],,[],
274,https://twitter.com/MABNH97/status/1237316993071505408,2020-03-10 09:58:54+00:00,"I used to be so depressed about being lonely and shit, but these few years it's so rare for me to feel sad. Have I gotten used to it?",1237316993071505408,MABNH97,[],,[],
275,https://twitter.com/doyourbets/status/1236897315928944641,2020-03-09 06:11:15+00:00,"Kuchi sabishii = lonely mouth, it means you're not hungry, but your mouth is lonely and want to eat something, rie-2020",1236897315928944641,doyourbets,[],,[],
276,https://twitter.com/ashfronaut/status/1235949434799677440,2020-03-06 15:24:42+00:00,anyone wanna watch invisible man with me? My lonely ass thought I could watch a movie alone but I can’t,1235949434799677440,ashfronaut,[],,[],
277,https://twitter.com/jennylee_2012/status/1235249077043875840,2020-03-04 17:01:44+00:00,Do you agree entrepreneurship is a very lonely journey?,1235249077043875840,jennylee_2012,[],,[],
278,https://twitter.com/hikayatpenyu/status/1234181307908775936,2020-03-01 18:18:48+00:00,"@shafikAlchemist sarawak pun best, lonely soldier boy acoustic pun best, pijak hati ku, dikala bulan bermain biola.  haha",1234181307908775936,hikayatpenyu,[],,[],
279,https://twitter.com/nikipaniki/status/1233973639789203456,2020-03-01 04:33:36+00:00,"If moving houses every few years has taught me anything, it's that I don't get attached to places nor things nor people. And maybe I'm doomed in the end. Always alone (though not lonely), and always fleeting.",1233973639789203456,nikipaniki,[],,[],
280,https://twitter.com/awkwardryann/status/1233412834530226177,2020-02-28 15:25:10+00:00,I've been so depressingly lonely,1233412834530226177,awkwardryann,[],,[],
281,https://twitter.com/bernardlim108/status/1233220036069711872,2020-02-28 02:39:03+00:00,"Never lonely on the Golf course. Mr Toh (Member), Brian and Ravi. 
With a Limited Edition printed golf cap from the PUMA Golf ""Swing"" Collection - celebrating this year's Honda Classic in the Sunshine State of… https://t.co/ZdGwWmYXEe",1233220036069711872,bernardlim108,['https://www.instagram.com/p/B9GBZs1nXV6/?igshid=1geofynxdk54m'],https://www.instagram.com/p/B9GBZs1nXV6/?igshid=1geofynxdk54m,['https://t.co/ZdGwWmYXEe'],https://t.co/ZdGwWmYXEe
282,https://twitter.com/tunexxa/status/1232691951079608320,2020-02-26 15:40:38+00:00,i feel so lonely,1232691951079608320,tunexxa,[],,[],
283,https://twitter.com/yankdumb/status/1232311409167355904,2020-02-25 14:28:29+00:00,entah la kdg kdg rasa lonely alhamdulilah ada mak bole cerita semua benda😢 https://t.co/Jk5Ln6EEVF,1232311409167355904,yankdumb,['https://twitter.com/Freissyann/status/1232296451020976128'],https://twitter.com/Freissyann/status/1232296451020976128,['https://t.co/Jk5Ln6EEVF'],https://t.co/Jk5Ln6EEVF
284,https://twitter.com/diyanahn_n/status/1230896721430925313,2020-02-21 16:47:02+00:00,pe aku rasa lonely gila hais,1230896721430925313,diyanahn_n,[],,[],
285,https://twitter.com/mankimii/status/1230552884632121348,2020-02-20 18:00:44+00:00,"tahu tak the feelinggg when your mood is off, then lonely drive astu bukak lagu kuat kuattttt hmm 🥺 https://t.co/G1gUITaEJE",1230552884632121348,mankimii,[],,[],
286,https://twitter.com/Muhammadenaufal/status/1230313404499251200,2020-02-20 02:09:08+00:00,"'Cause I wonder where you are, and I wonder what you do
Are you somewhere feeling lonely, or is someone loving you?
Tell me how to win your heart
For I haven't got a clue",1230313404499251200,Muhammadenaufal,[],,[],
287,https://twitter.com/TheFrostyAce/status/1229142786890354688,2020-02-16 20:37:31+00:00,the road to success is often lonely https://t.co/IewCBDBg9l,1229142786890354688,TheFrostyAce,['https://twitter.com/LAGALRE4/status/1208818397154287616'],https://twitter.com/LAGALRE4/status/1208818397154287616,['https://t.co/IewCBDBg9l'],https://t.co/IewCBDBg9l
288,https://twitter.com/vineeta_monster/status/1228690736557608961,2020-02-15 14:41:14+00:00,"I feeling real lonely. If anyone has a crush on me, can you please tell me 👉🏽👈🏽 #someonelovemeplease",1228690736557608961,vineeta_monster,[],,[],
289,https://twitter.com/ragdvr/status/1228666924688531457,2020-02-15 13:06:37+00:00,"Go to some places alone
See everyone goes with their family
Feel like want to go home
But no one home
God, is it real
That I have to feel this way
Cause I know I am lonely

Lah jadi lirik lagu dah",1228666924688531457,ragdvr,[],,[],
290,https://twitter.com/ashfronaut/status/1228544802611838976,2020-02-15 05:01:20+00:00,why do I feel very lonely like right now..,1228544802611838976,ashfronaut,[],,[],
291,https://twitter.com/inpinsantipin/status/1227984537113645056,2020-02-13 15:55:03+00:00,Trying to adapt being alone and lonely because thats how I foresee my future.,1227984537113645056,inpinsantipin,[],,[],
292,https://twitter.com/Kesperwann/status/1226535117159403521,2020-02-09 15:55:34+00:00,He's lonely ah .,1226535117159403521,Kesperwann,[],,[],
293,https://twitter.com/permysuri_/status/1226178755317530624,2020-02-08 16:19:31+00:00,alone. lonely. alone. lonely. .....,1226178755317530624,permysuri_,[],,[],
294,https://twitter.com/RehDaz/status/1225869804071862272,2020-02-07 19:51:51+00:00,"Being alone maybe lonely and painful.. But it actually strengthened u up and focus to urself..

From there u getting a better person https://t.co/p4Fmayi8EE",1225869804071862272,RehDaz,['https://twitter.com/itsDyyn/status/1215598928487272449'],https://twitter.com/itsDyyn/status/1215598928487272449,['https://t.co/p4Fmayi8EE'],https://t.co/p4Fmayi8EE
295,https://twitter.com/9inelives/status/1225820171593347073,2020-02-07 16:34:38+00:00,@zvc_ldn come Sg man a nigga lonely outchea :(,1225820171593347073,9inelives,[],,[],
296,https://twitter.com/Heyitsheri/status/1225371421137727497,2020-02-06 10:51:27+00:00,@emir_mclovin Lonely nye..,1225371421137727497,Heyitsheri,[],,[],
297,https://twitter.com/JaslianaM/status/1224359527861997568,2020-02-03 15:50:33+00:00,"Im so lonely broken angel....
  Ayy..nakalimutan ko, demonyo nga pala ko😀",1224359527861997568,JaslianaM,[],,[],
298,https://twitter.com/Copanlicious/status/1224293253748424706,2020-02-03 11:27:12+00:00,"It’s to believe that

F*ck I’m lonely 🤣",1224293253748424706,Copanlicious,[],,[],
299,https://twitter.com/RehDaz/status/1223760947430346752,2020-02-02 00:12:00+00:00,"@vellzlkfl May ur legs be hairy,
Cause u lie to me
Saying u lonely.",1223760947430346752,RehDaz,[],,[],
300,https://twitter.com/shylamdjani/status/1223677468466245632,2020-02-01 18:40:17+00:00,"at the end of the day
im still feel

lonely..",1223677468466245632,shylamdjani,[],,[],
301,https://twitter.com/bunnydream9788/status/1223569927639973890,2020-02-01 11:32:58+00:00,The one that constantly being my 1st February memory every year that i go to ~ the one that say “I’m always alone but never lonely” 🥰 happy birthday unnie 💜 saranghae ❣️ https://t.co/SrAo0HGLib,1223569927639973890,bunnydream9788,[],,[],
302,https://twitter.com/arf_njmi/status/1223418860558114816,2020-02-01 01:32:41+00:00,"If you feel unappreciated, Close eyes and hold your heart. If you feel yourself lonely, do not be sad cause I am here for u @_raniaizzah",1223418860558114816,arf_njmi,[],,[],
303,https://twitter.com/lenatikah/status/1222961967213580288,2020-01-30 19:17:09+00:00,Sejak daripada tu aku cuba improve myself and do something challenging for me. If let say I had a crush on someone to distract myself from being lonely or feels empty tapi tulah sakit jugak. Ahahaha 😂,1222961967213580288,lenatikah,[],,[],
304,https://twitter.com/FlonaHakim/status/1222927241576878080,2020-01-30 16:59:09+00:00,Lonely Tree @ Singapore https://t.co/J0KMUxz918,1222927241576878080,FlonaHakim,['https://www.instagram.com/p/B784yIln6yv/?igshid=n92rwidmssjd'],https://www.instagram.com/p/B784yIln6yv/?igshid=n92rwidmssjd,['https://t.co/J0KMUxz918'],https://t.co/J0KMUxz918
305,https://twitter.com/johanirae/status/1222731227666378752,2020-01-30 04:00:16+00:00,"@ziarenete13x I know the feeling. It's either 
1) you are in a popular fandom and there is so many beautiful doujins to buy
Or
2) being in a small fandom and there is nothing to buy.
My Tora account has been lonely ever since i went from ffxv to ds",1222731227666378752,johanirae,[],,[],
306,https://twitter.com/bukanSaiful/status/1222574151229030401,2020-01-29 17:36:06+00:00,Cuz im lonely and im tired.....,1222574151229030401,bukanSaiful,[],,[],
307,https://twitter.com/FirdausJamil1/status/1222545296263012352,2020-01-29 15:41:27+00:00,Lonely,1222545296263012352,FirdausJamil1,[],,[],
308,https://twitter.com/miyapina/status/1222338500109848576,2020-01-29 01:59:43+00:00,"Hhh yalls different person get married everyday pun still can't change the fact that i'm lonely, I always said that i'm lonely, but i still don't want to add another dramas in my life hehe",1222338500109848576,miyapina,[],,[],
309,https://twitter.com/nrsyuhailah/status/1222164213591769090,2020-01-28 14:27:09+00:00,aku dah lupa cara lonely macam mana 😩,1222164213591769090,nrsyuhailah,[],,[],
310,https://twitter.com/nnurisrafariza/status/1221837686299750402,2020-01-27 16:49:39+00:00,Guys esok my baby brother masuk asrama Im gonna cry guys siapa lagi nak temankan kakak dia yg lonely pi tengok wayang and food hunting and tengok game JDT dah la ada grand opening stadium hujung bulan 2 ni 😭😭😭 sedih kakak guys tapi kakak kena tabah demi adik guys 😥😢 https://t.co/DGrSEFpS9K,1221837686299750402,nnurisrafariza,[],,[],
311,https://twitter.com/skwmal31/status/1221787863806660609,2020-01-27 13:31:41+00:00,Im fucking lonely here 😔,1221787863806660609,skwmal31,[],,[],
312,https://twitter.com/aikoslowkey/status/1221685134660759552,2020-01-27 06:43:28+00:00,"The whole fam is out, im broke and lonely as fk :”)",1221685134660759552,aikoslowkey,[],,[],
313,https://twitter.com/skwmal31/status/1221485651528306688,2020-01-26 17:30:48+00:00,Im feeling lonely 😔,1221485651528306688,skwmal31,[],,[],
314,https://twitter.com/ilinadiahj/status/1221112215245180928,2020-01-25 16:46:53+00:00,This is where the lonely sets in,1221112215245180928,ilinadiahj,[],,[],
315,https://twitter.com/dzadzadzaiimah/status/1220992128639045634,2020-01-25 08:49:43+00:00,THERE I AM LONELY AFTER MARRYING OFF MY ONLY SINGLE SIBLING AND NOW IM ALL OLNE ANYONE WANTS ME? https://t.co/DwRTDglfqj,1220992128639045634,dzadzadzaiimah,[],,[],
316,https://twitter.com/blu4ditto/status/1220940341324312578,2020-01-25 05:23:56+00:00,TIKTOK IS MAKING ME FEEL LONELY HAHAHAHA,1220940341324312578,blu4ditto,[],,[],
317,https://twitter.com/Gonxhaichsan/status/1220618893477072896,2020-01-24 08:06:36+00:00,dia lg hangout sama teman2nya happy2 sebenarnya gue senang cuman gue lonely banget parah anjir bayangin 5 hari di kacangin sesabar apa gue sampe stay terus karena gue emang bener sayang sama dia,1220618893477072896,Gonxhaichsan,[],,[],
318,https://twitter.com/Gonxhaichsan/status/1220618890469756930,2020-01-24 08:06:36+00:00,"dan sampai skrg dia kacangin aku chat engga di balas ya mungkin ya aku salah bikin dia risih karena chat melulu mungkin tambah jd malas maybe dianya , dan sekarang ini gue bener bener feeling lonely banget engga ada yang chat gue buka instagram",1220618890469756930,Gonxhaichsan,[],,[],
319,https://twitter.com/joniebooo/status/1220592634193801222,2020-01-24 06:22:16+00:00,Feeling lonely in Japan. 2019. https://t.co/QG9kEMmw48,1220592634193801222,joniebooo,[],,[],
320,https://twitter.com/XXIIndigo/status/1220394621487812608,2020-01-23 17:15:26+00:00,I like songs about suicide. It makes me feel less lonely.,1220394621487812608,XXIIndigo,[],,[],
321,https://twitter.com/SaRiNyO/status/1219945736621654018,2020-01-22 11:31:43+00:00,"b e    h a p p y!

"".. doesn't mean I'm lonely when I'm alone.""
.
.
.
#kemanakitahariini #nature #beach #coconuttree #amazingkepri @ Kampung tua Teluk Mata Ikan,Nongsa https://t.co/530PCwWBIl",1219945736621654018,SaRiNyO,['https://www.instagram.com/p/B7ns8q3JLXD/?igshid=1r2of6i8pvhpk'],https://www.instagram.com/p/B7ns8q3JLXD/?igshid=1r2of6i8pvhpk,['https://t.co/530PCwWBIl'],https://t.co/530PCwWBIl
322,https://twitter.com/mmxology/status/1219558710080442369,2020-01-21 09:53:49+00:00,"kesian, lonely kahkahkaha",1219558710080442369,mmxology,[],,[],
323,https://twitter.com/DTrain/status/1219371218815467520,2020-01-20 21:28:48+00:00,"If you'd told me in my 20s that I would wake up every single morning of my late 30s and early 40s with anywhere from one to three other people in my bed, I might have appreciated being lonely a lot more.",1219371218815467520,DTrain,[],,[],
324,https://twitter.com/AmirahSuheimy/status/1218861374425579522,2020-01-19 11:42:51+00:00,Ke mmg aku lonely tk ade org waksap ! Hahahahaha,1218861374425579522,AmirahSuheimy,[],,[],
325,https://twitter.com/fatinsyafiqah_/status/1218511850435796992,2020-01-18 12:33:58+00:00,better to be alone than surrounded by people who make u feel lonely,1218511850435796992,fatinsyafiqah_,[],,[],
326,https://twitter.com/btsaddictedd/status/1217847041268813825,2020-01-16 16:32:15+00:00,im alone but not lonely💃 @ McDonald's Batam Centre https://t.co/2c0hjLNFLd,1217847041268813825,btsaddictedd,['https://www.instagram.com/p/B7Yyk7OFph5/?igshid=2uljlnvqojfo'],https://www.instagram.com/p/B7Yyk7OFph5/?igshid=2uljlnvqojfo,['https://t.co/2c0hjLNFLd'],https://t.co/2c0hjLNFLd
327,https://twitter.com/rkaanstsya/status/1217773564067078145,2020-01-16 11:40:17+00:00,Do I really need to talk to u or I just scared to be lonely?,1217773564067078145,rkaanstsya,[],,[],
328,https://twitter.com/hafizahcheese/status/1217392441512189953,2020-01-15 10:25:50+00:00,I need to try and make friends in statistics class. So lonely :((,1217392441512189953,hafizahcheese,[],,[],
329,https://twitter.com/syaz_bay/status/1217117712754757636,2020-01-14 16:14:10+00:00,@syaz_bay dengan diri sendiri bai. Lonely as fuck https://t.co/OVkRmELEph,1217117712754757636,syaz_bay,['https://twitter.com/aqidarazzi/status/1217069446260346882'],https://twitter.com/aqidarazzi/status/1217069446260346882,['https://t.co/OVkRmELEph'],https://t.co/OVkRmELEph
330,https://twitter.com/pwarkingglott/status/1216644384684273664,2020-01-13 08:53:20+00:00,"WHOEVER IS GONNA DISAGREE TO CHEN'S MARRIAGE YOU BEST BE SURE IMMA BREAK YO KNEECAPS. seriously man im just happy that another idol isnt gonna live a lonely life and have their own happily ever after. please be happy for jongdae, he deserves his own happiness as well.",1216644384684273664,pwarkingglott,[],,[],
331,https://twitter.com/WhatsOnOLIO/status/1216174538582642688,2020-01-12 01:46:20+00:00,"""Lonely Planet - Travel books"" in #Singapore #Singapore https://t.co/baHDI0wTDr #zerowaste #free",1216174538582642688,WhatsOnOLIO,['https://olioex.com/food-waste-in/-/-/1034551#'],https://olioex.com/food-waste-in/-/-/1034551#,['https://t.co/baHDI0wTDr'],https://t.co/baHDI0wTDr
332,https://twitter.com/jimmytst/status/1215223123584397314,2020-01-09 10:45:45+00:00,"I wandered lonely as a Cloud
   That floats on high o'er Vales and Hills,
When all at once I saw a crowd,
   A host of golden Daffodils;
Beside the Lake, beneath the trees,
Fluttering and dancing in the… https://t.co/aOgemRx3fi",1215223123584397314,jimmytst,['https://www.instagram.com/p/B7GJWsZH9jM/?igshid=1drm5gibic4c3'],https://www.instagram.com/p/B7GJWsZH9jM/?igshid=1drm5gibic4c3,['https://t.co/aOgemRx3fi'],https://t.co/aOgemRx3fi
333,https://twitter.com/basilyeo/status/1214503258313486336,2020-01-07 11:05:15+00:00,"I can almost remember their funny faces
That time you told them you were going to marrying soon
And Jet I thought the only lonely place was on the moon",1214503258313486336,basilyeo,[],,[],
334,https://twitter.com/ziziieee/status/1214149347081777155,2020-01-06 11:38:56+00:00,i suddenly feel so lonely,1214149347081777155,ziziieee,[],,[],
335,https://twitter.com/rkaanstsya/status/1213866576333557761,2020-01-05 16:55:19+00:00,"I know life is undoubtedly meaningless, but, is it have to feel this lonely?",1213866576333557761,rkaanstsya,[],,[],
336,https://twitter.com/MistaRaj1/status/1213100476469657602,2020-01-03 14:11:06+00:00,Feel lonely,1213100476469657602,MistaRaj1,[],,[],
337,https://twitter.com/weedieyan/status/1212657968317128704,2020-01-02 08:52:44+00:00,hmmm if i hv a cat i shld name my cat a malay name. “kau da jumpe yanti???” “sape?” “kucing aku” HAHAHAHAHA eh i fucking lonely or what,1212657968317128704,weedieyan,[],,[],
338,https://twitter.com/gskies_6/status/1212551411872882688,2020-01-02 01:49:19+00:00,"Congratulations I now have 5+3 men as accompaniment &amp; companionship this year LOLOLOLOL 

I won’t feel lonely anymore :’) https://t.co/4u6RQRivvn",1212551411872882688,gskies_6,[],,[],
339,https://twitter.com/hallodaydreamer/status/1212301777531334658,2020-01-01 09:17:21+00:00,"Received this lovely message from my ex-boss. One thing that changes the world from a lonely place to a beautiful place is love. Indeed, let’s start this year with love :) https://t.co/2b4ewHzgG3",1212301777531334658,hallodaydreamer,[],,[],
