,url,date,content,id,username,outlinks,outlinksss,tcooutlinks,tcooutlinksss
0,https://twitter.com/ami_arima/status/1340577767469928449,2020-12-20 08:40:21+00:00,Datang nak cek je pun. Terus kena stigma macam betul2 positif.,1340577767469928449,ami_arima,[],,[],
1,https://twitter.com/FeelTheBlaziker/status/1336823359145820163,2020-12-10 00:01:40+00:00,"@MichelsTristan @DisaztaArtist @calebdoerksen2 Exactly! Unfortunately, there's still a negative stigma that foreign animated movies (apart from anime movies and French animated movies) are deemed as terrible simply because of movies such as Norm, Arctic Dogs, Happily N'Ever After and Alpha and Omega.",1336823359145820163,FeelTheBlaziker,[],,[],
2,https://twitter.com/danibogo/status/1336311098107076608,2020-12-08 14:06:07+00:00,"“Trouble Don’t Last Always” isn’t Euphoria norm. But honestly, it’s privilege to listen these two bruised friends talk as frankly as they want about addiction, stigma, power, good vs bad, and the power of the drugs that brought them together and the hope that still unite them.",1336311098107076608,danibogo,[],,[],
3,https://twitter.com/FeelTheBlaziker/status/1335097405834870784,2020-12-05 05:43:21+00:00,"@camseyeview I agree and in support on this one. There are so many foreign CGI animated movies and even then, an average moviegoer would not know most of these existed due to lack of distributors and proper marketing. 

There's also a huge stigma of such movies being branded as ""bad"".",1335097405834870784,FeelTheBlaziker,[],,[],
4,https://twitter.com/brandonnnben/status/1335043706219450369,2020-12-05 02:09:58+00:00,"@admunang If we remove the social stigma, we’d be drinking right now m8",1335043706219450369,brandonnnben,[],,[],
5,https://twitter.com/ZahiraTashaxx/status/1331421951357718530,2020-11-25 02:18:24+00:00,mental health is so important and taking the stigma off it is as important,1331421951357718530,ZahiraTashaxx,[],,[],
6,https://twitter.com/sibajukurung/status/1328196713497067520,2020-11-16 04:42:27+00:00,Jgn stigma melampau. Org tu pesakit tau bukan penjenayah.,1328196713497067520,sibajukurung,[],,[],
7,https://twitter.com/yatttt__/status/1322767100448964609,2020-11-01 05:07:07+00:00,"My previous RT....

Entahlah ek, kadang tu bila kau cakap macam tu, tak rasa macam kau diskriminasi dan ada stigma ke?",1322767100448964609,yatttt__,[],,[],
8,https://twitter.com/MaicaReynoso/status/1321350391859007488,2020-10-28 07:17:37+00:00,"Puta. Sana pala tinuloy ko nalang para di na ko winard non at magbabayad ng hosp bills. Ang saklap, there’s still stigma talaga sa mental health. Insurance will not cover it. Medj masakit 😖 sana natuluyan nalang 😞",1321350391859007488,MaicaReynoso,[],,[],
9,https://twitter.com/TaranKumar5/status/1312299567044411392,2020-10-03 07:52:52+00:00,"True, Caste system is stigma! For New India growth we must not practice this blur anymore. https://t.co/3y6Ln1v04g",1312299567044411392,TaranKumar5,['https://twitter.com/sureshnmenon/status/1312293996815740929'],https://twitter.com/sureshnmenon/status/1312293996815740929,['https://t.co/3y6Ln1v04g'],https://t.co/3y6Ln1v04g
10,https://twitter.com/NickJonsson/status/1311907623256682496,2020-10-02 05:55:26+00:00,"Proud to be featured with a full page today in the Entrepreneurs Digest.

To combat executive loneliness, lead together.

#thoughtleader #executives #executiveloneliness #Anxiety #mentalhealth #mentalwellbeing #stigma https://t.co/T9JoWFQor5",1311907623256682496,NickJonsson,['https://www.instagram.com/p/CF1IYHmJujA/?igshid=u5n5kwl8nh9z'],https://www.instagram.com/p/CF1IYHmJujA/?igshid=u5n5kwl8nh9z,['https://t.co/T9JoWFQor5'],https://t.co/T9JoWFQor5
11,https://twitter.com/bhongsantos/status/1311548889787510785,2020-10-01 06:09:57+00:00,"Breaking the stigma that age is an issue of mind over matter. If you pay no mind then it don’t really matter. 💪🏻💪🏻💪🏻
.
.
.
.
.
.
.
.
.
.
#asyanonghot 
#teamsuper
#dotheasyanonghotpose 
#midlife @ Singapore https://t.co/HHBYENdryZ",1311548889787510785,bhongsantos,['https://www.instagram.com/p/CFylPm5gXnH/?igshid=sxvcexlrkbxq'],https://www.instagram.com/p/CFylPm5gXnH/?igshid=sxvcexlrkbxq,['https://t.co/HHBYENdryZ'],https://t.co/HHBYENdryZ
12,https://twitter.com/mr_box95/status/1309827325857427459,2020-09-26 12:09:04+00:00,first thing first buang stigma pada diri sendiri dulu.. insyAllah our life will better 😎👍🏼 https://t.co/63jjVofnE9,1309827325857427459,mr_box95,['https://twitter.com/mrazizammar/status/1309695949267034113'],https://twitter.com/mrazizammar/status/1309695949267034113,['https://t.co/63jjVofnE9'],https://t.co/63jjVofnE9
13,https://twitter.com/pauriahcarey/status/1309077698560614400,2020-09-24 10:30:19+00:00,"@ChrisK__83 Fuck off, no room here for mental health stigma. My queen lives with bpd and she’s such a strong woman for it. You have twenty four hours to unfollow before I block you.",1309077698560614400,pauriahcarey,[],,[],
14,https://twitter.com/DanialHanafie/status/1308423592980422658,2020-09-22 15:11:08+00:00,@Vongirl24 Be strong babe.. you are stronger than what you think you are... HIV doesn’t kill but stigma kills..,1308423592980422658,DanialHanafie,[],,[],
15,https://twitter.com/reeyowh/status/1300723304672575488,2020-09-01 09:12:56+00:00,@DichiStaClara Pero favorite ko yung Stigma. Korean siya pero Grabe boses niya diyan. https://t.co/7xlJa3MunU,1300723304672575488,reeyowh,['https://open.spotify.com/track/626lrZfNIlthgrUfjvRYrh?si=4EL9LmUbQs-CzY5veD-fQg'],https://open.spotify.com/track/626lrZfNIlthgrUfjvRYrh?si=4EL9LmUbQs-CzY5veD-fQg,['https://t.co/7xlJa3MunU'],https://t.co/7xlJa3MunU
16,https://twitter.com/MaicaReynoso/status/1299162861403398144,2020-08-28 01:52:18+00:00,"Kalungkot. There’s rly a stigma abt Mental Health. Kahit dito, it’s not even covered by insurance ☹️",1299162861403398144,MaicaReynoso,[],,[],
17,https://twitter.com/kikaytrekkie/status/1298114552991830016,2020-08-25 04:26:41+00:00,That #stigma that shows up for a couple of days and its #anthers is a beautiful thing to see the few days they they grace my balcony #tillandsia #tillandsiaionantha #aerialplants #balconyblooms @ Singapore https://t.co/7YgNWQezxx,1298114552991830016,kikaytrekkie,['https://www.instagram.com/p/CETIAx8nt1u/?igshid=11veretkg0r3r'],https://www.instagram.com/p/CETIAx8nt1u/?igshid=11veretkg0r3r,['https://t.co/7YgNWQezxx'],https://t.co/7YgNWQezxx
18,https://twitter.com/FarieRose/status/1284620665459363841,2020-07-18 22:46:48+00:00,"Proud to say this stigma literally impossible to exist in my sch. When every student already has a diagnosis, all teachers know in their blood that each student has a different learning pace and for some we need to know their high motivators to keep their engagement on. https://t.co/FqJRQw7YYp",1284620665459363841,FarieRose,['https://twitter.com/kweeniesarah/status/1284040731422650368'],https://twitter.com/kweeniesarah/status/1284040731422650368,['https://t.co/FqJRQw7YYp'],https://t.co/FqJRQw7YYp
19,https://twitter.com/Tan_YongWei/status/1283005688558608385,2020-07-14 11:49:27+00:00,"#Ioftensee this stigma of gaining strength in doing high reps of pull-ups.
.
If this benefits you, hit me a 🖤 in the comment section below and let me know what other exercise you want me to cover.
.
DM me if you… https://t.co/8J6IXNErU1",1283005688558608385,Tan_YongWei,['https://www.instagram.com/p/CCnxSPyl0sW/?igshid=1ii4dtmh5iqpr'],https://www.instagram.com/p/CCnxSPyl0sW/?igshid=1ii4dtmh5iqpr,['https://t.co/8J6IXNErU1'],https://t.co/8J6IXNErU1
20,https://twitter.com/pickleforyou/status/1281372286562394112,2020-07-09 23:38:54+00:00,"We constantly remind students that their grades are not a reflection of their character but the stigma remains &amp; public perceptions are so hard to change. I remember a parent of a friend telling her to avoid me because I would ""crash and burn"". I remember that remark to this day. https://t.co/g3qMLQqjSI",1281372286562394112,pickleforyou,[],,[],
21,https://twitter.com/PanggilAmirJe/status/1279338320800083973,2020-07-04 08:56:39+00:00,"@bangpaann “Kau solat tpi kau gay” 
“Kau solat tpi kau berzina lagi”
“Kau solat tpi kau...” 
stigma melayu islam asal solat je mesti baik. Ye solat yg sempurna akn jauh diri dari maksiat. Kne tau solat bnda wajib dlm islam. &amp; perkara pertama disoal. Bkn tanya “kau main pakai condom ke tak”",1279338320800083973,PanggilAmirJe,[],,[],
22,https://twitter.com/abasmayorrrr/status/1278987951666417664,2020-07-03 09:44:24+00:00,"“We could be lovers, even just tonight
We could be anything you want
We could be jokers, brought to the daylight
We could break all of our stigma
I'll, I'll be your enigma” https://t.co/FegODSfcpr",1278987951666417664,abasmayorrrr,[],,[],
23,https://twitter.com/ASYIKINSSSS/status/1272882916301783042,2020-06-16 13:25:10+00:00,"Kekadang menyampah dengan stigma budak tempat kerja aku. Buat salah sikit terus kena perli, ""Eh kau kan chemist."" HELLO KAU INGAT CHEMIST TU MAKSUM KE HAPEE???",1272882916301783042,ASYIKINSSSS,[],,[],
24,https://twitter.com/FFFwwwos/status/1268892092777984000,2020-06-05 13:07:04+00:00,"Sobat konservatif usaha keras nglurusin stigma negatif poligami. Mereka yg merasa mampu ya poligami aja tidak diumbar dan norak ngaku praktisi 😂

Lah lu pada enteng banget buat seminar “cara kilat istri empat” bayar 3,5 juta lagi. Ary Ginanjar minder ama kelen",1268892092777984000,FFFwwwos,[],,[],
25,https://twitter.com/abasmayorrrr/status/1267438805243420673,2020-06-01 12:52:13+00:00,"We could be lovers, even just tonight
We could be anything you want
We could be jokers, brought to the daylight
We could break all of our stigma
I'll, I'll be your enigma
I'll, I'll be your enigma
I'll, I'll be your enigma
I'll, I'll be your enigma

#Chromatica https://t.co/tXcOduLtTK",1267438805243420673,abasmayorrrr,[],,[],
26,https://twitter.com/EncekSiputEnsem/status/1265432887265857536,2020-05-27 00:01:25+00:00,@rulduff Stigma org kita mcm tu la...susah nk ckp. My point is lantaklah apa org nk ckp.,1265432887265857536,EncekSiputEnsem,[],,[],
27,https://twitter.com/inalritonga/status/1264100838030491649,2020-05-23 07:48:20+00:00,"Se sering aku rest dirumah @rainMemey1, slma pandemi gaperna sama sekali. 
Mgkin dokter ada benernya,tp mgkin jg bkn stigma. Kita tenaga medis harus lebih berbesar hati, barangkali kita OTG atau membawa virus tanpa sadar. Biar kita jg gak baperan kalau dijauhi, saling menjaga.🤗 https://t.co/lxO40WZwEK",1264100838030491649,inalritonga,['https://twitter.com/oxfara/status/1263964115711586304'],https://twitter.com/oxfara/status/1263964115711586304,['https://t.co/lxO40WZwEK'],https://t.co/lxO40WZwEK
28,https://twitter.com/Fadzly892/status/1257888818998304769,2020-05-06 04:23:59+00:00,"Maaf ye dek..
Abg bkn kaunter khidmat aduan..
Klu pergi sndiri ke klinik &amp; staf klinik x lyn atau stigma itu ats risiko sndiri..apapun korg blh wt aduan email ke KKM..abg sbg NGO hny pmudah cara &amp; p'cptkn urusan korg diklinik utk test HIV&amp;STI..apa2 lh dm ye utk buat test..❤️",1257888818998304769,Fadzly892,[],,[],
29,https://twitter.com/_sangkasa/status/1255745316457865216,2020-04-30 06:26:28+00:00,"Nonton film ini akan memunculkan banyak stigma dan barangkali diantaranya rasa kesal juga rasa takut yang cukup mendalam tentang ""bagaimana kalau kedepannya patriarki itu masih terjadi, bagaimana kalau dipertemukan dengan lingkungan yang masih kental dengan budaya patriarkinya""",1255745316457865216,_sangkasa,[],,[],
30,https://twitter.com/reeyowh/status/1251768326105137152,2020-04-19 07:03:20+00:00,PUCHA PAG STIGMA NA ULIT AWAY AWAY MUNA TAYO AH hahahaha,1251768326105137152,reeyowh,[],,[],
31,https://twitter.com/reeyowh/status/1251721595124498432,2020-04-19 03:57:38+00:00,STIGMA AND LEATHER PANTS PLUS THAT VOICE .... hello am I in heaven #BANGBANGCON #BANGBANGCON_D2,1251721595124498432,reeyowh,[],,[],
32,https://twitter.com/reeyowh/status/1251720906772107265,2020-04-19 03:54:54+00:00,"STIGMA HOLY FXCKERY HOW TO STAY ALIVE 

#BANGBANGCON #BANGBANGCON_D2 @BTS_twt https://t.co/FuNfem95tJ",1251720906772107265,reeyowh,[],,[],
33,https://twitter.com/palonemun/status/1248226901153341441,2020-04-09 12:30:58+00:00,can’t wait for foreign workers to face even more stigma after this whole covid nonsense is over,1248226901153341441,palonemun,[],,[],
34,https://twitter.com/aichatco/status/1243059887308861440,2020-03-26 06:19:06+00:00,"""Anti-stigma efforts play an important role in encouraging persons in distress to seek help early"" - Senior Minister of State for Health Amy Khor

Continuing to play our part thru Belle, the NCSS helpbot for info &amp; resources on mental health: https://t.co/e7EuM1OPzF #chatbot https://t.co/nOtg8VlEWD",1243059887308861440,aichatco,['https://bit.ly/3akO1pP'],https://bit.ly/3akO1pP,['https://t.co/e7EuM1OPzF'],https://t.co/e7EuM1OPzF
35,https://twitter.com/eddydaud/status/1242469315321802752,2020-03-24 15:12:23+00:00,"@AuFaitMY We all need to understand that Covid19 is a highly contagious desease and can kill and it does not discriminate..young or old, race or religion. It is not a stigma, anybody can get infected.",1242469315321802752,eddydaud,[],,[],
36,https://twitter.com/HappyPFLF/status/1241234243902042113,2020-03-21 05:24:39+00:00,@heich_ Same thoughts. So strange. Wonder if it has got anything to do with the recent stigma with China.,1241234243902042113,HappyPFLF,[],,[],
37,https://twitter.com/julai_mj/status/1239569544303108102,2020-03-16 15:09:44+00:00,"Dengan menghadkan pergerakkan orang ramai, pendedahan kepada penyakit berkurang dan ini seterusnya akan menghadkan transmisi penyakit COVID-19.

Bawa bertenang dan jangan panik!

NO FEAR, NO RUMOR, NO STIGMA

#mycombatcovid 

- CPRC KKM",1239569544303108102,julai_mj,[],,[],
38,https://twitter.com/MohdnoorP/status/1237898873764339713,2020-03-12 00:31:05+00:00,"diminta menghubungi pihak KKM di pejabat kesihatan daerah masing-masing atau melalui talian hotline CPRC negeri seperti berikut. Bersama-sama kita membendung penularan wabak COVID-19 di Malaysia.

“no fear, no rumor, no stigma”

#mycombatcovid",1237898873764339713,MohdnoorP,[],,[],
39,https://twitter.com/nasseramparna/status/1237628984784875525,2020-03-11 06:38:38+00:00,"Its already FDA Approved.
It's cost effective and faster than the available imported #COVID2019
Kit.
Can the @DOHgovph government prioritize this?
So we can have mass testing. 
Nanjan na oh, iimport paba? 
Pera pera pa rin? Tanggalin nyo naman ung takot at stigma sa mga Filipino! https://t.co/FVPXMK25z7",1237628984784875525,nasseramparna,['https://twitter.com/Spotdotph/status/1237575338663665666'],https://twitter.com/Spotdotph/status/1237575338663665666,['https://t.co/FVPXMK25z7'],https://t.co/FVPXMK25z7
40,https://twitter.com/yatttt__/status/1235082921267978240,2020-03-04 06:01:29+00:00,Tak semua golongan MSM ni berani untuk pergi ke klinik dan melakukan ujian saringan HIV. Tak semua. Mereka masih dibelingung dengan stigma daripada kakitangan kesihatan. Ada yang tidak tahu carta alir untuk melakukan ujian saringan.,1235082921267978240,yatttt__,[],,[],
41,https://twitter.com/yatttt__/status/1230282161493643264,2020-02-20 00:04:59+00:00,"""sampai bila kita (PLHIV) nak terus bergerak secara underground? Aku penat nak hadap stigma masyarakat.""
(Mir, 2020)",1230282161493643264,yatttt__,[],,[],
42,https://twitter.com/yatttt__/status/1230280024378396673,2020-02-19 23:56:29+00:00,How stigma leads to sickness.... https://t.co/0BTGbAXXgJ,1230280024378396673,yatttt__,[],,[],
43,https://twitter.com/Ganeshspeaks/status/1230268183128313856,2020-02-19 23:09:26+00:00,@MathanaSubhas I know! I’m loving it la. They don’t have to face the same stigma we did! Change is good!,1230268183128313856,Ganeshspeaks,[],,[],
44,https://twitter.com/MFerrisN/status/1226779064226041857,2020-02-10 08:04:56+00:00,"To those health care workers &amp; minorities in general who are facing harsh prejudice &amp; Racism, be strong, show them you have class unlike them, rise above the stigma that’s placed upon you.",1226779064226041857,MFerrisN,[],,[],
45,https://twitter.com/Sharans003/status/1226276644471488513,2020-02-08 22:48:29+00:00,"@tweetsbyelliot However in terms of help: there are great resources Accessible to everyone.

But it's just the stigma that is associated with mental health that still needs to be removed in most parts of the country. 

3/n",1226276644471488513,Sharans003,[],,[],
46,https://twitter.com/nasseramparna/status/1223083627472228353,2020-01-31 03:20:35+00:00,"@sosyolohija I agree w/ banning but WHO says otherwise. ""Countries are cautioned against actions that promote stigma or discrimination, in line with the principles of  Article 3 of the IHR."" 
This is where most of the countries relied their decisions on banning matter. https://t.co/JeMrBdo3AP https://t.co/BPFAgB8GSy",1223083627472228353,nasseramparna,['https://www.who.int/news-room/detail/30-01-2020-statement-on-the-second-meeting-of-the-international-health-regulations-(2005)-emergency-committee-regarding-the-outbreak-of-novel-coronavirus-(2019-ncov)'],https://www.who.int/news-room/detail/30-01-2020-statement-on-the-second-meeting-of-the-international-health-regulations-(2005)-emergency-committee-regarding-the-outbreak-of-novel-coronavirus-(2019-ncov),['https://t.co/JeMrBdo3AP'],https://t.co/JeMrBdo3AP
47,https://twitter.com/gieeang/status/1219995081085616129,2020-01-22 14:47:48+00:00,"Yaayy! So proud of you Ajrul 😘 definitely adding to my 2020 podcast list!

Everything and anything considered “taboo” and a “stigma” in Brunei and more! https://t.co/zLtdJzITmx",1219995081085616129,gieeang,['https://twitter.com/ajrulmail/status/1219968321426092033'],https://twitter.com/ajrulmail/status/1219968321426092033,['https://t.co/zLtdJzITmx'],https://t.co/zLtdJzITmx
48,https://twitter.com/wynlim/status/1217253416168083457,2020-01-15 01:13:24+00:00,@schlagetown do you think there’s actually a stigma against using wordpress? Like it is not cool or it is too cumbersome?,1217253416168083457,wynlim,[],,[],
49,https://twitter.com/yatttt__/status/1215925017466138624,2020-01-11 09:14:49+00:00,"Mulakan rawatan segera. Abaikan stigma daripada masyarakat. Terkadang stigma tu datang daripada diri kita sendiri (self-stigma).

Yang penting kita patuh rawatan HAART. Start a new life. Past is past. Target kita ialah Undetectable. Sebab Undetectable = Untransmitable.",1215925017466138624,yatttt__,[],,[],
50,https://twitter.com/yatttt__/status/1214380870296952832,2020-01-07 02:58:56+00:00,"Awak nak tahu tak?

Saya ada kawan, yang masih tak start rawatan lagi. Nak tahu tak sebab apa?

Sebab orang² macam awak lah. Bila dot tahu someone yang ada HIV terus je stigma. Discrimination kat mereka ini. Hemmm. https://t.co/bqahm7GLfL",1214380870296952832,yatttt__,['https://twitter.com/FidzRahman94/status/1214208101458436096'],https://twitter.com/FidzRahman94/status/1214208101458436096,['https://t.co/bqahm7GLfL'],https://t.co/bqahm7GLfL
51,https://twitter.com/yatttt__/status/1214128649093275648,2020-01-06 10:16:42+00:00,"Tambahan ada yang cakap HIV ni benda sensitiviti masyarakat kat Malaysia. Tak boleh nak spend awareness secara terbuka. 

Eh, kalau tak buat secara terbuka, siapa je nak kisah? Jika buat begitu, nampak seolah-olah awak masih stigma dengan PLHIV.",1214128649093275648,yatttt__,[],,[],
52,https://twitter.com/yatttt__/status/1213087996083200000,2020-01-03 13:21:31+00:00,"Percaya atau tidak.

Dalam LGBTQ community sendiri masih ada yang stigma dan discrimination dengan PLHIV.",1213087996083200000,yatttt__,[],,[],
53,https://twitter.com/yatttt__/status/1213037564153618433,2020-01-03 10:01:07+00:00,"Mengapa mereka yang mengamalkan kehidupan yang berisiko takut untuk melakukan ujian saringan HIV?

STIGMA.

Mereka takut andai mereka positive HIV, society akan pandang buruk akan mereka. Masa lalu mereka. Sebab tu mereka takut untuk lakukan ujian saringan. https://t.co/nQHB2spmJo",1213037564153618433,yatttt__,[],,[],
