,url,date,content,id,username,outlinks,outlinksss,tcooutlinks,tcooutlinksss
0,https://twitter.com/mhdnzsh/status/1334326051288227840,2020-12-03 02:38:15+00:00,ahhh last day of sch beh prg hbl,1334326051288227840,mhdnzsh,[],,[],
1,https://twitter.com/PravinSixfoot/status/1326787146229932033,2020-11-12 07:21:20+00:00,"Alr was stressed with HBL, this @TanviiSingh irritated me more with her legs riddle 🙄",1326787146229932033,PravinSixfoot,[],,[],
2,https://twitter.com/nadcrankyass/status/1326208460518641669,2020-11-10 17:01:51+00:00,ppd interview ltr hopefully it will go smoothly . anyws hbl je pon so it will b fine i guess,1326208460518641669,nadcrankyass,[],,[],
3,https://twitter.com/qrsyisml/status/1325991689421430784,2020-11-10 02:40:29+00:00,"few more weeks left, i’ve had enough of this stupid hbl",1325991689421430784,qrsyisml,[],,[],
4,https://twitter.com/_shhhaafffiqqqq/status/1321982241996644352,2020-10-30 01:08:22+00:00,CANT BE ASKED WITH HBL,1321982241996644352,_shhhaafffiqqqq,[],,[],
5,https://twitter.com/IsoneShafarudin/status/1321695613038125057,2020-10-29 06:09:24+00:00,You got hbl https://t.co/3t7JV0faNQ,1321695613038125057,IsoneShafarudin,['https://twitter.com/van_jenazah_sg/status/1321695417889824769'],https://twitter.com/van_jenazah_sg/status/1321695417889824769,['https://t.co/3t7JV0faNQ'],https://t.co/3t7JV0faNQ
6,https://twitter.com/mhdnzsh/status/1321468480953020416,2020-10-28 15:06:52+00:00,swee tmr hbl,1321468480953020416,mhdnzsh,[],,[],
7,https://twitter.com/nadcrankyass/status/1320966216274472960,2020-10-27 05:51:02+00:00,hbl sucks,1320966216274472960,nadcrankyass,[],,[],
8,https://twitter.com/nadcrankyass/status/1320945710729023488,2020-10-27 04:29:34+00:00,just remembered my lifeskills interview will be on hbl 🤡,1320945710729023488,nadcrankyass,[],,[],
9,https://twitter.com/khimarhawari/status/1319122660933005313,2020-10-22 03:45:25+00:00,hbl just malas sia like the work is so irrelevant,1319122660933005313,khimarhawari,[],,[],
10,https://twitter.com/krnrzf/status/1318877148904443909,2020-10-21 11:29:50+00:00,im happy that its not full hbl this sem..... but the thought of waking up at 6 am for 8 am classes is tiring me sksksksk,1318877148904443909,krnrzf,[],,[],
11,https://twitter.com/erinasharlyn/status/1318526860553146375,2020-10-20 12:17:55+00:00,hbl makes my day look soo long coz i can take multiple naps in a day 😴,1318526860553146375,erinasharlyn,[],,[],
12,https://twitter.com/gohsiminx/status/1315860565491773440,2020-10-13 03:43:00+00:00,4 days in campus and only 1 day hbl 🤡🤡 rip to my sleep,1315860565491773440,gohsiminx,[],,[],
13,https://twitter.com/nadcrankyass/status/1314763000520220672,2020-10-10 03:01:41+00:00,great back to hbl on monday 🙂,1314763000520220672,nadcrankyass,[],,[],
14,https://twitter.com/_nsyqh/status/1310270954665209856,2020-09-27 17:31:53+00:00,tak keje = every other day buat elearning kat rumah. i feel like im doing HBL at home. home based learning cos of HL 😅😝,1310270954665209856,_nsyqh,[],,[],
15,https://twitter.com/drozaxx/status/1309018429932941312,2020-09-24 06:34:48+00:00,@matynputra Hahah baik ah aku pun october. Hopefully aku nye pun HBL lol no news yet.,1309018429932941312,drozaxx,[],,[],
16,https://twitter.com/matynputra/status/1308936283666837506,2020-09-24 01:08:23+00:00,@drozaxx October 19 bro kat NP! Nasib ni period masih HBL 🙃,1308936283666837506,matynputra,[],,[],
17,https://twitter.com/dianalmirahhh/status/1306856650624573440,2020-09-18 07:24:40+00:00,"I really cannot tolerate with this kind of people! Do your damn time management properly! Idc if you’re having hbl, wfh or interview! Business is business! You told be you are free til 5PM! And now you expect me to wait 30 mins? What are my damn benefits?",1306856650624573440,dianalmirahhh,[],,[],
18,https://twitter.com/krnrzf/status/1306735416821780481,2020-09-17 23:22:55+00:00,stupid hbl,1306735416821780481,krnrzf,[],,[],
19,https://twitter.com/syafiqahoth/status/1305856330259992576,2020-09-15 13:09:45+00:00,kene pakai school u eh for presentation kat hbl HAHAHAHAH,1305856330259992576,syafiqahoth,[],,[],
20,https://twitter.com/rehmanspore/status/1301547010965684225,2020-09-03 15:46:03+00:00,Why do you all go quiet Betay say tankhwa nahee Lee aqamay per nikala u must reiterate what was behind Capital FZE as per labour law in UAE must specify remuneration for Iqama ! but he received millions HBL NY had to pay fine why 🤔  @arsched @Kashifabbasiary @DrMusadikMalik,1301547010965684225,rehmanspore,[],,[],
21,https://twitter.com/appilala/status/1300835179804520448,2020-09-01 16:37:29+00:00,every single hbl lesson: “cher my mic spoil...” https://t.co/gXuFmXZIcv,1300835179804520448,appilala,['https://twitter.com/itsmeyeseniaa/status/1300468678148993025'],https://twitter.com/itsmeyeseniaa/status/1300468678148993025,['https://t.co/gXuFmXZIcv'],https://t.co/gXuFmXZIcv
22,https://twitter.com/AlepRazlan/status/1297795669873369088,2020-08-24 07:19:34+00:00,Why I cant js focus on hbl sia???,1297795669873369088,AlepRazlan,[],,[],
23,https://twitter.com/syazyxo/status/1297390581400756226,2020-08-23 04:29:53+00:00,Eh bdh la ni sekolah ingat esok ada hbl ebd up accountant je cb eh menyesal ah sekolah ite ni skrg,1297390581400756226,syazyxo,[],,[],
24,https://twitter.com/SyaidaRahman/status/1296632564707254272,2020-08-21 02:17:48+00:00,"Parents can be rude too. Just from my humble observation throughout the HBL period. It works both ways, okay. Doesn’t mean I didn’t physically go to the class and teach, I’m doing nothing. Attending to your nonsense is one of the task that I have to face early in the morning!",1296632564707254272,SyaidaRahman,[],,[],
25,https://twitter.com/okayynada/status/1295259151585566722,2020-08-17 07:20:21+00:00,the fact that i almost had a breakdown in the middle of hbl 😹😹😹,1295259151585566722,okayynada,[],,[],
26,https://twitter.com/megziannone/status/1294814783456206848,2020-08-16 01:54:35+00:00,We may be on campus at the moment but who knows if we will go back to HBL in the future... here’s another great resource to use not only then but also now in school https://t.co/siuBlSnUIN,1294814783456206848,megziannone,['https://twitter.com/JulieHStern/status/1294638187680333827'],https://twitter.com/JulieHStern/status/1294638187680333827,['https://t.co/siuBlSnUIN'],https://t.co/siuBlSnUIN
27,https://twitter.com/syazyxo/status/1291230031843192838,2020-08-06 04:30:04+00:00,Hate hbl haha,1291230031843192838,syazyxo,[],,[],
28,https://twitter.com/igndeepee/status/1291049012124987397,2020-08-05 16:30:45+00:00,harap2 je laptop aku boleh on untuk hbl bsk 😫,1291049012124987397,igndeepee,[],,[],
29,https://twitter.com/riszarudin/status/1290903389283299328,2020-08-05 06:52:06+00:00,WEI i miss my hbl todei morning then my cher call me to scold sia 😭,1290903389283299328,riszarudin,[],,[],
30,https://twitter.com/riszarudin/status/1288351389622525953,2020-07-29 05:51:22+00:00,i fking hate hbl ENOUGH LA,1288351389622525953,riszarudin,[],,[],
31,https://twitter.com/Akhilesh_Ara/status/1287035551845978112,2020-07-25 14:42:42+00:00,"@AcerSG I purchased acer laptop couple of months back for my son’s HBL. But laptop stoped working in the mid July , display issues. Submitted to service center on 14th July ( case ID 3462103Y) but till now no response. My son is missing his classes. Please speadup the process.",1287035551845978112,Akhilesh_Ara,[],,[],
32,https://twitter.com/riszarudin/status/1285973934974709760,2020-07-22 16:24:12+00:00,@twentyotwoo 😭 i hate hbl,1285973934974709760,riszarudin,[],,[],
33,https://twitter.com/riszarudin/status/1285971023087591429,2020-07-22 16:12:38+00:00,1 hbl i nvr wake up my attendance 100% become 89 bruh wtf,1285971023087591429,riszarudin,[],,[],
34,https://twitter.com/Iskchry/status/1285594086838165505,2020-07-21 15:14:50+00:00,Eh finally la next week can go bck sch been 4months of doing hbl tf,1285594086838165505,Iskchry,[],,[],
35,https://twitter.com/_ichaaaizah/status/1285050489562730496,2020-07-20 03:14:46+00:00,"new module, new term, first week, HBL? satu haprak tkkn masok otak",1285050489562730496,_ichaaaizah,[],,[],
36,https://twitter.com/finah_21/status/1284991185354809344,2020-07-19 23:19:07+00:00,can we just go back hbl 😭,1284991185354809344,finah_21,[],,[],
37,https://twitter.com/tsukirozu/status/1284865510148960257,2020-07-19 14:59:43+00:00,esok hbl hmm,1284865510148960257,tsukirozu,[],,[],
38,https://twitter.com/Kruxify_/status/1282837654967472129,2020-07-14 00:41:45+00:00,"Lambat pe drng nk start HBL ni, kata kul 8 start🙄 ku dh nk terberak ni",1282837654967472129,Kruxify_,[],,[],
39,https://twitter.com/Farmiee_/status/1280707039937740804,2020-07-08 03:35:27+00:00,Why is this me when I had to open my mic during hbl 🤣  https://t.co/zWX8Lpm0xj,1280707039937740804,Farmiee_,[],,[],
40,https://twitter.com/NiZtweeter/status/1279709881860263939,2020-07-05 09:33:06+00:00,"Semoga dalam apa juga situasi, anak2 kita sentiasa bersedia menempuh cabaran pembelajaran HBL mahu pun disekolah. Amalkan supplement Genius Booster utk IQ dan EQ yg Optima. Vitamin Homeopati, sesuai utk seisi… https://t.co/SNaC2aroI5",1279709881860263939,NiZtweeter,['https://www.instagram.com/p/CCQWhR3FudG/?igshid=8uewmhjbtbnq'],https://www.instagram.com/p/CCQWhR3FudG/?igshid=8uewmhjbtbnq,['https://t.co/SNaC2aroI5'],https://t.co/SNaC2aroI5
41,https://twitter.com/syazyxo/status/1278184599802109953,2020-07-01 04:32:10+00:00,Evrytime hbl only so boring,1278184599802109953,syazyxo,[],,[],
42,https://twitter.com/StanLai/status/1275960939393609729,2020-06-25 01:16:08+00:00,The rare breakfast treat. Last week of HBL! https://t.co/HRB9DdlxnB,1275960939393609729,StanLai,[],,[],
43,https://twitter.com/miraculeT/status/1275696061902979072,2020-06-24 07:43:37+00:00,Arranged a post Father's Day cum last week of HBL celebration for the boys at home with #sushidelivery by sushideliverysg! They had an enjoyable feast and we had a peace of mind - although it's Circuit Breaker Phase… https://t.co/Xx4om3XlwO,1275696061902979072,miraculeT,['https://www.instagram.com/p/CBz1Q7sHHbk/?igshid=76kdokqfee00'],https://www.instagram.com/p/CBz1Q7sHHbk/?igshid=76kdokqfee00,['https://t.co/Xx4om3XlwO'],https://t.co/Xx4om3XlwO
44,https://twitter.com/CFCnabilon/status/1275563328664825856,2020-06-23 22:56:11+00:00,asl hile hbl tkde weather mcm gini😫 https://t.co/nRBWwFkfc4,1275563328664825856,CFCnabilon,['https://twitter.com/MothershipSG/status/1275384780125700096'],https://twitter.com/MothershipSG/status/1275384780125700096,['https://t.co/nRBWwFkfc4'],https://t.co/nRBWwFkfc4
45,https://twitter.com/finah_21/status/1274854353396854784,2020-06-21 23:58:58+00:00,Can we just go back to hbl 🥺😭,1274854353396854784,finah_21,[],,[],
46,https://twitter.com/CFCnabilon/status/1274713865461182466,2020-06-21 14:40:43+00:00,naseb sia skola esk aku dh penat gile jek dngn hbl,1274713865461182466,CFCnabilon,[],,[],
47,https://twitter.com/SyaidaRahman/status/1274568186818555904,2020-06-21 05:01:50+00:00,HBL is CONTINUED until further notice. https://t.co/Kg9UfwLs4R,1274568186818555904,SyaidaRahman,[],,[],
48,https://twitter.com/muhdxhilmi/status/1273595968634548225,2020-06-18 12:38:35+00:00,Satu bende kat hbl untuk theory langsung tk masuk otak aku woii... stress cukkkkk,1273595968634548225,muhdxhilmi,[],,[],
49,https://twitter.com/AmuMinaj/status/1273583397743386624,2020-06-18 11:48:38+00:00,My nephew was having his HBL through zoom and my 6 years old baby niece was screaming around the whole house saying “somebody poopoo never flush” 😂😂😂😂,1273583397743386624,AmuMinaj,[],,[],
50,https://twitter.com/kimpeachytae/status/1273040528796516352,2020-06-16 23:51:28+00:00,hello i feel like i wanna escape hbl but i cant😓 have a great day,1273040528796516352,kimpeachytae,[],,[],
51,https://twitter.com/CFCnabilon/status/1271852361158287360,2020-06-13 17:10:07+00:00,hbl buat aku confuse sia ade homework tk yg kena submit on monday,1271852361158287360,CFCnabilon,[],,[],
52,https://twitter.com/muhdxhilmi/status/1271157269980254208,2020-06-11 19:08:04+00:00,HATE HBL,1271157269980254208,muhdxhilmi,[],,[],
53,https://twitter.com/_irshadrias_/status/1270535081409429504,2020-06-10 01:55:43+00:00,Hbl is good for the students doing it but not for the remaining people in the house. Freaking woke me up just because computer not working and cannot press the @ button 🤦🏾‍♂️,1270535081409429504,_irshadrias_,[],,[],
54,https://twitter.com/finah_21/status/1270213027120295936,2020-06-09 04:35:59+00:00,Just go back to hbl je 🙃,1270213027120295936,finah_21,[],,[],
55,https://twitter.com/c0tt0n3y3joe/status/1270170151040634882,2020-06-09 01:45:37+00:00,i think my lecturer overslept and i might have to hbl today YEEEEEEEEET,1270170151040634882,c0tt0n3y3joe,[],,[],
56,https://twitter.com/365days2play/status/1269980669863530497,2020-06-08 13:12:41+00:00,"Day 63 of WFH
~~~~~~~~~~~~~~~ 
Sichuan Mala Chicken wings from https://t.co/ZtcK9vyjFn. Throwback to the time we had this back in April. A life saver when I had to juggle HBL and still have to cook 2 meals a day. Just need to… https://t.co/PrDFGIDWqt",1269980669863530497,365days2play,"['http://sadia.sg', 'https://www.instagram.com/p/CBLONHanrK1/?igshid=1hpqneiv7c4yk']",http://sadia.sg https://www.instagram.com/p/CBLONHanrK1/?igshid=1hpqneiv7c4yk,"['https://t.co/ZtcK9vyjFn', 'https://t.co/PrDFGIDWqt']",https://t.co/ZtcK9vyjFn https://t.co/PrDFGIDWqt
57,https://twitter.com/syafiqahoth/status/1269802322672009216,2020-06-08 01:24:00+00:00,hbl hbl,1269802322672009216,syafiqahoth,[],,[],
58,https://twitter.com/afiqqorockerz/status/1269801051365892096,2020-06-08 01:18:57+00:00,"Took leave because i need to send my daughter to school, end up got to know i got HBL course for today n tmr... End up all cancelled because i never checked my email... Rugi rugiiiii 🤦‍♂️",1269801051365892096,afiqqorockerz,[],,[],
59,https://twitter.com/TehAisBatu/status/1269668435438399488,2020-06-07 16:31:58+00:00,got school tmr and cannot cabot like i usually do because it's not hbl and i need to go campus 😔😔😔😔😔,1269668435438399488,TehAisBatu,[],,[],
60,https://twitter.com/kimpeachytae/status/1269594521563656192,2020-06-07 11:38:16+00:00,@chiimliiet ☹︎ enjoy ur hbl 🥺,1269594521563656192,kimpeachytae,[],,[],
61,https://twitter.com/ak4mal/status/1268839055313080320,2020-06-05 09:36:19+00:00,Yes ah hbl time to hustle again,1268839055313080320,ak4mal,[],,[],
62,https://twitter.com/subaudible/status/1268798633689956353,2020-06-05 06:55:42+00:00,It's Friday! Last #HBL for the week! @ Fernvale https://t.co/aK71AinNUa,1268798633689956353,subaudible,['https://www.instagram.com/p/CBC0rWYJWd1/?igshid=laxn26emal5k'],https://www.instagram.com/p/CBC0rWYJWd1/?igshid=laxn26emal5k,['https://t.co/aK71AinNUa'],https://t.co/aK71AinNUa
63,https://twitter.com/krnrzf/status/1268422925528395776,2020-06-04 06:02:46+00:00,u knowwwwww of the china chinese didnt eat all those exotic animals.... i wouldnt be at home struggling doing hbl shveeveeh eebsb,1268422925528395776,krnrzf,[],,[],
64,https://twitter.com/CFCnabilon/status/1267650847128739840,2020-06-02 02:54:48+00:00,santai sia hbl hari ni,1267650847128739840,CFCnabilon,[],,[],
65,https://twitter.com/ToonAngel2/status/1267644719535804417,2020-06-02 02:30:27+00:00,"Day 57 of #circuitbreakersg lockdown. That’s right, with HBL and a younger kid still to head back to childcare, it’s effectively still a lockdown for me and thousands of parents.",1267644719535804417,ToonAngel2,[],,[],
66,https://twitter.com/syazyxo/status/1267503877714133000,2020-06-01 17:10:48+00:00,K night night haishh tomorrow hbl again grhh 🤐🤐,1267503877714133000,syazyxo,[],,[],
67,https://twitter.com/theninexky/status/1267496044138381316,2020-06-01 16:39:40+00:00,@1ukeran @theninekeyin WASNT COMPO LIKE GIVEN THE FIRST WEEK OF HBL??? HAHAHAHHAHAAHAHA OMG,1267496044138381316,theninexky,[],,[],
68,https://twitter.com/mingyeopta/status/1266714105815027712,2020-05-30 12:52:31+00:00,"i want hbl 5ever, ive got all the time alone to do whatever i've been wanting to. i started developing new great habits &amp; i get to take things slow, do things at my own pace.",1266714105815027712,mingyeopta,[],,[],
69,https://twitter.com/thamkongyang/status/1266034725333929990,2020-05-28 15:52:54+00:00,"Happy to know that CB is going to be over soon
.
#WFH #HBL #CB
#instagood #kyla #instahappy #3yearsold #ootd #kid #kids #girl #like #follow #happy #kidsfashion #sgkids #singapore #toddler #happygirl 👧🏻 @ Singapore https://t.co/cUNEewLf3Y",1266034725333929990,thamkongyang,['https://www.instagram.com/p/CAvLzEmH6Sf/?igshid=17cuvf0k8w9xo'],https://www.instagram.com/p/CAvLzEmH6Sf/?igshid=17cuvf0k8w9xo,['https://t.co/cUNEewLf3Y'],https://t.co/cUNEewLf3Y
70,https://twitter.com/norajttsg/status/1265546697624686592,2020-05-27 07:33:40+00:00,"The kids enjoyed and ate up all!
Thank you Cik @rizalistic &amp; momotbakes 
#HBL
#Halalcookies @ Jurong, Singapore https://t.co/TdqaK2GwJP",1265546697624686592,norajttsg,['https://www.instagram.com/p/CArt3f1BdkxhWUXs_XNbfdebxd5FXN6xyd4Qr80/?igshid=1g3efptncdc9q'],https://www.instagram.com/p/CArt3f1BdkxhWUXs_XNbfdebxd5FXN6xyd4Qr80/?igshid=1g3efptncdc9q,['https://t.co/TdqaK2GwJP'],https://t.co/TdqaK2GwJP
71,https://twitter.com/KuehKafe/status/1265534213257863168,2020-05-27 06:44:03+00:00,"Life goes on well for the Kuehs.
.
Tidbit: The common house gecko is also known as the moon lizard. In Southeast Asia, many consider geckos to be good luck.
.
.
#stayhomesg #sgunited #singapore #sg #stayhomeforsg #singaporetogether #sgart #sgartist #artsg #HBL #circuitbreaker https://t.co/itMObJhxti",1265534213257863168,KuehKafe,[],,[],
72,https://twitter.com/lumresnif/status/1265520626627940358,2020-05-27 05:50:04+00:00,fuck hbl,1265520626627940358,lumresnif,[],,[],
73,https://twitter.com/siolzxc/status/1265269813871435776,2020-05-26 13:13:25+00:00,legit legit legit i feel damn stupid during hbl,1265269813871435776,siolzxc,[],,[],
74,https://twitter.com/hudhaifah27/status/1265075032390160384,2020-05-26 00:19:26+00:00,I haven’t slept all night and i’ve got hbl from 8.30 to 5.30,1265075032390160384,hudhaifah27,[],,[],
75,https://twitter.com/FarieRose/status/1265068460746264576,2020-05-25 23:53:19+00:00,@silmily I have sleeping issues on regular Sunday nights... After this WFH/HBL/CB/May holiday... It's worst 😕,1265068460746264576,FarieRose,[],,[],
76,https://twitter.com/remo_siva/status/1263806546028359681,2020-05-22 12:18:55+00:00,Rainy weather and HBL 😵,1263806546028359681,remo_siva,[],,[],
77,https://twitter.com/rramapriya/status/1263756583487434752,2020-05-22 09:00:23+00:00,"Twitter, instagram,LinkedIn, Pinterest? It is not the tool itself but the access it gives to resources, ideas, strategies. Role of PLN in our growth as an educator, tech tools to  try with HBL. Hear more in this week’s episode. Just downloaded  @MakersEmpire to explore and play! https://t.co/wcQHFHrjQP",1263756583487434752,rramapriya,['https://twitter.com/mrkempnz/status/1263618245283594240'],https://twitter.com/mrkempnz/status/1263618245283594240,['https://t.co/wcQHFHrjQP'],https://t.co/wcQHFHrjQP
78,https://twitter.com/sm0leo/status/1263605265963773952,2020-05-21 22:59:06+00:00,hbl at 830.... 7am sleep...,1263605265963773952,sm0leo,[],,[],
79,https://twitter.com/thamkongyang/status/1263377002138132481,2020-05-21 07:52:04+00:00,"Just another HBL day and another cheeky Kyla
.
#instagood #kyla #instahappy #3yearsold #ootd #kid #kids #girl #like #follow #happy #kidsfashion #sgkids #singapore #toddler #happygirl 👧🏻 @ Singapore https://t.co/0m7ynB4rvV",1263377002138132481,thamkongyang,['https://www.instagram.com/p/CAcTNLKniOg/?igshid=1ju23eq6wc4b'],https://www.instagram.com/p/CAcTNLKniOg/?igshid=1ju23eq6wc4b,['https://t.co/0m7ynB4rvV'],https://t.co/0m7ynB4rvV
80,https://twitter.com/_hdyhnx/status/1263320504284221440,2020-05-21 04:07:34+00:00,yang penting orang delivery ketuk macam nak pecahkan tu pintu eh. terkejut sendiri bila tengah HBL.,1263320504284221440,_hdyhnx,[],,[],
81,https://twitter.com/IfatMohd/status/1263311589412761600,2020-05-21 03:32:08+00:00,leceh la hbl ni ngantuk jack,1263311589412761600,IfatMohd,[],,[],
82,https://twitter.com/tanszeyun00/status/1263287064537100288,2020-05-21 01:54:41+00:00,Just wondering what’s going on with #straitstimesisoverparty turns out it is one of those toxic xmm kpop stans. Stop harassing the intern who wrote about it. It’s disgusting and go back to your HBL. 🤦🏻‍♀️,1263287064537100288,tanszeyun00,[],,[],
83,https://twitter.com/krnrzf/status/1262975869842120706,2020-05-20 05:18:06+00:00,@chlooooeewee wah i prefer that way. np will continue hbl until 12 june. then will be back to campus on the 29th :/,1262975869842120706,krnrzf,[],,[],
84,https://twitter.com/krnrzf/status/1262728246803587073,2020-05-19 12:54:09+00:00,i can die if they really gonna extend hbl sia,1262728246803587073,krnrzf,[],,[],
85,https://twitter.com/KuehKafe/status/1262264329241387008,2020-05-18 06:10:42+00:00,"What doesn’t kill the Kuehs makes them stronger! Or better. Or longer?
.
.
#comicstrip #comicstrips #comicpanel #webcomic #webcomics  #stayhomesg #sgunited #singapore #sg #stayhomeforsg #singaporetogether #sgart #sgartist #cbchallenge #CB #HBL #circuitbreaker #circuitbreakersg https://t.co/JNyUqsttTa",1262264329241387008,KuehKafe,[],,[],
86,https://twitter.com/cheryltan88/status/1260857313906143232,2020-05-14 08:59:43+00:00,The 7-year-old bros doing their #swim class at home in #Singapore via @Webex with their instructor blasting @richardmarx ‘s “Right Here Waiting.” (LOVE that song.) Now I’ve seen everything. #homebasedlearning #hbl #sglife #circuitbreaker #cblife #circuitbreakersg #swimclass https://t.co/V8diVIwuNG,1260857313906143232,cheryltan88,[],,[],
87,https://twitter.com/kh_patthamaporn/status/1260649896165556224,2020-05-13 19:15:31+00:00,"Break time from HBL WSQ course &amp; time for Ah Boy to catch up with his Dad to have some father son bonding time~~~💪🏻💪🏻💪🏻

ลูกคือสิ่งมีชีวิตที่อ้อนเก่งที่สุด  ฤทธิ์เยอะที่สุด เสียงดังที่สุด ตลกที่สุด เสียเงินโดยไม่รู้ตัวมากที่สุด สำคัญที่สุด และรักมากที่สุด 🥰🥰🥰

📷 13th May 2020 https://t.co/RqZpXvli42",1260649896165556224,kh_patthamaporn,[],,[],
88,https://twitter.com/chlynng/status/1260526316396437504,2020-05-13 11:04:27+00:00,"Sunset after a long day of zoom meetings and #HBL

#wfh #circuitbreaker #sgunited #stayathome #stayhome #sunset #sunsetphotography #view #bluesky #singapore #singaporeskyline @ Singapore https://t.co/5wgJIz2wF6",1260526316396437504,chlynng,['https://www.instagram.com/p/CAIC3PWjYTB/?igshid=12tynt5zlb8yz'],https://www.instagram.com/p/CAIC3PWjYTB/?igshid=12tynt5zlb8yz,['https://t.co/5wgJIz2wF6'],https://t.co/5wgJIz2wF6
89,https://twitter.com/mithraaa_s/status/1260446277600411648,2020-05-13 05:46:25+00:00,"this stupid hbl makes me scared to even do my toilet business in peace , I DONT LIKE TO BE RUSHED🤢",1260446277600411648,mithraaa_s,[],,[],
90,https://twitter.com/BIGDICKBANGLA/status/1259773770169901059,2020-05-11 09:14:06+00:00,@ABANGSAPAU_ yea bro plus we got hbl for this shit,1259773770169901059,BIGDICKBANGLA,[],,[],
91,https://twitter.com/azrul_putra_/status/1259740180115668992,2020-05-11 07:00:38+00:00,Nak hbl but nak 💩,1259740180115668992,azrul_putra_,[],,[],
92,https://twitter.com/miyagi/status/1259128493163442181,2020-05-09 14:30:00+00:00,HBL resources! https://t.co/jCiBvhe1pw,1259128493163442181,miyagi,['https://twitter.com/AppleEDU/status/1255854717202292736'],https://twitter.com/AppleEDU/status/1255854717202292736,['https://t.co/jCiBvhe1pw'],https://t.co/jCiBvhe1pw
93,https://twitter.com/anastasiazen/status/1258584548524167168,2020-05-08 02:28:34+00:00,"SURVIVED ONE MONTH OF HBL | Giving ourselves a pat on both our shoulders for surviving WFH and HBL with a preschooler and a toddler (with leap 😂). 
.
We figured out our tag team routine is “adjusting” quite ok for… https://t.co/zRRYZgIy6h",1258584548524167168,anastasiazen,['https://www.instagram.com/p/B_6P2NvHtJx/?igshid=1vk1apw6r1ol1'],https://www.instagram.com/p/B_6P2NvHtJx/?igshid=1vk1apw6r1ol1,['https://t.co/zRRYZgIy6h'],https://t.co/zRRYZgIy6h
94,https://twitter.com/AlepRazlan/status/1258542158409109505,2020-05-07 23:40:07+00:00,"7.40 and still cant sleep, js wow, hbl will be at 10am😸",1258542158409109505,AlepRazlan,[],,[],
95,https://twitter.com/NabilaMansor__/status/1258510375420440577,2020-05-07 21:33:50+00:00,Hujan2 gini aku doa HBL cancel,1258510375420440577,NabilaMansor__,[],,[],
96,https://twitter.com/mxmmyIzzati/status/1258503687929909248,2020-05-07 21:07:15+00:00,HBL 5 block weeks will be over about 12 hours time . &amp; Back to work on the 11th 😔,1258503687929909248,mxmmyIzzati,[],,[],
97,https://twitter.com/NabilaMansor__/status/1258494625435676677,2020-05-07 20:31:15+00:00,It started raining. Ahhh can HBL be cancelled for later please please please,1258494625435676677,NabilaMansor__,[],,[],
98,https://twitter.com/pam_s/status/1258319874469908483,2020-05-07 08:56:51+00:00,"📚 Wondering how HBL is like for the households here carrying it out... 😌 

#hbl #homebasedlearning #staysafesg #sgunited #sgtogether

Posted withregram • upworthy Another great teacher. 🍎💫 @ Tanjong Pagar https://t.co/KeA6Y1I3Tv",1258319874469908483,pam_s,['https://www.instagram.com/p/B_4XfRunN3c/?igshid=1pxbglzgtu70c'],https://www.instagram.com/p/B_4XfRunN3c/?igshid=1pxbglzgtu70c,['https://t.co/KeA6Y1I3Tv'],https://t.co/KeA6Y1I3Tv
99,https://twitter.com/dprbs_/status/1258295086162427905,2020-05-07 07:18:21+00:00,and we have sporeans complaining abt HBL hahahahah https://t.co/KaoeicQRD6,1258295086162427905,dprbs_,['https://twitter.com/hibooran/status/1257913866014449664'],https://twitter.com/hibooran/status/1257913866014449664,['https://t.co/KaoeicQRD6'],https://t.co/KaoeicQRD6
100,https://twitter.com/suhada_wang/status/1258108095252684800,2020-05-06 18:55:19+00:00,I really miss making tiktoks but dammit HBL takes up so much of my time,1258108095252684800,suhada_wang,[],,[],
101,https://twitter.com/pauseraphina/status/1257974695485300736,2020-05-06 10:05:14+00:00,@the_cash_kash hbl is tough...,1257974695485300736,pauseraphina,[],,[],
102,https://twitter.com/AlepRazlan/status/1257935698134355968,2020-05-06 07:30:16+00:00,Slept thru my hbl again🤦🏽‍♂️,1257935698134355968,AlepRazlan,[],,[],
103,https://twitter.com/RiduanZalani/status/1257785077783814152,2020-05-05 21:31:45+00:00,It’s been awhile since i had a chance to respond to a video collab :) i’m sorry lambat sangatt but thankyou for your patience! It’s much more relax now as HBL has ended😍 here goes a video|collab with @AtanAbeeb from… https://t.co/hPCADnWPpt,1257785077783814152,RiduanZalani,['https://www.instagram.com/p/B_0kN5eB8b0/?igshid=1j8mjsyb2oy73'],https://www.instagram.com/p/B_0kN5eB8b0/?igshid=1j8mjsyb2oy73,['https://t.co/hPCADnWPpt'],https://t.co/hPCADnWPpt
104,https://twitter.com/ttaekoyaki/status/1257559576859119618,2020-05-05 06:35:42+00:00,sorry but watching them do this reminded me i have to record an art and craft video soon for hbl i-,1257559576859119618,ttaekoyaki,[],,[],
105,https://twitter.com/mintowrld/status/1257356079786319880,2020-05-04 17:07:04+00:00,@straymixtape DONT U HAVE HBL TMR SKSKDJDKSKSK,1257356079786319880,mintowrld,[],,[],
106,https://twitter.com/AlepRazlan/status/1257200868035682309,2020-05-04 06:50:19+00:00,@FiiKenzo Fk sia i miss hbl,1257200868035682309,AlepRazlan,[],,[],
107,https://twitter.com/ikuan/status/1257163073955287042,2020-05-04 04:20:08+00:00,"Yeah! It’s the last day of HBL!!
Time for holidays!!!!
.
•
.
At home still... emo in process..
.
•
.
•
.
#ikphoto #jaynekuan #shotoniphone #shotoniphone11promax #throwback #stayhome #circuitbreaker @ Gardens by the Bay https://t.co/8ZOEAIubJZ",1257163073955287042,ikuan,['https://www.instagram.com/p/B_wJcDbn-yC/?igshid=v2i5mv63ha9j'],https://www.instagram.com/p/B_wJcDbn-yC/?igshid=v2i5mv63ha9j,['https://t.co/8ZOEAIubJZ'],https://t.co/8ZOEAIubJZ
108,https://twitter.com/azrul_putra_/status/1257117235673350144,2020-05-04 01:17:59+00:00,Wake up to shower and hbl is the hardestt,1257117235673350144,azrul_putra_,[],,[],
109,https://twitter.com/remo_siva/status/1256916164602544128,2020-05-03 11:59:00+00:00,HBL on Sunday evening 😤,1256916164602544128,remo_siva,[],,[],
110,https://twitter.com/sm0leo/status/1256903492796444679,2020-05-03 11:08:39+00:00,fml hbl tmr,1256903492796444679,sm0leo,[],,[],
111,https://twitter.com/poppyhobi/status/1256653103253745664,2020-05-02 18:33:41+00:00,Answering morality HBL homework questions at 2am listening to Jungkook sing . Another realm,1256653103253745664,poppyhobi,[],,[],
112,https://twitter.com/martintan/status/1256259974625443842,2020-05-01 16:31:32+00:00,"So today, we took on a game of a different kind. #mahjong is perfect for #circuitbreaker #sg It was really fun teaching the kids how to play the game. Lesson tomorrow is how to calculate the doubles. #HBL :) @ Singapore https://t.co/rrBkXoPDmG",1256259974625443842,martintan,['https://www.instagram.com/p/B_puwX-HOQe/?igshid=e0fiaa6ira2n'],https://www.instagram.com/p/B_puwX-HOQe/?igshid=e0fiaa6ira2n,['https://t.co/rrBkXoPDmG'],https://t.co/rrBkXoPDmG
113,https://twitter.com/jinsbread/status/1255842477732360195,2020-04-30 12:52:33+00:00,hbl annoys me,1255842477732360195,jinsbread,[],,[],
114,https://twitter.com/garyeo/status/1255706959321264128,2020-04-30 03:54:03+00:00,"Circuit Breaker Day 24

Let's recycle the materials yesterday for lil bao's self ""sticker bomb"" while big bro is having HBL!

@theyeobrothers

#theyeobrothers
#lilbunlilbao
#izacyeo 
#wittyizac 
#lilbun 
#jalenyeo… https://t.co/QGEFwRONPX",1255706959321264128,garyeo,['https://www.instagram.com/p/B_lr7PzFMct/?igshid=17st41bk440y9'],https://www.instagram.com/p/B_lr7PzFMct/?igshid=17st41bk440y9,['https://t.co/QGEFwRONPX'],https://t.co/QGEFwRONPX
115,https://twitter.com/RohitReuben/status/1255499673315487750,2020-04-29 14:10:22+00:00,"The thing that motivates me for tomorrow's tiring HBL...
•
Time: 9.29 PM
•
https://t.co/Rel8NBb85Z https://t.co/x80Tpz7F3X",1255499673315487750,RohitReuben,['https://instagram.com/stories/roobenhit/2298035028784603273?igshid=1qjr0gl0554tf'],https://instagram.com/stories/roobenhit/2298035028784603273?igshid=1qjr0gl0554tf,['https://t.co/Rel8NBb85Z'],https://t.co/Rel8NBb85Z
116,https://twitter.com/triciapang/status/1255471114870034434,2020-04-29 12:16:53+00:00,Meanwhile I admire how they are taking to stride with their HBL and even continuing their soccer and hip hop classes via online 🤣🤣🤣,1255471114870034434,triciapang,[],,[],
117,https://twitter.com/_ImanRizqi_/status/1255449599201902592,2020-04-29 10:51:24+00:00,"Photography Hack that you can do at HOME!! Part 3!!!
.
Tag me @_imanrizqi_ or use Hashtag #ImanRizqiHBS to enter the Contest!
.
May the best win! #hbl #quarantine #photographyofinstagram @ Singapore https://t.co/9BARouJT82",1255449599201902592,_ImanRizqi_,['https://www.instagram.com/p/B_j-PSPnxb-/?igshid=h4i44fdvwfuz'],https://www.instagram.com/p/B_j-PSPnxb-/?igshid=h4i44fdvwfuz,['https://t.co/9BARouJT82'],https://t.co/9BARouJT82
118,https://twitter.com/aallexiss__/status/1255430823748276225,2020-04-29 09:36:47+00:00,hate hbl 🤮,1255430823748276225,aallexiss__,[],,[],
119,https://twitter.com/thethiccwhore/status/1255164973757521920,2020-04-28 16:00:24+00:00,if you’re bored from hbl here’s smth u can do https://t.co/viRZH0KfZU,1255164973757521920,thethiccwhore,[],,[],
120,https://twitter.com/ISSsingapore/status/1255122450221690880,2020-04-28 13:11:25+00:00,"To mark the 50th anniversary of #EarthDay last week, our #IBMYP learners were tasked with activities aimed at how they can promote and talk about the issue of conserving our planet in their own creative ways.

#isspride #ibworldschool #IBtogether #Covid19Ed #Covidteaching #HBL https://t.co/1LG7UiIaSc",1255122450221690880,ISSsingapore,[],,[],
121,https://twitter.com/suhada_wang/status/1255105991806291968,2020-04-28 12:06:01+00:00,Damn I really hate HBL,1255105991806291968,suhada_wang,[],,[],
122,https://twitter.com/happypinshop/status/1254718105877655552,2020-04-27 10:24:42+00:00,"How has everyone been? So many new acronyms... WFH, HBL, LOA, SHN, etc, which ones apply to you? Comment and let us know 👇🏼

If you’re taking a break from your activities at home, why not browse our new listings on… https://t.co/P7ZC8f30GJ",1254718105877655552,happypinshop,['https://www.instagram.com/p/B_ewgWjF_A_/?igshid=1ry5i78fla3w3'],https://www.instagram.com/p/B_ewgWjF_A_/?igshid=1ry5i78fla3w3,['https://t.co/P7ZC8f30GJ'],https://t.co/P7ZC8f30GJ
123,https://twitter.com/_ImanRizqi_/status/1254652282198732800,2020-04-27 06:03:09+00:00,"3 weeks of CIRCUIT BREAKER, taught me how to levitate! p.s. don't you dare scroll to the end !!! 🥵 #hbl #quarantine #circuitbreaker #levitation @ Singapore https://t.co/TRqPxZgn3Z",1254652282198732800,_ImanRizqi_,['https://www.instagram.com/p/B_eTqRlng-4/?igshid=1g1x3mqj8ff8v'],https://www.instagram.com/p/B_eTqRlng-4/?igshid=1g1x3mqj8ff8v,['https://t.co/TRqPxZgn3Z'],https://t.co/TRqPxZgn3Z
124,https://twitter.com/danzxc_/status/1254596348986310657,2020-04-27 02:20:53+00:00,screw hbl ah i cant for my holidays hahahah,1254596348986310657,danzxc_,[],,[],
125,https://twitter.com/krnrzf/status/1254322943829540865,2020-04-26 08:14:28+00:00,wk 2 hbl pls be bearable :((((,1254322943829540865,krnrzf,[],,[],
126,https://twitter.com/Heyitsheri/status/1254142857268482048,2020-04-25 20:18:52+00:00,@dd_bugs Boring pe hbl..,1254142857268482048,Heyitsheri,[],,[],
127,https://twitter.com/suhada_wang/status/1253915116157861888,2020-04-25 05:13:54+00:00,Even on weekends HBL is a pain in the butt leave me alone!!,1253915116157861888,suhada_wang,[],,[],
128,https://twitter.com/sm0leo/status/1253897625784418305,2020-04-25 04:04:24+00:00,and I having hbl like next week fml gg I hate hbl,1253897625784418305,sm0leo,[],,[],
129,https://twitter.com/thamkongyang/status/1253344532474757126,2020-04-23 15:26:37+00:00,"Kyla hit a milestone today. In fact 2 milestones. Its the first time Kyla is washing her own bowl and  utensil. She also said she will wash all her bowls from now on. 😭
#CCB #HBL #WFH
.
#instagood #kyla #instahappy… https://t.co/mdBK26alFx",1253344532474757126,thamkongyang,['https://www.instagram.com/p/B_VA9sDnRFg/?igshid=1t26a4qpkl1p8'],https://www.instagram.com/p/B_VA9sDnRFg/?igshid=1t26a4qpkl1p8,['https://t.co/mdBK26alFx'],https://t.co/mdBK26alFx
130,https://twitter.com/chaos_chxptr/status/1253302021060362240,2020-04-23 12:37:41+00:00,@LoveTaehyung77 I'm constantly doing homework cus of hbl ughhh ;-;,1253302021060362240,chaos_chxptr,[],,[],
131,https://twitter.com/JRTVBACADEMY/status/1253225908992802818,2020-04-23 07:35:15+00:00,"Feeling sleepy on HBL?
😴
Let's do some🏐 word search to perk you up. Those who are on laptop, go to the link below
https://t.co/zwelhsq7C0
😊
Have fun!!! @ Beautiful Singapore https://t.co/2Q2GrLopwW",1253225908992802818,JRTVBACADEMY,"['https://thewordsearch.com/puzzle/7205/volleyball/', 'https://www.instagram.com/p/B_ULBd9HyJI/?igshid=ef96021lrbc1']",https://thewordsearch.com/puzzle/7205/volleyball/ https://www.instagram.com/p/B_ULBd9HyJI/?igshid=ef96021lrbc1,"['https://t.co/zwelhsq7C0', 'https://t.co/2Q2GrLopwW']",https://t.co/zwelhsq7C0 https://t.co/2Q2GrLopwW
132,https://twitter.com/chaesobas/status/1253180180811542528,2020-04-23 04:33:32+00:00,i mf hate hbl plssss holiday rn,1253180180811542528,chaesobas,[],,[],
133,https://twitter.com/_BunnySingh_/status/1253138392767848448,2020-04-23 01:47:29+00:00,HBL😴,1253138392767848448,_BunnySingh_,[],,[],
134,https://twitter.com/umarudd/status/1253111420604100613,2020-04-23 00:00:19+00:00,Creativity when you’ve got #hbl and can’t leave the house and are bored out of your wits. My daughter’s #creativity and #badass #bakingskills are helping me pack the pounds while #wfh #covidlife https://t.co/hRkA8MkscW,1253111420604100613,umarudd,[],,[],
135,https://twitter.com/krnrzf/status/1252970197025058818,2020-04-22 14:39:08+00:00,i hate hbl i hate hbl,1252970197025058818,krnrzf,[],,[],
136,https://twitter.com/jgmh30/status/1252934118196875265,2020-04-22 12:15:46+00:00,This is what happens when student are cooped up at home for HBL after 2 weeks. Hahahaha! @ Singapore https://t.co/cmL2SLa0nS,1252934118196875265,jgmh30,['https://www.instagram.com/p/B_SGMzgJq5cFJaJ-zeI3Sl1uBhhuTNVSCgserE0/?igshid=1tyb2yiowe0q1'],https://www.instagram.com/p/B_SGMzgJq5cFJaJ-zeI3Sl1uBhhuTNVSCgserE0/?igshid=1tyb2yiowe0q1,['https://t.co/cmL2SLa0nS'],https://t.co/cmL2SLa0nS
137,https://twitter.com/joelhzy/status/1252827846021574661,2020-04-22 05:13:29+00:00,Covid won’t magically disappear for us in 6 weeks just for us to enjoy our typical holiday shitz like going out and shit. in fact it’s better this way. So at least we get to rest for a month without HBL before finally returning to school.,1252827846021574661,joelhzy,[],,[],
138,https://twitter.com/joelhzy/status/1252826784208261122,2020-04-22 05:09:16+00:00,Just some HBL clownery https://t.co/mreK2TRSDy,1252826784208261122,joelhzy,[],,[],
139,https://twitter.com/jinsbread/status/1252822402632826880,2020-04-22 04:51:51+00:00,i was.. so happy..... to have break.... in like two weeks... but no......  PLEASE I HATE HBL STOPPPPPPOOOOKKFJDHD,1252822402632826880,jinsbread,[],,[],
140,https://twitter.com/raja_ja_ja/status/1252795706147958788,2020-04-22 03:05:46+00:00,Im so glad i graduated. I cant imagine how its like studying thru HBL ill fail everything https://t.co/rslXVk2L3C,1252795706147958788,raja_ja_ja,['https://twitter.com/waanyhx/status/1252530483910459393'],https://twitter.com/waanyhx/status/1252530483910459393,['https://t.co/rslXVk2L3C'],https://t.co/rslXVk2L3C
141,https://twitter.com/bryantoh8881/status/1252786407933796353,2020-04-22 02:28:49+00:00,@MOEsg in the future all the student text book and books should come with ebook version. During this period I notice student need to write on the textbook and take picture and send to teacher and teacher mark the homework and take picture send back to student for correction.#HBL,1252786407933796353,bryantoh8881,[],,[],
142,https://twitter.com/nellyasleigh/status/1252667078051418112,2020-04-21 18:34:39+00:00,@hfz_garcia I really appreciate all the Teachers that put in effort for HBL and the government for trying their best and we students do understand the situation but sometimes it’s Super hard coz certain module it’s not effective and some of us are at our graduating year,1252667078051418112,nellyasleigh,[],,[],
143,https://twitter.com/shaymeowmeow/status/1252629859097964545,2020-04-21 16:06:45+00:00,Extend 4 more weeks so that means I need to think of 4 weeks worth of HBL to help my kids and parents? Wow kill me srsly 😭🙃😂,1252629859097964545,shaymeowmeow,[],,[],
144,https://twitter.com/shaymeowmeow/status/1252629614574178304,2020-04-21 16:05:47+00:00,Bruh teachers be stressing out what to provide for HBL too you know 😔 https://t.co/zFvKS3A0WP,1252629614574178304,shaymeowmeow,['https://twitter.com/julesnrvz/status/1252316645554520066'],https://twitter.com/julesnrvz/status/1252316645554520066,['https://t.co/zFvKS3A0WP'],https://t.co/zFvKS3A0WP
145,https://twitter.com/mxmmyIzzati/status/1252619509787062272,2020-04-21 15:25:38+00:00,I guess today is very productive. Like legitimately after 2wks on hbl.,1252619509787062272,mxmmyIzzati,[],,[],
146,https://twitter.com/ZazahSalinah98/status/1252567654952390657,2020-04-21 11:59:35+00:00,HBL isnt effective when you need to practical for your lesson..,1252567654952390657,ZazahSalinah98,[],,[],
147,https://twitter.com/psychedelicida/status/1252536416073969666,2020-04-21 09:55:27+00:00,@destini_81 Nak nangis 😩 hbl yang buat bingit lah seh,1252536416073969666,psychedelicida,[],,[],
148,https://twitter.com/aye_natasha2/status/1252527586594320387,2020-04-21 09:20:22+00:00,because of this situation i am already affected cause aku dah tk faham dgn ini HBL.,1252527586594320387,aye_natasha2,[],,[],
149,https://twitter.com/nellyasleigh/status/1252527521611919361,2020-04-21 09:20:06+00:00,"Final exam is on September and hbl is not effective as being in the class , Hahahahahahahahahahhahahahahahahahahahahah I want to FUCKINH cry",1252527521611919361,nellyasleigh,[],,[],
150,https://twitter.com/jinsbread/status/1252526810178306048,2020-04-21 09:17:17+00:00,ok but like hbl making me fail a bunch of subjects,1252526810178306048,jinsbread,[],,[],
151,https://twitter.com/nellyasleigh/status/1252526454446845952,2020-04-21 09:15:52+00:00,"Okay Ik the government is trying their best but HBL is not effective, I really wanna go back to school",1252526454446845952,nellyasleigh,[],,[],
152,https://twitter.com/thamkongyang/status/1252503181197746176,2020-04-21 07:43:23+00:00,"A moment of peace when Kyla decides to read a book on her own
#CCB #WFH #HBL
.
#instagood #kyla #instahappy #3yearsold #ootd #kid #kids #girl #like #follow #happy #kidsfashion #sgkids #singapore #toddler #happygirl… https://t.co/XmhKntJzKU",1252503181197746176,thamkongyang,['https://www.instagram.com/p/B_PCXRYHOVW/?igshid=1p7trfgl1jx03'],https://www.instagram.com/p/B_PCXRYHOVW/?igshid=1p7trfgl1jx03,['https://t.co/XmhKntJzKU'],https://t.co/XmhKntJzKU
153,https://twitter.com/choolim/status/1252463270402940928,2020-04-21 05:04:47+00:00,"Full of admiration for how teachers and students alike seem to have taken to #hbl 
There is live interaction and use of document sharing tools so the kids can see  what the teacher is… https://t.co/D97jfvTXS0",1252463270402940928,choolim,['https://www.instagram.com/p/B_OwNkwBwkjwZv_vak1RW8wGe5d7ysO9C2PSJ40/?igshid=19982edwp4m8i'],https://www.instagram.com/p/B_OwNkwBwkjwZv_vak1RW8wGe5d7ysO9C2PSJ40/?igshid=19982edwp4m8i,['https://t.co/D97jfvTXS0'],https://t.co/D97jfvTXS0
154,https://twitter.com/TehAisBatu/status/1252460459132780547,2020-04-21 04:53:37+00:00,GUYS I KEEP ON OVERSLEEPING AND NOT HEAR MY ALARM AND I CANNOT WAKE UP FOR MORNING HBL GOD WTF HAHAHAHAHA,1252460459132780547,TehAisBatu,[],,[],
155,https://twitter.com/choolim/status/1252409482430144512,2020-04-21 01:31:03+00:00,"#DressingforWFH and operating from #3's bedroom this morning so as to closely supervise #4's home-based learning (HBL). As usual, multi-tasking like crazy. #COVID19times #domesticgoddess @… https://t.co/tVBj8i3FYx",1252409482430144512,choolim,['https://www.instagram.com/p/B_OXwE4hpwrxPqIOB7EDmu21OjwOKdgp1ifEcA0/?igshid=ebcgu5v9hs8o'],https://www.instagram.com/p/B_OXwE4hpwrxPqIOB7EDmu21OjwOKdgp1ifEcA0/?igshid=ebcgu5v9hs8o,['https://t.co/tVBj8i3FYx'],https://t.co/tVBj8i3FYx
156,https://twitter.com/joelhzy/status/1252390917475930113,2020-04-21 00:17:17+00:00,hbl sucks bro...ppl like yuanlihong just fking boring bxjendn,1252390917475930113,joelhzy,[],,[],
157,https://twitter.com/qiskoaiko/status/1252258083142692865,2020-04-20 15:29:27+00:00,ever since this hbl/wfh thingamajigs gg on... i’m using sm platforms more often smh,1252258083142692865,qiskoaiko,[],,[],
158,https://twitter.com/suhada_wang/status/1252200908701614081,2020-04-20 11:42:16+00:00,First day of HBL is like a smack in the face,1252200908701614081,suhada_wang,[],,[],
159,https://twitter.com/triciapang/status/1252184184711335936,2020-04-20 10:35:48+00:00,I cooked three meals today! Three meals! And did some work and helped the kids with HBL. I am officially tired. 😭😭😭😭,1252184184711335936,triciapang,[],,[],
160,https://twitter.com/krnrzf/status/1252126673798979584,2020-04-20 06:47:17+00:00,wth hbl leceh pe,1252126673798979584,krnrzf,[],,[],
161,https://twitter.com/azrul_putra_/status/1252107126769500160,2020-04-20 05:29:36+00:00,I rather be in sch then do this hbl😩,1252107126769500160,azrul_putra_,[],,[],
162,https://twitter.com/UnofficialShaun/status/1252100117055733762,2020-04-20 05:01:45+00:00,Poly HBL can smd la sia,1252100117055733762,UnofficialShaun,[],,[],
163,https://twitter.com/khimarhawari/status/1252055595122700288,2020-04-20 02:04:50+00:00,fk this hbl shit im so goddamn lost,1252055595122700288,khimarhawari,[],,[],
164,https://twitter.com/girish4u_pawar/status/1251697649146720256,2020-04-19 02:22:29+00:00,"Thanks to my fmly for supporting my volunteer efforts special thanks to my kids - independently managing online tutions along with HBL.😎Let’s do our part
#Safe Distancing Ambassador’s
#Stay home Stay safe
#SG United https://t.co/0pw71eWhrQ",1251697649146720256,girish4u_pawar,[],,[],
165,https://twitter.com/OckiAtGraded/status/1251689190867079173,2020-04-19 01:48:53+00:00,#SAISRocks very cool strategies for HBL https://t.co/56YZCBnPMC,1251689190867079173,OckiAtGraded,['https://twitter.com/ProjectZeroHGSE/status/1251217952466251777'],https://twitter.com/ProjectZeroHGSE/status/1251217952466251777,['https://t.co/56YZCBnPMC'],https://t.co/56YZCBnPMC
166,https://twitter.com/FarieRose/status/1251615068753588224,2020-04-18 20:54:20+00:00,"So no. NO, teachers are not relaxing at home. NO, parents are not doing the job FOR teachers. Because parents are not doing what you've read in the above thread. Teachers prep lessons, family to assist the learning. Without either, there is no HBL.",1251615068753588224,FarieRose,[],,[],
167,https://twitter.com/FarieRose/status/1251615067247767552,2020-04-18 20:54:20+00:00,"Again, that is just 2 lessons for total of 2 learning hours in a week. It takes so much man hours to prep for. Try to picture the workload that goes in the rest of the learning hours for HBL.",1251615067247767552,FarieRose,[],,[],
168,https://twitter.com/FarieRose/status/1251609312687820800,2020-04-18 20:31:28+00:00,"Everyday, I underestimate the demands of prepping that goes into HBL. For just 2 lessons worth, took me and a colleague a whole week to prep.",1251609312687820800,FarieRose,[],,[],
169,https://twitter.com/phuser72/status/1251352616891711493,2020-04-18 03:31:27+00:00,My movie posters “hoards” finally come to good use - block out some stuff when doing HBL or Zoom sessions 😂 @ 榜鵝 Punggol https://t.co/TOVUw98qMQ,1251352616891711493,phuser72,['https://www.instagram.com/p/B_G3JhBlmtw/?igshid=2bopheyo9jyl'],https://www.instagram.com/p/B_G3JhBlmtw/?igshid=2bopheyo9jyl,['https://t.co/TOVUw98qMQ'],https://t.co/TOVUw98qMQ
170,https://twitter.com/aye_natasha2/status/1251300954151858176,2020-04-18 00:06:10+00:00,i'm not surprise if i fail my exam for this sem. cause i swear i don't understand MOST OF THE TOPIC when doing HBL.,1251300954151858176,aye_natasha2,[],,[],
171,https://twitter.com/_hdyhnx/status/1251164916439900161,2020-04-17 15:05:36+00:00,HBL this Monday and I am not ready,1251164916439900161,_hdyhnx,[],,[],
172,https://twitter.com/garyeo/status/1250983268641656832,2020-04-17 03:03:48+00:00,"Circuit Breaker Day 11

Meanwhile, lil bun is having HBL session,  the disturber ranger, lil bao appears!

The Yeo Brothers

#lilbunlilbao
#izacyeo 
#wittyizac 
#lilbun 
#jalenyeo 
#mightyjalen 
#lilbao 
#brothers… https://t.co/fsIRLgHxaN",1250983268641656832,garyeo,['https://www.instagram.com/p/B_EPL4Olnmh/?igshid=1bx5aqe0l392w'],https://www.instagram.com/p/B_EPL4Olnmh/?igshid=1bx5aqe0l392w,['https://t.co/fsIRLgHxaN'],https://t.co/fsIRLgHxaN
173,https://twitter.com/triciapang/status/1250964162752073729,2020-04-17 01:47:52+00:00,I guess you can call it as team work when he refuses to wakey to make brekkie for kids on HBL mornings. He knows I’m not out jogging so means I can settle the kids. Bleah #TGIF,1250964162752073729,triciapang,[],,[],
174,https://twitter.com/kyunsfragrance/status/1250947597138714625,2020-04-17 00:42:03+00:00,"Hbl is driving me insane, not coz of the no interaction but coz of screen time",1250947597138714625,kyunsfragrance,[],,[],
175,https://twitter.com/TehAisBatu/status/1250840650800496640,2020-04-16 17:37:05+00:00,i feel like studying on my own so i won't be bothered w this hbl much. i mean i always pull an all-nighter. but attendance............. eh hais,1250840650800496640,TehAisBatu,[],,[],
176,https://twitter.com/nvdzkriv_/status/1250673463565533186,2020-04-16 06:32:44+00:00,im so lost with hbl,1250673463565533186,nvdzkriv_,[],,[],
177,https://twitter.com/shrfhbtr/status/1250631169009348608,2020-04-16 03:44:40+00:00,"my phy teacher, really didnt took the initiative to let me know abt the phy hbl, then u expect me to do.",1250631169009348608,shrfhbtr,[],,[],
178,https://twitter.com/grimmwwald/status/1250604836720009216,2020-04-16 02:00:02+00:00,Kau ada earpiece buat apa?? Do u have to blast ur HBL at max volume in the room when i am sleeping?,1250604836720009216,grimmwwald,[],,[],
179,https://twitter.com/jinsbread/status/1250472815406379008,2020-04-15 17:15:26+00:00,haha imagine having hbl tomorrow at 8am.... haha....... ha..,1250472815406379008,jinsbread,[],,[],
180,https://twitter.com/garyeo/status/1250347526881816578,2020-04-15 08:57:35+00:00,"Circuit Breaker Day 9

AM Program - PCF HBL

Let's talk about height!

Tall, Taller, Tallest!

@lilbunlilbao

#lilbunlilbao
#izacyeo 
#wittyizac 
#lilbun 
#jalenyeo 
#mightyjalen 
#lilbao 
#brothers… https://t.co/9oVzNO1TxD",1250347526881816578,garyeo,['https://www.instagram.com/p/B-_uFePFQ_v/?igshid=5c2hkg8mzn32'],https://www.instagram.com/p/B-_uFePFQ_v/?igshid=5c2hkg8mzn32,['https://t.co/9oVzNO1TxD'],https://t.co/9oVzNO1TxD
181,https://twitter.com/piyahpapan/status/1250254335495163906,2020-04-15 02:47:16+00:00,i want to go back to sch pls this hbl is worse than me being in sch 😭,1250254335495163906,piyahpapan,[],,[],
182,https://twitter.com/jinsbread/status/1250246204211912704,2020-04-15 02:14:58+00:00,god HBL is so Boring,1250246204211912704,jinsbread,[],,[],
183,https://twitter.com/TehAisBatu/status/1250125479173951489,2020-04-14 18:15:15+00:00,"niari weds and mak aku nak klua beli bende dapur... hbl 8am, 1pm, 3pm. mcm mne ni adui",1250125479173951489,TehAisBatu,[],,[],
184,https://twitter.com/gohsiokpeng/status/1250076165139763202,2020-04-14 14:59:17+00:00,"Wa! Tonight’s CB-WFH-HBL dinner’s a huge success wor! Got salted fish with homegrown taugay (thanks to the mama), perfectly cooked Kagoshima tenderloin by the resident head of B&amp;B (Beef and Bar), aromatic crab tang… https://t.co/Kgp7n103S8",1250076165139763202,gohsiokpeng,['https://www.instagram.com/p/B-9yrbbH4GX/?igshid=18oykzon0ja3o'],https://www.instagram.com/p/B-9yrbbH4GX/?igshid=18oykzon0ja3o,['https://t.co/Kgp7n103S8'],https://t.co/Kgp7n103S8
185,https://twitter.com/TehAisBatu/status/1250019377258196992,2020-04-14 11:13:38+00:00,"i have t study, this hbl fucking with me but the thing is that theory is relatively easy for me. i should be able to study well for theory. THE ISSUE IS THAT I GET EASILY DISTRACTED FUCK MY LIFE",1250019377258196992,TehAisBatu,[],,[],
186,https://twitter.com/garyeo/status/1249987851590172672,2020-04-14 09:08:22+00:00,"Circuit Breaker Day 8

AM - Free &amp; Easy

No HBL scheduled for today. Ask Izac to do revision but he say need to finish up the colouring done halfway yesterday with Jalen.

After 5 minutes, both end up in their play… https://t.co/vn5KauYWLt",1249987851590172672,garyeo,['https://www.instagram.com/p/B-9Khejl2VL/?igshid=1mtf9jy0j3bfx'],https://www.instagram.com/p/B-9Khejl2VL/?igshid=1mtf9jy0j3bfx,['https://t.co/vn5KauYWLt'],https://t.co/vn5KauYWLt
187,https://twitter.com/TehAisBatu/status/1249932103610855424,2020-04-14 05:26:50+00:00,"nasib da makan. i need t shit &amp; i wanna bathe but salah timing, GOT HBL AT 1330. CB BTOL",1249932103610855424,TehAisBatu,[],,[],
188,https://twitter.com/monikalulla/status/1249926753130348549,2020-04-14 05:05:35+00:00,"During the CB HBL, THIS right here is the TRUEST form of CCB! 🤬#CB #HBL #CCB #FirstWorldProblems @ Singapore https://t.co/PYQVCfOs2N",1249926753130348549,monikalulla,['https://www.instagram.com/p/B-8uvZ8FgueTtRIzk-09ClQcsmE1sWOgsdQenk0/?igshid=mdp2zsh1a9sa'],https://www.instagram.com/p/B-8uvZ8FgueTtRIzk-09ClQcsmE1sWOgsdQenk0/?igshid=mdp2zsh1a9sa,['https://t.co/PYQVCfOs2N'],https://t.co/PYQVCfOs2N
189,https://twitter.com/Syazri_Shah/status/1249920771893293058,2020-04-14 04:41:49+00:00,can literally focus for hbl until a bird fly pass my window HAHAHA,1249920771893293058,Syazri_Shah,[],,[],
190,https://twitter.com/TehAisBatu/status/1249892366023974912,2020-04-14 02:48:56+00:00,pkmk set alarm 0930 tak dgr tros skrg bru bgn eh. cb la i dont think this hbl is rlly meant fr me haha,1249892366023974912,TehAisBatu,[],,[],
191,https://twitter.com/piyahpapan/status/1249856926164217858,2020-04-14 00:28:07+00:00,wtff laaaaaaaa i ACCIDENTALLY DOZE OFF AGAIN 10mins before class pundeh i hate this hbl shit,1249856926164217858,piyahpapan,[],,[],
192,https://twitter.com/TehAisBatu/status/1249730304744407041,2020-04-13 16:04:58+00:00,@mr_naufal17 cb la hahaha jn 0815 hbl i woke up 0810 dei hahahaha,1249730304744407041,TehAisBatu,[],,[],
193,https://twitter.com/TehAisBatu/status/1249729708448559104,2020-04-13 16:02:36+00:00,"tmr hbl start at 10, 0950 can wake up uh",1249729708448559104,TehAisBatu,[],,[],
194,https://twitter.com/jennylee_2012/status/1249716803951120384,2020-04-13 15:11:19+00:00,"Wanna to make a guess who cooked the #seafoodmeegoreng last week? 

I actually wanna to share quite a lot of recipes but I am so swamped by #hbl &amp; #wfh 😅

Anyway, back to this meal - was really very #yummilicious 👍 @… https://t.co/T0KTK77eTw",1249716803951120384,jennylee_2012,['https://www.instagram.com/p/B-7PQ69nvBD/?igshid=ofn1zo5schx5'],https://www.instagram.com/p/B-7PQ69nvBD/?igshid=ofn1zo5schx5,['https://t.co/T0KTK77eTw'],https://t.co/T0KTK77eTw
195,https://twitter.com/garyeo/status/1249623396528390150,2020-04-13 09:00:09+00:00,"Circuit Breaker Day 7

AM Program - PCF HBL for 
Toddler, learning shapes.

Today is the first HBL class for Jalen with a pre-recording by teacher. They are learning shapes.

On the other side, Izac is enjoying his… https://t.co/JQw16nIHAW",1249623396528390150,garyeo,['https://www.instagram.com/p/B-6kyX9lSjv/?igshid=fk1blmkgvp6z'],https://www.instagram.com/p/B-6kyX9lSjv/?igshid=fk1blmkgvp6z,['https://t.co/JQw16nIHAW'],https://t.co/JQw16nIHAW
196,https://twitter.com/aye_natasha2/status/1249557034183168001,2020-04-13 04:36:27+00:00,great i woke up late for my HBL,1249557034183168001,aye_natasha2,[],,[],
197,https://twitter.com/garyeo/status/1249538223824678912,2020-04-13 03:21:42+00:00,"Circuit Breaker Day 7

AM Program - PCF HBL for English Class

Today is the first HBL English class for Izac and he is pretty excited about it. 

Partially, because he can get to see his teacher and classmates… https://t.co/Eq8hz4XgbC",1249538223824678912,garyeo,['https://www.instagram.com/p/B-5-DrhFBuK/?igshid=1bpy2xu7xo986'],https://www.instagram.com/p/B-5-DrhFBuK/?igshid=1bpy2xu7xo986,['https://t.co/Eq8hz4XgbC'],https://t.co/Eq8hz4XgbC
198,https://twitter.com/MaddDayat/status/1249515933455904769,2020-04-13 01:53:08+00:00,"Home Based Learning on going.
#distancelearning #HBL #StayHomeStaySafe #StaySafeStayHome
#SGUnited https://t.co/EFqYrKqzAd",1249515933455904769,MaddDayat,[],,[],
199,https://twitter.com/MuhdHxzwxnN/status/1249321378823561224,2020-04-12 13:00:02+00:00,dah tanya tanya tu esok nak kerja ke tak hmm tapi ada hbl 🤔 fking fickleminded,1249321378823561224,MuhdHxzwxnN,[],,[],
200,https://twitter.com/MuhdHxzwxnN/status/1249317728227176448,2020-04-12 12:45:32+00:00,"that’s it for hustling, it’s time for hbl for the week",1249317728227176448,MuhdHxzwxnN,[],,[],
201,https://twitter.com/garyeo/status/1248970857055223809,2020-04-11 13:47:11+00:00,"End of circuit breaker day 5!

A designer beanie hat!

@lilbunlilbao

#jalenyeo 
#mightyjalen 
#lilbao
#covid19 
#circuitbreaker 
#singapore 
#singaporekids 
#hbl
#homeactivitieswithkids
#homeactivities @ Singapore https://t.co/Re3nrHAMm9",1248970857055223809,garyeo,['https://www.instagram.com/p/B-18DCYFv5q/?igshid=k4yr4w0iyr5s'],https://www.instagram.com/p/B-18DCYFv5q/?igshid=k4yr4w0iyr5s,['https://t.co/Re3nrHAMm9'],https://t.co/Re3nrHAMm9
202,https://twitter.com/garyeo/status/1248849095998889984,2020-04-11 05:43:21+00:00,"Circuit Breaker Day 5

AM Program - HBL for Speech &amp; Drama

Izac is getting into the mood for his usual speech and drama class.

@lilbunlilbao

#lilbunlilbao 
#izacyeo 
#wittyizac 
#lilbun 
#jalenyeo 
#mightyjalen… https://t.co/t3BM0ueH15",1248849095998889984,garyeo,['https://www.instagram.com/p/B-1ErYFlyIa/?igshid=hd0x5xxunn'],https://www.instagram.com/p/B-1ErYFlyIa/?igshid=hd0x5xxunn,['https://t.co/t3BM0ueH15'],https://t.co/t3BM0ueH15
203,https://twitter.com/XXIIndigo/status/1248824376432054273,2020-04-11 04:05:08+00:00,"At this point I'm convinced that these kids are just finding excuses to avoid HBL. Well listen up suckers, Google Hangout exists. So even if you ban Zoom, you still have to study lol.",1248824376432054273,XXIIndigo,[],,[],
204,https://twitter.com/XXIIndigo/status/1248822832017977344,2020-04-11 03:58:59+00:00,"WTF so HBL via Zoom is suspended because some idiot didn't use IDs and passwords to access??

https://t.co/hhcg9AyhFQ",1248822832017977344,XXIIndigo,['https://www.channelnewsasia.com/news/singapore/moe-suspends-zoom-home-based-learning-obscene-images-12626534'],https://www.channelnewsasia.com/news/singapore/moe-suspends-zoom-home-based-learning-obscene-images-12626534,['https://t.co/hhcg9AyhFQ'],https://t.co/hhcg9AyhFQ
205,https://twitter.com/basilyeo/status/1248480865140629504,2020-04-10 05:20:08+00:00,@Hannahisrllywe1 Wear this to Monday’s class HBL session,1248480865140629504,basilyeo,[],,[],
206,https://twitter.com/skinheadloco/status/1248187643973832705,2020-04-09 09:54:59+00:00,Esok Cuti Laa Carnales! Yes Aku Tak Cuti WFH Ke HBL Ke HBK Ke DDT Ke 123 Kid Ke Macam Korang Sebab Aku Ni Essentially Yours GM Kat Keje Aku Cakap. So Mintak2 Esok Tak Hujan Laa Jadi Dapat Aku Skate Lagi. Daa Laa… https://t.co/rsrH1bYZxd,1248187643973832705,skinheadloco,['https://www.instagram.com/p/B-wXGezhNbw/?igshid=qc8r4u0nqvyv'],https://www.instagram.com/p/B-wXGezhNbw/?igshid=qc8r4u0nqvyv,['https://t.co/rsrH1bYZxd'],https://t.co/rsrH1bYZxd
207,https://twitter.com/roselynaris/status/1248153376954728448,2020-04-09 07:38:49+00:00,Day 2 - SLS &amp; Zoom meeting (FTGP) #hbl #homebaselearning #circuitbreaker #covid19 @ Boon Lay Meadow https://t.co/UfknQg1oSx,1248153376954728448,roselynaris,['https://www.instagram.com/p/B-wITOVhV8q89HZEPwrh2Sn8Ua6tzbHErfQS440/?igshid=ntmrm9kf39zq'],https://www.instagram.com/p/B-wITOVhV8q89HZEPwrh2Sn8Ua6tzbHErfQS440/?igshid=ntmrm9kf39zq,['https://t.co/UfknQg1oSx'],https://t.co/UfknQg1oSx
208,https://twitter.com/Zikryirwvn/status/1248131736224980992,2020-04-09 06:12:49+00:00,... hbl so uncomfortable sia i understand more in sch..,1248131736224980992,Zikryirwvn,[],,[],
209,https://twitter.com/ikuan/status/1248124737869488129,2020-04-09 05:45:01+00:00,"I’m on HBL too!
Jayne teaching me how to put on the clip!

#ikphoto #selfie #fatherhood #jaynekuan #fatheranddaughter #happy #love #stayhome #hbl #wfh @ Woodlands, Singapore https://t.co/il4KsoZIhx",1248124737869488129,ikuan,['https://www.instagram.com/p/B-v7RzQHm0M/?igshid=meqr0wyt34nd'],https://www.instagram.com/p/B-v7RzQHm0M/?igshid=meqr0wyt34nd,['https://t.co/il4KsoZIhx'],https://t.co/il4KsoZIhx
210,https://twitter.com/subaudible/status/1248111947972841478,2020-04-09 04:54:11+00:00,#StayHome #StayAtHome #HBL Home-based Learning @ Singapore https://t.co/dyjUkE5LAp,1248111947972841478,subaudible,['https://www.instagram.com/p/B-v1ddJpEt0/?igshid=2vvimfyrystv'],https://www.instagram.com/p/B-v1ddJpEt0/?igshid=2vvimfyrystv,['https://t.co/dyjUkE5LAp'],https://t.co/dyjUkE5LAp
211,https://twitter.com/dreampipe/status/1248068296982683654,2020-04-09 02:00:44+00:00,@tianglim @ravibhushan It’s impossible now to keep the young one busy and Steward 2 others through HBL - oh and work,1248068296982683654,dreampipe,[],,[],
212,https://twitter.com/hxrda_/status/1247858047851982848,2020-04-08 12:05:17+00:00,Our hardwork paid off seeing you all do the HBL kit 😭😭😭,1247858047851982848,hxrda_,[],,[],
213,https://twitter.com/TehAisBatu/status/1247848977199845378,2020-04-08 11:29:14+00:00,"""ah gitu² je la kau haiqel yang laon hbl ngn muka bru bgn tido, kau pulak ngn mataey nak sweet² depan kita"" bro I -",1247848977199845378,TehAisBatu,[],,[],
214,https://twitter.com/TehAisBatu/status/1247848250775724033,2020-04-08 11:26:21+00:00,"""tgh dating masih sempat nak layan hbl eh"" hehehehehe",1247848250775724033,TehAisBatu,[],,[],
215,https://twitter.com/TheMafaazKalid/status/1247819155652435968,2020-04-08 09:30:44+00:00,FUCK HBL,1247819155652435968,TheMafaazKalid,[],,[],
216,https://twitter.com/MuhdHxzwxnN/status/1247772349547417600,2020-04-08 06:24:45+00:00,day 1 of HBL,1247772349547417600,MuhdHxzwxnN,[],,[],
217,https://twitter.com/milsonng/status/1247770018877542405,2020-04-08 06:15:29+00:00,"I've never worked so hard in my life before.

5mins lunch between online meetings

Feeling like 🐙 now.

Effect of WFH and HBL.

Need to prioritise. @ Jurong West, Singapore https://t.co/QYmhnqclEj",1247770018877542405,milsonng,['https://www.instagram.com/p/B-tZ9ZgHxOF/?igshid=ke4gkd8uhxvp'],https://www.instagram.com/p/B-tZ9ZgHxOF/?igshid=ke4gkd8uhxvp,['https://t.co/QYmhnqclEj'],https://t.co/QYmhnqclEj
218,https://twitter.com/monikalulla/status/1247768576619982848,2020-04-08 06:09:45+00:00,"All done with HBL for today, yay! Time for a game of Brix and for princesssarisha to kick my ass in it. #CB #HBL #HomeSchooling @ Singapore https://t.co/vGSb2YLkbW",1247768576619982848,monikalulla,['https://www.instagram.com/p/B-tZUMbFma26xKh7YLoAMftoR3EriPRHCXDal00/?igshid=z6e4ncv634gw'],https://www.instagram.com/p/B-tZUMbFma26xKh7YLoAMftoR3EriPRHCXDal00/?igshid=z6e4ncv634gw,['https://t.co/vGSb2YLkbW'],https://t.co/vGSb2YLkbW
219,https://twitter.com/madkuman/status/1247722250968547329,2020-04-08 03:05:40+00:00,"Ok. Made up my mind, wil buy AMD Rysen 5. A lil bit late for my HBL. 😂😂",1247722250968547329,madkuman,[],,[],
220,https://twitter.com/bryantoh8881/status/1247715486944673795,2020-04-08 02:38:48+00:00,#HBL + #WFH = KO,1247715486944673795,bryantoh8881,[],,[],
221,https://twitter.com/roselynaris/status/1247679450323365888,2020-04-08 00:15:36+00:00,Let's go! #hbl #homebaselearning #circuitbreaker #covid19 @ Boon Lay Meadow https://t.co/opW1CBa3OP,1247679450323365888,roselynaris,['https://www.instagram.com/p/B-swyG9B2LtX3neSZIHf5wnKCHWmULv0Lt8sHg0/?igshid=1ekw7i02m9m2f'],https://www.instagram.com/p/B-swyG9B2LtX3neSZIHf5wnKCHWmULv0Lt8sHg0/?igshid=1ekw7i02m9m2f,['https://t.co/opW1CBa3OP'],https://t.co/opW1CBa3OP
222,https://twitter.com/roselynaris/status/1247676143265775619,2020-04-08 00:02:27+00:00,Someone was made to wake up at 7am today and for the rest of the month. #hbl #homebaselearning #circuitbreaker #covid19 @ Boon Lay Meadow https://t.co/KupAcebToF,1247676143265775619,roselynaris,['https://www.instagram.com/p/B-svR6xBwdo2e9WrTecG3fzkF6ecr8s_SrJxBA0/?igshid=16j36338g1o95'],https://www.instagram.com/p/B-svR6xBwdo2e9WrTecG3fzkF6ecr8s_SrJxBA0/?igshid=16j36338g1o95,['https://t.co/KupAcebToF'],https://t.co/KupAcebToF
223,https://twitter.com/roselynaris/status/1247675332167155714,2020-04-07 23:59:14+00:00,HBL Day 1 - Crispy French Toast #breakfast #hbl #homebaselearning #circuitbreaker #covid19 @ Boon Lay Meadow https://t.co/sjWnINoZzC,1247675332167155714,roselynaris,['https://www.instagram.com/p/B-su6NHBxJV6CFKDuGzkRsANde11v1I8tbiAs80/?igshid=ldo6m3s445io'],https://www.instagram.com/p/B-su6NHBxJV6CFKDuGzkRsANde11v1I8tbiAs80/?igshid=ldo6m3s445io,['https://t.co/sjWnINoZzC'],https://t.co/sjWnINoZzC
224,https://twitter.com/FarieRose/status/1247666257848979457,2020-04-07 23:23:11+00:00,"Didn't even realise yst was the first day of lockdown.. hehe.. sorry, am on HBL time zone. Today we start lockdown heh. 

(But tmr I'm authorised to conduct essential services ah. Polis don't catch me ah..)",1247666257848979457,FarieRose,[],,[],
225,https://twitter.com/MuhdHxzwxnN/status/1247541144856100865,2020-04-07 15:06:01+00:00,HBL tomorrow and i’m working 🙃,1247541144856100865,MuhdHxzwxnN,[],,[],
226,https://twitter.com/ezlanazman/status/1247523466732900374,2020-04-07 13:55:46+00:00,HBL starts tmr zz,1247523466732900374,ezlanazman,[],,[],
227,https://twitter.com/apinkyaffair/status/1247521143881216003,2020-04-07 13:46:33+00:00,"My arts is so nice.🤣

Yes, it's officially Day 1 of Circuit Breaker.

 I'm experiencing this Day 1 for today only as I am on Essential line.😂

However, just want to encourage those who are #WFH and #HBL and… https://t.co/bb2flxD6v0",1247521143881216003,apinkyaffair,['https://www.instagram.com/p/B-roysghOo6/?igshid=nh9wfb3lgas1'],https://www.instagram.com/p/B-roysghOo6/?igshid=nh9wfb3lgas1,['https://t.co/bb2flxD6v0'],https://t.co/bb2flxD6v0
228,https://twitter.com/garyeo/status/1247517611589541888,2020-04-07 13:32:31+00:00,"我家大少温习时间！

@lilbunlilbao 

#izacyeo 
#wittyizac 
#lilbunlilbao 
#singapore 
#singaporekids 
#covid19 
#berries
#learnmandarin 
#learnmandarinonline 
#hbl 

Photos with #google #pixel4 #teampixel #googlephotos @… https://t.co/uC3L8L2JTw",1247517611589541888,garyeo,['https://www.instagram.com/p/B-rnMEOF09R/?igshid=ybchk022bjtu'],https://www.instagram.com/p/B-rnMEOF09R/?igshid=ybchk022bjtu,['https://t.co/uC3L8L2JTw'],https://t.co/uC3L8L2JTw
229,https://twitter.com/FarieRose/status/1247500026202312711,2020-04-07 12:22:38+00:00,"My fellow SPED teachers, bless your souls. Bless your efforts. May you all have good rest this next few nights. God knows... The pains and length we go to ... To attempt to make HBL workable for the students at home. #SPED educators are a special type of heroes. 💜💙💜💙",1247500026202312711,FarieRose,[],,[],
230,https://twitter.com/Zikryirwvn/status/1247391210525700096,2020-04-07 05:10:14+00:00,quite funny sia hbl i open only see maf muka busyuk HAHAHA,1247391210525700096,Zikryirwvn,[],,[],
231,https://twitter.com/phuser72/status/1247218374003884033,2020-04-06 17:43:27+00:00,"Daddy got #mycheekyprincess to Zoom 🏎 on the wrong day for her HBL... one of those kio tio moments for her #athomeveryfreebutnoHBL @ Punggol, Singapore https://t.co/4SUV6oN9S0",1247218374003884033,phuser72,['https://www.instagram.com/p/B-pfHLvlOoe/?igshid=1axmg6sqcjtan'],https://www.instagram.com/p/B-pfHLvlOoe/?igshid=1axmg6sqcjtan,['https://t.co/4SUV6oN9S0'],https://t.co/4SUV6oN9S0
232,https://twitter.com/hsienlei/status/1246936070920392704,2020-04-05 23:01:40+00:00,Watching my child put on a mask before stepping into school this morning was the first time I felt the icy fingers of fear grip my heart. Home-based learning starts on Wednesday in #Singapore.  #school #covid19 #hbl,1246936070920392704,hsienlei,[],,[],
233,https://twitter.com/SufySitiHearts/status/1246824287677239296,2020-04-05 15:37:29+00:00,Both of us working. Who wanna take care? And HBL... Mom? Elderly stage alrdy... Maid? Worst. Bad experience for my first maid.Haiz.. lucky i dun have to go thru this now.,1246824287677239296,SufySitiHearts,[],,[],
234,https://twitter.com/haziqqqaaahzik/status/1246781998800056321,2020-04-05 12:49:27+00:00,5 Weeks Of Holiday + 4 Week HBL? I Highkey Rindu School Atmosphere,1246781998800056321,haziqqqaaahzik,[],,[],
235,https://twitter.com/stapeslr/status/1246669991241371648,2020-04-05 05:24:22+00:00,"👏👏👏- currently pondering the anxiety that being on a google hangouts with your whole class might cause some of our Ss

Any ideas how to mitigate this for some of our Ss b4 we start HBL? 

I’m thinking of sending info prior to starting about it being ok to mute &amp; turn off cams https://t.co/4o8rbW0kS1",1246669991241371648,stapeslr,['https://twitter.com/ShawnPeck6/status/1246228843435876353'],https://twitter.com/ShawnPeck6/status/1246228843435876353,['https://t.co/4o8rbW0kS1'],https://t.co/4o8rbW0kS1
236,https://twitter.com/haziqqqaaahzik/status/1246355392705073152,2020-04-04 08:34:16+00:00,"All Jokes Aside, Let Us All Pray Hopefully That Students With Frontliner Parents, Abusive Parents And Their Only Safe Place Is School To Be Safe Through Out This 1 Month  Of HBL .",1246355392705073152,haziqqqaaahzik,[],,[],
237,https://twitter.com/Hiizir/status/1246235998809284609,2020-04-04 00:39:50+00:00,@aiszcream I really pity the O level kids. This is the time where they need really close supervision. HBL confirm they will sleep.,1246235998809284609,Hiizir,[],,[],
238,https://twitter.com/Hiizir/status/1246120959062360064,2020-04-03 17:02:43+00:00,"Not that I am discounting a teacher's plight to plan HBL for students,

But my heart also goes out to all my friends who are on the verge of not receiving pay during the closure and even a possibility of a retrenchment.",1246120959062360064,Hiizir,[],,[],
239,https://twitter.com/TehAisBatu/status/1246043184234246154,2020-04-03 11:53:40+00:00,hbl on w2 &amp; w4. i'll be bored af at home 🙃 https://t.co/AD6jZBMzv4,1246043184234246154,TehAisBatu,['https://twitter.com/le3y4h/status/1246014987333558272'],https://twitter.com/le3y4h/status/1246014987333558272,['https://t.co/AD6jZBMzv4'],https://t.co/AD6jZBMzv4
240,https://twitter.com/ray_singapore/status/1246002063051345921,2020-04-03 09:10:16+00:00,4月から予定していた娘のプレスクール入園も延期か。楽しい所だよ！優しい先生やお友達と遊べるよ！とさんざんすりこんで、本人は未知の世界へ飛び込むことを楽しみにワクワクしていたのにごめんね。友達を作る、社交を学ぶ、家族以外の人と関わる、全力で遊ぶ、が目的の3歳に有効なHBLはあるだろうか,1246002063051345921,ray_singapore,[],,[],
241,https://twitter.com/dchieng/status/1245995252982468608,2020-04-03 08:43:12+00:00,Say it with me: HBL HBL HBL,1245995252982468608,dchieng,[],,[],
242,https://twitter.com/mxzzygxth/status/1245994980675440641,2020-04-03 08:42:07+00:00,Stay Home policy.... Dont go out unless you need to buy essential things... Only essential establishment will open. School closed and all are HBL... a month...,1245994980675440641,mxzzygxth,[],,[],
243,https://twitter.com/poppyhobi/status/1245991626721251329,2020-04-03 08:28:47+00:00,On a serious note this is a very necessary precaution to ensure that we're all safe and to compress the situation but HBL will end all of our careers ✨,1245991626721251329,poppyhobi,[],,[],
244,https://twitter.com/stapeslr/status/1245873817005617153,2020-04-03 00:40:39+00:00,A4: we haven’t fully gone to HBL yet in Singapore so we shall see how it all goes with one day a wk! My next challenge will be managing stress/expectations with the schools decision that y13 are to do formal exams that will not impact their official DP grading 😱😱😱 #masterychat https://t.co/PsICvzj4I5,1245873817005617153,stapeslr,['https://twitter.com/chadostrowski/status/1245871134123294725'],https://twitter.com/chadostrowski/status/1245871134123294725,['https://t.co/PsICvzj4I5'],https://t.co/PsICvzj4I5
245,https://twitter.com/stapeslr/status/1245872641153495042,2020-04-03 00:35:59+00:00,A3: #masterychat I’ve started a 30 day yoga challenge with @yogawithadriene - only completed day one but it was awesome!! Going to keep this going while we go back to school next week for 3 days and 1 HBL day!! Also being gentle!!! https://t.co/1UaKGVJTxe,1245872641153495042,stapeslr,['https://twitter.com/chadostrowski/status/1245868617599721472'],https://twitter.com/chadostrowski/status/1245868617599721472,['https://t.co/1UaKGVJTxe'],https://t.co/1UaKGVJTxe
246,https://twitter.com/DesignTeacherSG/status/1245677128349143040,2020-04-02 11:39:05+00:00,"As I prepped myself up for HBL this morning, this phrase just appeared in my head:

“The last bastions of normalcy”

Just how long this sense of ‘normalcy’ will last before it turns red...no one knows. Let’s hope for the best, but prep for the worse. 🤲🏽",1245677128349143040,DesignTeacherSG,[],,[],
247,https://twitter.com/enzoticaaa/status/1245513873588805632,2020-04-02 00:50:22+00:00,"Watching her struggle,dealing with 35kids. Then i saw on IG someone saying wanna clap for parents having to deal with their own kid on hbl. Btw sis did all these while juggling caring for her 7 mth old toddler.Sis was like “nvm, i ownself clap ownself, ownself pat ownself back.”",1245513873588805632,enzoticaaa,[],,[],
248,https://twitter.com/enzoticaaa/status/1245513869893595137,2020-04-02 00:50:21+00:00,I see posts abt parents being confused abt HBL and saying they cannot stand their kids being hime on weekdays... errr... hello who asked u to have children then if u cant look aftr ur own kid? Complained abt getting lots of instructions for ONE child.,1245513869893595137,enzoticaaa,[],,[],
249,https://twitter.com/anferneeck/status/1245505351450951680,2020-04-02 00:16:30+00:00,"After this month long Home-Based Learning (HBL), I’m sure parents will become more appreciative of the teachers in Singapore. #justsaying #covid19 #coronavirus #hbl",1245505351450951680,anferneeck,[],,[],
250,https://twitter.com/pheobetan/status/1245493872005971970,2020-04-01 23:30:53+00:00,HBL day for the evils (@ Beejie's House) https://t.co/SomNCdiGuk,1245493872005971970,pheobetan,['https://www.swarmapp.com/c/5hYz7uB19gV'],https://www.swarmapp.com/c/5hYz7uB19gV,['https://t.co/SomNCdiGuk'],https://t.co/SomNCdiGuk
251,https://twitter.com/milsonng/status/1245219531997556736,2020-04-01 05:20:46+00:00,"I'm having home based Learning (HBL) too!

Thanks for the online sharing session Ir-win with more than 200 Realtors, organised by sriexperience

One of the highlights is big ticket deals are still happening despite… https://t.co/QsyYbWbflc",1245219531997556736,milsonng,['https://www.instagram.com/p/B-bSJNDHa0K/?igshid=vqepjacdjime'],https://www.instagram.com/p/B-bSJNDHa0K/?igshid=vqepjacdjime,['https://t.co/QsyYbWbflc'],https://t.co/QsyYbWbflc
252,https://twitter.com/eviltofu/status/1245211685482196996,2020-04-01 04:49:35+00:00,"Parents who have kids using the HBL system in Singapore, how many of you have a large stash of alcohol or plan to get a large stash of alcohol? 🐮",1245211685482196996,eviltofu,[],,[],
253,https://twitter.com/roselynaris/status/1245195557863333889,2020-04-01 03:45:30+00:00,#hbl #homebaselearning #elearning #studentlearningspace #rulangprimaryschool #arshadadryan @ Boon Lay Meadow https://t.co/qHTWIuQMeu,1245195557863333889,roselynaris,['https://www.instagram.com/p/B-bHPWDB_kV6-LNeW_75WoaVkUowUwjzI0_npQ0/?igshid=kfzskkdrvagx'],https://www.instagram.com/p/B-bHPWDB_kV6-LNeW_75WoaVkUowUwjzI0_npQ0/?igshid=kfzskkdrvagx,['https://t.co/qHTWIuQMeu'],https://t.co/qHTWIuQMeu
254,https://twitter.com/naddyzuko/status/1243164669612679168,2020-03-26 13:15:28+00:00,hbl been great .. 4 more days till i'm coming back to school 😩,1243164669612679168,naddyzuko,[],,[],
255,https://twitter.com/FarieRose/status/1240292958751969280,2020-03-18 15:04:19+00:00,My students coming home from March holidays... My friends and colleagues coming home from March holidays... M _ E confirm wil keep school open... And upsell SLS/HBL. Wanna bet?,1240292958751969280,FarieRose,[],,[],
256,https://twitter.com/bluestarbbasia/status/1237555744515346432,2020-03-11 01:47:36+00:00,TAMSUI High School win HBL 108 Championship 🏆 https://t.co/DAYzYq1B11,1237555744515346432,bluestarbbasia,[],,[],
257,https://twitter.com/bluestarbbasia/status/1232663336417820672,2020-02-26 13:46:55+00:00,"Who are the the 4 teams competing for the HBL🏆READ BELOW! ↙️

➡️ https://t.co/aZSIS9cam3 https://t.co/tYi7gKQzv9",1232663336417820672,bluestarbbasia,['http://bit.ly/bsaff108hbl'],http://bit.ly/bsaff108hbl,['https://t.co/aZSIS9cam3'],https://t.co/aZSIS9cam3
258,https://twitter.com/bluestarbbasia/status/1229954553312735232,2020-02-19 02:23:11+00:00,"When the squad hears someone cough or sneeze 🤧 #reallife 

📸 Cred - HBL Fans https://t.co/bXQ03203wj",1229954553312735232,bluestarbbasia,[],,[],
259,https://twitter.com/bluestarbbasia/status/1229833884117815296,2020-02-18 18:23:41+00:00,Congrats to the teams that made it to the HBL 🇹🇼 Final 4 🏀this past weekend! https://t.co/sP7kLe4RQQ,1229833884117815296,bluestarbbasia,[],,[],
260,https://twitter.com/bluestarbbasia/status/1226899366742355968,2020-02-10 16:02:58+00:00,Media table views #HBL 📸🏀 https://t.co/2I7MxJIYXz,1226899366742355968,bluestarbbasia,[],,[],
