,url,date,content,id,username,outlinks,outlinksss,tcooutlinks,tcooutlinksss
0,https://twitter.com/_amirulakhbar/status/1343848175665205251,2020-12-29 09:15:47+00:00,Well being good sucks ain't it,1343848175665205251,_amirulakhbar,[],,[],
1,https://twitter.com/miniminimynemo/status/1343485929378332672,2020-12-28 09:16:20+00:00,Tatawagin bang well being leave yan kung di naman i-papamper ang self? 😝 https://t.co/Cy2cnZoICu,1343485929378332672,miniminimynemo,[],,[],
2,https://twitter.com/crabstick88/status/1340734221288030208,2020-12-20 19:02:02+00:00,"Everynight just worrying about my emotional wellbeing... Telling myself ""it's ok""

Don't know when the time bomb will just break...",1340734221288030208,crabstick88,[],,[],
3,https://twitter.com/mauiwose/status/1339140168393973766,2020-12-16 09:27:50+00:00,"Really grateful to be a part of Ericsson company. In difficult times of this long pandemic, our compy really step up and take care the wellbeing of all its employee! #kudos",1339140168393973766,mauiwose,[],,[],
4,https://twitter.com/AaronAlMarteen/status/1338118767750959105,2020-12-13 13:49:09+00:00,"I am, however, worried bout his well-being. The question if he had eaten, has he had sufficient rest, is the job too demanding for his body etc. You see, if I don’t love him, if I don’t care for him, these worries would not surface. As much as I’m denying it, he’s still my Bae :) https://t.co/RW7wZjPUXt",1338118767750959105,AaronAlMarteen,[],,[],
5,https://twitter.com/nunudottz/status/1337065648795447301,2020-12-10 16:04:26+00:00,"Staycation one night eh, tu pun after work. Jadi lah. ""Well-being leave"" lah kan.",1337065648795447301,nunudottz,[],,[],
6,https://twitter.com/nunudottz/status/1337065644479668227,2020-12-10 16:04:25+00:00,"Was given ""Well-being leave"" this year due to covid but didnt know I had to use it by this year.",1337065644479668227,nunudottz,[],,[],
7,https://twitter.com/kyzermutt/status/1336782384558030849,2020-12-09 21:18:51+00:00,"It's time for a mental wellness check for yourself.

Being restricted in movements have put a lot of strain in quite a lot of people's mental well-being.

Please take care of yourself, take a day break from the online world if you need to.",1336782384558030849,kyzermutt,[],,[],
8,https://twitter.com/aprilMT2/status/1335963950005903360,2020-12-07 15:06:41+00:00,"Aka no need feel bad is what I’m trying to say, I ain’t helping at the expense of my well being. No need feel guilty or whatever, come come!!",1335963950005903360,aprilMT2,[],,[],
9,https://twitter.com/anergaard/status/1334832941004804097,2020-12-04 12:12:27+00:00,Taking part in this #happiness conference was a real pleasure - 🙏 to our brilliant moderator @NikkiMullerFLY - my wonderful #Nordic colleagues @nkvarnstrom @DKAmbSG @FinEmbSin &amp; not least #happinessinitiative_sg for helping spread joy &amp; well-being! https://t.co/aXQiDHDGTj,1334832941004804097,anergaard,['https://twitter.com/nkvarnstrom/status/1334805754088284160'],https://twitter.com/nkvarnstrom/status/1334805754088284160,['https://t.co/aXQiDHDGTj'],https://t.co/aXQiDHDGTj
10,https://twitter.com/malachips/status/1333208717815287810,2020-11-30 00:38:22+00:00,@mrs_wee That’s a really crap company that does not care about the well being of the staff. Hope it’s not a SG company,1333208717815287810,malachips,[],,[],
11,https://twitter.com/Zaber1992/status/1332720027347259393,2020-11-28 16:16:29+00:00,"Rimu, the woman BBC recognised for her work towards Rohingya refugees' wellbeing https://t.co/U1YXx4Aod4",1332720027347259393,Zaber1992,['https://www.thedailystar.net/country/news/rimu-the-woman-bbc-recognised-her-work-towards-rohingya-refugees-wellbeing-2002389'],https://www.thedailystar.net/country/news/rimu-the-woman-bbc-recognised-her-work-towards-rohingya-refugees-wellbeing-2002389,['https://t.co/U1YXx4Aod4'],https://t.co/U1YXx4Aod4
12,https://twitter.com/Arjunv_official/status/1330993423730372609,2020-11-23 21:55:35+00:00,"The 'Abhayam' project is yet another example of the Andhra Pradesh govt's commitment to the safety, security &amp; well-being of women&amp;children in the state. Over 1 lakh autos&amp; taxis will have tracking devices by Nov 2021, a feat unparalleled in the country. @ysjagan @SucharitaYSRCP https://t.co/5u4zDMYv82",1330993423730372609,Arjunv_official,[],,[],
13,https://twitter.com/DanspireVy/status/1329100809829707778,2020-11-18 16:35:01+00:00,"📌 Wow... I am on a billboard. 

#scape
#somaticmovement
#mental
#health
#wellbeing
#dancetherapy
#somatictherapy
#vincentyong
#movementSG @ Singapore, City. Asia. https://t.co/0Us04TYf1N",1329100809829707778,DanspireVy,['https://www.instagram.com/p/CHvS7pGnXrB/?igshid=9loxn0754nm2'],https://www.instagram.com/p/CHvS7pGnXrB/?igshid=9loxn0754nm2,['https://t.co/0Us04TYf1N'],https://t.co/0Us04TYf1N
14,https://twitter.com/wongjoseph95/status/1329019887218520064,2020-11-18 11:13:27+00:00,Had to go for a walk to keep my well-being in check #adobelightroom @ Toa Payoh Town Park https://t.co/QH0Lufdjwo,1329019887218520064,wongjoseph95,['https://www.instagram.com/p/CHuuIlDnyH5/?igshid=fh5x6bb96d3z'],https://www.instagram.com/p/CHuuIlDnyH5/?igshid=fh5x6bb96d3z,['https://t.co/QH0Lufdjwo'],https://t.co/QH0Lufdjwo
15,https://twitter.com/LynnDangAU/status/1327221699591323648,2020-11-13 12:08:06+00:00,Me on the podcast talking about employee mental health and wellbeing. Its more important than ever to destigmatise and provide meaningful support structures. #futureofwork #Mentalhealth https://t.co/zF2dOGGpfW,1327221699591323648,LynnDangAU,['https://twitter.com/dbsbank/status/1326871710642147328'],https://twitter.com/dbsbank/status/1326871710642147328,['https://t.co/zF2dOGGpfW'],https://t.co/zF2dOGGpfW
16,https://twitter.com/AFatElectron/status/1327080484963184640,2020-11-13 02:46:58+00:00,"Wanted to post a anti worker party post.

Decide against it cos wait kana attack and it may have an effect on mental well being given my tight situation now.

So wait to die another day. In future, when my resources increased, then I can attack worker party crap full time.",1327080484963184640,AFatElectron,[],,[],
17,https://twitter.com/rramapriya/status/1324269600503070721,2020-11-05 08:37:31+00:00,"As we explored mixed media techniques and played with pastels today, my 1st grade artists discovered that art can be used to journal their affirmations- exploring therapeutic effects of art #saisrocks #wellbeing #cognitaway #artjournal #arttherapy #g1art @SaisWellness @tanyavok https://t.co/vXRHLAY74E",1324269600503070721,rramapriya,[],,[],
18,https://twitter.com/ScabbieDog/status/1323803795512467456,2020-11-04 01:46:34+00:00,The government's planning proposals are undemocratic and could allow developments to be rushed through with little consideration for the environment or community wellbeing. I asked my councillors to tell the government to think again. Will you ask yours? https://t.co/kyJ7TqwbLB,1323803795512467456,ScabbieDog,['https://foe.uk/q6vy7'],https://foe.uk/q6vy7,['https://t.co/kyJ7TqwbLB'],https://t.co/kyJ7TqwbLB
19,https://twitter.com/mkclodiagmailc1/status/1323456505778040832,2020-11-03 02:46:34+00:00,"@thenews_intl Well done Jennifer Aniston. We are with you. We share your wish. ... for America to return to dignity, with a new President who is honest and cares for the wellbeing of his people.",1323456505778040832,mkclodiagmailc1,[],,[],
20,https://twitter.com/RafiRafiuddin/status/1323363768785543168,2020-11-02 20:38:04+00:00,"Day 2 of Movember and this is where my vow not to shave every November, remains strong. This is why I keep updating for the sake of monitoring my wellbeing and promoting awareness of men's health. Keep it together! https://t.co/qpQm0D1xSz",1323363768785543168,RafiRafiuddin,['https://www.instagram.com/p/CHGiByBHJKe/?igshid=6whgse0ce30b'],https://www.instagram.com/p/CHGiByBHJKe/?igshid=6whgse0ce30b,['https://t.co/qpQm0D1xSz'],https://t.co/qpQm0D1xSz
21,https://twitter.com/rramapriya/status/1322708668287082496,2020-11-01 01:14:55+00:00,"@mrkempnz @theedtechchat @Sean4d @davidleeedtech @watnunu @BoomWriter_ @Grammarly @Flipgrid @JenWilliamsEdu @greg_ashman @Rdene915 @EvoHannan @HostBrian @FiMorrison2 @naomi_toland @PRCGASKELL @VictoriaTheTech @pernilleripp Answering this week Q posed to audience.  What we can do to be at our best both at work and home, taking care of our wellbeing - Rest Rest and Rest.  There are 9 types of rest and I do the 4 and 5 a lot for my wellbeing https://t.co/5XlsXS0mKp",1322708668287082496,rramapriya,[],,[],
22,https://twitter.com/Dr_Weipeng_Yang/status/1321848467199684608,2020-10-29 16:16:47+00:00,"After receiving a gift reward from an US survey project, I made a donation to the National Park Foundation, which is good for people's well-being! Cheers! (And yes, I didn't donate to the US public health center... My 'vote' finally counts) https://t.co/ISaGY3YuBH",1321848467199684608,Dr_Weipeng_Yang,[],,[],
23,https://twitter.com/MrBarnesTweets/status/1320635180936167424,2020-10-26 07:55:38+00:00,We’re now out of quarantine and starting our life here in Malaysia 🇲🇾. How did you stay sane and maintain well-being when you relocated this year? Please share to help build up a picture #internationallife https://t.co/glfGrNqp6l,1320635180936167424,MrBarnesTweets,['https://twitter.com/IntlTes/status/1320411549916303360'],https://twitter.com/IntlTes/status/1320411549916303360,['https://t.co/glfGrNqp6l'],https://t.co/glfGrNqp6l
24,https://twitter.com/rramapriya/status/1320017811486375937,2020-10-24 15:02:25+00:00,"A scene that I always observe during my morning duty at school.  Sometimes it’s that little support available to hold on to that matters to standup and thrive without falling! Be it children or co-workers or friends or family!

#support #wellbeing #thrive #saisrocks https://t.co/fw9B5Su8H5",1320017811486375937,rramapriya,[],,[],
25,https://twitter.com/movieperson8583/status/1319775771586555904,2020-10-23 23:00:38+00:00,@haunting of Blu Manor is a little disappointing comparing to Hill House. It is not the horror genre that most audiences are looking for. It however portrays mental well being perfectly through its characters and the decision they made in love and life. #HauntingOfBlyManor https://t.co/caviJlceYS,1319775771586555904,movieperson8583,[],,[],
26,https://twitter.com/MrBarnesTweets/status/1319621927837679617,2020-10-23 12:49:19+00:00,"Looking forward to reading your insights, Jamie. A timely release for all of us in the profession. Pre-ordered. #wellbeing https://t.co/h57rveY28m",1319621927837679617,MrBarnesTweets,['https://twitter.com/teachgratitude1/status/1319527200803217408'],https://twitter.com/teachgratitude1/status/1319527200803217408,['https://t.co/h57rveY28m'],https://t.co/h57rveY28m
27,https://twitter.com/carney_dana/status/1319182353994936320,2020-10-22 07:42:37+00:00,"G1 artists explored various ways #art can be used to promote #wellness in their daily lives. Such important skills and #growthmindset being developed. Our recent bulletin board shows their thoughts, materials, processes and products! @SAmericanSchool #wellbeing https://t.co/WwlWaRvBEQ",1319182353994936320,carney_dana,[],,[],
28,https://twitter.com/eddydaud/status/1317091191180066817,2020-10-16 13:13:05+00:00,"Our King is taking the side of the people, he cares about our well being unlike the power crazed politicians who does not give a damn about us. Understand SCMP? https://t.co/0Pm5Uv9hTF",1317091191180066817,eddydaud,['https://twitter.com/SCMPNews/status/1317075662797242368'],https://twitter.com/SCMPNews/status/1317075662797242368,['https://t.co/0Pm5Uv9hTF'],https://t.co/0Pm5Uv9hTF
29,https://twitter.com/GabrielSim/status/1314820141922754560,2020-10-10 06:48:44+00:00,"The #Singapore government will formulate a Tripartite Advisory on #mental #Wellbeing, which aims to help employers support and improve the psychological well-being of their workers. Here's to a healthy mind! #mentalhealthday2020 #MentalHealth
https://t.co/BHAIjrTD2L",1314820141922754560,GabrielSim,['https://str.sg/J2ho'],https://str.sg/J2ho,['https://t.co/BHAIjrTD2L'],https://t.co/BHAIjrTD2L
30,https://twitter.com/Wuchereria1/status/1314736248532037635,2020-10-10 01:15:22+00:00,"Movement Control Order day 207, Recovery MCO day 123.  This morning I am attending the Mental Wellbeing in HE webinar organized by EduCity. It is essential to give strong support to all of our students in this area all of the time. Good luck to Dr Ma Brenda Pancho for your talk. https://t.co/3drg9Ovw9z",1314736248532037635,Wuchereria1,[],,[],
31,https://twitter.com/Syedap/status/1313268687302918145,2020-10-06 00:03:49+00:00,How prioritizing health is a prescription for US prosperity https://t.co/TTMjnJtNMa via @McKinsey_MGI #healthylifestyle #economicrecovery #Wellbeing #innovation #technology #behavior #PeopleFirst #GrowthMindset #inclusivity,1313268687302918145,Syedap,['https://mck.co/33w7TVP'],https://mck.co/33w7TVP,['https://t.co/TTMjnJtNMa'],https://t.co/TTMjnJtNMa
32,https://twitter.com/lowyvonne/status/1311939515817160705,2020-10-02 08:02:09+00:00,@BeholdIsrael Praying for the President’s and the First Lady’s quick recovery and well-being.,1311939515817160705,lowyvonne,[],,[],
33,https://twitter.com/paraparazi/status/1311532910009147392,2020-10-01 05:06:27+00:00,Borneo was not allowed in any world now because of them cloning too many Male Parasite and I will pronounced them as the Magog and invaders for invasion on my own privacy using the internet and CCTV..as well being useless in Singapore ..📷 https://t.co/9kXMFSFLRZ,1311532910009147392,paraparazi,['https://twitter.com/paraparazi/status/1311532389756100612'],https://twitter.com/paraparazi/status/1311532389756100612,['https://t.co/9kXMFSFLRZ'],https://t.co/9kXMFSFLRZ
34,https://twitter.com/serrynaimo/status/1297330743136251904,2020-08-23 00:32:07+00:00,@slsoftworks @evaferreira92 @AnjanaVakil @baelathefox I’m concerned over @slsoftworks well being now. 😣,1297330743136251904,serrynaimo,[],,[],
35,https://twitter.com/rachaelsymes1/status/1296985509869187072,2020-08-22 01:40:17+00:00,@Adam88Patterson @kalea_haran Friday afternoon well-being! https://t.co/ZPFaX7C3Ag,1296985509869187072,rachaelsymes1,[],,[],
36,https://twitter.com/LynnDangAU/status/1290227325670285312,2020-08-03 10:05:40+00:00,@sarahcalverley @Microsoft_SG Thanks Sarah. Ive organised for Jamila to talk to the team tomorrow. And we will spend a session discussing mental health and well-being. Love kickoffs!,1290227325670285312,LynnDangAU,[],,[],
37,https://twitter.com/slimfit_tini/status/1286104740405735424,2020-07-23 01:03:59+00:00,"WHEN YOU TAKE GOOD &amp; HEALTHY FOOD MEANS YOU WILL HAVE GOOD &amp; HEALTHY MOOD😍. 
-
-
Eating regular healthy meals is proven to have a positive effect on our physical and mental wellbeing.🥰🔥🤸🏻‍♀️💪🏻
•
""Makanlah makanan… https://t.co/VXx25LDODY",1286104740405735424,slimfit_tini,['https://www.instagram.com/p/CC9x3sgJfzf/?igshid=xgn1t6woeu3z'],https://www.instagram.com/p/CC9x3sgJfzf/?igshid=xgn1t6woeu3z,['https://t.co/VXx25LDODY'],https://t.co/VXx25LDODY
38,https://twitter.com/ekonautsg/status/1285446566367465472,2020-07-21 05:28:38+00:00,5. You and your team's safety and well being are not cared for.,1285446566367465472,ekonautsg,[],,[],
39,https://twitter.com/sciencecantell/status/1284428653489577991,2020-07-18 10:03:49+00:00,‘Maybe you weren’t educated enough about health and well-being’ 🙊 https://t.co/vFwqVzoF6B,1284428653489577991,sciencecantell,[],,[],
40,https://twitter.com/rrampuria/status/1282150384530649088,2020-07-12 03:10:47+00:00,@SrBachchan Wish and pray for you early recovery and for all those who are suffering from this terrible pandemic. I pray for well being of all. Aum Arham.,1282150384530649088,rrampuria,[],,[],
41,https://twitter.com/_laforketta/status/1281865022415745024,2020-07-11 08:16:51+00:00,"Sourdough bruschetta 
We are  committed to ensuring the well being of our customers and co-workers. Strict preventive measures will be implemented so that you can enjoy a safe dining’s experience.
La Forketta//… https://t.co/1gvC2oLVdo",1281865022415745024,_laforketta,['https://www.instagram.com/p/CCfqlXzHdsx/?igshid=1cj1s669r9qon'],https://www.instagram.com/p/CCfqlXzHdsx/?igshid=1cj1s669r9qon,['https://t.co/1gvC2oLVdo'],https://t.co/1gvC2oLVdo
42,https://twitter.com/dr_ashok0124/status/1281174906680471554,2020-07-09 10:34:35+00:00,"Doctor ,his clinic and his #plants ! Immersing yourself in #nature has long been proven to boost mental wellbeing,bringing greenery inside has health benefits.research says plants in a room improves the air quality up to 25% by reducing volatile organic compounds present https://t.co/dCicXxfUD2",1281174906680471554,dr_ashok0124,['https://twitter.com/Reuters/status/1281024070193016832'],https://twitter.com/Reuters/status/1281024070193016832,['https://t.co/dCicXxfUD2'],https://t.co/dCicXxfUD2
43,https://twitter.com/_laforketta/status/1280884601733492736,2020-07-08 15:21:01+00:00,"Organic GMOs Flour is use for our Pizza making 
Our restaurant is open now for dine-in but we are happy to pack for takeaway. 
We are still committed to ensuring the well being of our customers and co-workers.… https://t.co/GcfufhzJBI",1280884601733492736,_laforketta,['https://www.instagram.com/p/CCYsvclHEj8/?igshid=1o153uno3xctl'],https://www.instagram.com/p/CCYsvclHEj8/?igshid=1o153uno3xctl,['https://t.co/GcfufhzJBI'],https://t.co/GcfufhzJBI
44,https://twitter.com/yachtbookingssg/status/1280741772809744384,2020-07-08 05:53:28+00:00,"Is it not wealth and fame that you should be after, it is good relationships that lead you to good health, well being and happiness. A study done over 75 years...https://t.co/VMe9sbhha9
#seekhappiness #mantra #lifelessons",1280741772809744384,yachtbookingssg,['https://youtu.be/8KkKuTCFvzI'],https://youtu.be/8KkKuTCFvzI,['https://t.co/VMe9sbhha9'],https://t.co/VMe9sbhha9
45,https://twitter.com/mskreddy_YSRCP/status/1280673747062501377,2020-07-08 01:23:09+00:00,"Today #July8th is #YSRJayanthi - More than any *Chief Minister* , he was a # *Farmers CM.* 
He loved farmers &amp; spent his political life dedicated to their well being.

 #YSRForever 
#LegendYSRJayanthi 
#YSJaganCares 
#YSRCP https://t.co/QKaXzAsgT1",1280673747062501377,mskreddy_YSRCP,[],,[],
46,https://twitter.com/_laforketta/status/1278676931895009282,2020-07-02 13:08:31+00:00,"Wood fired baked sourdough pizza 
Our restaurant is open now for dine-in but we are happy to pack for takeaway. 
We are still committed to ensuring the well being of our customers and co-workers. Strict preventive… https://t.co/B4o8SHYlm1",1278676931895009282,_laforketta,['https://www.instagram.com/p/CCJAzxuHzm1/?igshid=1lpiwatk1y5mc'],https://www.instagram.com/p/CCJAzxuHzm1/?igshid=1lpiwatk1y5mc,['https://t.co/B4o8SHYlm1'],https://t.co/B4o8SHYlm1
47,https://twitter.com/_laforketta/status/1278676862902951936,2020-07-02 13:08:15+00:00,"Organic fresh pasta 
Our restaurant is open now for dine-in but we are happy to pack for takeaway. 
We are still committed to ensuring the well being of our customers and co-workers. Strict preventive measures will… https://t.co/IHMjkBjfY3",1278676862902951936,_laforketta,['https://www.instagram.com/p/CCJAxyyn6JX/?igshid=k62do7bors6v'],https://www.instagram.com/p/CCJAxyyn6JX/?igshid=k62do7bors6v,['https://t.co/IHMjkBjfY3'],https://t.co/IHMjkBjfY3
48,https://twitter.com/_laforketta/status/1278676708942647296,2020-07-02 13:07:38+00:00,"Sourdough Bruschetta 
Our restaurant is open now for dine-in but we are happy to pack for takeaway. 
We are still committed to ensuring the well being of our customers and co-workers. Strict preventive measures will… https://t.co/5H0o51Nwz0",1278676708942647296,_laforketta,['https://www.instagram.com/p/CCJAtTnnfzf/?igshid=ynbamcoqona'],https://www.instagram.com/p/CCJAtTnnfzf/?igshid=ynbamcoqona,['https://t.co/5H0o51Nwz0'],https://t.co/5H0o51Nwz0
49,https://twitter.com/_laforketta/status/1278313393359896580,2020-07-01 13:03:57+00:00,"Wild seabass grilled to perfection 
/
/
Our restaurant is open now for dine-in but we are happy to pack for takeaway. 
We are still committed to ensuring the well being of our customers and co-workers. Strict… https://t.co/gIKVrc24mn",1278313393359896580,_laforketta,['https://www.instagram.com/p/CCGbfe8neP2/?igshid=8guxldu27p3d'],https://www.instagram.com/p/CCGbfe8neP2/?igshid=8guxldu27p3d,['https://t.co/gIKVrc24mn'],https://t.co/gIKVrc24mn
50,https://twitter.com/_laforketta/status/1278313216834072576,2020-07-01 13:03:15+00:00,"How about a sourdough bruschetta 
/
/
Our restaurant is open now for dine-in but we are happy to pack for takeaway. 
We are still committed to ensuring the well being of our customers and co-workers. Strict… https://t.co/CtaDKC90lZ",1278313216834072576,_laforketta,['https://www.instagram.com/p/CCGbaPhn8D6/?igshid=3hhem6t7wo5z'],https://www.instagram.com/p/CCGbaPhn8D6/?igshid=3hhem6t7wo5z,['https://t.co/CtaDKC90lZ'],https://t.co/CtaDKC90lZ
51,https://twitter.com/_laforketta/status/1278312895525371904,2020-07-01 13:01:58+00:00,"Safe distancing measures 
/
/
Our restaurant is open now for dine-in but we are happy to pack for takeaway. 
We are still committed to ensuring the well being of our customers and co-workers. Strict preventive… https://t.co/Wyz6gUf88e",1278312895525371904,_laforketta,['https://www.instagram.com/p/CCGbQ4Ent1J/?igshid=1aef1qmrxtmf7'],https://www.instagram.com/p/CCGbQ4Ent1J/?igshid=1aef1qmrxtmf7,['https://t.co/Wyz6gUf88e'],https://t.co/Wyz6gUf88e
52,https://twitter.com/_laforketta/status/1278312684417679368,2020-07-01 13:01:08+00:00,"Safe entry check-in 
/
/
Our restaurant is open now for dine-in but we are happy to pack for takeaway. 
We are still committed to ensuring the well being of our customers and co-workers. Strict preventive measures… https://t.co/3VBh7qKwPq",1278312684417679368,_laforketta,['https://www.instagram.com/p/CCGbKxRnWiL/?igshid=1ugx289tc0opu'],https://www.instagram.com/p/CCGbKxRnWiL/?igshid=1ugx289tc0opu,['https://t.co/3VBh7qKwPq'],https://t.co/3VBh7qKwPq
53,https://twitter.com/gurukulshanti/status/1278301805982609409,2020-07-01 12:17:54+00:00,"For the first time in so many years, I’m truly blessed with a (non-local) boss who truly cares for the team’s well-being. 

Hoping for the swab test to be negative. 🙏🏽",1278301805982609409,gurukulshanti,[],,[],
54,https://twitter.com/LounissartHK/status/1278194038613499909,2020-07-01 05:09:41+00:00,"Hey @netflix! You better step up your game as my little rascal here is not happy with your service 😜 Oh, btw, stay home and stay safe from COVID. We’re concerned about your wellbeing. BYE.
#kiddo #Netflix #customerfeedback #funny https://t.co/R4dmPCp33B",1278194038613499909,LounissartHK,[],,[],
55,https://twitter.com/_laforketta/status/1278040843341963265,2020-06-30 19:00:56+00:00,"Ravioli lobster 🦞 
/
/
Our restaurant is open now for dine-in but we are happy to pack for takeaway. 
We are still committed to ensuring the well being of our customers and co-workers. Strict preventive measures will… https://t.co/IZyLMC4nmv",1278040843341963265,_laforketta,['https://www.instagram.com/p/CCEfjJinxXm/?igshid=u8fsyo015xcw'],https://www.instagram.com/p/CCEfjJinxXm/?igshid=u8fsyo015xcw,['https://t.co/IZyLMC4nmv'],https://t.co/IZyLMC4nmv
56,https://twitter.com/_laforketta/status/1278040346241363968,2020-06-30 18:58:58+00:00,"Wood fired baked sourdough pizza 
Our restaurant is open now for dine-in but we are happy to pack for takeaway. 
We are still committed to ensuring the well being of our customers and co-workers. Strict preventive… https://t.co/XqqHdu1vVb",1278040346241363968,_laforketta,['https://www.instagram.com/p/CCEfUvWHfIW/?igshid=1tzb1dbzg59j5'],https://www.instagram.com/p/CCEfUvWHfIW/?igshid=1tzb1dbzg59j5,['https://t.co/XqqHdu1vVb'],https://t.co/XqqHdu1vVb
57,https://twitter.com/champettes/status/1277805345788723200,2020-06-30 03:25:09+00:00,"[質問] Well-beingの""be""のあり方に対する人類の思想の変遷。下記の３つの選択肢から最も好きな""be""のあり方を選んでください。

A. シェイクスピア
To be or not to be.

B. ビートルズ
Let it be.

C. 鈴木あみ
Be together.",1277805345788723200,champettes,[],,[],
58,https://twitter.com/jastweet/status/1276455689137741825,2020-06-26 10:02:06+00:00,"Flower shops at the wet market are now open! They are essential to my well being you know. 

Saw a bunch of eucalyptus and had to buy it. One, it's wrap in a non woven sleeve which I can return to the vendor for… https://t.co/174Pe4txkQ",1276455689137741825,jastweet,['https://www.instagram.com/p/CB5Os61HAG0/?igshid=1rmaqmgzv1kro'],https://www.instagram.com/p/CB5Os61HAG0/?igshid=1rmaqmgzv1kro,['https://t.co/174Pe4txkQ'],https://t.co/174Pe4txkQ
59,https://twitter.com/DrDharna/status/1276021254982492162,2020-06-25 05:15:49+00:00,"A calm mind is the key to a healthy and happy life. Ayurveda has emphasised on mental wellbeing since the time immemorial and is very relevant even now. 
We need to focus more on being a calmer and a peaceful humans than merely focus on external appearance. #holistichealth https://t.co/9lUS5Bp4do",1276021254982492162,DrDharna,[],,[],
60,https://twitter.com/andrewangsg/status/1275408757099544576,2020-06-23 12:41:58+00:00,"Digital well being!
I'm doing 2.5 hours daily on average. Are you in control? Mine is considered high side. If you hit 5 hours and beyond, do check if you're addicted. Very harmful once addiction took over you.… https://t.co/yrGZ2LpRIc",1275408757099544576,andrewangsg,['https://www.instagram.com/p/CBxynUInggF/?igshid=tn7104d09tde'],https://www.instagram.com/p/CBxynUInggF/?igshid=tn7104d09tde,['https://t.co/yrGZ2LpRIc'],https://t.co/yrGZ2LpRIc
61,https://twitter.com/MFerrisN/status/1275408057460076544,2020-06-23 12:39:11+00:00,"If you harm, threat the health of locals here or well-being in any way by breaking the rules, you can go fuck yourself, we don’t need your worthless body taking space in our tiny island. https://t.co/eyObeoROwj",1275408057460076544,MFerrisN,['https://twitter.com/MFerrisN/status/1275407277890002945'],https://twitter.com/MFerrisN/status/1275407277890002945,['https://t.co/eyObeoROwj'],https://t.co/eyObeoROwj
62,https://twitter.com/_laforketta/status/1275383710326624259,2020-06-23 11:02:26+00:00,"Wood fired baked sourdough pizza 
Our restaurant is open now for dine-in but we are happy to pack for takeaway. 
We are still committed to ensuring the well being of our customers and co-workers. Strict preventive… https://t.co/1Geez2pbBJ",1275383710326624259,_laforketta,['https://www.instagram.com/p/CBxnOU_nGHw/?igshid=1ullkhxqg67rb'],https://www.instagram.com/p/CBxnOU_nGHw/?igshid=1ullkhxqg67rb,['https://t.co/1Geez2pbBJ'],https://t.co/1Geez2pbBJ
63,https://twitter.com/_laforketta/status/1275383538557300737,2020-06-23 11:01:45+00:00,"Grilled octopus 🐙 avocado Yuzu
Our restaurant is open now for dine-in but we are happy to pack for takeaway. 
We are still committed to ensuring the well being of our customers and co-workers. Strict preventive… https://t.co/rWxDNIx5aG",1275383538557300737,_laforketta,['https://www.instagram.com/p/CBxnJahHZhT/?igshid=i55kznmxecp4'],https://www.instagram.com/p/CBxnJahHZhT/?igshid=i55kznmxecp4,['https://t.co/rWxDNIx5aG'],https://t.co/rWxDNIx5aG
64,https://twitter.com/_laforketta/status/1275109668784943104,2020-06-22 16:53:30+00:00,"Our restaurant is open now for dine-in. 
We are still committed to ensuring the well being of our customers and co-workers. Strict preventive measures will be implemented so that you can enjoy a safe dining’s… https://t.co/WhR1w6m7gU",1275109668784943104,_laforketta,['https://www.instagram.com/p/CBvqmvcnwFG/?igshid=x3geaufoo2f4'],https://www.instagram.com/p/CBvqmvcnwFG/?igshid=x3geaufoo2f4,['https://t.co/WhR1w6m7gU'],https://t.co/WhR1w6m7gU
65,https://twitter.com/_laforketta/status/1275109305293946880,2020-06-22 16:52:03+00:00,"Our restaurant is open now for dine-in. 
We are still committed to ensuring the well being of our customers and co-workers. Strict preventive measures will be implemented so that you can enjoy a safe dining’s… https://t.co/ixyplV0QyE",1275109305293946880,_laforketta,['https://www.instagram.com/p/CBvqcIanbqF/?igshid=161yfy3neccv2'],https://www.instagram.com/p/CBvqcIanbqF/?igshid=161yfy3neccv2,['https://t.co/ixyplV0QyE'],https://t.co/ixyplV0QyE
66,https://twitter.com/_laforketta/status/1275109196485320707,2020-06-22 16:51:37+00:00,"Well baked sourdough bread 
Our restaurant is open now for dine-in. 
We are still committed to ensuring the well being of our customers and co-workers. Strict preventive measures will be implemented so that you can… https://t.co/P8TVRE0sOC",1275109196485320707,_laforketta,['https://www.instagram.com/p/CBvqY9mnt1P/?igshid=194vylwtfqz13'],https://www.instagram.com/p/CBvqY9mnt1P/?igshid=194vylwtfqz13,['https://t.co/P8TVRE0sOC'],https://t.co/P8TVRE0sOC
67,https://twitter.com/_laforketta/status/1274747699850592259,2020-06-21 16:55:09+00:00,"Our restaurant is open now for dine-in. 
We are still committed to ensuring the well being of our customers and co-workers. Strict preventive measures will be implemented so that you can enjoy a safe dining’s… https://t.co/UbSPPs1i3K",1274747699850592259,_laforketta,['https://www.instagram.com/p/CBtF_8enENy/?igshid=et8gqck2s5xg'],https://www.instagram.com/p/CBtF_8enENy/?igshid=et8gqck2s5xg,['https://t.co/UbSPPs1i3K'],https://t.co/UbSPPs1i3K
68,https://twitter.com/_laforketta/status/1274747075931115525,2020-06-21 16:52:41+00:00,"Popular starter 
/
Our restaurant is open now for dine-in. 
We are still committed to ensuring the well being of our customers and co-workers. Strict preventive measures will be implemented so that you can enjoy a… https://t.co/qa8XjliZzO",1274747075931115525,_laforketta,['https://www.instagram.com/p/CBtFtwTn3rY/?igshid=1xzisqqyarjd3'],https://www.instagram.com/p/CBtFtwTn3rY/?igshid=1xzisqqyarjd3,['https://t.co/qa8XjliZzO'],https://t.co/qa8XjliZzO
69,https://twitter.com/_laforketta/status/1274746668479664128,2020-06-21 16:51:04+00:00,"Overwhelming weekend. Very happy to have all our regular customers back 😀
/
Our restaurant is open now for dine-in. 
We are still committed to ensuring the well being of our customers and co-workers. Strict… https://t.co/98Tv8hBR9U",1274746668479664128,_laforketta,['https://www.instagram.com/p/CBtFiEsnkfR/?igshid=jyfa3rwgipto'],https://www.instagram.com/p/CBtFiEsnkfR/?igshid=jyfa3rwgipto,['https://t.co/98Tv8hBR9U'],https://t.co/98Tv8hBR9U
70,https://twitter.com/_laforketta/status/1274746279726374916,2020-06-21 16:49:31+00:00,"Pizza Crudo . Wood fired baked sourdough pizza 
/
Our restaurant is open now for dine-in. 
We are still committed to ensuring the well being of our customers and co-workers. Strict preventive measures will be… https://t.co/n59noRhrVG",1274746279726374916,_laforketta,['https://www.instagram.com/p/CBtFWypn9pT/?igshid=1pzed7wwjakif'],https://www.instagram.com/p/CBtFWypn9pT/?igshid=1pzed7wwjakif,['https://t.co/n59noRhrVG'],https://t.co/n59noRhrVG
71,https://twitter.com/_laforketta/status/1274746065372295172,2020-06-21 16:48:40+00:00,"Grilled Octopus 🐙 Avocado 🥑 Yuzu
/
Our restaurant is open now for dine-in. 
We are still committed to ensuring the well being of our customers and co-workers. Strict preventive measures will be implemented so that… https://t.co/cX1wecFwOt",1274746065372295172,_laforketta,['https://www.instagram.com/p/CBtFQcdH2Sa/?igshid=ehd05zoetf5q'],https://www.instagram.com/p/CBtFQcdH2Sa/?igshid=ehd05zoetf5q,['https://t.co/cX1wecFwOt'],https://t.co/cX1wecFwOt
72,https://twitter.com/_laforketta/status/1274356243159801857,2020-06-20 14:59:39+00:00,"So Happy to see all our regular customers back . 
Our restaurant is open now for dine-in. 
We are still committed to ensuring the well being of our customers and co-workers. Strict preventive measures will be… https://t.co/mOkF8PLLuR",1274356243159801857,_laforketta,['https://www.instagram.com/p/CBqT_LJn5u9/?igshid=3t6jnvw4gaff'],https://www.instagram.com/p/CBqT_LJn5u9/?igshid=3t6jnvw4gaff,['https://t.co/mOkF8PLLuR'],https://t.co/mOkF8PLLuR
73,https://twitter.com/_laforketta/status/1274355652245295108,2020-06-20 14:57:18+00:00,"All our restaurants utensil are wash in a high temperature to prevent contamination. 
/
We’re open now for dine-in. 
We are still committed to ensuring the well being of our customers and co-workers. Strict… https://t.co/CLj9hfT1XU",1274355652245295108,_laforketta,['https://www.instagram.com/p/CBqTMlKn3oD/?igshid=9qc9furknmhu'],https://www.instagram.com/p/CBqTMlKn3oD/?igshid=9qc9furknmhu,['https://t.co/CLj9hfT1XU'],https://t.co/CLj9hfT1XU
74,https://twitter.com/1337empire/status/1273825893861875715,2020-06-19 03:52:14+00:00,The virgin “making fun of people who seek help for mental well-being and health related issues” vs The Chad that makes fun of that virgin,1273825893861875715,1337empire,[],,[],
75,https://twitter.com/_laforketta/status/1273485993564409856,2020-06-18 05:21:35+00:00,"Our restaurant will open tomorrow 19/6 for dine-in. 
We are still committed to ensuring the well being of our customers and co-workers. Strict preventive measures will be implemented so that you can enjoy a safe… https://t.co/omCiAsxoWb",1273485993564409856,_laforketta,['https://www.instagram.com/p/CBkIPqCnlNE/?igshid=1d7vjpc24jikm'],https://www.instagram.com/p/CBkIPqCnlNE/?igshid=1d7vjpc24jikm,['https://t.co/omCiAsxoWb'],https://t.co/omCiAsxoWb
76,https://twitter.com/_laforketta/status/1273485015205031937,2020-06-18 05:17:42+00:00,"Our restaurant will open tomorrow 19/6 for dine-in. 
We are still committed to ensuring the well being of our customers and co-workers. Strict preventive measures will be implemented so that you can enjoy a safe… https://t.co/w5AZAnD6hZ",1273485015205031937,_laforketta,['https://www.instagram.com/p/CBkHzKAnSVp/?igshid=waoviygnr3nc'],https://www.instagram.com/p/CBkHzKAnSVp/?igshid=waoviygnr3nc,['https://t.co/w5AZAnD6hZ'],https://t.co/w5AZAnD6hZ
77,https://twitter.com/FairuzSamad305/status/1273055208994754560,2020-06-17 00:49:48+00:00,"Adapting to the #NEWNORMAL has become necessary for the good health and wellbeing of all humans following the spread of the Covid-19 infection.

Here are some tips to remember in order to maintain good personal… https://t.co/NALdWzj5K7",1273055208994754560,FairuzSamad305,['https://www.instagram.com/p/CBhEWA7Bthz/?igshid=scwke61otunz'],https://www.instagram.com/p/CBhEWA7Bthz/?igshid=scwke61otunz,['https://t.co/NALdWzj5K7'],https://t.co/NALdWzj5K7
78,https://twitter.com/AliIsBk1/status/1272402378109550598,2020-06-15 05:35:41+00:00,I have received several DMs asking about my well being and that of my mum’s. I’m truly thankful for your concern. My mum is not responding well to chemotherapy and is now taking a break from that pending doc’s review. Trying to keep our hopes up. And thanks once again! ❤️,1272402378109550598,AliIsBk1,[],,[],
79,https://twitter.com/ageingasia/status/1271708422954561537,2020-06-13 07:38:09+00:00,COVID-19 has also shown the positive wellbeing effects of retirement villages in supporting elders and preventing loneliness and social isolation #retirementcommunities #seniorliving #fightlonliness https://t.co/IV7L3DfccM,1271708422954561537,ageingasia,['https://twitter.com/ARCOtweets/status/1268158616793755649'],https://twitter.com/ARCOtweets/status/1268158616793755649,['https://t.co/IV7L3DfccM'],https://t.co/IV7L3DfccM
80,https://twitter.com/pizzzhar/status/1271472530629357568,2020-06-12 16:00:48+00:00,First time a stranger genuinely asks about my wellbeing,1271472530629357568,pizzzhar,[],,[],
81,https://twitter.com/dondealban/status/1271250881502048257,2020-06-12 01:20:03+00:00,"Read this insightful commentary about immobility during #COVID19 and its effects on our sleep, physical activity, and well-being https://t.co/9icF42nF1c by Prof Michael Chee of @NUSMedicine via @ChannelNewsAsia",1271250881502048257,dondealban,['https://www.channelnewsasia.com/news/commentary/covid-19-takes-toll-on-sleep-physical-mental-health-well-being-12822806'],https://www.channelnewsasia.com/news/commentary/covid-19-takes-toll-on-sleep-physical-mental-health-well-being-12822806,['https://t.co/9icF42nF1c'],https://t.co/9icF42nF1c
82,https://twitter.com/cheonsa__pjm/status/1269957339324354560,2020-06-08 11:39:59+00:00,"He’s such a thoughtful sweetheart.. always concerned over ARMYs wellbeing.. always so sincere with his heartfelt words.. How to not love him?! 😭😭😭 You deserve all the good things in this world, Park Jimin.. i love you 😘 #JIMIN @BTS_twt https://t.co/Tu0SXgvqkA",1269957339324354560,cheonsa__pjm,[],,[],
83,https://twitter.com/Golu23464141/status/1269079260595134465,2020-06-06 01:30:48+00:00,"@Devendra_Negi_1 @RailwaySeva @rahultamrkar21 Thanks Mr Negi. You apparently are a senior officer of #IndianRailways .

My which profile poster tells you about which specific bias ,will you oblige to elucidate. 

It's kind for you to wish my well being. But why do you shy away from telling that whose fault is it for dry taps https://t.co/33KSin4iDy",1269079260595134465,Golu23464141,[],,[],
84,https://twitter.com/SGSportsHub/status/1267792650574282752,2020-06-02 12:18:17+00:00,Your well-being and safety remain our utmost priority before we welcome all of you back at the @sgsportshub. https://t.co/nv9CgGhtsC,1267792650574282752,SGSportsHub,[],,[],
85,https://twitter.com/_afiqasmuni/status/1267758745129349120,2020-06-02 10:03:33+00:00,"It’s been close to 2 weeks since i did a social media/handphone detox, locking myself inside my room and keeping away from everyone. And the amount of people that really cared and were concerned warms my heart. Heck, some even spoke to my family, asking about my well being.",1267758745129349120,_afiqasmuni,[],,[],
86,https://twitter.com/_aimdog/status/1267094975252254720,2020-05-31 14:05:58+00:00,"Today is the last day of Mental Health Awareness Month 💙 My wish for everyone is simple: to be kind to themselves and to others, to always prioritize your mental health and well-being, and to know it is OKAY to reach… https://t.co/HpuO4aBujh",1267094975252254720,_aimdog,['https://www.instagram.com/p/CA2t8ZtJ0GW/?igshid=u1majgbil86o'],https://www.instagram.com/p/CA2t8ZtJ0GW/?igshid=u1majgbil86o,['https://t.co/HpuO4aBujh'],https://t.co/HpuO4aBujh
87,https://twitter.com/eddydaud/status/1266989493548007424,2020-05-31 07:06:49+00:00,"@Muhmad_dean @OnethecrOfts I am, still is Bro. 

Only I now see DrM struggles is for himself n his family and friends and certainly nothing to do with the rakyat and country well being.",1266989493548007424,eddydaud,[],,[],
88,https://twitter.com/sygrivera/status/1263558835127517184,2020-05-21 19:54:36+00:00,"@ItsMeDonnn it’s rare to find someone who actually gives a shit about your wellbeing, people ask because they’re curious",1263558835127517184,sygrivera,[],,[],
89,https://twitter.com/ZhengpingLiow/status/1263142161840656384,2020-05-20 16:18:54+00:00,"‘Architecture, when all said and done, I think it’s just about the making of places of well being’. - Richard Leplastrier. https://t.co/Biy1GH6SFK",1263142161840656384,ZhengpingLiow,[],,[],
90,https://twitter.com/symeswellness/status/1263099983344971776,2020-05-20 13:31:17+00:00,A very interesting article from Dr. Lea Waters about how we can teach student wellbeing online throughout the COVID-19 online learning period... https://t.co/I0kVcm7qB2,1263099983344971776,symeswellness,['https://pursuit.unimelb.edu.au/articles/how-do-we-teach-students-about-their-wellbeing-online.amp'],https://pursuit.unimelb.edu.au/articles/how-do-we-teach-students-about-their-wellbeing-online.amp,['https://t.co/I0kVcm7qB2'],https://t.co/I0kVcm7qB2
91,https://twitter.com/west_repeat/status/1262579015207940102,2020-05-19 03:01:09+00:00,"Working in healthcare seems promising due to the stability of the job. But hell no. Their routine lifestyle makes them dead and unhappy as person. They are cynical and angsty. That's is bad for well-being. 
🏥 🏥 🏥
.
.
.
#negativevibes",1262579015207940102,west_repeat,[],,[],
92,https://twitter.com/idkzave/status/1262088501241077762,2020-05-17 18:32:01+00:00,"i just wanna send my girl to work, fetch her from work, ask her about her day and just make sure she leaves happy. Just remember that I pray for you so much for your wellbeing, you and your family @Malizku",1262088501241077762,idkzave,[],,[],
93,https://twitter.com/jecMARIELLE/status/1261705303130697733,2020-05-16 17:09:20+00:00,"Basic thing to do is to pray, look on yourself and your well-being. All we need to do is to survive this pandemic. No buts, no ifs.",1261705303130697733,jecMARIELLE,[],,[],
94,https://twitter.com/audreytan/status/1261298783792570368,2020-05-15 14:13:58+00:00,"Dear Friends, in response to Covid-19, we are privileged to work with @nycsg playmoolah, to embark on a series of action toolkits. Let’s strengthen our mental well-being together with our youths as we discover more… https://t.co/LIcjTrOk42",1261298783792570368,audreytan,['https://www.instagram.com/p/CANiIw_HBVQ/?igshid=9dxyxj7r7w7x'],https://www.instagram.com/p/CANiIw_HBVQ/?igshid=9dxyxj7r7w7x,['https://t.co/LIcjTrOk42'],https://t.co/LIcjTrOk42
95,https://twitter.com/dubaisoccer/status/1259688857894699008,2020-05-11 03:36:42+00:00,"@AndyBurnhamGM Andy, you are the elected Mayor of Manchester. If you need to act independently then you must. Your only priority is the wellbeing of your electorate.",1259688857894699008,dubaisoccer,[],,[],
96,https://twitter.com/rramapriya/status/1257653215291535360,2020-05-05 12:47:47+00:00,A sense of fulfillment when I hear from the most important people -how important art is for them #saisrocks #wellbeing https://t.co/maASEDIkGM,1257653215291535360,rramapriya,[],,[],
97,https://twitter.com/SGSportsHub/status/1254615405747789832,2020-04-27 03:36:37+00:00,"As the well-being of the foreign workers, our staff and our surrounding neighbourhood is of utmost importance, we have also implemented strict protocols at the venue to ensure all are following health and safety measures according to MOH’s guidelines.",1254615405747789832,SGSportsHub,[],,[],
98,https://twitter.com/holtspeak/status/1253110165366140929,2020-04-22 23:55:19+00:00,@MadForMaple @calm @SaraKThompson loves the @calm app and feels it’s an investment in her wellbeing...me not so sure yet,1253110165366140929,holtspeak,[],,[],
99,https://twitter.com/MsDayinMS/status/1252127863735644160,2020-04-20 06:52:00+00:00,@kaz_phi 100% agree! Well-being needs to be the priority. It’s hard as it looks different for every kid on any given day. I think flexibility and empathy need to be at the top of our list during this period. Hope all is well with you!,1252127863735644160,MsDayinMS,[],,[],
100,https://twitter.com/maha_sc25/status/1249735989435584514,2020-04-13 16:27:33+00:00,@sh4leen Those are essential for your wellbeing,1249735989435584514,maha_sc25,[],,[],
101,https://twitter.com/jambarteam/status/1240521542460555264,2020-03-19 06:12:38+00:00,"Now, more than ever, we need to have compassion and think of our health as well as the well being of others around us. 
When you commit to practicing compassion, your relationships become more intimate. Your mind becomes quieter, allowing you to receive clearer inner guidance. https://t.co/QT2tBpGaIk",1240521542460555264,jambarteam,[],,[],
102,https://twitter.com/jeevzxcy/status/1240386404401598465,2020-03-18 21:15:38+00:00,"Memories with her will always be cherished and never forgotten . My first best friend , situation is such where we just don’t talk anymore but in my heart I do pray for her wellbeing . I hope she did change nevertheless an amazing soul inside out ❤️ https://t.co/whE60k1MnZ",1240386404401598465,jeevzxcy,['https://twitter.com/_Neshlatinos_/status/1239427072583294976'],https://twitter.com/_Neshlatinos_/status/1239427072583294976,['https://t.co/whE60k1MnZ'],https://t.co/whE60k1MnZ
103,https://twitter.com/chewyjas/status/1239709081226665985,2020-03-17 00:24:12+00:00,I am in control of my well-being and keeping myself hydrated is an important aspect. Drinking water does more than just quench our thirst as it helps replenish our body with fluid in order for our organs to function… https://t.co/vGsTazAi6J,1239709081226665985,chewyjas,['https://www.instagram.com/p/B90IRxXnNBh/?igshid=1e91wu699d33'],https://www.instagram.com/p/B90IRxXnNBh/?igshid=1e91wu699d33,['https://t.co/vGsTazAi6J'],https://t.co/vGsTazAi6J
104,https://twitter.com/AtiyaahDollfie/status/1239570993519013894,2020-03-16 15:15:29+00:00,"@happimess73 @Rachael_Gilmour @aoifemrtn This is your children and elders' well-being you're being concerned about. When the alternative is potential death or significant degradation of cardio health, you'll excuse yourself for (NOT) OVERREACTING!",1239570993519013894,AtiyaahDollfie,[],,[],
105,https://twitter.com/NeuroLandscape/status/1239388190923882496,2020-03-16 03:09:06+00:00,"Going into open spaces, grass patches, hanging out under a tree, or at the seaside is very much encouraged in order to promote general health and wellbeing, in turn
supporting the immunity- says @drcherylkam, family physician &amp; #stressmanagement couch #COVIDー19 #covid19 https://t.co/LRZFMmJ808",1239388190923882496,NeuroLandscape,[],,[],
106,https://twitter.com/tmllr/status/1239334534841118720,2020-03-15 23:35:53+00:00,"Much of the other social distancing procedures have been done through employers. Employers are in a lot of ways responsible for their employee’s well-being and compliance. If your employee gets sick or has a stay-at-home notice, you need to provide paid leave and meal delivery.",1239334534841118720,tmllr,[],,[],
107,https://twitter.com/callmesweetyyyy/status/1239251256364773376,2020-03-15 18:04:58+00:00,"Honestly now, I’m not so sad that I lost you. But you actually lost someone who knows you well. Who understands you too and does things which other guys has never done.

You actually lost someone who made you improve yourself and can actually take care of your wellbeing",1239251256364773376,callmesweetyyyy,[],,[],
108,https://twitter.com/rayhanburhan/status/1239180308475285505,2020-03-15 13:23:03+00:00,"...for Allāh will prevent the illness from worsening and He will heal you and grant you well-being.”
— Shaykh Muḥammad ibn al Qāsim al Qandūsī qaddasa Allāhu sirrah, Sharāb Ahl al Ṣafā

Corona; كرونا equates to 277.
kāf = 20, waw = 6, rāʾ = 200, nūn = 50, alif = 1 https://t.co/gpAv5GQ4Y7",1239180308475285505,rayhanburhan,[],,[],
109,https://twitter.com/Fitzie77/status/1239155557275074560,2020-03-15 11:44:41+00:00,@StageandSport Start with the betting companies...time for them to give back post Cheltenham. Not only have they being destroying the mental well being of many they are now purveyors of death. Fucking disgrace everyone of them.,1239155557275074560,Fitzie77,[],,[],
110,https://twitter.com/PrisLee1307/status/1238876939923918848,2020-03-14 17:17:34+00:00,I just donated to the #COVID19Fund to support @WHO's response efforts to the global #COVID19 pandemic. Join me to help combat this growing global threat to people's health and well-being: https://t.co/dIH9ASbSPg,1238876939923918848,PrisLee1307,['http://www.covid19responsefund.org'],http://www.covid19responsefund.org,['https://t.co/dIH9ASbSPg'],https://t.co/dIH9ASbSPg
111,https://twitter.com/soul_fangs/status/1238856227674656769,2020-03-14 15:55:16+00:00,"Well a “friend” whom I’ve known for years, whom I don’t actually trust &amp; fuck me over many times, called me up to ask about my other friend just because he didn’t post anything on social media. You don’t even care about my well being &amp; you asked about someone else?! Fuck you!",1238856227674656769,soul_fangs,[],,[],
112,https://twitter.com/dwallbank/status/1238587555295014912,2020-03-13 22:07:39+00:00,"MORE AID COMING on Coronavirus, Pelosi tells lawmakers:

""As the Senate works to pass this bill, the House will begin work on a third emergency response package to protect the health, economic security and well-being of the American people.""",1238587555295014912,dwallbank,[],,[],
113,https://twitter.com/theeSKB/status/1238406030486147072,2020-03-13 10:06:20+00:00,"Very clear that a coalition of Malay parties unable to come to consensus without Tun M, hence they either need him to calm everyone down of they need the non Malay votes already. How can you be talking bout non Malay wellbeing from a Malay only party? https://t.co/VBDH4WHSAb",1238406030486147072,theeSKB,['https://twitter.com/ketua_darjat/status/1238260058384982023'],https://twitter.com/ketua_darjat/status/1238260058384982023,['https://t.co/VBDH4WHSAb'],https://t.co/VBDH4WHSAb
114,https://twitter.com/r4nuka/status/1238150249111117824,2020-03-12 17:09:57+00:00,Literally many world leaders and famous celebrity around the world are tested positive for #Covid_19 . Hope they get a speedy recovery from the virus. Everyone please take care of your well being and try not to leave your homeland or travel to another country. #coronavirus #gws,1238150249111117824,r4nuka,[],,[],
115,https://twitter.com/DanielYorkLoh/status/1237548294823243778,2020-03-11 01:18:00+00:00,"The usual rah-rah press junket bollocks of this release only proves once again that the physical well-being of Asian people matters not one jot - not even (especially not?) to other Asian people #BoycottMulan 

https://t.co/T2VBCVxRJF",1237548294823243778,DanielYorkLoh,['https://www.scmp.com/lifestyle/entertainment/article/3074270/boycott-mulan-anyone-brie-larson-rock-face-backlash-after'],https://www.scmp.com/lifestyle/entertainment/article/3074270/boycott-mulan-anyone-brie-larson-rock-face-backlash-after,['https://t.co/T2VBCVxRJF'],https://t.co/T2VBCVxRJF
116,https://twitter.com/EkhoAcademy/status/1236634178977816576,2020-03-08 12:45:38+00:00,"Is stress at the workplace unavoidable? 🤔
.
In a 2019 Cigna Well-Being Survey states that 92% of the Singapore workforce reports feeling burned out or stressed at work. 
.
So on this week's #ekhoacademy Podcast, we… https://t.co/IbmzgflpmI",1236634178977816576,EkhoAcademy,['https://www.instagram.com/p/B9eR-gZFj_9/?igshid=e9vbqhhmemyh'],https://www.instagram.com/p/B9eR-gZFj_9/?igshid=e9vbqhhmemyh,['https://t.co/IbmzgflpmI'],https://t.co/IbmzgflpmI
117,https://twitter.com/AchingVimes/status/1236116314592137216,2020-03-07 02:27:49+00:00,We need to ensure that the population increase and intensification of land use are actually translated into outcomes that benefit citizens and contribute to our well-being. #kidsampsonreads #peoplematter,1236116314592137216,AchingVimes,[],,[],
118,https://twitter.com/rajeevmusic007/status/1235878234354413568,2020-03-06 10:41:47+00:00,"@narendramodi @PMOIndia @nsitharaman We all support the Government actions regarding the well being of the Country , Several legacy issues of National Importance is done now its High to Focus on Economy as its been trumbling even after taking steps !! More seasoned professional/1",1235878234354413568,rajeevmusic007,[],,[],
119,https://twitter.com/elmizulkarnain/status/1234848100499353601,2020-03-03 14:28:24+00:00,"What our #LKY said is very true, it is hard for #Malaysia to progress with race base politics. The well being of #Malaysians and progress of the country are always last in priority. 😭 🇲🇾",1234848100499353601,elmizulkarnain,[],,[],
120,https://twitter.com/exTeacher_Jovin/status/1234811198983589892,2020-03-03 12:01:46+00:00,"As a token of AIA Singapore’s commitment towards your well-being and that of our community, AIA will provide cover for up to 10 teleconsultations* made via AIA’s appointed telemedicine provider plus an added… https://t.co/gt3kV7U3mC",1234811198983589892,exTeacher_Jovin,['https://www.instagram.com/p/B9RU-qTBCsC/?igshid=f09p7q2hf84x'],https://www.instagram.com/p/B9RU-qTBCsC/?igshid=f09p7q2hf84x,['https://t.co/gt3kV7U3mC'],https://t.co/gt3kV7U3mC
121,https://twitter.com/abrogerh/status/1234709415208468480,2020-03-03 05:17:19+00:00,#Coronavirus has given us time to reflect on our daily lives and is helping the #planet in reduced emissions better air quality and better quality of life. Maybe we dont need endless growth (GDP) as a prime gauge of wellbeing. #sustainability,1234709415208468480,abrogerh,[],,[],
122,https://twitter.com/Fayyadhhh/status/1234680029411336194,2020-03-03 03:20:32+00:00,Not forgetting my mum who always pray for her children’s safety and well being,1234680029411336194,Fayyadhhh,[],,[],
123,https://twitter.com/lovelynettetan/status/1233717953075433472,2020-02-29 11:37:36+00:00,"Health is “a state of complete physical, mental and social wellbeing and not merely the absence of disease or infirmity.” - The World Health Organization (WHO)",1233717953075433472,lovelynettetan,[],,[],
124,https://twitter.com/RaviChander0670/status/1232844514294824961,2020-02-27 01:46:52+00:00,"Sure Dr Jason, its a free country anyone think can brings change to wellbeing of our citizens are wellcome. https://t.co/GB4SY8fM1b",1232844514294824961,RaviChander0670,['https://twitter.com/DrJasonLeong/status/1232704820022132736'],https://twitter.com/DrJasonLeong/status/1232704820022132736,['https://t.co/GB4SY8fM1b'],https://t.co/GB4SY8fM1b
125,https://twitter.com/azhrmj/status/1232686625957695488,2020-02-26 15:19:28+00:00,"Until you finally grasp the leadership of your own well-being, that you have earned the right to lead others.",1232686625957695488,azhrmj,[],,[],
126,https://twitter.com/WahyuRahman/status/1232521857737293824,2020-02-26 04:24:44+00:00,"Mode: Me Time - In the past, I often worked so hard to meet datelines that I forgot about my own well-being especially my mental health which ended up leading me down a rabbit hole of extreme anxiety. That’s when I… https://t.co/CFBRiuakMN",1232521857737293824,WahyuRahman,['https://www.instagram.com/p/B9BD5_opDHk/?igshid=bffg29vu34nf'],https://www.instagram.com/p/B9BD5_opDHk/?igshid=bffg29vu34nf,['https://t.co/CFBRiuakMN'],https://t.co/CFBRiuakMN
127,https://twitter.com/eddydaud/status/1232136455100616704,2020-02-25 02:53:17+00:00,@FrenchSuriRumah Both Azmin n Anwar are not competent to be PM...both hv shown that they value themselves first before the well being of the nation.,1232136455100616704,eddydaud,[],,[],
128,https://twitter.com/raynlim/status/1231478885000200192,2020-02-23 07:20:20+00:00,"Master the control of your state of mind as it determines your state of well-being.
.
.
.
.
.
#cafe #stateofmind #hightea #throwback #lifestyle #mindset #happiness #happy #wellbeing #wellbeingwarrior #forexcoach… https://t.co/XUhmCOjfJl",1231478885000200192,raynlim,['https://www.instagram.com/p/B85pnoAAmdP/?igshid=1aed5tvir5dmu'],https://www.instagram.com/p/B85pnoAAmdP/?igshid=1aed5tvir5dmu,['https://t.co/XUhmCOjfJl'],https://t.co/XUhmCOjfJl
129,https://twitter.com/pnyr_/status/1231065539272830976,2020-02-22 03:57:51+00:00,I know I’m slowly learning how to tackle body image issues when I stopped starting off resolutions with ‘lose weight and be skinny’ but to ‘grow stronger for health and wellbeing’ Same goals at the end of the day but a healthier motivator ♥️,1231065539272830976,pnyr_,[],,[],
130,https://twitter.com/Darwiiiiiis/status/1229792996809265152,2020-02-18 15:41:13+00:00,Friends I met from India and Iraq  during my trips coincidentally messaged me at the same time asking abt my well-being due to covid 19. Damn sweet la i swear,1229792996809265152,Darwiiiiiis,[],,[],
131,https://twitter.com/bryankhan4/status/1228820017858277376,2020-02-15 23:14:57+00:00,"@lilyungbarti @IM__HIM__ @djbluntz_ @Share143Lindsay @ProCzilla That is why you should take it upon yourself to invest in your own well being. Don’t wait for other people to fix the problem, do your part and protect yourself because the police can’t always be trusted and they don’t always get there in time.",1228820017858277376,bryankhan4,[],,[],
132,https://twitter.com/stapeslr/status/1228262022829133826,2020-02-14 10:17:40+00:00,This is what a #wellness #wellbeing session should look like! Playing flip cup mixed with mindfulness activities. Def lifted my mood and 🧡🧡🧡 hanging with these two @KarenComptonEdu @mathdunnright thanks @Shanghaijake https://t.co/UXo6nudbgS,1228262022829133826,stapeslr,[],,[],
133,https://twitter.com/CuttourSG/status/1228245970959233024,2020-02-14 09:13:53+00:00,"✔️The wellbeing of all our clients and staffs remains our priority.
✔️Temperature screening is conducted twice daily for staffs.
✔️Hand sanitizers are also provided at the counter.
✔️Cleaning and disinfection have… https://t.co/Dp4TTaHhTZ",1228245970959233024,CuttourSG,['https://www.instagram.com/p/B8irdaEJCIb/?igshid=1ln9jcpkiwt78'],https://www.instagram.com/p/B8irdaEJCIb/?igshid=1ln9jcpkiwt78,['https://t.co/Dp4TTaHhTZ'],https://t.co/Dp4TTaHhTZ
134,https://twitter.com/meldflique/status/1228242329795846144,2020-02-14 08:59:25+00:00,"Sorang performer untuk SPD esok, Big Getta dari Singapura dilarang masuk oleh kastam negaranya ke Malaysia atas sebab suhu badan 37.5Cel. Let's pray for his well-being ya. Kita taknak ber-corona esok. Corona extra boleh 👀 https://t.co/TtxYPLM6Lb",1228242329795846144,meldflique,[],,[],
135,https://twitter.com/blu4ditto/status/1228040530371592192,2020-02-13 19:37:32+00:00,"@official_yoon_ always remember that hurtful comments are from people who don’t love and appreciate you and those comments, you shouldn’t take it to heart but I know it’s hard. just remember that those people don’t care about your wellbeing. while ics here will support you no matter what.",1228040530371592192,blu4ditto,[],,[],
136,https://twitter.com/martintan/status/1226378030756425728,2020-02-09 05:31:22+00:00,"When the idiocy of the few, affects the well being of the many. https://t.co/o9eWPTjSPy",1226378030756425728,martintan,['https://twitter.com/straits_times/status/1226371018626883584'],https://twitter.com/straits_times/status/1226371018626883584,['https://t.co/o9eWPTjSPy'],https://t.co/o9eWPTjSPy
137,https://twitter.com/Tanat83/status/1225815754542587904,2020-02-07 16:17:05+00:00,"So yes after Junyang's performance, I stayed on at OCBC Square to watch #alfredsim #taykewei performance as either solo or duet. Due to safety precautions esp for the well-being of Mrs Sim and the 2nd unborn child… https://t.co/Rcu1TWRMeE",1225815754542587904,Tanat83,['https://www.instagram.com/p/B8RaUn9nujf/?igshid=158h8p4eex6if'],https://www.instagram.com/p/B8RaUn9nujf/?igshid=158h8p4eex6if,['https://t.co/Rcu1TWRMeE'],https://t.co/Rcu1TWRMeE
138,https://twitter.com/thedesignnomad/status/1225703303775830017,2020-02-07 08:50:14+00:00,"@zellwk I guess anything you do intentionally and primarily to take care of your well-being — both mental and physical.

Is there anything in particular that you do to maintain good mental health? 😊",1225703303775830017,thedesignnomad,[],,[],
139,https://twitter.com/HappyPFLF/status/1225559579788005376,2020-02-06 23:19:08+00:00,Fans please remember not to pass him any letters or gifts to minimise any unnecessary contact with foreign objects. This is for his good and well being. Thank you. https://t.co/1TYVcIIkvT,1225559579788005376,HappyPFLF,['https://twitter.com/tvXbyxportsnews/status/1225548121092108294'],https://twitter.com/tvXbyxportsnews/status/1225548121092108294,['https://t.co/1TYVcIIkvT'],https://t.co/1TYVcIIkvT
140,https://twitter.com/DanspireVy/status/1224414543700426758,2020-02-03 19:29:10+00:00,"A great morning spent with new friends and amazing inspirations.

Looking for more to come.

#women #empowerment #community #entrepreneur #singapore #healing #wellbeing #authors #training #speaker @ Singapore https://t.co/rdc4X41t6A",1224414543700426758,DanspireVy,['https://www.instagram.com/p/B8HdISJnKph/?igshid=1j4lr9c1iujc7'],https://www.instagram.com/p/B8HdISJnKph/?igshid=1j4lr9c1iujc7,['https://t.co/rdc4X41t6A'],https://t.co/rdc4X41t6A
141,https://twitter.com/Aluvrendar/status/1224324103928107008,2020-02-03 13:29:47+00:00,"But the most important thing that comes first before all other matters: ensure that her wellbeing is fine, for her own sake, and also for her unborn child.

Embody the Prophetic character in ourselves, and spread Prophetic mercy to others. Remember, we want to build, not destroy.",1224324103928107008,Aluvrendar,[],,[],
142,https://twitter.com/_karengilchrist/status/1224304547838885888,2020-02-03 12:12:05+00:00,"New favourite word discovery: Eustress - “a positive form of stress having a beneficial effect on health, motivation, performance, and emotional well-being.” More typically associated with rollercoasters and scary films than work, it must be said.",1224304547838885888,_karengilchrist,[],,[],
143,https://twitter.com/Hi_Dalvinder/status/1224284442178383872,2020-02-03 10:52:11+00:00,"By 2050, a greater understanding of our gut microbiome will enable us to leverage on the varied nutritional components of Future Fit Crops to improve our overall well-being.

Let's work together to realize this vision one meal at a time! https://t.co/mQ9FgTXqkV",1224284442178383872,Hi_Dalvinder,['https://challenges.openideo.com/challenge/food-system-vision-prize/evaluation-1/tbc'],https://challenges.openideo.com/challenge/food-system-vision-prize/evaluation-1/tbc,['https://t.co/mQ9FgTXqkV'],https://t.co/mQ9FgTXqkV
144,https://twitter.com/SiffTron/status/1223903348841230336,2020-02-02 09:37:52+00:00,"“Architecture is an art when one consciously or unconsciously creates aesthetic emotion in the atmosphere and when this environment produces well being.”
(Luis Barragan)
-
Can you see the ⭐️ ?
-
#Siffacade @ Asia… https://t.co/bahOecf5Bf",1223903348841230336,SiffTron,['https://www.instagram.com/p/B8D0qcYpQSC/?igshid=1tqk09wn1pwvf'],https://www.instagram.com/p/B8D0qcYpQSC/?igshid=1tqk09wn1pwvf,['https://t.co/bahOecf5Bf'],https://t.co/bahOecf5Bf
145,https://twitter.com/ElliotJScottMD/status/1223293657165389824,2020-01-31 17:15:10+00:00,Nearly 6 nights of good sleep and waking with no alarms in the morning has resulted in an incredible sense of well-being. Preparing to demolish this forthwith with jet lag and real life 😂😂🤷🏻‍♂️🤷🏻‍♂️,1223293657165389824,ElliotJScottMD,[],,[],
146,https://twitter.com/dcisprincipal/status/1223180697109581824,2020-01-31 09:46:18+00:00,I was delighted to award a @doverct #dcisvision award to @MorganeK for Care this morning for her great contribution to staff wellbeing. #dcissg I also presented our Admissions team with Integrity awards for their work on aligning our admissions policy to our vision. https://t.co/tsv8tTQAF2,1223180697109581824,dcisprincipal,[],,[],
147,https://twitter.com/yanylsg/status/1223146354173546496,2020-01-31 07:29:50+00:00,Pls follow strictly for well-being of our darlings...! https://t.co/Aoyg7ufSNE,1223146354173546496,yanylsg,['https://twitter.com/Mewsuppasitofc/status/1223146015051542528'],https://twitter.com/Mewsuppasitofc/status/1223146015051542528,['https://t.co/Aoyg7ufSNE'],https://t.co/Aoyg7ufSNE
148,https://twitter.com/JellyIvy/status/1222764487112974336,2020-01-30 06:12:26+00:00,"Its’s the official yearly feedback session and we are busy writing about features and impact.

Are we providing the opportunity to measure how others have made you feel over time? 
how that have contributed to your mental well being? 

#designtwitter",1222764487112974336,JellyIvy,[],,[],
149,https://twitter.com/AchingVimes/status/1222678243930599424,2020-01-30 00:29:44+00:00,Also in the science of well-being course I'm taking on @coursera now. Question of how to break the cycle.,1222678243930599424,AchingVimes,[],,[],
150,https://twitter.com/guanyinmiao/status/1221798488716918785,2020-01-27 14:13:54+00:00,"Because you can do every single thing The Family expects:

- Be partnered
- Get married
- Buy a house
- Have a kid
- Have more kids

And it’ll never be *quite* good enough.

My happiness and well-being should never be contingent upon the approval of my parents and The Family.",1221798488716918785,guanyinmiao,[],,[],
151,https://twitter.com/leveeeeee/status/1221363423167959040,2020-01-26 09:25:06+00:00,Like I should be prioritizing my well being without feeling bad or guilty.,1221363423167959040,leveeeeee,[],,[],
152,https://twitter.com/Aluvrendar/status/1220649758181642241,2020-01-24 10:09:15+00:00,"Correct our intentions, get to know the wellbeing of the individual we're advising, and be content with any progress shown, no matter how small or slow.

This isn't a touch and go matter. It takes time to get bonded with the person, address his situation properly and gradually. https://t.co/0KPv0mM0tN",1220649758181642241,Aluvrendar,[],,[],
153,https://twitter.com/abglhfthlh/status/1219558817609895937,2020-01-21 09:54:15+00:00,"i met someone who changed my life forever, loved me sincerely, believed in my capability, supported my career and took care of my well-being. https://t.co/PuffjxxF1t",1219558817609895937,abglhfthlh,['https://twitter.com/ganeeeng/status/1218858261719339009'],https://twitter.com/ganeeeng/status/1218858261719339009,['https://t.co/PuffjxxF1t'],https://t.co/PuffjxxF1t
154,https://twitter.com/dafugly_prince/status/1219540440577273858,2020-01-21 08:41:13+00:00,Feeling ugly Knowing someone who look below average is doing well being an influencer. Sigh pie,1219540440577273858,dafugly_prince,[],,[],
155,https://twitter.com/Aluvrendar/status/1219495046849785856,2020-01-21 05:40:50+00:00,"""It is what it is""
""If you don't like it don't be a Muslim""
""Too bad, facts &gt; feelings""

These people are the absolute worst. No emotional connection whatsoever, no consideration of health &amp; wellbeing etc, no gradual reformation. 

And then get angry when people leave the dīn😑 https://t.co/VmJzXqyYf6",1219495046849785856,Aluvrendar,['https://twitter.com/Afghangster/status/1219492087818870784'],https://twitter.com/Afghangster/status/1219492087818870784,['https://t.co/VmJzXqyYf6'],https://t.co/VmJzXqyYf6
156,https://twitter.com/_readyORnot/status/1219042302775005185,2020-01-19 23:41:48+00:00,@julienneminnie Well being in Thailand i don’t drink much anyways because it’s so peaceful so I’m good. Just clear ya know.,1219042302775005185,_readyORnot,[],,[],
157,https://twitter.com/kborsetti/status/1218707952221052929,2020-01-19 01:33:12+00:00,"“The current dominant discourse around phones and well-being is a lot of hype and a lot of fear,” Jeff Hancock (Founder, Stanford Social Media Lab) said. “But if you compare the effects of your phone to eating properly or sleeping or smoking, it’s not even close.” https://t.co/L9aVPLOQkI",1218707952221052929,kborsetti,['https://twitter.com/nytimesbusiness/status/1218695340410515457'],https://twitter.com/nytimesbusiness/status/1218695340410515457,['https://t.co/L9aVPLOQkI'],https://t.co/L9aVPLOQkI
158,https://twitter.com/abglhfthlh/status/1218171820584521728,2020-01-17 14:02:49+00:00,me abandoning my well-being for money https://t.co/xY3SwCiSVx,1218171820584521728,abglhfthlh,['https://twitter.com/allreactionvidz/status/1212469764867731456/video/1'],https://twitter.com/allreactionvidz/status/1212469764867731456/video/1,['https://t.co/xY3SwCiSVx'],https://t.co/xY3SwCiSVx
159,https://twitter.com/NgGinarita/status/1217661238085210114,2020-01-16 04:13:56+00:00,"Explore the nature of your mind &amp; emotions, receive powerful tools for your inner well-being through the Inner Engineering program.

#InnerEngineering
#InnerEngineeringinMandarin
#ChineseInnerEngineering

首次中文内在工程
日期：2020年 2月13 - 16日
报名处： https://t.co/VrQoM12bp4 https://t.co/ZThPlSALtU",1217661238085210114,NgGinarita,['http://ishayoga.sg/cie'],http://ishayoga.sg/cie,['https://t.co/VrQoM12bp4'],https://t.co/VrQoM12bp4
160,https://twitter.com/rickdavid1956/status/1216355964065992704,2020-01-12 13:47:15+00:00,"It's time rayat have speak up for the right of their well being and family,dont wrap up yourself in the of religion, god  nevertell you to do that ,hello the 3rd generation, educated,you are the ,who knows could be the next leader,buck up stand up ,know your right, https://t.co/8rYy1BcIsQ",1216355964065992704,rickdavid1956,['https://twitter.com/rickdavid1956/status/1216327242097119233'],https://twitter.com/rickdavid1956/status/1216327242097119233,['https://t.co/8rYy1BcIsQ'],https://t.co/8rYy1BcIsQ
161,https://twitter.com/martinknights44/status/1213424898506293248,2020-01-04 11:40:14+00:00,"A great article - Everyone should read this, not just teachers #wellbeing #goodhealth https://t.co/4WAROMjQGm",1213424898506293248,martinknights44,['https://twitter.com/teachgratitude1/status/1212720778493517824'],https://twitter.com/teachgratitude1/status/1212720778493517824,['https://t.co/4WAROMjQGm'],https://t.co/4WAROMjQGm
162,https://twitter.com/DanspireVy/status/1213416632183382016,2020-01-04 11:07:23+00:00,"Sometimes I borrow other parent's children to play. Other times I design Somatic Brain Dance for their children to learn about brain-body connectivity for learning and emotional well-being.

Wana try this in your… https://t.co/9D6dswxKXv",1213416632183382016,DanspireVy,['https://www.instagram.com/p/B65T2rCHIoU/?igshid=1a2c3xdli0rqe'],https://www.instagram.com/p/B65T2rCHIoU/?igshid=1a2c3xdli0rqe,['https://t.co/9D6dswxKXv'],https://t.co/9D6dswxKXv
163,https://twitter.com/Aluvrendar/status/1213094071809368067,2020-01-03 13:45:39+00:00,"My mutuals must've think I'm rather weird.

Sometimes when I'm free I just try to start a conversation with any of my mutuals. Most being a failed attempt which left the convo hanging🤦🏻‍♂️

I ask about their wellbeing. Or ideas they have. Or their expertise.

Sorry for being weird😥",1213094071809368067,Aluvrendar,[],,[],
164,https://twitter.com/rellypops/status/1212652634374434816,2020-01-02 08:31:32+00:00,Hotel windows are perfect spaces for project mapping. Curating the amazing submissions for the proposed edited series on #selfcare and #wellbeing in HE. Bursting with excitement and appreciative of such wonderful… https://t.co/O3IsC8k0DE,1212652634374434816,rellypops,['https://www.instagram.com/p/B6z4bkzAn8I/?igshid=nmejp01jokvb'],https://www.instagram.com/p/B6z4bkzAn8I/?igshid=nmejp01jokvb,['https://t.co/O3IsC8k0DE'],https://t.co/O3IsC8k0DE
165,https://twitter.com/MuhdZEirfan/status/1212558534291812357,2020-01-02 02:17:37+00:00,Just be safe. Concern about the health and wellbeing,1212558534291812357,MuhdZEirfan,[],,[],
