,url,date,content,id,username,outlinks,outlinksss,tcooutlinks,tcooutlinksss
0,https://twitter.com/SGinsightful/status/1412741786968104969,2021-07-07 11:54:24+00:00,"Here are some benefits of marriage counselling: 
1. It helps get to the root of the problem and find a way to tend to your relationship’s unique patterns and history.
#insightfulcounselling #psychotherapist  #counselling  #therapist #mentalhealthawareness #mentalhealthadvocate https://t.co/NTANvnnPw5",1412741786968104969,SGinsightful,[],,[],
1,https://twitter.com/SGinsightful/status/1412371847937626116,2021-07-06 11:24:23+00:00,"We have countless thoughts every single day, it's tough to control what we think about! What we can do is change the way these thoughts impact us
#insightfulcounselling #therapistofinstagram #psychotherapist  #counselling  #therapist #mentalhealthawareness #mentalhealthadvocate https://t.co/xN3AwWsqEt",1412371847937626116,SGinsightful,[],,[],
2,https://twitter.com/SGinsightful/status/1411970287600422915,2021-07-05 08:48:44+00:00,"Couples therapy provides a safe space for both parties to air their issues, devoid of your old ways of communicating.

#insightfulcounselling #psychotherapist  #counselling  #therapist #mentalhealthawareness #mentalhealthadvocate  #talkaboutit #therapyiscool #selftalk https://t.co/QI8lOax7tm",1411970287600422915,SGinsightful,[],,[],
3,https://twitter.com/SGinsightful/status/1411611793131143172,2021-07-04 09:04:12+00:00,"#mentalhealthawareness #mentalhealthadvocate  #talkaboutit #therapyiscool #selftalk #depressionhelp #selflove #youarewhatyouthink #anxietysupport #keepgoing #keeptrying #youareloved #mentalhealthsupport #counsellingservices #itsokaytonotbeokay 
#checkin #questions #mentalhealth",1411611793131143172,SGinsightful,[],,[],
4,https://twitter.com/SGinsightful/status/1411307553632309255,2021-07-03 12:55:16+00:00,"Don't be afraid to set your own boundaries! 

#mentalhealthadvocate  #talkaboutit #therapyiscool #selftalk #depressionhelp #selflove #youarewhatyouthink #anxietysupport #keepgoing #keeptrying #youareloved #mentalhealthsupport #counsellingservices #itsokaytonotbeokay 
#boundaries",1411307553632309255,SGinsightful,[],,[],
5,https://twitter.com/SGinsightful/status/1410879226878730240,2021-07-02 08:33:15+00:00,"Taking the first step to ask for help may seem confusing &amp; scary, but it is an extremely brave step. Your healing journey begins with you! 

#insightfulcounselling #psychotherapist  #counselling  #therapist #mentalhealthawareness #mentalhealthadvocate  #talkaboutit #therapyiscool https://t.co/g3VJ1WFeRr",1410879226878730240,SGinsightful,[],,[],
6,https://twitter.com/SGinsightful/status/1410527491010138116,2021-07-01 09:15:34+00:00,"Self-esteem constantly changes its flow and intensity like waves in the ocean, by people we meet along the way and our life experiences.

#insightfulcounselling #psychotherapist  #counselling  #therapist #mentalhealthawareness #mentalhealthadvocate  #talkaboutit #therapyiscool https://t.co/sNej3XSFch",1410527491010138116,SGinsightful,[],,[],
