,url,date,content,id,username,outlinks,outlinksss,tcooutlinks,tcooutlinksss
0,https://twitter.com/asyurahjc_/status/1341435398518493185,2020-12-22 17:28:16+00:00,Faiz always there when im having period pain/mood swings. Called me with cutes name and all the love. Cewahh! Nyampah,1341435398518493185,asyurahjc_,[],,[],
1,https://twitter.com/uhhhthomson/status/1338690226093318145,2020-12-15 03:39:56+00:00,Idk if it's just me or is the medication making me to get mood swings way easier.. as the doc did say it will,1338690226093318145,uhhhthomson,[],,[],
2,https://twitter.com/ohhcloudss/status/1313524346132946944,2020-10-06 16:59:42+00:00,i hate last minute mood swings. it makes me feel frustrated with every little thing at the very end of the day.,1313524346132946944,ohhcloudss,[],,[],
3,https://twitter.com/appilala/status/1312103599699226624,2020-10-02 18:54:10+00:00,my mood swings do be rlly bad GRRR...,1312103599699226624,appilala,[],,[],
4,https://twitter.com/MikeMunez/status/1306262537873178624,2020-09-16 16:03:52+00:00,"leaked, sex sounds, resume, one take, mood swings.... LIL TJAAAAY https://t.co/obNj85NQNA",1306262537873178624,MikeMunez,['https://twitter.com/zephanijong/status/1305949848106135553'],https://twitter.com/zephanijong/status/1305949848106135553,['https://t.co/obNj85NQNA'],https://t.co/obNj85NQNA
5,https://twitter.com/appilala/status/1302557169284341760,2020-09-06 10:40:04+00:00,"lol anyone who gets on my nerves tmr, don’t call me a bitch. MY MONTHLY MOODSWINGS",1302557169284341760,appilala,[],,[],
6,https://twitter.com/TehAisBatu/status/1299989056781082625,2020-08-30 08:35:18+00:00,i want go home my mood swings r v bad,1299989056781082625,TehAisBatu,[],,[],
7,https://twitter.com/4syrxff/status/1296451144668061698,2020-08-20 14:16:54+00:00,"to her next, make her the happiest, help her with everything, handle her mood swings, and lastly love her with all yr heart. because i couldnt...",1296451144668061698,4syrxff,[],,[],
8,https://twitter.com/ianabrhm/status/1294662491763433473,2020-08-15 15:49:26+00:00,Me picking myself up from my trashy mood swings 🙃 https://t.co/rNfdKXlMqW,1294662491763433473,ianabrhm,[],,[],
9,https://twitter.com/avelokiteshvara/status/1293500115500425216,2020-08-12 10:50:34+00:00,"my struggle with ADHD meds dosage
taking 10mg ritalin makes hypersensitive to stimuli
taking 20mg ritalin makes me horny plus frisky af
taking 30mg gives me intense mood swings

sentience is a curse",1293500115500425216,avelokiteshvara,[],,[],
10,https://twitter.com/ReanaRissa/status/1292426346015023106,2020-08-09 11:43:47+00:00,@UmmuSuhaimi Aminnn 💪🏼💕 Goodluck ummu! 🔥 Marilah pulun malam ni. Semoga takda mood swings mengganggu and boleh focus 😂,1292426346015023106,ReanaRissa,[],,[],
11,https://twitter.com/ajithkanth009/status/1290310432914149381,2020-08-03 15:35:54+00:00,@iamdjsathiya Next mood swings to 😂😂😂 https://t.co/uv62kGPZw7,1290310432914149381,ajithkanth009,[],,[],
12,https://twitter.com/MikeMunez/status/1286638455934476288,2020-07-24 12:24:47+00:00,@4YM4N_T4LIB @kidkulxfu shorty be catching mood swings,1286638455934476288,MikeMunez,[],,[],
13,https://twitter.com/solarkelvinkk/status/1274864154503856129,2020-06-22 00:37:54+00:00,Having mood swings today... don’t talk to me. Just text🙃,1274864154503856129,solarkelvinkk,[],,[],
14,https://twitter.com/litrahlee_/status/1272504061422563328,2020-06-15 12:19:44+00:00,"Lol no wonder ive pimples, cravings and mood swings. Im ovulating today means more@hormones more oestrogen",1272504061422563328,litrahlee_,[],,[],
15,https://twitter.com/saturnmyth/status/1271281099579125761,2020-06-12 03:20:08+00:00,I hope i dont break anything or yell at someone bc of my terrible mood swings,1271281099579125761,saturnmyth,[],,[],
16,https://twitter.com/borryshasian/status/1266642358667341824,2020-05-30 08:07:26+00:00,Mood swings 😣😕☺️😆. Anehnya siklusnya kaya yg PMS. Ada ya period utk lelaki? 😅 https://t.co/lxxpvSArea,1266642358667341824,borryshasian,[],,[],
17,https://twitter.com/thisisjoshaaaa/status/1262725023925583872,2020-05-19 12:41:20+00:00,Bntug ra ywa kaayo akng moodswings lately,1262725023925583872,thisisjoshaaaa,[],,[],
18,https://twitter.com/devxkaa/status/1262330212320079873,2020-05-18 10:32:30+00:00,why mood swings damn raabak today 🤦🏽‍♀️,1262330212320079873,devxkaa,[],,[],
19,https://twitter.com/thisisjoshaaaa/status/1262257829227847680,2020-05-18 05:44:52+00:00,Idk pro ngnung ingani akng mood swings lately wtf,1262257829227847680,thisisjoshaaaa,[],,[],
20,https://twitter.com/nuraamalina/status/1259792782002012161,2020-05-11 10:29:39+00:00,"I havent had any mood swings for the longest time. And today was bad just bad. I got triggered by my carrot cake yg hancur! 
Hahaha bodoh sgt.",1259792782002012161,nuraamalina,[],,[],
21,https://twitter.com/Atikah_TW/status/1251586705603178497,2020-04-18 19:01:38+00:00,My weight is really haywire. Same like my mood swings. It gotten worst but now I’m in control.,1251586705603178497,Atikah_TW,[],,[],
22,https://twitter.com/MaulanaRizky94/status/1249644694100783106,2020-04-13 10:24:47+00:00,"A funny story : people think they know me....

Indeed 🤔
.
.
.
.
.
.
.
.
.
Stay safe and healthy everyone!
.
#takemeback #singapore #throwback #mood #summermood #moodswings #rainonme #black #gonevirusgone #funny… https://t.co/rYNAAc50Y5",1249644694100783106,MaulanaRizky94,['https://www.instagram.com/p/B-6ueSgnBrm/?igshid=68jnomxgp26d'],https://www.instagram.com/p/B-6ueSgnBrm/?igshid=68jnomxgp26d,['https://t.co/rYNAAc50Y5'],https://t.co/rYNAAc50Y5
23,https://twitter.com/Hi_Dalvinder/status/1249573256362889216,2020-04-13 05:40:54+00:00,@YeshiSeli @capt_amarinder For sure a planned attack! But I have no doubts that people carry  ammunition with them because they are bloody psychos 🤬 and can attack people as per their mood swings!,1249573256362889216,Hi_Dalvinder,[],,[],
24,https://twitter.com/QayyumMD/status/1245538290926665728,2020-04-02 02:27:24+00:00,realized this morning I have not smoked a cigarette for the past 10 days. And no craving for it. Okay maybe mood-swings but patting myself on the back!,1245538290926665728,QayyumMD,[],,[],
25,https://twitter.com/moonbinastroha/status/1240613457965109249,2020-03-19 12:17:52+00:00,"1. I only stan Astro hehe
2. I can have very bad mood swings 😳
3. Moonbin my bias
4. Tends to overthink many things esp when it comes to feelings
5. Ignores people most of the time when I’m mad 
@rockysparadise @strwbry_ddana98 @arohadalkong @jdmjinroha @jingerlatte https://t.co/r1BGyW2YbJ",1240613457965109249,moonbinastroha,['https://twitter.com/_astroha4ever/status/1240603030967291904'],https://twitter.com/_astroha4ever/status/1240603030967291904,['https://t.co/r1BGyW2YbJ'],https://t.co/r1BGyW2YbJ
26,https://twitter.com/mxmmyIzzati/status/1238420749209096200,2020-03-13 11:04:50+00:00,"After eating the pill this morning , it challenges my mood swings. It goes haywire like nobody business than usual.",1238420749209096200,mxmmyIzzati,[],,[],
27,https://twitter.com/dafugly_prince/status/1236206419386359810,2020-03-07 08:25:52+00:00,I’m having my mood swings and frustration,1236206419386359810,dafugly_prince,[],,[],
28,https://twitter.com/dafugly_prince/status/1231221615553200129,2020-02-22 14:18:02+00:00,What is with this mood swings. I have to constantly remind myself that everything is going to be alright. 🤦🏻‍♂️,1231221615553200129,dafugly_prince,[],,[],
29,https://twitter.com/invisibleacc0/status/1227811331388010496,2020-02-13 04:26:47+00:00,Mood swings literally kill me🙄🤦🏻‍♀️,1227811331388010496,invisibleacc0,[],,[],
30,https://twitter.com/MissFortuneCat/status/1226212296159969280,2020-02-08 18:32:47+00:00,"I really detest my pre-period mood swings. I'm lucky to not have cramps or lots of skin issues. But before my period, it feels like my feelings of anxiety and paranoia are heightened. So like if someone says something mean to me and they don't think it matters,",1226212296159969280,MissFortuneCat,[],,[],
31,https://twitter.com/MABNH97/status/1221028570971004929,2020-01-25 11:14:31+00:00,@Hangilu Normal one laaaa mood swings HAHAHA,1221028570971004929,MABNH97,[],,[],
32,https://twitter.com/Jasminsofea_/status/1217820592449060871,2020-01-16 14:47:09+00:00,"one day ,you’re going to miss my boring texts . my random calls , my silly question ,you’ll miss my fight , my mood swings , my arguments , my possessives and my insecurities . but most of all you”ll miss the way i cared for you .",1217820592449060871,Jasminsofea_,[],,[],
