,url,date,content,id,username,outlinks,outlinksss,tcooutlinks,tcooutlinksss
0,https://twitter.com/lrichards771/status/1412727480612384771,2021-07-07 10:57:33+00:00,"I made my own YouTube channel for my demo videos during home based learning.
Here's one from my Formal Elements playlist, The Colour Wheel.
https://t.co/lhuwHhMQ0N
@InSEA_Blog #arted #artteacher #thecolourwheel #formalelements https://t.co/YNPaMn6N4d",1412727480612384771,lrichards771,['https://youtu.be/BJ0PdMtdSOI'],https://youtu.be/BJ0PdMtdSOI,['https://t.co/lhuwHhMQ0N'],https://t.co/lhuwHhMQ0N
1,https://twitter.com/stompsingapore/status/1412670074234630149,2021-07-07 07:09:26+00:00,"💸💸💸 Six-year-old son has home-based learning, but it's his parents who get a harsh lesson. https://t.co/cB3ECOpf6q",1412670074234630149,stompsingapore,['https://bit.ly/3wnvqng'],https://bit.ly/3wnvqng,['https://t.co/cB3ECOpf6q'],https://t.co/cB3ECOpf6q
2,https://twitter.com/zanagawa/status/1412101688777863169,2021-07-05 17:30:52+00:00,@taekook_lives I miss home based learning sometimes...sometimes sigh,1412101688777863169,zanagawa,[],,[],
3,https://twitter.com/ToonAngel2/status/1411877860155949058,2021-07-05 02:41:27+00:00,MFing Youth Day at the end of an extra week of home-based learning HBL. KNNBCCB.,1411877860155949058,ToonAngel2,[],,[],
4,https://twitter.com/konatsu_SGOK/status/1410516026542813184,2021-07-01 08:30:01+00:00,"今日のローカル小学校のHBL(home based learning)
音楽の授業の質問が小2には難しすぎる。私も意味がピンとこなくて、翻訳したらもっと意味わからなくなった💦 https://t.co/V0agS0qBBY",1410516026542813184,konatsu_SGOK,[],,[],
5,https://twitter.com/ToonAngel2/status/1410451798704357377,2021-07-01 04:14:48+00:00,Home-based learning + work from home at the same time? Come on @MOEsg who are you trying to kid?,1410451798704357377,ToonAngel2,[],,[],
6,https://twitter.com/ColinDailey/status/1407499676115341312,2021-06-23 00:44:07+00:00,It’s good to be back on campus @IFSSingapore after a long stretch of home based learning ! https://t.co/3I4Pm7oSD1,1407499676115341312,ColinDailey,[],,[],
7,https://twitter.com/henrychanesq/status/1405120289801834501,2021-06-16 11:09:17+00:00,Bought a new chair for Home-Based Learning and Webinars. Preparing for New Normal where things would be done either at home or on the mountain. https://t.co/suNkCpwtuQ,1405120289801834501,henrychanesq,[],,[],
8,https://twitter.com/Julhus98/status/1398308801451675649,2021-05-28 16:02:52+00:00,It’s report writing time and I’m beginning to see some gaps between assessment tools and system during home based learning.,1398308801451675649,Julhus98,[],,[],
9,https://twitter.com/xavtheworld/status/1397759914156597251,2021-05-27 03:41:47+00:00,I wonder how student council election campaigning happens in the time of home based learning. So do they just drop in unexpectedly in Zoom classes wearing the same color shirt while saying their names over and over again?,1397759914156597251,xavtheworld,[],,[],
10,https://twitter.com/acodinach/status/1394907962653634563,2021-05-19 06:49:09+00:00,"@carmensuisse Sí, un porcentaje importante de los infectados (adultos) estaban vacunados. No son casos graves pero otro problema es la incidencia en la población más joven. Hay varios casos de niños infectados y de ahí que a partir de hoy, todos los colegios estamos en Home Based Learning.",1394907962653634563,acodinach,[],,[],
11,https://twitter.com/carlomojica/status/1393924482536939522,2021-05-16 13:41:09+00:00,"@rapplerdotcom We’ll get through this… work from home, home based learning, no dining out, we’ve been through this before and recovered. At least this time all retail shops are going to remain open.",1393924482536939522,carlomojica,[],,[],
12,https://twitter.com/hP36hFb21zKo27X/status/1393899705847803908,2021-05-16 12:02:41+00:00,"来てしまった。。

S'pore schools to start full home-based learning from May 19 amid spike in Covid-19 cases https://t.co/zJR6g9IIok",1393899705847803908,hP36hFb21zKo27X,['https://str.sg/JvgS'],https://str.sg/JvgS,['https://t.co/zJR6g9IIok'],https://t.co/zJR6g9IIok
13,https://twitter.com/afiqahkhalisah/status/1393141355224862721,2021-05-14 09:49:17+00:00,Preparing ahead . Just waiting for the higher ups to say home based learning is back 🌚,1393141355224862721,afiqahkhalisah,[],,[],
