,url,date,content,id,username,outlinks,outlinksss,tcooutlinks,tcooutlinksss
0,https://twitter.com/kwokhua72/status/1340823014728822786,2020-12-21 00:54:52+00:00,A bright future awaits!   Beautiful Singapore @URAsg @PaulOMahony #singapore #selflove #selfcare #loveyourself #laugh #Play #LaughMore https://t.co/j93M8W69zY,1340823014728822786,kwokhua72,[],,[],
1,https://twitter.com/ThePanicRoom_SG/status/1339124967745654785,2020-12-16 08:27:26+00:00,"This kissmess tak mo bushuk .. if your partner got bantal bushuk from young till now haven’t wash one ,better send them go IMH check abit. #selfcare #selfie #selflove #besokmc @ The Panic Room SG https://t.co/tewo0PDZ7C",1339124967745654785,ThePanicRoom_SG,['https://www.instagram.com/p/CI2hZIHnMHn/?igshid=1jnijjm0ozkf3'],https://www.instagram.com/p/CI2hZIHnMHn/?igshid=1jnijjm0ozkf3,['https://t.co/tewo0PDZ7C'],https://t.co/tewo0PDZ7C
2,https://twitter.com/ThePanicRoom_SG/status/1332256548769435648,2020-11-27 09:34:48+00:00,Black Friday . Friday got people work meh ? #selfcare #besokmc #selflove @ The Panic Room SG https://t.co/UpyuSgtohP,1332256548769435648,ThePanicRoom_SG,['https://www.instagram.com/p/CIFt7URn7tO/?igshid=xzng03pctc7d'],https://www.instagram.com/p/CIFt7URn7tO/?igshid=xzng03pctc7d,['https://t.co/UpyuSgtohP'],https://t.co/UpyuSgtohP
3,https://twitter.com/ThePanicRoom_SG/status/1331541254040133633,2020-11-25 10:12:28+00:00,Mid week walking out of the office / tomorrow mc ... #selfcare #selflove #besokmc @ The Panic Room SG https://t.co/BhKGQJKHDa,1331541254040133633,ThePanicRoom_SG,['https://www.instagram.com/p/CIAoowAn7oP/?igshid=pgrxdrgudle1'],https://www.instagram.com/p/CIAoowAn7oP/?igshid=pgrxdrgudle1,['https://t.co/BhKGQJKHDa'],https://t.co/BhKGQJKHDa
4,https://twitter.com/joanleong/status/1325388373687726080,2020-11-08 10:43:07+00:00,"Trying to boost the energy and hopped out for a run-walk this evening. Lovely end to the weekend. 

#jmlgoals #jlworkout #fitness #fitnessgoals #wellness #selfcare @ Singapore https://t.co/IshGtuMwpy",1325388373687726080,joanleong,['https://www.instagram.com/p/CHU6tbUnuf8/?igshid=8y725ntjyoyv'],https://www.instagram.com/p/CHU6tbUnuf8/?igshid=8y725ntjyoyv,['https://t.co/IshGtuMwpy'],https://t.co/IshGtuMwpy
5,https://twitter.com/Jess_Abstract/status/1325229003213574145,2020-11-08 00:09:50+00:00,&amp; somedays you just gotta spend a whole day alone to read &amp; make dinner &amp; dessert for yourself. #selfcare #beingaloneaintsobad @ -=Outer Space=- https://t.co/5kFPPGYmqx,1325229003213574145,Jess_Abstract,['https://www.instagram.com/p/CHTyPOwD3Tu/?igshid=171q1kgqmh9gh'],https://www.instagram.com/p/CHTyPOwD3Tu/?igshid=171q1kgqmh9gh,['https://t.co/5kFPPGYmqx'],https://t.co/5kFPPGYmqx
6,https://twitter.com/iamdemydegracia/status/1321452133653229570,2020-10-28 14:01:54+00:00,Celebrating a lot of things to be thankful for. #grateful #selflove #SelfCare https://t.co/OsH2otrPyS,1321452133653229570,iamdemydegracia,[],,[],
7,https://twitter.com/iamdemydegracia/status/1320982085486653440,2020-10-27 06:54:06+00:00,Celebrating a lot of things to be thankful for. #GRATEFUL #SelfLove #SelfCare @ LAVO Singapore https://t.co/L3LEKGA9WQ,1320982085486653440,iamdemydegracia,['https://www.instagram.com/p/CG1m9uZgHUq/?igshid=1mm8wlk5wazad'],https://www.instagram.com/p/CG1m9uZgHUq/?igshid=1mm8wlk5wazad,['https://t.co/L3LEKGA9WQ'],https://t.co/L3LEKGA9WQ
8,https://twitter.com/ThePanicRoom_SG/status/1320974286115328001,2020-10-27 06:23:06+00:00,If armpit center parting hair must like this to follow suit. Can sing like this is a bonus. #cementfloors #geylangtakeover #selfcare #selflove #tmrmc #besokmc @ The Panic Room SG https://t.co/9JtFO63kk2,1320974286115328001,ThePanicRoom_SG,['https://www.instagram.com/p/CG1jQaSDSfF/?igshid=11p05yjiiuuk5'],https://www.instagram.com/p/CG1jQaSDSfF/?igshid=11p05yjiiuuk5,['https://t.co/9JtFO63kk2'],https://t.co/9JtFO63kk2
9,https://twitter.com/ThePanicRoom_SG/status/1320377333568733191,2020-10-25 14:51:02+00:00,Do you dream? Two monitors means can play two players .. 📺 by : @jimmy_phua @8storeytree @artistandcontractor @miunartist @miun #panicsquad #geylangtakeover #8storeytree #selfcare #selflove #besokmc @ The Panic Room SG https://t.co/htKCQEScwH,1320377333568733191,ThePanicRoom_SG,['https://www.instagram.com/p/CGxT9EsH-cG/?igshid=3iulyucgx8sd'],https://www.instagram.com/p/CGxT9EsH-cG/?igshid=3iulyucgx8sd,['https://t.co/htKCQEScwH'],https://t.co/htKCQEScwH
10,https://twitter.com/thearlynist/status/1318896860350849024,2020-10-21 12:48:10+00:00,"Much needed advise came to me through a song.. - ""Now.. I'd like to dedicate this song to ME!!"" ❤
#whatevermotivates #thearlynist #selflove #selfcare #love @ Hougang MRT Station(NE14) https://t.co/YFviY7CShC",1318896860350849024,thearlynist,['https://www.instagram.com/p/CGmytsXn9O9c4XY6tU78t9CMHIxTNk612klqRI0/?igshid=hz4whfwdv7cf'],https://www.instagram.com/p/CGmytsXn9O9c4XY6tU78t9CMHIxTNk612klqRI0/?igshid=hz4whfwdv7cf,['https://t.co/YFviY7CShC'],https://t.co/YFviY7CShC
11,https://twitter.com/iamdemydegracia/status/1318122494432247810,2020-10-19 09:31:06+00:00,"I mean don’t you love the other side of Singapore?! #pulauubin #naturelovers #ichoosehappiness #SelfLove #SelfCare 💞 @ Pulau Ubin, Singapore https://t.co/SZ9snOaVzk",1318122494432247810,iamdemydegracia,['https://www.instagram.com/p/CGhSkZmAF64/?igshid=dcj0p276oxoa'],https://www.instagram.com/p/CGhSkZmAF64/?igshid=dcj0p276oxoa,['https://t.co/SZ9snOaVzk'],https://t.co/SZ9snOaVzk
12,https://twitter.com/ThePanicRoom_SG/status/1317090807783002112,2020-10-16 13:11:33+00:00,Mistakes more than once are decision #selfcare #selfhelp #barry #panicsquad #geylangtakeover @straw_barryz @ The Panic Room SG https://t.co/vuaiuq4lvJ,1317090807783002112,ThePanicRoom_SG,['https://www.instagram.com/p/CGZ9atNHwGO/?igshid=g6xbvsy38d8o'],https://www.instagram.com/p/CGZ9atNHwGO/?igshid=g6xbvsy38d8o,['https://t.co/vuaiuq4lvJ'],https://t.co/vuaiuq4lvJ
13,https://twitter.com/ThePanicRoom_SG/status/1317020941851951104,2020-10-16 08:33:56+00:00,"If I smile to fast, you alls can get sugar rush ... #selflove #selfcare #besokmc #geylangtakeover @ The Panic Room SG https://t.co/dxPxWnDnDY",1317020941851951104,ThePanicRoom_SG,['https://www.instagram.com/p/CGZdpD_D9xW/?igshid=1v99w5rfwyuhl'],https://www.instagram.com/p/CGZdpD_D9xW/?igshid=1v99w5rfwyuhl,['https://t.co/dxPxWnDnDY'],https://t.co/dxPxWnDnDY
14,https://twitter.com/ThePanicRoom_SG/status/1317010765241606145,2020-10-16 07:53:29+00:00,"Nows the days if the picture blur , they call it art. Cut and styled by @dannymullen_  book your apprentice slot before it’s gone . #selflove #selfcare #besokmc @ The Panic Room SG https://t.co/QPbJB00OV4",1317010765241606145,ThePanicRoom_SG,['https://www.instagram.com/p/CGZZA6ljGGW/?igshid=1af3hr8r8rsyu'],https://www.instagram.com/p/CGZZA6ljGGW/?igshid=1af3hr8r8rsyu,['https://t.co/QPbJB00OV4'],https://t.co/QPbJB00OV4
15,https://twitter.com/ThePanicRoom_SG/status/1316949639954898944,2020-10-16 03:50:36+00:00,Stop 🛑 look and listen. If you cannot listen. Stop talking. #cementfloors #selflove #selfcare #besokmc #panicsquad #geylangtakeover @ The Panic Room SG https://t.co/SAP2GuaXkk,1316949639954898944,ThePanicRoom_SG,['https://www.instagram.com/p/CGY9N05DaEV/?igshid=3tlhbzmh7x59'],https://www.instagram.com/p/CGY9N05DaEV/?igshid=3tlhbzmh7x59,['https://t.co/SAP2GuaXkk'],https://t.co/SAP2GuaXkk
16,https://twitter.com/ThePanicRoom_SG/status/1316772796609949696,2020-10-15 16:07:53+00:00,Many can give you a good haircut. But not many are barbers.. #selfcare #selflove #geylangtakeover #besokmc credits @koles1aw @ The Panic Room SG https://t.co/B9jxMwIhtG,1316772796609949696,ThePanicRoom_SG,['https://www.instagram.com/p/CGXsy6tnJQz/?igshid=z6tx9ngq3hlm'],https://www.instagram.com/p/CGXsy6tnJQz/?igshid=z6tx9ngq3hlm,['https://t.co/B9jxMwIhtG'],https://t.co/B9jxMwIhtG
17,https://twitter.com/stapeslr/status/1312740353196265472,2020-10-04 13:04:24+00:00,"I’m all about this.. it’s so needed to help switch off that educator brain 🧠 that buzzes with all the things I could be doing &amp; creating!! 

#selfcare #teacherwellbeing #workhardresthard #restnrecharge https://t.co/T5Gs7kmyQU",1312740353196265472,stapeslr,['https://twitter.com/EdTechLori/status/1312448782861127683'],https://twitter.com/EdTechLori/status/1312448782861127683,['https://t.co/T5Gs7kmyQU'],https://t.co/T5Gs7kmyQU
18,https://twitter.com/stapeslr/status/1312739684578017281,2020-10-04 13:01:44+00:00,"How do you celebrate an almost finished half term in a new job?? A delicious roast (almost as good as home) with a view and some fruity mocktails!! 

Looking forward to an awesome week of school and then a half term recharge 🥰🤪👍

#selfcare #teacherwellbeing #restnrecharge https://t.co/Ig7Kd5AgLH",1312739684578017281,stapeslr,[],,[],
19,https://twitter.com/iamdemydegracia/status/1311887016976474112,2020-10-02 04:33:33+00:00,"It’s been awhile what’s Good Friday?!? Well, aside from me what else?! I mean who else?! Or whatever?!?!? LELS

#Hashtag #allnaturalskincare #noedit #nagalaw #reallife #SelfLove #SelfCare #PrayHard @ Singapore https://t.co/88juVJOeli",1311887016976474112,iamdemydegracia,['https://www.instagram.com/p/CF0-QSlgKL3/?igshid=hgl6ea5tv7jc'],https://www.instagram.com/p/CF0-QSlgKL3/?igshid=hgl6ea5tv7jc,['https://t.co/88juVJOeli'],https://t.co/88juVJOeli
20,https://twitter.com/ThePanicRoom_SG/status/1311861433739743233,2020-10-02 02:51:53+00:00,Moods Fridays hari ni ... #friyay #selfcare #selfhelp #besokmc #kriborecords #panicsquad @ The Panic Room SG https://t.co/tPaPaG9pdz,1311861433739743233,ThePanicRoom_SG,['https://www.instagram.com/p/CF0zNuwHC0l/?igshid=14imnl74f8m2g'],https://www.instagram.com/p/CF0zNuwHC0l/?igshid=14imnl74f8m2g,['https://t.co/tPaPaG9pdz'],https://t.co/tPaPaG9pdz
21,https://twitter.com/remind_sg/status/1311223628420149249,2020-09-30 08:37:29+00:00,"💗#𝙒𝙚𝙡𝙡𝙣𝙚𝙨𝙨𝙒𝙚𝙙𝙣𝙚𝙨𝙙𝙖𝙮𝙨 💗

#ReMind #WellnessWednesdays #mentalhealth #emotionalhealth #quote #inspirational #mentalwellbeing #selfcare #mentalhealthadvocate https://t.co/ohuRBJCTu9",1311223628420149249,remind_sg,[],,[],
22,https://twitter.com/ThePanicRoom_SG/status/1309714619737538560,2020-09-26 04:41:13+00:00,Take care of your face before your face need to take care of you @brickellmensproducts Men's Daily Advanced Face Care Routine II (Dry/Sensitive/Normal Skin) #brickellmensproducts #selfcare #selfhelp #besokmc https://t.co/e0iRJyGQQC,1309714619737538560,ThePanicRoom_SG,['https://www.instagram.com/p/CFljG_cDHUE/?igshid=112l9xs0q4uzv'],https://www.instagram.com/p/CFljG_cDHUE/?igshid=112l9xs0q4uzv,['https://t.co/e0iRJyGQQC'],https://t.co/e0iRJyGQQC
23,https://twitter.com/carney_dana/status/1308900323398950912,2020-09-23 22:45:29+00:00,@leticarino @nnruthai @lacajonera @almarza_pilar @MiguelFranco2 @PabloBenito72 @delema39 @mjhamada @BrooklynDreamer @CoachPat1984 @katievhobbs @MusicShep @carmelhealth @PhysedNow @LovePhyEd @KellysPYPClass @maestrocarlosef @SchleiderJustin @clos_gm I shared this w my sts this week as we discussed the importance of #selfcare so that we are better at #caring and sharing #kindness with others :) thx for the reminders @leticarino @actionhappiness #wellness,1308900323398950912,carney_dana,[],,[],
24,https://twitter.com/thearlynist/status/1308385790238560256,2020-09-22 12:40:55+00:00,"I'm a self-confessed #maskaholic 💋 
#metime #selfcare #nightroutine #peterthomasroth #momlife @ Punggol Sapphire https://t.co/br3GQX8nHI",1308385790238560256,thearlynist,['https://www.instagram.com/p/CFcG1L1HrOo/?igshid=afee6yaj5g3w'],https://www.instagram.com/p/CFcG1L1HrOo/?igshid=afee6yaj5g3w,['https://t.co/br3GQX8nHI'],https://t.co/br3GQX8nHI
25,https://twitter.com/ThePanicRoom_SG/status/1308245386373607424,2020-09-22 03:23:00+00:00,"If everyone is happy all the time, no one is ever happy ... - boy 4 fingers #selfcare #selflove #besokmc #geylangtakeover @ The Panic Room SG https://t.co/bmWYEIoeeB",1308245386373607424,ThePanicRoom_SG,['https://www.instagram.com/p/CFbG-s1jTxI/?igshid=jbuven5vvd6a'],https://www.instagram.com/p/CFbG-s1jTxI/?igshid=jbuven5vvd6a,['https://t.co/bmWYEIoeeB'],https://t.co/bmWYEIoeeB
26,https://twitter.com/jwalantudesai/status/1307943212883959815,2020-09-21 07:22:17+00:00,"Keep going, never stop #Leadership #selfcare #MotivationalQuotes https://t.co/fozUTGoyrB",1307943212883959815,jwalantudesai,[],,[],
27,https://twitter.com/ThePanicRoom_SG/status/1306418210871357445,2020-09-17 02:22:28+00:00,Lepas mandi minom teh kinda Thursday #juniperridge #selflove #selfcare #besokmclagi @ The Panic Room SG https://t.co/0wOXqLNprR,1306418210871357445,ThePanicRoom_SG,['https://www.instagram.com/p/CFOIEp5Dp_P/?igshid=y3h6h60a81nd'],https://www.instagram.com/p/CFOIEp5Dp_P/?igshid=y3h6h60a81nd,['https://t.co/0wOXqLNprR'],https://t.co/0wOXqLNprR
28,https://twitter.com/ThePanicRoom_SG/status/1306416510173290498,2020-09-17 02:15:42+00:00,Jangan lupa beros gigi yer kawan kawan.. Kalau nak make sure .. Arr gunakanlah 3 toothbrushes #antineverbrushteethclub #selflove #selfcare #besokmclagi @ The Panic Room SG https://t.co/NLsQoxEWFc,1306416510173290498,ThePanicRoom_SG,['https://www.instagram.com/p/CFOHTOADkq5/?igshid=1awc3gyfj3tsq'],https://www.instagram.com/p/CFOHTOADkq5/?igshid=1awc3gyfj3tsq,['https://t.co/NLsQoxEWFc'],https://t.co/NLsQoxEWFc
29,https://twitter.com/carney_dana/status/1306137137750839297,2020-09-16 07:45:35+00:00,How might your current #stateofmind affect your time in art today? Practicing #selfcare and #awareness before we jump into getting #Creative @SAmericanSchool! #wellnesswednesday #arted #elementaryart https://t.co/NLpYbMK2TJ,1306137137750839297,carney_dana,[],,[],
30,https://twitter.com/ThePanicRoom_SG/status/1306113641423319041,2020-09-16 06:12:13+00:00,Snowflakers be calling other snowflakes. #geylangtakeover #selflove #selfcare #besokmc @ The Panic Room SG https://t.co/jYpusH5g40,1306113641423319041,ThePanicRoom_SG,['https://www.instagram.com/p/CFL9k6mjIEU/?igshid=7kzbzh8kxajv'],https://www.instagram.com/p/CFL9k6mjIEU/?igshid=7kzbzh8kxajv,['https://t.co/jYpusH5g40'],https://t.co/jYpusH5g40
31,https://twitter.com/champagne5hower/status/1305801956498104322,2020-09-15 09:33:41+00:00,#poems #poetas #poetry #poem #poems #poetsociety #poetrycommunity #poet #poetrylovers #poetryislife #poemsdaily #blogger #blog #motivation #love #human #poetsandwriters #amreading #writerscommunity #writer #haikyuu #quotes #author #selfcare #motivationalquotes #books #Smile #live https://t.co/xhxpnYUwKw,1305801956498104322,champagne5hower,[],,[],
32,https://twitter.com/ThePanicRoom_SG/status/1305727501189160960,2020-09-15 04:37:50+00:00,MC Tuesdays... #selflove #selfcare #workfromhotel @ The Panic Room SG https://t.co/PPSPlgWFAk,1305727501189160960,ThePanicRoom_SG,['https://www.instagram.com/p/CFJN-mFD4L5/?igshid=vsxr0nxwoqgf'],https://www.instagram.com/p/CFJN-mFD4L5/?igshid=vsxr0nxwoqgf,['https://t.co/PPSPlgWFAk'],https://t.co/PPSPlgWFAk
33,https://twitter.com/jwalantudesai/status/1305656190802825217,2020-09-14 23:54:28+00:00,"A routine morning run along the nature trail, makes your day pleasant

.
.
.
.
.
.
.
.
.
.
.
#running #runnersofinstagram #run #runningmotivation #singapore #singapore_insta #morning #selfcare @ Singapore https://t.co/Eco0oQ0xuF",1305656190802825217,jwalantudesai,['https://www.instagram.com/p/CFItjZijiLi/?igshid=wk2ftmqba46s'],https://www.instagram.com/p/CFItjZijiLi/?igshid=wk2ftmqba46s,['https://t.co/Eco0oQ0xuF'],https://t.co/Eco0oQ0xuF
34,https://twitter.com/remind_sg/status/1305471725178482689,2020-09-14 11:41:28+00:00,"💚𝙑𝙤𝙡𝙪𝙣𝙩𝙚𝙚𝙧 𝙬𝙞𝙩𝙝 𝙍𝙚:𝙈𝙞𝙣𝙙 💚

Applications for volunteers are open once again!

Check out this link to find out how: https://t.co/97OlREEQpN

#ReMind #singapore #volunteer #recruitment #joinus #mentalhealth #mentalhealthawareness #mentalillness #selfcare https://t.co/kGp41XHMjd",1305471725178482689,remind_sg,['https://www.instagram.com/p/CFHZNz-HKhm/?igshid=1tp551f1vhcu4'],https://www.instagram.com/p/CFHZNz-HKhm/?igshid=1tp551f1vhcu4,['https://t.co/97OlREEQpN'],https://t.co/97OlREEQpN
35,https://twitter.com/fanjsb/status/1305390990509907969,2020-09-14 06:20:39+00:00,"Happiness is when you are being served without asking 

I love being pampered by my staff. 🥰❤

#pamperedchef 
#happiness 
#lovequotes 
#coffee 
#drinks 
#selfcare @ YOUNGS Bar &amp; Restaurant https://t.co/Q7z61bUuC2",1305390990509907969,fanjsb,['https://www.instagram.com/p/CFG09DyJVTql4b_5sBoa-M_5hUjRxCN6Dz63ME0/?igshid=io1874qmn8me'],https://www.instagram.com/p/CFG09DyJVTql4b_5sBoa-M_5hUjRxCN6Dz63ME0/?igshid=io1874qmn8me,['https://t.co/Q7z61bUuC2'],https://t.co/Q7z61bUuC2
36,https://twitter.com/fanjsb/status/1305390861442846720,2020-09-14 06:20:09+00:00,"Happiness is when you are being served without asking 

I love being pampered by my staff. 🥰❤

#pamperedchef 
#happiness 
#lovequotes 
#coffee 
#drinks 
#selfcare @ YOUNGS Bar &amp; Restaurant https://t.co/LB5mIJhDzY",1305390861442846720,fanjsb,['https://www.instagram.com/p/CFG05H9pvKVCXfF4pkAdSAVipoygdm6Yg0hNTM0/?igshid=1r8ktfplw7i3q'],https://www.instagram.com/p/CFG05H9pvKVCXfF4pkAdSAVipoygdm6Yg0hNTM0/?igshid=1r8ktfplw7i3q,['https://t.co/LB5mIJhDzY'],https://t.co/LB5mIJhDzY
37,https://twitter.com/champagne5hower/status/1303017305530482689,2020-09-07 17:08:29+00:00,"Hey there. Here's a new original poetry. Have a read ❤️#poetry #poet #poem #write #blog #blogger #words #life #hope #selfcare #selflove #dream #fight #live #easy #try #hard #failure #success #empty #days #soul #peace #Mindset #art #dark #fearless #death #i
https://t.co/bHEBgsBajg",1303017305530482689,champagne5hower,['http://youthdilemmas.blogspot.com/2020/09/poetry-hopeful-song.html'],http://youthdilemmas.blogspot.com/2020/09/poetry-hopeful-song.html,['https://t.co/bHEBgsBajg'],https://t.co/bHEBgsBajg
38,https://twitter.com/ThePanicRoom_SG/status/1302177465310248960,2020-09-05 09:31:15+00:00,"Without chaos, nothing really changes. Curb your chaos before the chaos curbs you. #selflove #selfcare #besokmc #geylangtake @ The Panic Room SG https://t.co/wbZDVvKf0l",1302177465310248960,ThePanicRoom_SG,['https://www.instagram.com/p/CEv_nInD68D/?igshid=ixknxz9dpz4r'],https://www.instagram.com/p/CEv_nInD68D/?igshid=ixknxz9dpz4r,['https://t.co/wbZDVvKf0l'],https://t.co/wbZDVvKf0l
39,https://twitter.com/ThePanicRoom_SG/status/1301874055528755201,2020-09-04 13:25:37+00:00,Sleep tight Geylang ... besok mc #selfcare #selflove #geylangtakeover @ The Panic Room SG https://t.co/tpRiWWABgo,1301874055528755201,ThePanicRoom_SG,['https://www.instagram.com/p/CEt1owBDurb/?igshid=1vou8hkhsgxjb'],https://www.instagram.com/p/CEt1owBDurb/?igshid=1vou8hkhsgxjb,['https://t.co/tpRiWWABgo'],https://t.co/tpRiWWABgo
40,https://twitter.com/remind_sg/status/1300995397662306304,2020-09-02 03:14:08+00:00,"🌤 #𝙒𝙚𝙡𝙡𝙣𝙚𝙨𝙨𝙒𝙚𝙙𝙣𝙚𝙨𝙙𝙖𝙮 🌤

Happy midweek! Here's a lil reminder that you don't have to do everything alone. Reach out to a friend if you need support! 💚

#ReMind #WellnessWednesdays #mentalhealth #emotionalhealth #quote #inspirational #mentalwellbeing #selfcare https://t.co/bifRSemiW8",1300995397662306304,remind_sg,[],,[],
41,https://twitter.com/ThePanicRoom_SG/status/1300632112912109570,2020-09-01 03:10:34+00:00,Dropping soon. #oakenlab #selfcare #selflove #mc #geylangtakeover @ The Panic Room SG https://t.co/rTyqdtJ457,1300632112912109570,ThePanicRoom_SG,['https://www.instagram.com/p/CElA3YTjlDD/?igshid=1anjvqyds1uof'],https://www.instagram.com/p/CElA3YTjlDD/?igshid=1anjvqyds1uof,['https://t.co/rTyqdtJ457'],https://t.co/rTyqdtJ457
42,https://twitter.com/ThePanicRoom_SG/status/1300618247524560896,2020-09-01 02:15:29+00:00,Keeping my table neat before I clean you up - Barry Mangolow straw_barryz #geylangtakeover #panicsquad #selfcare @ The Panic Room SG https://t.co/xNs9Ij44SI,1300618247524560896,ThePanicRoom_SG,['https://www.instagram.com/p/CEk6j9Sj_bC/?igshid=1w68y1o0qrc22'],https://www.instagram.com/p/CEk6j9Sj_bC/?igshid=1w68y1o0qrc22,['https://t.co/xNs9Ij44SI'],https://t.co/xNs9Ij44SI
43,https://twitter.com/ThePanicRoom_SG/status/1300280118741524480,2020-08-31 03:51:53+00:00,"The smoothest pomade you’ll ever meet - Clay Pomade gives you a firm and long lasting hold and a matte finish. Perfect for those texture and volume focused styles #firsthandsupply .
.
.
.
.
.
#selfcare #boston… https://t.co/BMh4XtqB73",1300280118741524480,ThePanicRoom_SG,['https://www.instagram.com/p/CEigzA0D-hv/?igshid=1pdaws4lnl71n'],https://www.instagram.com/p/CEigzA0D-hv/?igshid=1pdaws4lnl71n,['https://t.co/BMh4XtqB73'],https://t.co/BMh4XtqB73
44,https://twitter.com/ThePanicRoom_SG/status/1300276113785212929,2020-08-31 03:35:58+00:00,Doesn’t matter your black or white ... or red - Michelle Jordan #babylisspro #selfcare #selflove #barbersupply @ The Panic Room SG https://t.co/x9fqc5dzlz,1300276113785212929,ThePanicRoom_SG,['https://www.instagram.com/p/CEie-T-jyKH/?igshid=1l1py5i1fftpa'],https://www.instagram.com/p/CEie-T-jyKH/?igshid=1l1py5i1fftpa,['https://t.co/x9fqc5dzlz'],https://t.co/x9fqc5dzlz
45,https://twitter.com/ThePanicRoom_SG/status/1300266883665612801,2020-08-31 02:59:17+00:00,"If your hair too long, you look like your sister ... akidamir #geylangtakeover #panicsquad #readbookmustpostig #livestreamyoga #selflove #selfcare @ The Panic Room SG https://t.co/OdqqrIsNYD",1300266883665612801,ThePanicRoom_SG,['https://www.instagram.com/p/CEiaxoHj-GC/?igshid=341veg6c42ft'],https://www.instagram.com/p/CEiaxoHj-GC/?igshid=341veg6c42ft,['https://t.co/OdqqrIsNYD'],https://t.co/OdqqrIsNYD
46,https://twitter.com/thearlynist/status/1299530127001354240,2020-08-29 02:11:41+00:00,"Weekends - time for the weekday #officeninja to put on her invisible cape and save the world - one massage at a time.. ❤
.
#massage #selfcare #cmt  #certifiedmassagetherapist #travellingmassagetherapist… https://t.co/lQx12wPTmv",1299530127001354240,thearlynist,['https://www.instagram.com/p/CEdLviSHGHt/?igshid=t1hio3kdx583'],https://www.instagram.com/p/CEdLviSHGHt/?igshid=t1hio3kdx583,['https://t.co/lQx12wPTmv'],https://t.co/lQx12wPTmv
47,https://twitter.com/GarionTan/status/1298806693493698560,2020-08-27 02:17:01+00:00,"Good morning!

#hydrate #water #skincare #hydration #health #healthylifestyle #beauty #fitness #drinkwater #stayhydrated #wellness #healthy #skincareroutine #selfcare #skin #healthyskin #healthyliving #waterbottle… https://t.co/oUGM2IfZmw",1298806693493698560,GarionTan,['https://www.instagram.com/p/CEYCwvBHRJl/?igshid=1p9f5kdxwnwlr'],https://www.instagram.com/p/CEYCwvBHRJl/?igshid=1p9f5kdxwnwlr,['https://t.co/oUGM2IfZmw'],https://t.co/oUGM2IfZmw
48,https://twitter.com/ThePanicRoom_SG/status/1298509276361584640,2020-08-26 06:35:11+00:00,"Hygiene is more important than looking good. Hydrating Shampoo provides a nice gentle lather that works out all the bad in your hair and leaves in all the good.
#firsthandsupply #firsthandfam .
.
.
.
.
.
#selfcare… https://t.co/M0X1Dq2b6k",1298509276361584640,ThePanicRoom_SG,['https://www.instagram.com/p/CEV7gxbDQfh/?igshid=1mys4px72kk9o'],https://www.instagram.com/p/CEV7gxbDQfh/?igshid=1mys4px72kk9o,['https://t.co/M0X1Dq2b6k'],https://t.co/M0X1Dq2b6k
49,https://twitter.com/remind_sg/status/1297800697853825024,2020-08-24 07:39:32+00:00,"There are actually 100 trillion ways which you can practice self-care. Swipe and read about the importance, benefits and examples of self-care!

Have a good day ahead Re:Mind fam! ☀️

#ReMind #mentalhealth #mentalhealthawareness #anxiety #selfcare #selflove #health #mentalillness https://t.co/X0lomJCrlI",1297800697853825024,remind_sg,[],,[],
50,https://twitter.com/remind_sg/status/1297800435382681600,2020-08-24 07:38:30+00:00,"💆🏿‍♂️🌸𝙎𝙚𝙡𝙛-𝙘𝙖𝙧𝙚 🌸🙆🏼

The term self-care is used so commonly in the social media landscape today. Do you know what self-care is? ❤️

#ReMind #mentalhealth #mentalhealthawareness #anxiety #depression #selfcare #selflove #health #mentalillness #selfcare https://t.co/kuD985DXfD",1297800435382681600,remind_sg,[],,[],
51,https://twitter.com/GarionTan/status/1297758964583735297,2020-08-24 04:53:43+00:00,#hydration #skincare #water #hydrate #health #beauty #fitness #healthylifestyle #skin #healthy #stayhydrated #skincareroutine #wellness #drinkwater #antiaging #selfcare #nutrition #natural #healthyskin… https://t.co/AOJugkab2H,1297758964583735297,GarionTan,['https://www.instagram.com/p/CEQmT7XnV6L/?igshid=ere10nwkvtzt'],https://www.instagram.com/p/CEQmT7XnV6L/?igshid=ere10nwkvtzt,['https://t.co/AOJugkab2H'],https://t.co/AOJugkab2H
52,https://twitter.com/roza_willis/status/1296427101713772544,2020-08-20 12:41:22+00:00,Throbbing headache fixed #selfcare @ Tiffany and Co. https://t.co/DT9Xg4OJVI,1296427101713772544,roza_willis,['https://www.instagram.com/p/CEHIpvcnwioVkrfObvg6EzxdezvW_-Zf4QNhj00/?igshid=2ossfduswbmd'],https://www.instagram.com/p/CEHIpvcnwioVkrfObvg6EzxdezvW_-Zf4QNhj00/?igshid=2ossfduswbmd,['https://t.co/DT9Xg4OJVI'],https://t.co/DT9Xg4OJVI
53,https://twitter.com/remind_sg/status/1295969004419350528,2020-08-19 06:21:03+00:00,"✨Always remember that you are talented, strong, brave. You are worthy, loved, important.

What other tips do you know to talk to yourself better? Sound off by tweeting us! 💌 

#ReMind #WellnessWednesdays #mentalhealth #emotionalhealth #mentalwellbeing #selfcare
#inspirational",1295969004419350528,remind_sg,[],,[],
54,https://twitter.com/remind_sg/status/1292318534232494082,2020-08-09 04:35:23+00:00,"We want to hear from you too! What are you grateful for the most this National Day? 💌

#ReMind #Singapore #NationalDay2020 #NDP2020 #celebrate #mentalhealth #mentalhealthawareness #selfcare #selflove #health #mentalillness https://t.co/uhGswEIWaT",1292318534232494082,remind_sg,[],,[],
55,https://twitter.com/ThePanicRoom_SG/status/1290241808061014023,2020-08-03 11:03:13+00:00,"Wow, another book drop. Another collaboration with Dr Phill and @muffynliuliu himself. #gamingchair #selflove #selfcare #lifehack #selfie #selfeverything #geylangtakeover @ The Panic Room SG https://t.co/zkvs7FwiGE",1290241808061014023,ThePanicRoom_SG,['https://www.instagram.com/p/CDbL5nPjoa8/?igshid=11yycj6os6fl7'],https://www.instagram.com/p/CDbL5nPjoa8/?igshid=11yycj6os6fl7,['https://t.co/zkvs7FwiGE'],https://t.co/zkvs7FwiGE
56,https://twitter.com/ThePanicRoom_SG/status/1290241078210125825,2020-08-03 11:00:19+00:00,Wow another book drop .. limited edition collaboration with Dr phill and @muffynliuliu  #geylangtakeover #lifehacks #selflove #selfcare @ The Panic Room SG https://t.co/AhcII9Nja7,1290241078210125825,ThePanicRoom_SG,['https://www.instagram.com/p/CDbLkoejVyi/?igshid=17pv11v01urdz'],https://www.instagram.com/p/CDbLkoejVyi/?igshid=17pv11v01urdz,['https://t.co/AhcII9Nja7'],https://t.co/AhcII9Nja7
57,https://twitter.com/remind_sg/status/1289202222643810304,2020-07-31 14:12:16+00:00,"🤔 𝗚𝘂𝗲𝘀𝘀 𝘁𝗵𝗲 𝗹𝗼𝗴𝗼! 🤔

Hey #ReMind fam! For this week’s #ReMindGames, we want to know how much you know of Singapore’s mental health organisations! 🧠💚✏️

#GuesstheLogo #games #Singapore #Mentalhealth #MentalHealthAwareness #organisations #selflove #selfcare https://t.co/eJU8T1Mx77",1289202222643810304,remind_sg,[],,[],
58,https://twitter.com/rosse_tdl/status/1288595013354520582,2020-07-29 21:59:26+00:00,"#challengeaccepted by rozliana_aziz .. ☺️😅😅

#lifeofrosse 
#rossetraveldancelog 
#blackandwhite 
#selflove 
#selfcare 
#selfies 
#me 
#memyselfandi 
#blackandwhitephotos 
#dancer 
#choreographer 
#talent… https://t.co/zsbj7VZCNu",1288595013354520582,rosse_tdl,['https://www.instagram.com/p/CDPfB2eh-9M/?igshid=1tih7ndbxxvst'],https://www.instagram.com/p/CDPfB2eh-9M/?igshid=1tih7ndbxxvst,['https://t.co/zsbj7VZCNu'],https://t.co/zsbj7VZCNu
59,https://twitter.com/ThePanicRoom_SG/status/1288009419867840512,2020-07-28 07:12:30+00:00,"Always handsome 

#firsthandsupply #makestuffthatmatters .
.
.
.
.
.
#selfcare #boston #unisex #haircare #bodycare #barbershop #minimalism #style #hair #hairstyles #influencers #clean #sustainable #fashion @ The… https://t.co/zh7YJr6jcA",1288009419867840512,ThePanicRoom_SG,['https://www.instagram.com/p/CDLUum_DvPy/?igshid=1559hxazv3ckj'],https://www.instagram.com/p/CDLUum_DvPy/?igshid=1559hxazv3ckj,['https://t.co/zh7YJr6jcA'],https://t.co/zh7YJr6jcA
60,https://twitter.com/ThePanicRoom_SG/status/1288009418748166149,2020-07-28 07:12:30+00:00,"Always handsome 

#firsthandsupply #makestuffthatmatters .
.
.
.
.
.
#selfcare #boston #unisex #haircare #bodycare #barbershop #minimalism #style #hair #hairstyles #influencers #clean #sustainable #fashion @ The… https://t.co/zh7YJrnUBa",1288009418748166149,ThePanicRoom_SG,['https://www.instagram.com/p/CDLUum_DvPy/?igshid=1559hxazv3ckj'],https://www.instagram.com/p/CDLUum_DvPy/?igshid=1559hxazv3ckj,['https://t.co/zh7YJrnUBa'],https://t.co/zh7YJrnUBa
61,https://twitter.com/remind_sg/status/1286564869316071431,2020-07-24 07:32:22+00:00,"From mindfulness to breathing exercises, these proven techniques will help you take control of anxious feelings, so you can get more out of life 😁💚

Retweet to share this wonderful book! 📚

#anxiety #mentalhealth #mentalhealthawareness #mentalillness #selflove #selfcare #tips",1286564869316071431,remind_sg,[],,[],
62,https://twitter.com/remind_sg/status/1283284905397346305,2020-07-15 06:18:58+00:00,"Good luck and have fun! 🤟🏿👾

#ReMind #ReMindQuiz #quiz #games #singapore #mentalhealth #mentalhealthawareness #mentalillness #mentalwellness #selflove #selfcare",1283284905397346305,remind_sg,[],,[],
63,https://twitter.com/remind_sg/status/1283284476550713345,2020-07-15 06:17:16+00:00,"And that’s not all! Participate in all of our 3 games on 12, 19 &amp; 26 July 2020 and stand a chance to be selected for our 𝙇𝙐𝘾𝙆𝙔 𝘿𝙍𝘼𝙒 💥🎰

#ReMind #ReMindQuiz #quiz #games #singapore #mentalhealth #mentalhealthawareness #mentalillness #mentalwellness #selflove #selfcare",1283284476550713345,remind_sg,[],,[],
64,https://twitter.com/remind_sg/status/1283284338927443970,2020-07-15 06:16:43+00:00,"Easy 3-step instructions:
1. Screenshot the quiz page in our IG story highlight
2. Circle your answers
3. Tag us @remind_sg &amp; 3 other friends!

#ReMind #ReMindQuiz #quiz #games #singapore #mentalhealth #mentalhealthawareness #mentalillness #mentalwellness #selflove #selfcare",1283284338927443970,remind_sg,[],,[],
65,https://twitter.com/phoelabelytyx/status/1281449440683802624,2020-07-10 04:45:29+00:00,"It’s my first time coming to Bishan Park ever since it renovated

Who knew it look hella gorgeous now 😍.

#instaworthy #ootd #dogsofinstagram #dogwalking #exercise #fitness #selfcare #werk @ Bishan-Ang Mo Kio Park https://t.co/hGI0znNoUn",1281449440683802624,phoelabelytyx,['https://www.instagram.com/p/CCctmYUnVBp/?igshid=1nnhg92vtjwb9'],https://www.instagram.com/p/CCctmYUnVBp/?igshid=1nnhg92vtjwb9,['https://t.co/hGI0znNoUn'],https://t.co/hGI0znNoUn
66,https://twitter.com/fluffyhighbuns/status/1281061507455954944,2020-07-09 03:03:59+00:00,"For myself, I too have a plan for me. I have me, Kym, I have a together and my plan. I care at myself. Do vote wisely tomorrow! #selfcare @ Mr Stork https://t.co/2wJ9h8UnnI",1281061507455954944,fluffyhighbuns,['https://www.instagram.com/p/CCZ9L5ehG4S/?igshid=1xy8x70obobr2'],https://www.instagram.com/p/CCZ9L5ehG4S/?igshid=1xy8x70obobr2,['https://t.co/2wJ9h8UnnI'],https://t.co/2wJ9h8UnnI
67,https://twitter.com/remind_sg/status/1280748578944675840,2020-07-08 06:20:31+00:00,"And here are the last 3 quick and essential facts about mental health! 💚

Know more facts about mental health? Tweet us and let us know!

#ReMind #WellnessWednsdays #facts #mentalhealth #mentalhealthawareness #mentalillness #selfcare #selflove #anxiety #Singapore https://t.co/kfu41C9Riw",1280748578944675840,remind_sg,[],,[],
68,https://twitter.com/remind_sg/status/1280063960050356225,2020-07-06 09:00:05+00:00,"We can’t wait to welcome you into our wholesome team! 💚

Tag your friends who may be interested in joining as well! 💌
___
#ReMind #volunteer #marketing #marketers #recruitment #singapore #mentalhealth #mentalhealthmatters #mentalillness #selfcare #selflove #joinus",1280063960050356225,remind_sg,[],,[],
69,https://twitter.com/remind_sg/status/1280063413100531712,2020-07-06 08:57:54+00:00,"Here are our criteria:
•Be able to design and have an interest in marketing ✏️
•Be a final year university student or working in SG 🏫

#ReMind #volunteer #marketing #marketers #recruitment #singapore #mentalhealth #mentalhealthmatters #mentalillness #selfcare #selflove #joinus",1280063413100531712,remind_sg,[],,[],
70,https://twitter.com/remind_sg/status/1278940027599220737,2020-07-03 06:33:58+00:00,"Do you know more facts about autism? Sound off in the comments below! 💌

#ReMind #autism #autismspectrumdisorder #mentalhealthfacts #mentalwellness #selfcare #singapore #mentalhealth #seekhelp #mentalhealthawareness #nonprofit #socialenterprise #socialgood",1278940027599220737,remind_sg,[],,[],
71,https://twitter.com/KimokoMasada/status/1277235485891493889,2020-06-28 13:40:44+00:00,"Self care Sunday with 2 new gadgets into my regime - The Rose Quartz Face Roller and a 0.5mm Derma Roller.
.
Is anyone fans of the Rose Quartz Roller and/or the Derma Roller?
.
#selfcaresunday #selfcare… https://t.co/sQRvQdF95v",1277235485891493889,KimokoMasada,['https://www.instagram.com/p/CB-xUJdHQvc/?igshid=66gz3oxpyjax'],https://www.instagram.com/p/CB-xUJdHQvc/?igshid=66gz3oxpyjax,['https://t.co/sQRvQdF95v'],https://t.co/sQRvQdF95v
72,https://twitter.com/remind_sg/status/1276396717559054336,2020-06-26 06:07:46+00:00,"We can’t wait to welcome you into our wholesome team!

Tag your friends who may be interested in joining as well! 💌

#ReMind #volunteer #recruitment #joinus #singapore #mentalhealth #mentalhealthawareness #mentalillness #selfcare #selflove",1276396717559054336,remind_sg,[],,[],
73,https://twitter.com/_djzb_/status/1274388440449077248,2020-06-20 17:07:35+00:00,Cozy scents.. been using it for many times.. #candle #relaxation  #Phase2 #nightlife #selfcare https://t.co/qwbrH5Ckz6,1274388440449077248,_djzb_,[],,[],
74,https://twitter.com/remind_sg/status/1273865171329400833,2020-06-19 06:28:18+00:00,"✅ Mental Health Checklist ✅

TGIF! Here's a friendly reminder to reaffirm yourself today 💪🏻

You are doing great! Tag a friend below to remind them too 💌

#ReMind #mentalhealth #mentalhealthawareness #anxiety #depression #selfcare #selflove #health #mentalillness #checklist https://t.co/IlpegByYla",1273865171329400833,remind_sg,[],,[],
75,https://twitter.com/_nicodraws/status/1262772373360697344,2020-05-19 15:49:29+00:00,"Heres a midweek motivational tip. 

#webtoons #webcomics #nicodraws #sgartist #jokes😂 #inspirational #selfcare #mbti #comics #artistsoninstagram #digitalart #nicnacno #adulting #thisismeatworkiguess #funnycomics… https://t.co/CXi9ZtUIqm",1262772373360697344,_nicodraws,['https://www.instagram.com/p/CAYAQIUBaEQ/?igshid=zaqxox234x89'],https://www.instagram.com/p/CAYAQIUBaEQ/?igshid=zaqxox234x89,['https://t.co/CXi9ZtUIqm'],https://t.co/CXi9ZtUIqm
76,https://twitter.com/EdaStitch/status/1259133052904669184,2020-05-09 14:48:08+00:00,"Tilt you head.

#makeupgameonpoint 
#selfie
#selflove 
#selfcare 
#CB2020 @ Singapore https://t.co/J2wiFHZvaV",1259133052904669184,EdaStitch,['https://www.instagram.com/p/B_-JRzqBlRq/?igshid=m2qp196sk8wk'],https://www.instagram.com/p/B_-JRzqBlRq/?igshid=m2qp196sk8wk,['https://t.co/J2wiFHZvaV'],https://t.co/J2wiFHZvaV
77,https://twitter.com/remind_sg/status/1255379421982326784,2020-04-29 06:12:32+00:00,"👥 Bipolar Disorder👥

Another Wednesday, another #WellnessWednesdays! This week we’re going to discuss about Bipolar Disorder, a mental illness that brings severe high and low moods.

#remind #singapore #mentalhealth #mentalhealthawareness #bipolar #disorder #selfcare #health https://t.co/6HAKspIApQ",1255379421982326784,remind_sg,[],,[],
78,https://twitter.com/7070jm/status/1243590559991844872,2020-03-27 17:27:48+00:00,"What's my temperature?
.
.
.
.
.
.
.
.
.
.
#stayathome #themoreyouknow #nofever #nocoronavirus😷 #selfcare #lightattheendofthetunnel #staysafe #staysane #cabinfever #struggleisreal @ Singapore https://t.co/sx9pMk1nJG",1243590559991844872,7070jm,['https://www.instagram.com/p/B-PtXmnjZyT/?igshid=146hx52lm685c'],https://www.instagram.com/p/B-PtXmnjZyT/?igshid=146hx52lm685c,['https://t.co/sx9pMk1nJG'],https://t.co/sx9pMk1nJG
79,https://twitter.com/widiaroman/status/1243165165295734786,2020-03-26 13:17:26+00:00,#bekind #selfcare #bekindtoyourself #bewise @ Singapore https://t.co/ygOKSqzgn3,1243165165295734786,widiaroman,['https://www.instagram.com/p/B-Mr7E5hvp2/?igshid=h6v46x317kal'],https://www.instagram.com/p/B-Mr7E5hvp2/?igshid=h6v46x317kal,['https://t.co/ygOKSqzgn3'],https://t.co/ygOKSqzgn3
80,https://twitter.com/AartiOlivia/status/1241580767815352320,2020-03-22 04:21:37+00:00,"the necessity and simplicity of an Inhale and an Exhale 
#returntoself #selfcare @ Singapore https://t.co/cRNdFgQT8s",1241580767815352320,AartiOlivia,['https://www.instagram.com/p/B9_L2t5gz1q/?igshid=1dlnw20qrpvjl'],https://www.instagram.com/p/B9_L2t5gz1q/?igshid=1dlnw20qrpvjl,['https://t.co/cRNdFgQT8s'],https://t.co/cRNdFgQT8s
81,https://twitter.com/AartiOlivia/status/1237843497907937283,2020-03-11 20:51:02+00:00,"Something I thought my friends with Disability and spoonie friends may relate to - feel free to add to the list in the comments 👌🏽 

#disability #chronicillness #spoonies #covid2019 #selfcare #mentalhealth 
#ableism… https://t.co/Gq1kXQEGI8",1237843497907937283,AartiOlivia,['https://www.instagram.com/p/B9m36ClgdkD/?igshid=1ro9u8i4rrr44'],https://www.instagram.com/p/B9m36ClgdkD/?igshid=1ro9u8i4rrr44,['https://t.co/Gq1kXQEGI8'],https://t.co/Gq1kXQEGI8
82,https://twitter.com/calizamir/status/1233217233150566400,2020-02-28 02:27:55+00:00,I tell myself that it’s okay that I’m using the children as a barrier against the pigeons. It’s important to be kind to yourself #selfcare,1233217233150566400,calizamir,[],,[],
83,https://twitter.com/widiaroman/status/1214954624043671552,2020-01-08 16:58:49+00:00,Depends on mood. #selfcare #selflove #doyou #beyourself #beyou #moods @ Singapore https://t.co/AU1GLwxW9Z,1214954624043671552,widiaroman,['https://www.instagram.com/p/B7EPQXXhJRy/?igshid=24eimt6wslig'],https://www.instagram.com/p/B7EPQXXhJRy/?igshid=24eimt6wslig,['https://t.co/AU1GLwxW9Z'],https://t.co/AU1GLwxW9Z
84,https://twitter.com/widiaroman/status/1212317191472734211,2020-01-01 10:18:36+00:00,"Happy 2020. Bismillah. 
#stayfocused #bekind #bekindalways #beyourself #beyou #doyou #selflove #selfcare @ Yishun https://t.co/o774LZfaFa",1212317191472734211,widiaroman,['https://www.instagram.com/p/B6xf48VhYFF/?igshid=ggarrlkhb1lm'],https://www.instagram.com/p/B6xf48VhYFF/?igshid=ggarrlkhb1lm,['https://t.co/o774LZfaFa'],https://t.co/o774LZfaFa
