,url,date,content,id,username,outlinks,outlinksss,tcooutlinks,tcooutlinksss
0,https://twitter.com/dt_bliss/status/1412881918475993091,2021-07-07 21:11:14+00:00,"Lmao finally it's drama in the final minute, england deserves that penalty after the abuse Sterling got from the danish defender.",1412881918475993091,dt_bliss,[],,[],
1,https://twitter.com/MathPlus/status/1412773687133040648,2021-07-07 14:01:09+00:00,Why Dogs Count: Guesstimate how many millions of dogs begged to be walked during the global 2020 lockdowns. #Covid-19 #coronavirus #Singapore #math #dog #lockdown #infection #transmission #SPCA #abuse #animals #rights #humor https://t.co/pI0wmFTCHS,1412773687133040648,MathPlus,[],,[],
2,https://twitter.com/hfzr93/status/1412770827339124750,2021-07-07 13:49:47+00:00,"if y’all have been victims to any of these abuse in any way (i.e. islamophobia, threats, sexual harassment, etc.) don’t be afraid to speak your mind bc honestly there’s been too many last straws that’s led up to this.",1412770827339124750,hfzr93,[],,[],
3,https://twitter.com/airilazmann/status/1412739960730316800,2021-07-07 11:47:08+00:00,"How to abuse kaki hentak :
Playback speed x1.25",1412739960730316800,airilazmann,[],,[],
4,https://twitter.com/sammi_limyy/status/1412738102401982466,2021-07-07 11:39:45+00:00,"Don't really like this one but this is my 1st film I did at the end of Y2 that was to be submitted to festivals (which didn't make it in) called ""猫来了"" (Here Comes the Cat) which touches on the increase of stray cat abuse that's been happening here https://t.co/AMv7cqeMm2 https://t.co/aCTvKgE5WL",1412738102401982466,sammi_limyy,['https://youtu.be/YO2yLjcU77Q'],https://youtu.be/YO2yLjcU77Q,['https://t.co/AMv7cqeMm2'],https://t.co/AMv7cqeMm2
5,https://twitter.com/FrightLight1/status/1412684462144430082,2021-07-07 08:06:36+00:00,You know I feel like people who say something isn't abuse it's because they experience it as a childhood and they don't recognize it as abuse even when they have facts in front of them that's called trauma,1412684462144430082,FrightLight1,[],,[],
6,https://twitter.com/handthigh/status/1412658993726586881,2021-07-07 06:25:24+00:00,@FlowerElbows i- this screams abuse and genetic deformity 😭💔,1412658993726586881,handthigh,[],,[],
7,https://twitter.com/r10Iu/status/1412658089199767555,2021-07-07 06:21:49+00:00,@AustinArts4 @JackieShounen @DavidToonsYT screw domestic abuse we're going international,1412658089199767555,r10Iu,[],,[],
8,https://twitter.com/Chinesepop/status/1412605437157863424,2021-07-07 02:52:35+00:00,"Sexuality education for pre-schoolers among proposals by WP's Raeesah Khan to address abuse, harassment

https://t.co/PdjotrT4Ta",1412605437157863424,Chinesepop,['https://www.channelnewsasia.com/news/singapore/sexuality-education-children-schools-raeesah-khan-wp-15166496'],https://www.channelnewsasia.com/news/singapore/sexuality-education-children-schools-raeesah-khan-wp-15166496,['https://t.co/PdjotrT4Ta'],https://t.co/PdjotrT4Ta
9,https://twitter.com/yperic/status/1412596868819742724,2021-07-07 02:18:32+00:00,"Sexuality education for pre-schoolers among proposals by WP's Raeesah Khan to address abuse, harassment https://t.co/n2Gn0FmYmA",1412596868819742724,yperic,['https://www.channelnewsasia.com/news/singapore/sexuality-education-children-schools-raeesah-khan-wp-15166496#.YOUO9j2zFBQ.twitter'],https://www.channelnewsasia.com/news/singapore/sexuality-education-children-schools-raeesah-khan-wp-15166496#.YOUO9j2zFBQ.twitter,['https://t.co/n2Gn0FmYmA'],https://t.co/n2Gn0FmYmA
10,https://twitter.com/GraceYeohCNA/status/1412571662566924290,2021-07-07 00:38:23+00:00,"This is *such* an excellent proposal by @RaeesahKhanwpsg. I’m working on a related story, and the data of child sexual abuse makes me sick. Knowing an MP wants to improve the system adds a little relief.

Also, a frivolous concern, but I need that blazer.

https://t.co/4OYnYqFKF8",1412571662566924290,GraceYeohCNA,['https://www.channelnewsasia.com/news/singapore/sexuality-education-children-schools-raeesah-khan-wp-15166496'],https://www.channelnewsasia.com/news/singapore/sexuality-education-children-schools-raeesah-khan-wp-15166496,['https://t.co/4OYnYqFKF8'],https://t.co/4OYnYqFKF8
11,https://twitter.com/HarisonRamon/status/1412529126477496323,2021-07-06 21:49:21+00:00,"@angry_rantman Enrique did that last game too by taking him off, trying to protect a 18 year old from all the threats and abuse he will receive if he misses",1412529126477496323,HarisonRamon,[],,[],
12,https://twitter.com/WeisongJi/status/1412526726182174727,2021-07-06 21:39:49+00:00,"Oh no, Morata’s gonna get a lot of verbal abuse",1412526726182174727,WeisongJi,[],,[],
13,https://twitter.com/MyAutoBlogging/status/1412498212611674112,2021-07-06 19:46:31+00:00,"Former leading cops authorities in Mexico is jailed for abuse
#worldnews #breakingnews #latestnews #politicnews #businessnews
https://t.co/kjORTDykhZ",1412498212611674112,MyAutoBlogging,['https://automaticblogging.com/former-leading-cops-authorities-in-mexico-is-jailed-for-abuse/?feed_id=31194&_unique_id=60e4b3175f713'],https://automaticblogging.com/former-leading-cops-authorities-in-mexico-is-jailed-for-abuse/?feed_id=31194&_unique_id=60e4b3175f713,['https://t.co/kjORTDykhZ'],https://t.co/kjORTDykhZ
14,https://twitter.com/wali_talks/status/1412444816814743560,2021-07-06 16:14:20+00:00,We often fight for institutions to adopt a survivor-centric approach of dealing with abuse. The State media should not be exempt from this basic requirement.,1412444816814743560,wali_talks,[],,[],
15,https://twitter.com/JoakimGomez/status/1412434878180720644,2021-07-06 15:34:51+00:00,"We’re seeing people who have committed hate crimes, racist, xenophobic, or LGBTQ+phobic fall back on Mental Health.

I hope it does not become a “get out of jail” free card, &amp; that they have a legitimate condition.

It’ll be sad &amp; dangerous if people actually abuse it &amp; fake one. https://t.co/HDTIn7qxay",1412434878180720644,JoakimGomez,['https://twitter.com/todayonline/status/1412411025635295235'],https://twitter.com/todayonline/status/1412411025635295235,['https://t.co/HDTIn7qxay'],https://t.co/HDTIn7qxay
16,https://twitter.com/wali_talks/status/1412429660537819143,2021-07-06 15:14:07+00:00,"My only hope is that they pick up the story the next time this happens; and it will, because historically, the lack of transparency breeds abuse of power &amp; administrative overreach.",1412429660537819143,wali_talks,[],,[],
17,https://twitter.com/ChannelNewsAsia/status/1412420103015129094,2021-07-06 14:36:08+00:00,"Sexuality education for pre-schoolers among proposals by WP's Raeesah Khan to address abuse, harassment https://t.co/QLWCP7SIvm https://t.co/pHtD6kB770",1412420103015129094,ChannelNewsAsia,['https://cna.asia/2TFhR5g'],https://cna.asia/2TFhR5g,['https://t.co/QLWCP7SIvm'],https://t.co/QLWCP7SIvm
18,https://twitter.com/pengemis_negara/status/1412359612964081665,2021-07-06 10:35:46+00:00,"Humans rights abuse on a massive scale and no one bats an eye?

Force vaccination of the masses for a vaccine which haven't been fully tested and has massive flaws. 

Is this the end for the sheeples? https://t.co/2UG0Ptau6E",1412359612964081665,pengemis_negara,['https://twitter.com/pengemis_negara/status/1411903775778824192'],https://twitter.com/pengemis_negara/status/1411903775778824192,['https://t.co/2UG0Ptau6E'],https://t.co/2UG0Ptau6E
19,https://twitter.com/cloverflavor1/status/1412347912433016833,2021-07-06 09:49:17+00:00,"If you haven’t already, check me out on Spotify: Cloverfield. I have two songs out, ‘Narcissistic Abuse’ and ‘Religion Is Innocent’.",1412347912433016833,cloverflavor1,[],,[],
20,https://twitter.com/KhayaJames/status/1412331080875655171,2021-07-06 08:42:24+00:00,"Did you meet with the King? What did he say about human rights abuse? Did you meet all relevant structures? How's the impasse going to be resolved? So many people have been killed, mutilated and it's absolutely unacceptable! https://t.co/UtTvGo3X57",1412331080875655171,KhayaJames,['https://twitter.com/SADC_News/status/1412315960925642755'],https://twitter.com/SADC_News/status/1412315960925642755,['https://t.co/UtTvGo3X57'],https://t.co/UtTvGo3X57
21,https://twitter.com/wowbyjinx/status/1412296700937572352,2021-07-06 06:25:47+00:00,"@Kokoleo_zn Not always. Lol we still continue to see gf/wives verbally abuse their partners Infront of people. Gents don't leave immediately, I see it all the time. 10 years down the line his still with her!",1412296700937572352,wowbyjinx,[],,[],
22,https://twitter.com/lynnylchan/status/1412250034108649473,2021-07-06 03:20:21+00:00,Notable: overseas donees (appointed persons) can now sign digitally. From SLW: New online portal for LPAs to come with measures prevent abuse and fraud under proposed changes to law https://t.co/wAArUCS4Gm,1412250034108649473,lynnylchan,['https://www.singaporelawwatch.sg/Headlines/new-online-portal-for-lpas-to-come-with-measures-prevent-abuse-and-fraud-under-proposed-changes-to-law'],https://www.singaporelawwatch.sg/Headlines/new-online-portal-for-lpas-to-come-with-measures-prevent-abuse-and-fraud-under-proposed-changes-to-law,['https://t.co/wAArUCS4Gm'],https://t.co/wAArUCS4Gm
23,https://twitter.com/lizalinwsj/status/1412233320805539843,2021-07-06 02:13:56+00:00,"Chinese authorities are working up a strong case against corporate abuse of data, yet when it comes to govt collection of data, particularly for national security, the noose has only tightened. New data security law imposes penalties on those who don't comply w such data requests https://t.co/wjNk1zkjOu",1412233320805539843,lizalinwsj,['https://twitter.com/qianweizhang/status/1412220837067837444'],https://twitter.com/qianweizhang/status/1412220837067837444,['https://t.co/wjNk1zkjOu'],https://t.co/wjNk1zkjOu
24,https://twitter.com/SanCareAsia/status/1412227061268160514,2021-07-06 01:49:03+00:00,"New #LPA portal will have measures to prevent abuse, fraud. Read: https://t.co/e1AcvNBPTq #eldercare #seniors #sancareasia https://t.co/Alggj9AAzA",1412227061268160514,SanCareAsia,['http://tiny.cc/ubt9uz'],http://tiny.cc/ubt9uz,['https://t.co/e1AcvNBPTq'],https://t.co/e1AcvNBPTq
25,https://twitter.com/MDaviesgodfrey/status/1412159629316935695,2021-07-05 21:21:06+00:00,@UKParliament @10DowningStreet @KenyaGov You countries are  sponsors of terrorism because you have aid &amp; abated the nigeria terrorist gov. Over the human right abuse and adoption/kidnapping of Mazi Nnamdi Kanu.,1412159629316935695,MDaviesgodfrey,[],,[],
26,https://twitter.com/SAdenwala/status/1412136965382709248,2021-07-05 19:51:03+00:00,Most brilliantly explained about ArshadSharif abuse by @ImranRiazKhan many thanks 🙏 #ArrestArshadSharif  #IStandWithSiddiqueJaan,1412136965382709248,SAdenwala,[],,[],
27,https://twitter.com/SAdenwala/status/1412136510321610752,2021-07-05 19:49:14+00:00,How will Gwadar change the fate of the entire region? | Important announ... https://t.co/jjZ88JmTmW via @YouTube Besides Gwadar ImranRiaz also explained in details abuse of ArshadSharif,1412136510321610752,SAdenwala,['https://youtu.be/qqUaRo4-l_k'],https://youtu.be/qqUaRo4-l_k,['https://t.co/jjZ88JmTmW'],https://t.co/jjZ88JmTmW
28,https://twitter.com/ichartreuse2021/status/1412072819433742338,2021-07-05 15:36:09+00:00,"Stop calling it 'racial harmony'. Better to call it after what we want : race equality and intellect focussed. But there must also be reparations for racial abuse previously and that is the starting point. #CrushRaceSupremacy

Harmony means keeping others comfortable ... https://t.co/WLXTUJAkb9",1412072819433742338,ichartreuse2021,['https://twitter.com/straits_times/status/1412049519852670979'],https://twitter.com/straits_times/status/1412049519852670979,['https://t.co/WLXTUJAkb9'],https://t.co/WLXTUJAkb9
29,https://twitter.com/_jonathandc/status/1412070554715131904,2021-07-05 15:27:09+00:00,@nufctrust @tracey_crouch Can someone point me in the direction of any tweet or message giving her abuse please?,1412070554715131904,_jonathandc,[],,[],
30,https://twitter.com/ichartreuse2021/status/1412056429557518345,2021-07-05 14:31:02+00:00,"To break racism, is to break poverty. And all the problems associated with it including water, housing, domestic violence and sexual abuse

To break sexism, is to break slavery. 

To break age-ism, is to break genocide. And to break away white collar crimes.",1412056429557518345,ichartreuse2021,[],,[],
31,https://twitter.com/Dancorleone04/status/1412056116775645188,2021-07-05 14:29:47+00:00,Robot abuse https://t.co/JpnrN8bw95,1412056116775645188,Dancorleone04,['https://twitter.com/techvirl/status/1410209109530447879'],https://twitter.com/techvirl/status/1410209109530447879,['https://t.co/JpnrN8bw95'],https://t.co/JpnrN8bw95
32,https://twitter.com/HIREMAIDEA/status/1412055965776551946,2021-07-05 14:29:11+00:00,New online portal for LPAs to come with measures prevent abuse and fraud under proposed changes to law https://t.co/PeUo2pnyfY,1412055965776551946,HIREMAIDEA,['http://dlvr.it/S35hNG'],http://dlvr.it/S35hNG,['https://t.co/PeUo2pnyfY'],https://t.co/PeUo2pnyfY
33,https://twitter.com/eelnadliahkim/status/1412038746376073216,2021-07-05 13:20:46+00:00,@AudiKhalid @hongerootooties I’m gonna get arrested for child abuse 😣,1412038746376073216,eelnadliahkim,[],,[],
34,https://twitter.com/straits_times/status/1412034795270414339,2021-07-05 13:05:04+00:00,New online portal for LPAs to come with measures prevent abuse and fraud under proposed changes to law https://t.co/BQY3G47H4G,1412034795270414339,straits_times,['http://www.straitstimes.com/singapore/new-online-portal-for-lpas-to-come-with-measures-prevent-abuse-and-fraud-under-proposed?utm_source=twitter&utm_medium=social-organic&utm_keyword=dlvr.it'],http://www.straitstimes.com/singapore/new-online-portal-for-lpas-to-come-with-measures-prevent-abuse-and-fraud-under-proposed?utm_source=twitter&utm_medium=social-organic&utm_keyword=dlvr.it,['https://t.co/BQY3G47H4G'],https://t.co/BQY3G47H4G
35,https://twitter.com/AFatElectron/status/1412010474653184002,2021-07-05 11:28:25+00:00,Dogs life matter. Privilege. Silence is violemce. Elitsim. Animals rights. Suppression. Oppressive authoritarian . Human fragility. Anti-specist. Cancel u all. Antifa. Majority systemic abuse. Silenced minority dogs voices. Evil capitalism at all cost. Marginalised dogs. https://t.co/4xraTeiVFl,1412010474653184002,AFatElectron,[],,[],
36,https://twitter.com/DrakeLim/status/1412000153603481601,2021-07-05 10:47:24+00:00,"@hiroanzz @CGChinaLiYang Did you know there was a 10-hour Uyghur Tribunal where the accusers of abuse COULD NOT even produce a single credible evidence besides saying, ""We got our information from Twitter"". You would have thought people would've done more research than that.
https://t.co/p1XGmFn069",1412000153603481601,DrakeLim,['https://www.youtube.com/watch?v=-K5AGgi5Muc'],https://www.youtube.com/watch?v=-K5AGgi5Muc,['https://t.co/p1XGmFn069'],https://t.co/p1XGmFn069
37,https://twitter.com/faisalrprawira/status/1411998788894433281,2021-07-05 10:41:59+00:00,@rrendevc @babiesprinkles astaga mulut anda. Itu sama aja dengan abuse of word ke gue. Paham gak?,1411998788894433281,faisalrprawira,[],,[],
38,https://twitter.com/faisalrprawira/status/1411985801584398342,2021-07-05 09:50:23+00:00,@nervouis tiati ntar dianggap abuse of word loh.,1411985801584398342,faisalrprawira,[],,[],
39,https://twitter.com/mvddy___/status/1411962842874449920,2021-07-05 08:19:09+00:00,"Maybe it's the toll of past substance abuse from yesteryears screwing w my head now.
Stay away from drugs, kids.",1411962842874449920,mvddy___,[],,[],
40,https://twitter.com/akimalhotra92/status/1411930489879814144,2021-07-05 06:10:35+00:00,"This tweet reminds of the c*nts masquerading as Chelsea fans who have nothing better to do than abuse our own players or the signings we're looking at. 

Pretty sure all of them were milking the UCL win after watching a Chilwell masterclass. 

PS : Haaland x Rice this time 🤞🏻 https://t.co/rOOhlqu6VD",1411930489879814144,akimalhotra92,['https://twitter.com/akimalhotra92/status/1294393740736397313'],https://twitter.com/akimalhotra92/status/1294393740736397313,['https://t.co/rOOhlqu6VD'],https://t.co/rOOhlqu6VD
41,https://twitter.com/faisalrprawira/status/1411929213704179712,2021-07-05 06:05:31+00:00,@nicetoknowuuu @lightregulus @babiesprinkles Is this what we call abuse of word?,1411929213704179712,faisalrprawira,[],,[],
42,https://twitter.com/faisalrprawira/status/1411926498370473986,2021-07-05 05:54:44+00:00,"@isntyeol @allebaimm @babiesprinkles ini juga, termasuk verbal abuse gak?",1411926498370473986,faisalrprawira,[],,[],
43,https://twitter.com/faisalrprawira/status/1411926232220856320,2021-07-05 05:53:40+00:00,"@hoszhiii @allebaimm @babiesprinkles kalo ngatain orang anj. padahal gak kenal, dianggap verbal abuse juga gak sih? kalo dari sudut pandang gue sih gak pantas.",1411926232220856320,faisalrprawira,[],,[],
44,https://twitter.com/faisalrprawira/status/1411924152970223616,2021-07-05 05:45:25+00:00,"@pelukbumi @allebaimm @babiesprinkles wadudu, kenapa jadi gue di abuse pake kata yang tidak baik. Anyone, please spill dari sudut pandang si cowo.",1411924152970223616,faisalrprawira,[],,[],
45,https://twitter.com/manimadeit/status/1411888324613218310,2021-07-05 03:23:02+00:00,gonna need a lot more ppl who say #BLM to pay attention to what's currently happening in #Eswatini and what it means that the last absolute monarch in Africa refuses to account to its citizens and is letting the police abuse their power in the way that they are. #eSwatiniProtests,1411888324613218310,manimadeit,[],,[],
46,https://twitter.com/Genashtim/status/1411867455094468610,2021-07-05 02:00:07+00:00,"Due to the COVID-19 crisis, discrimination against the Asian community has increased, resulting in verbal abuse or, in the worst-case scenario, violence.

#WeeklyUpdates #UsefulUpdates #Awareness #Racism #Coronavirus https://t.co/hIVAKub9k1",1411867455094468610,Genashtim,[],,[],
47,https://twitter.com/GCAnarchy/status/1411791323875655684,2021-07-04 20:57:36+00:00,@Ace_Archist Less than 5 years ago a former speaker of the house was sentenced for sexual abuse of minors,1411791323875655684,GCAnarchy,[],,[],
48,https://twitter.com/nawfalaqasha/status/1411740288914104324,2021-07-04 17:34:48+00:00,"next thing u know, bare bitches be sayin stop robot abuse https://t.co/euwN673PP5",1411740288914104324,nawfalaqasha,['https://twitter.com/techvirl/status/1410209109530447879'],https://twitter.com/techvirl/status/1410209109530447879,['https://t.co/euwN673PP5'],https://t.co/euwN673PP5
49,https://twitter.com/BCLMacro/status/1411712116973785093,2021-07-04 15:42:51+00:00,"The subtext of the song - that it's inspirational to tell a single parent sex worker living in poverty who suffered abuse as a child to 'stop making tired excuses' is absolutely ghoulish, and that is literally what the lyrics say.",1411712116973785093,BCLMacro,[],,[],
50,https://twitter.com/Sameerreddyin/status/1411685834999287815,2021-07-04 13:58:25+00:00,@vijaygajera What you said is right. Corrupt businessmen tend to tame politicians in power to abuse the system and modiji proved he is no different from others and just like others he uses prejudices and hopes of common man to come to power only to befriend and serve the same businessmen.,1411685834999287815,Sameerreddyin,[],,[],
51,https://twitter.com/Keziahrv1/status/1411678197272350723,2021-07-04 13:28:04+00:00,Yuts bsi makasuhan ta child abuse sini kung patulan tapaka HAHHAHAHAHAA,1411678197272350723,Keziahrv1,[],,[],
52,https://twitter.com/lukearms91/status/1411653952928583682,2021-07-04 11:51:44+00:00,"@Doctorofspin @Trading_sense Ultimate Gamma right here. I get not being able to drink yourself to oblivion and abuse your taxi driver would be annoying for you to give up. There's a reason the world comes to Singapore to do business, not Australia. You must lose alot of money trading.",1411653952928583682,lukearms91,[],,[],
53,https://twitter.com/ichartreuse2021/status/1411621891035459584,2021-07-04 09:44:20+00:00,"An uplifting story of life after abuse in her her first marriage. Now living in Dubai,she's a successful vlogger and You Tube Golden Button creator with 2.5m followers. https://t.co/c8Im68vvkb",1411621891035459584,ichartreuse2021,['https://twitter.com/gulf_news/status/1411559737838034946'],https://twitter.com/gulf_news/status/1411559737838034946,['https://t.co/c8Im68vvkb'],https://t.co/c8Im68vvkb
54,https://twitter.com/sapsonicinc/status/1411587222470549508,2021-07-04 07:26:34+00:00,"""Girlbosses weren’t enlightened leaders at all—instead, they dished out abuse, upheld harmful business practices, and replicated the same exploitative power structures as every manboss. It turns out that absolute Instagram power corrupts absolutely."" 

https://t.co/fkC8mf0FH1",1411587222470549508,sapsonicinc,['http://read.medium.com/feuhHjM'],http://read.medium.com/feuhHjM,['https://t.co/fkC8mf0FH1'],https://t.co/fkC8mf0FH1
55,https://twitter.com/PerrysYap/status/1411575584505810950,2021-07-04 06:40:19+00:00,@valyeap Need to report child abuse,1411575584505810950,PerrysYap,[],,[],
56,https://twitter.com/ichartreuse2021/status/1411506742505074688,2021-07-04 02:06:46+00:00,"You can wait for SG govt policy to change but it's already 2021, the savagery of the child abuse cases we are seeing in Singapore tells us the govt isn't well clued in or they would have picked up on it sooner, as I had. Or you could migrate to higher ground asap &amp;...",1411506742505074688,ichartreuse2021,[],,[],
57,https://twitter.com/karimraffa/status/1411419389895725059,2021-07-03 20:19:40+00:00,"The Boy Scouts of America have reached an $850 million settlement with 60,000 abuse victims who were molested in their youth by scoutmasters or other Boy Scout leaders https://t.co/VeEiUtHZxT https://t.co/1xKpqpef6z @Quicktake",1411419389895725059,karimraffa,['https://trib.al/UE259og'],https://trib.al/UE259og,['https://t.co/VeEiUtHZxT'],https://t.co/VeEiUtHZxT
58,https://twitter.com/ellzbbyy/status/1411352964728430604,2021-07-03 15:55:43+00:00,mommy send me for facial and she did her eyelashes next door. cb i want eyelash extensions also she wont let me do. this is child abuse.,1411352964728430604,ellzbbyy,[],,[],
59,https://twitter.com/DrakeLim/status/1411345891085012999,2021-07-03 15:27:36+00:00,"Well, well.... doesn’t this constitute human rights abuse? https://t.co/N6lwreGWSW",1411345891085012999,DrakeLim,['https://twitter.com/adamconover/status/1411179882780975104'],https://twitter.com/adamconover/status/1411179882780975104,['https://t.co/N6lwreGWSW'],https://t.co/N6lwreGWSW
60,https://twitter.com/DrakeLim/status/1411345659425218570,2021-07-03 15:26:41+00:00,@adamconover Criminalising homelessness? How about poverty alleviation someone else managed to accomplish? Now this definitely is a human rights abuse.,1411345659425218570,DrakeLim,[],,[],
61,https://twitter.com/donkey_fpl/status/1411317178981257220,2021-07-03 13:33:31+00:00,@Fpl_pain It's just a small act of kindness after a child received a bunch of abuse. It's not like the money got redirected from other charities,1411317178981257220,donkey_fpl,[],,[],
62,https://twitter.com/donkey_fpl/status/1411312636294156288,2021-07-03 13:15:28+00:00,A lot of gammons very triggered by an act of kindness to a little girl who was bubject to vile online abuse. A strange thing to strongly oppose,1411312636294156288,donkey_fpl,[],,[],
63,https://twitter.com/kerisheenaa/status/1411310113927798787,2021-07-03 13:05:26+00:00,y’know whats sexy and beautiful about a man when he can not use awful vulgarities at you or physical abuse even at his peek of his anger.,1411310113927798787,kerisheenaa,[],,[],
64,https://twitter.com/donkey_fpl/status/1411307238510104576,2021-07-03 12:54:01+00:00,@sophiekthomas_ @Kevin4fingers23 It's the fact this happened at such a high profile event that makes it stand out from other online abuse. This money has just been raised to as a nice gesture to that girl. It hasn't been redirected from other charities.,1411307238510104576,donkey_fpl,[],,[],
65,https://twitter.com/jeenie67/status/1411304333254086658,2021-07-03 12:42:28+00:00,"@WJenseo Yes, but I am not the one saying only dems. Child abuse by anyone, regardless of political affiliation is criminal.",1411304333254086658,jeenie67,[],,[],
66,https://twitter.com/donkey_fpl/status/1411285718148648965,2021-07-03 11:28:30+00:00,@Kevin4fingers23 @sophiekthomas_ The abuse was a lot worse than that but I'm sure whatever it is you can justify it and will think it's fine,1411285718148648965,donkey_fpl,[],,[],
67,https://twitter.com/donkey_fpl/status/1411277233256243200,2021-07-03 10:54:47+00:00,@Kevin4fingers23 @sophiekthomas_ It's for the online abuse not because she cried..... how can people not understand this!,1411277233256243200,donkey_fpl,[],,[],
68,https://twitter.com/donkey_fpl/status/1411246928185098246,2021-07-03 08:54:22+00:00,@sophiekthomas_ The money was raised as an apology for the abuse and not because she was crying. And yes there are more deserving causes but the people that donated did not do so as a direct choice to other charities so its a completely moot point,1411246928185098246,donkey_fpl,[],,[],
69,https://twitter.com/donkey_fpl/status/1411246216382271488,2021-07-03 08:51:32+00:00,@davejj95 I'm not sure if you are deliberately missing the point but the reason people felt a need to raise money was as an apology for the vile abuse she got. Not just because she was crying,1411246216382271488,donkey_fpl,[],,[],
70,https://twitter.com/DrShafbonculous/status/1411238480403783684,2021-07-03 08:20:47+00:00,Most of Friday Night Lights is just child abuse and exploitation.,1411238480403783684,DrShafbonculous,[],,[],
71,https://twitter.com/mo95an/status/1411197855956566016,2021-07-03 05:39:22+00:00,@clairlemon @Cernovich “felt certain that the American had died through drug abuse. He said: ``The first heart seizure of Griffith-Joyner in 1996 was already symptomatic of the abuse of anabolic steroids.''” is not a statement of fact. Smh,1411197855956566016,mo95an,[],,[],
72,https://twitter.com/jeenie67/status/1411193530626707461,2021-07-03 05:22:11+00:00,@WJenseo You realise that many American catholic bishops are aligned with GOP (you know the bishops trying to stop Biden receiving communion)  and are the same bishops who covered up for decades of child sex abuse. Stop you fairy stories. Kirsty is way off base here.,1411193530626707461,jeenie67,[],,[],
73,https://twitter.com/DrShafbonculous/status/1411190101833437189,2021-07-03 05:08:33+00:00,Hopefully there's less labour abuse in this one. https://t.co/uqEw62P8yA,1411190101833437189,DrShafbonculous,['https://twitter.com/IGN/status/1411188207207727109'],https://twitter.com/IGN/status/1411188207207727109,['https://t.co/uqEw62P8yA'],https://t.co/uqEw62P8yA
74,https://twitter.com/ichartreuse2021/status/1411162691616477188,2021-07-03 03:19:38+00:00,"stop pandering to small minds and slowing down the country to suit your political pulpit! Let's hope you and your team didn't also look away from private sector firms being racist or sexual abuse in the workplace! 

Everything has a place and if you can't understand that, you ...",1411162691616477188,ichartreuse2021,[],,[],
75,https://twitter.com/Mustafa_Mohdd/status/1411161141741379585,2021-07-03 03:13:28+00:00,I just witnessed child abuse :O,1411161141741379585,Mustafa_Mohdd,[],,[],
76,https://twitter.com/spilledink___/status/1411132607148924931,2021-07-03 01:20:05+00:00,"It is the 21st century and movies are still glorifying abuse and violence and hiding behind the cliche of ""love"". 
Disappointing.
#HaseenDilruba",1411132607148924931,spilledink___,[],,[],
77,https://twitter.com/AdamRyuga/status/1411062599391662080,2021-07-02 20:41:54+00:00,@Am_s23 Abusé mdr en 2 minutes c'est pas les yeux là c'est l'œil 👁️,1411062599391662080,AdamRyuga,[],,[],
78,https://twitter.com/SoosMate/status/1411058648999206918,2021-07-02 20:26:12+00:00,"@gynvael Absolutely. Blaming the individual is not only ridiculous. It also does not actually solve the porblem. The problem was bad IT securityleadership: lack of training, lack of code reviews, lack of automated checks, lack of need for abuse test cases, etc.",1411058648999206918,SoosMate,[],,[],
79,https://twitter.com/HarisonRamon/status/1411034189361602560,2021-07-02 18:49:01+00:00,Vargas is only 18 years old? Damn that really can’t be good for his confidence especially since he will receive a lot of threats and abuse. I hope they protect him as much as possible,1411034189361602560,HarisonRamon,[],,[],
80,https://twitter.com/anjellycax/status/1410995946368823297,2021-07-02 16:17:03+00:00,"wait idgi why he’s threatening to release the video when it implicates him more than her, being the adult and most of all, the teacher. clearly the abuse of power is more detrimental to him than idk, embarrassing her?",1410995946368823297,anjellycax,[],,[],
81,https://twitter.com/Zero_Math/status/1410986585596645379,2021-07-02 15:39:51+00:00,Covid Exploitation: How many millions of migrants and employees globally have been “covidly exploited” by their bosses since lockdowns were enforced in 2020? How many were avoidably infected and died due to lack of workers’ protection? #Covid-19 #abuse #exploitation #migrant #job https://t.co/rryir2lHoi,1410986585596645379,Zero_Math,[],,[],
82,https://twitter.com/AdamFlinter/status/1410984115424272386,2021-07-02 15:30:02+00:00,"@SteveLaiCNA 11pm at his condo, probably shitfaced 😂😂

At least he didn't abuse people in public (that we know of)",1410984115424272386,AdamFlinter,[],,[],
83,https://twitter.com/xxqueenroxy/status/1410951627142352903,2021-07-02 13:20:56+00:00,"I get asked fairly often if I take videos of sessions bc I have a repository of them for sale. I ONLY do so with consent, and in fact some subs want to be filmed and humiliated online. I'll never do anything that a sub is uncomfy with. It's despicable to abuse power that way.",1410951627142352903,xxqueenroxy,[],,[],
84,https://twitter.com/iimndanial/status/1410941744720478208,2021-07-02 12:41:40+00:00,@symiwhb Faham x faham..still mental abuse,1410941744720478208,iimndanial,[],,[],
85,https://twitter.com/ChannelNewsAsia/status/1410927368852545541,2021-07-02 11:44:33+00:00,Malaysian palm giant IOI to conduct audit after report alleging labour abuse https://t.co/Df2MhziNRa https://t.co/82vxtMYAgH,1410927368852545541,ChannelNewsAsia,['https://cna.asia/3hwyaci'],https://cna.asia/3hwyaci,['https://t.co/Df2MhziNRa'],https://t.co/Df2MhziNRa
86,https://twitter.com/unitedwomen_sg/status/1410911671011340289,2021-07-02 10:42:10+00:00,"1. GenSafe Workplaces Tip of the Day: What should you do if you are experiencing financial abuse?
Request to your manager or HR to have part of your salary to be deposited into a separate or a new bank account.
#singapore #safeworkplaces https://t.co/IOdKfdUzh8",1410911671011340289,unitedwomen_sg,[],,[],
87,https://twitter.com/themockerybirds/status/1410868920848818176,2021-07-02 07:52:18+00:00,"@Siddhantguru @FingerLady2021 Oh god, I can just see NK saying it. Didn't his girlfriend also make some references to abuse?",1410868920848818176,themockerybirds,[],,[],
88,https://twitter.com/ChannelNewsAsia/status/1410824589182074890,2021-07-02 04:56:08+00:00,"Private-hire drivers, COVID-19 test providers to be protected from abuse, harassment under POHA https://t.co/F3C2SHZsRk https://t.co/Cn07LXhrlf",1410824589182074890,ChannelNewsAsia,['https://cna.asia/2V0HEFp'],https://cna.asia/2V0HEFp,['https://t.co/F3C2SHZsRk'],https://t.co/F3C2SHZsRk
89,https://twitter.com/cesarbalette/status/1410790231377276928,2021-07-02 02:39:37+00:00,"@seydina10 @thino667 @TrashTalk_fr J’avoue c’est abusé de jouer au basket avec des grands, c’est un peu de la triche !",1410790231377276928,cesarbalette,[],,[],
90,https://twitter.com/STForeignDesk/status/1410790215816421376,2021-07-02 02:39:33+00:00,Boy Scouts of America reach $1.1 billion settlement with sex abuse victims https://t.co/G5LRhKPA6O,1410790215816421376,STForeignDesk,['http://www.straitstimes.com/world/united-states/boy-scouts-of-america-reach-11-billion-settlement-with-sex-abuse-victims?utm_source=twitter&utm_medium=social-organic&utm_keyword=dlvr.it'],http://www.straitstimes.com/world/united-states/boy-scouts-of-america-reach-11-billion-settlement-with-sex-abuse-victims?utm_source=twitter&utm_medium=social-organic&utm_keyword=dlvr.it,['https://t.co/G5LRhKPA6O'],https://t.co/G5LRhKPA6O
91,https://twitter.com/ChannelNewsAsia/status/1410784440276590598,2021-07-02 02:16:36+00:00,Boy Scouts reach US$850 million settlement with sex abuse victims https://t.co/0EvjwcaRXe https://t.co/VVSvAD43zP,1410784440276590598,ChannelNewsAsia,['https://cna.asia/364Uncb'],https://cna.asia/364Uncb,['https://t.co/0EvjwcaRXe'],https://t.co/0EvjwcaRXe
92,https://twitter.com/HIREMAIDEA/status/1410783044407939079,2021-07-02 02:11:03+00:00,Boy Scouts reach $850 million settlement with tens of thousands of sexual abuse victims - NBC News https://t.co/Wn4DkxQKfO,1410783044407939079,HIREMAIDEA,['http://dlvr.it/S2tgfM'],http://dlvr.it/S2tgfM,['https://t.co/Wn4DkxQKfO'],https://t.co/Wn4DkxQKfO
93,https://twitter.com/santhiReads/status/1410755828643102721,2021-07-02 00:22:54+00:00,"No disrespect to those who had/ have suffered abuse, trauma

But the constant outpouring makes me wonder if the victim card is played too often

Maybe this is their way of coping, their therapy? 
Am I uncomfortable with it?

I want to sympathise, and even show empathy",1410755828643102721,santhiReads,[],,[],
94,https://twitter.com/fliki/status/1410721389724663809,2021-07-01 22:06:03+00:00,"Getting tired of the same excuse that folks use ‘I got beaten up as a kid, I turn out fine’. Naw it ain’t true.

That abuse translate and trickles down to work environment. 🤷🏽‍♂️ https://t.co/BdRrCsYhgH",1410721389724663809,fliki,['https://twitter.com/MsAriesMoon/status/1410399205613465603'],https://twitter.com/MsAriesMoon/status/1410399205613465603,['https://t.co/BdRrCsYhgH'],https://t.co/BdRrCsYhgH
95,https://twitter.com/jolovanwham/status/1410613072725635083,2021-07-01 14:55:39+00:00,"I've been talking to migrant workers a long time now, but it never fails to amaze me, the back breaking work they endure, the exploitation and abuse they'll put up with, at the expense of their physical and mental health, just to ensure the happiness of their children.",1410613072725635083,jolovanwham,[],,[],
96,https://twitter.com/dianaaaaanana/status/1410610466733268996,2021-07-01 14:45:17+00:00,Men? More like MENtal abuse. All they want is fun fun fun then at last settle with MINIMAL sacrifice and their ego ass. 🥱 I need to start treating relationships as business transactions &gt; love. For the sake of my mental health and children.,1410610466733268996,dianaaaaanana,[],,[],
97,https://twitter.com/dianaaaaanana/status/1410609265857884181,2021-07-01 14:40:31+00:00,"Housewife at home shake leg nvm.. 🤩 In reality? 90% I see is mommy octopus! Juggle work, kids, household chores, parents/in-laws.With problematic husband who abuse or neglect is even worse..I'm so angry so many women have to put up with this nonsense. Plus I fear it for myself.",1410609265857884181,dianaaaaanana,[],,[],
98,https://twitter.com/adm_emir__/status/1410600020248694785,2021-07-01 14:03:47+00:00,"I sincerely believe the main reason of non-compliance is fatigue. Awal² semua takut la, lebih² siapa nak layan.

Has very little to do with elites' SOP abuse. https://t.co/a7cTSVyXZE",1410600020248694785,adm_emir__,['https://twitter.com/AzVkot/status/1410543327104028674'],https://twitter.com/AzVkot/status/1410543327104028674,['https://t.co/a7cTSVyXZE'],https://t.co/a7cTSVyXZE
99,https://twitter.com/justalilfluffy/status/1410593869327048705,2021-07-01 13:39:20+00:00,@GabbieHanna Just stop it already. I was physically and mentally abused by a narcissistic ex and i don’t throw narcissistic abuse around like a fucking toddler who just learned a new word. I cant emphasize enough how disgusting this behavior is,1410593869327048705,justalilfluffy,[],,[],
100,https://twitter.com/asianfemifesto/status/1410575878896033795,2021-07-01 12:27:51+00:00,"As someone who was misdiagnosd with bipolar (same thing like Britney), I know how psych meds are misused. Her drunk on lithium is real. I was so dizzy, confused and dropped from a star athlete to a fall risk. My real diagnosis was CPTSD from abuse. I believe her! #FreeBritney https://t.co/0ve2M72GIZ",1410575878896033795,asianfemifesto,['https://twitter.com/SeeMiaRoll/status/1410434132015030272'],https://twitter.com/SeeMiaRoll/status/1410434132015030272,['https://t.co/0ve2M72GIZ'],https://t.co/0ve2M72GIZ
101,https://twitter.com/ShahModernist/status/1410542034314678274,2021-07-01 10:13:22+00:00,"@HiImTrashlife @Firlefranz10 @now_arsenaI Well, that’s Football. What is Football without fans? As a footballer you need to be able to take pressure but of coz no footballer deserves abuse",1410542034314678274,ShahModernist,[],,[],
102,https://twitter.com/LfcSpore/status/1410531295201878023,2021-07-01 09:30:41+00:00,"The only fuss I am concern is the abuse rafa is getting/gotten so far from them. Fucking hell, some are really bad",1410531295201878023,LfcSpore,[],,[],
103,https://twitter.com/JoakimGomez/status/1410501484421152768,2021-07-01 07:32:14+00:00,"Part of the job interview process for being a “Tray Return Ambassador” should include a role-playing exercise where actors/actresses play unruly or entitled diners who verbally &amp; near physically abuse the applicants.

Test how calm they can keep in situations like these, &amp; PTSD.",1410501484421152768,JoakimGomez,[],,[],
104,https://twitter.com/RealArmegon/status/1410497667147329537,2021-07-01 07:17:04+00:00,"@itmgalt Btw don't get me wrong, some people like extf can make these repetitive concepts interesting and fun to watch, but majority of those videos by tons of other people have low effort put into them and are clearly there just to abuse the YT algorithm.",1410497667147329537,RealArmegon,[],,[],
105,https://twitter.com/iamstax/status/1410477905847762949,2021-07-01 05:58:32+00:00,The MKVA wearing ill fitting military garb is a militia being used for political ends. The true veterans should stand up to this abuse of MK name.,1410477905847762949,iamstax,[],,[],
106,https://twitter.com/KyrusDarkblade/status/1410468605452427266,2021-07-01 05:21:35+00:00,Time to abuse Roman + Legion https://t.co/ipbWbXcHoJ,1410468605452427266,KyrusDarkblade,[],,[],
107,https://twitter.com/ichartreuse2021/status/1410417174921977859,2021-07-01 01:57:13+00:00,"Abuse of women and children are often seen in countries that do not have many stakeholders in private property rights. 

When it comes to philanthropy, I always follow the money of donors and  their CFAs and CPAs to see if they are part of gently moulding ...",1410417174921977859,ichartreuse2021,[],,[],
108,https://twitter.com/ichartreuse2021/status/1410414970941022216,2021-07-01 01:48:27+00:00,"I like private property rights being respected. Private property rights encourage freedom of speech &amp; freedom of thought. Did you know that IP law &amp; private property rights are often the same thing. Marginalising, negating or abuse of personal boundaries too.",1410414970941022216,ichartreuse2021,[],,[],
109,https://twitter.com/SilverRibbonSG/status/1410413254652751885,2021-07-01 01:41:38+00:00,"Join us at our ""Love Is NOT Abuse"" on 30 July 2021 (Fri), 7pm SGT via Zoom on domestic violence and it's psychological impact!

https://t.co/ypmMRLb7yV

For more information, please refer to the flyer below!

#MentalHealth #domesticviolence https://t.co/QlM1yG2Ri6",1410413254652751885,SilverRibbonSG,['http://us02web.zoom.us/j/81314608064'],http://us02web.zoom.us/j/81314608064,['https://t.co/ypmMRLb7yV'],https://t.co/ypmMRLb7yV
110,https://twitter.com/Nadialds/status/1410407597111320576,2021-07-01 01:19:09+00:00,I can’t say much about bangtan anymore cause they’re too out there now but I’m really hoping MX does not have to go through what bangtan did from the western markets… it’s really shitty stuff and the mental abuse is ridic,1410407597111320576,Nadialds,[],,[],
111,https://twitter.com/ChannelNewsAsia/status/1410403556440428548,2021-07-01 01:03:06+00:00,"Britney Spears' father, Jamie, asks for investigation of her abuse claims https://t.co/qy5Uhtiq4H https://t.co/auiKOTiEGD",1410403556440428548,ChannelNewsAsia,['https://cna.asia/2TeS3wJ'],https://cna.asia/2TeS3wJ,['https://t.co/qy5Uhtiq4H'],https://t.co/qy5Uhtiq4H
112,https://twitter.com/AimProtogen_YT/status/1410390427245572097,2021-07-01 00:10:56+00:00,"Also, I do not condone bullying/abuse
But, it’s a dream stan so they deserve it",1410390427245572097,AimProtogen_YT,[],,[],
113,https://twitter.com/BoonChuan88/status/1410382124960468995,2021-06-30 23:37:56+00:00,South Korea looks to overhaul #military justice after sex abuse cases https://t.co/7asG2cZIoj,1410382124960468995,BoonChuan88,['https://str.sg/3os4'],https://str.sg/3os4,['https://t.co/7asG2cZIoj'],https://t.co/7asG2cZIoj
114,https://twitter.com/fluffderg/status/1410359536200818692,2021-06-30 22:08:11+00:00,voted most likely to abuse list comprehension,1410359536200818692,fluffderg,[],,[],
115,https://twitter.com/monkeys_united/status/1410217261630062592,2021-06-30 12:42:50+00:00,@bluppynew Why would they suspend you?! Never heard much abuse or insults from you and you got suspended?,1410217261630062592,monkeys_united,[],,[],
116,https://twitter.com/EasternEagle100/status/1410204898600304641,2021-06-30 11:53:42+00:00,"@BenM_CPFC Punch up in the pre match tunnel , elbow in the head of opposition CDM in first 5 mins.  Abuse ref with first 15 mins . Leave stud in centre forward just before half time . Call opposition manager a c**t on 70 mins . Assist winner on 80 mins . That sort of thing.",1410204898600304641,EasternEagle100,[],,[],
117,https://twitter.com/SarcasticLibra9/status/1409001347043708929,2021-06-27 04:11:13+00:00,"“You survived the abuse, you’re going to survive the recovery.” ❤️‍🩹 
— #MariskaHargitay 

@Mariska #BlindSide #Survivor #AbuseIsNotLove #BreakTheSilence #SundayThrowback #SVU https://t.co/dKFL0wnM9P",1409001347043708929,SarcasticLibra9,[],,[],
118,https://twitter.com/Abi62468908Abi/status/1408989190981754883,2021-06-27 03:22:55+00:00,A thoughtful explanation more than an abuse. An explanation by a respectful and honourable person to a cheap politician https://t.co/4TMz3qqoxY,1408989190981754883,Abi62468908Abi,['https://twitter.com/Nallavan6666/status/1408718728443822081'],https://twitter.com/Nallavan6666/status/1408718728443822081,['https://t.co/4TMz3qqoxY'],https://t.co/4TMz3qqoxY
119,https://twitter.com/wxbbitfoot/status/1408224932203425795,2021-06-25 00:46:02+00:00,@ipsybaby Kate abuse mah. Abe lagi event ade bug,1408224932203425795,wxbbitfoot,[],,[],
120,https://twitter.com/wxbbitfoot/status/1408223398036086790,2021-06-25 00:39:56+00:00,@ipsybaby Suro grind and abuse same2 tknk,1408223398036086790,wxbbitfoot,[],,[],
121,https://twitter.com/SGWildBoy27/status/1405666435037229061,2021-06-17 23:19:28+00:00,"Yes sir, i’m ready for your abuse and torture. Please wreck my fucking cunt and nipples. https://t.co/Ai3iRLsy8z",1405666435037229061,SGWildBoy27,[],,[],
122,https://twitter.com/wxwxrozy/status/1405537187962048522,2021-06-17 14:45:53+00:00,Kucing aku nak report Talian Nur sebab downgrade wetfood dia. Abuse her stomach katanya. Pastu dia nak komplen kat Talian Nur kata mama bagi makan wetfood sehari 1 pouch je mana cukup kesian Lili kurus,1405537187962048522,wxwxrozy,[],,[],
123,https://twitter.com/ericheeful/status/1405116460016422917,2021-06-16 10:54:04+00:00,Verbal abuse is still abuse. It's abuse in the form of words. Don't assume that a few hurtful words won't cost them their life. Words hurt.,1405116460016422917,ericheeful,[],,[],
124,https://twitter.com/SarcasticLibra9/status/1405003677119795202,2021-06-16 03:25:54+00:00,"@Meme__1818 @shamimsarif @Lisaraniray Yes! 🙌🏻 She found the courage to stand up to her misogynistic husband &amp; not take the abuse anymore! Miriam tried to talk to him &amp; he just threw the table. Saying if he didn’t like her working it should be enough. She said it never has been, she just didn’t know how to tell him.",1405003677119795202,SarcasticLibra9,[],,[],
125,https://twitter.com/Colliinnn/status/1404968530139701249,2021-06-16 01:06:15+00:00,"@Tserriednick @Tmstpowerfulest I've never abused you, and you resorted to calling the fans a retard and that I made them look bad, thus I'm worse than a retard. Look kid, just enjoy the shows you watch and there's no need to abuse. Take care yeah.",1404968530139701249,Colliinnn,[],,[],
126,https://twitter.com/Moon_Beauty13/status/1404810061940244484,2021-06-15 14:36:33+00:00,"If you choose to call it ‘emotional abuse’, then it is valid. Your judgement is valid. How you choose to describe what happened to you is VALID. 
(If they wanted you to speak warmly of them, they should’ve treated you better.)
SPEAK YOUR TRUTH.",1404810061940244484,Moon_Beauty13,[],,[],
127,https://twitter.com/Moon_Beauty13/status/1404809639624122369,2021-06-15 14:34:52+00:00,"It can fuck you up when on one hand you are coming to terms with the fact that you indeed were emotionally abused and on the other, people are like “oh it wasn’t all that bad”. 
The abuse is never defined by the perpetrators or enablers or bystanders.",1404809639624122369,Moon_Beauty13,[],,[],
128,https://twitter.com/Lola_Jiang/status/1403992123242815489,2021-06-13 08:26:21+00:00,Please stop child abuse. #nosexualityforkids https://t.co/rwmCUNdVqC,1403992123242815489,Lola_Jiang,['https://twitter.com/disneyplus/status/1403840252184125440'],https://twitter.com/disneyplus/status/1403840252184125440,['https://t.co/rwmCUNdVqC'],https://t.co/rwmCUNdVqC
129,https://twitter.com/Shasheckler_/status/1403312885753737218,2021-06-11 11:27:18+00:00,Pikir kau cool ah abuse kucing ? 🙄 aku hitam kan rambut kau nanti kepala pisang kau https://t.co/VsvoUqe7na,1403312885753737218,Shasheckler_,['https://twitter.com/dibodaaab/status/1402661807429353472'],https://twitter.com/dibodaaab/status/1402661807429353472,['https://t.co/VsvoUqe7na'],https://t.co/VsvoUqe7na
130,https://twitter.com/GuwopIndustries/status/1402789938236510208,2021-06-10 00:49:18+00:00,@iqbalrohan2169 this item gonna get nerfed/remove once someone finds the best champ to abuse this with,1402789938236510208,GuwopIndustries,[],,[],
131,https://twitter.com/NizamZorro/status/1401813018262970370,2021-06-07 08:07:22+00:00,"Sad, shame to those who did the abuse https://t.co/BROGadiRnJ",1401813018262970370,NizamZorro,['https://twitter.com/FutbolBible/status/1401442410232692737'],https://twitter.com/FutbolBible/status/1401442410232692737,['https://t.co/BROGadiRnJ'],https://t.co/BROGadiRnJ
132,https://twitter.com/omarzaini/status/1400864066533396483,2021-06-04 17:16:34+00:00,"Boohoooo! Pembinaan kritikal aku paham but ours is not and siang tadi meeting openly admit client urgency sebab sendiri punya janji pada shareholders utk siap awal then abuse KKM letter.  Nama ja hospital (swasta), langsung tak perihatin the nation struggle against covid.",1400864066533396483,omarzaini,[],,[],
133,https://twitter.com/eddydaud/status/1398117142755569672,2021-05-28 03:21:17+00:00,MACC detains former Prasarana chairman Tajuddin on charges of power abuse | Malay Mail https://t.co/XbQcHI8fzM,1398117142755569672,eddydaud,['https://www.malaymail.com/news/malaysia/2021/05/28/macc-detains-former-prasarana-chairman-tajuddin-detained-on-abuse-of-power/1977618#.YLBhpKu78EM.twitter'],https://www.malaymail.com/news/malaysia/2021/05/28/macc-detains-former-prasarana-chairman-tajuddin-detained-on-abuse-of-power/1977618#.YLBhpKu78EM.twitter,['https://t.co/XbQcHI8fzM'],https://t.co/XbQcHI8fzM
134,https://twitter.com/profgenius91/status/1398108572370698244,2021-05-28 02:47:13+00:00,"Tajuddin detained by MACC on abuse of power charges
 https://t.co/KvgOYPOJWA",1398108572370698244,profgenius91,['https://newswav.com/A2105_nse3d6?s=A_yjvJ0SN'],https://newswav.com/A2105_nse3d6?s=A_yjvJ0SN,['https://t.co/KvgOYPOJWA'],https://t.co/KvgOYPOJWA
135,https://twitter.com/himanshu2904/status/1397457483292024833,2021-05-26 07:40:02+00:00,"1) There is a difference between criticism and abuse and it shall remain so for those that practice it. 
2) BJP is not GOI, they are a party and GOI is a governing body so when I criticise I criticise GOI. 
3) it’s a fact GOI has done plenty of good and I speak about it always. https://t.co/rsq6ukWIbT",1397457483292024833,himanshu2904,['https://twitter.com/MrSinha_/status/1397430791517315076'],https://twitter.com/MrSinha_/status/1397430791517315076,['https://t.co/rsq6ukWIbT'],https://t.co/rsq6ukWIbT
136,https://twitter.com/himanshu2904/status/1397082779469324291,2021-05-25 06:51:05+00:00,"@nils_gate @agrawaldevansh4 @TVMohandasPai @anuraag_saxena @smitabarooah @EmmanuelMacron @Twitter There is a difference. My example of when the Right to admission hurdle is crossed. Twitter can stop people from signing up in first place and that’s their right. But once you are in there, Twitter can it control speech unless it is abuse.",1397082779469324291,himanshu2904,[],,[],
137,https://twitter.com/unitedwomen_sg/status/1394976825516994568,2021-05-19 11:22:47+00:00,"1. Did you know that 3 in 10 Singaporeans* have encountered domestic abuse at least once in their lifetime? It could be anyone around you – a relative, a friend, a colleague, or even a neighbour.
*Based on a research done by @Ipsos_SG and UWS in 2019 #singapore https://t.co/d5lURwBNGD",1394976825516994568,unitedwomen_sg,[],,[],
138,https://twitter.com/aung_khaing_soe/status/1394145317570846730,2021-05-17 04:18:40+00:00,Don’t abuse the Safe Distancing Ambassador https://t.co/TbJWbwbJSR,1394145317570846730,aung_khaing_soe,['https://twitter.com/stompsingapore/status/1394140177954598915'],https://twitter.com/stompsingapore/status/1394140177954598915,['https://t.co/TbJWbwbJSR'],https://t.co/TbJWbwbJSR
139,https://twitter.com/west_repeat/status/1393503591910973444,2021-05-15 09:48:41+00:00,"After extensive thoughts, she’s a replica of her sister. She doesn't abuse you physically but she does the opposite. Manipulate you mentally and emotionally.
.
.
.
#deepthoughts",1393503591910973444,west_repeat,[],,[],
140,https://twitter.com/discovest/status/1393376326736748544,2021-05-15 01:22:58+00:00,"This type of gangsterism attitude must face a stronger force to wake him up. 
Police investigating abuse of Covid-19 safe-distancing officer at Lau Pa Sat https://t.co/QQmpeKWJ5w via @TODAYonline",1393376326736748544,discovest,['https://www.todayonline.com/singapore/police-investigating-abuse-covid-19-safe-distancing-officer-lau-pa-sat#.YJ8h58gWXRc.twitter'],https://www.todayonline.com/singapore/police-investigating-abuse-covid-19-safe-distancing-officer-lau-pa-sat#.YJ8h58gWXRc.twitter,['https://t.co/QQmpeKWJ5w'],https://t.co/QQmpeKWJ5w
141,https://twitter.com/MuazEzhar/status/1392236834336305152,2021-05-11 21:55:02+00:00,"I accidentally clerked one case of a 2 year old boy presented with perianal infection. He was suspected of sexual abuse which may involve the nanny's husband. 
Kesian weh kecik2 dh dpt STD &amp; the mother was still clueless at that time.The Dr are still collecting for more evidence https://t.co/DB6I94Efvs",1392236834336305152,MuazEzhar,['https://twitter.com/501Awani/status/1392159672031866880'],https://twitter.com/501Awani/status/1392159672031866880,['https://t.co/DB6I94Efvs'],https://t.co/DB6I94Efvs
142,https://twitter.com/durraiskandar/status/1390575757479464961,2021-05-07 07:54:30+00:00,Emotional abuse,1390575757479464961,durraiskandar,[],,[],
143,https://twitter.com/RabinderpalSin8/status/1388426090633433092,2021-05-01 09:32:30+00:00,"@MileePartlow International Corruption in Singapore. Transnational crimes,Human Rights violations, Civil rights Liberty rights violations,Abuse of Technology and Authorities.
Rabinderpal Singh
US Citizen Singapore NRIC no S7509601A https://t.co/6dFGcfmSKe",1388426090633433092,RabinderpalSin8,[],,[],
144,https://twitter.com/Nana_Karia/status/1387307166814531586,2021-04-28 07:26:18+00:00,"@HyrulAnuar So many abuse the term ‘friend’ nowadays, I hv learned to be thankful that I don’t have many of them. Sending love &amp; light to you, bro.♥️",1387307166814531586,Nana_Karia,[],,[],
145,https://twitter.com/jgmh30/status/1385873584950693893,2021-04-24 08:29:45+00:00,No one should ever abuse their Apple devices like this… OH MY GOODNESS! How oily is the screen yet she doesn’t do anything about it… WHY???? Apple MBP deserves better. 場所: Singapore https://t.co/otTUVfcNCd,1385873584950693893,jgmh30,['https://www.instagram.com/p/COCsMwKLd_pTW5iLcBrbLujL0kEQMt1lhaWpnE0/?igshid=1xp1lz8nelobl'],https://www.instagram.com/p/COCsMwKLd_pTW5iLcBrbLujL0kEQMt1lhaWpnE0/?igshid=1xp1lz8nelobl,['https://t.co/otTUVfcNCd'],https://t.co/otTUVfcNCd
146,https://twitter.com/HninOoWai05/status/1385506295155871745,2021-04-23 08:10:16+00:00,"🚨YwarThitKone,Bago:Terrorists abducted 8 ppl incl 2yo kid for arson attack that they didn't commit.They tortured father &amp; Grandpa in front of the kid just to make them admit. This is child abuse. @UNICEF @save_children
#WhatsHappeningInMyanmar #Apr23Coup 
https://t.co/M6T8ogF1Ue",1385506295155871745,HninOoWai05,[],,[],
147,https://twitter.com/NorthSpursSG/status/1385215778681618439,2021-04-22 12:55:52+00:00,"Levy is deadman walking. Imagine what would happen when crowds come in and he sitting there. The volley of abuse. Perhaps he can still save his dignity, whatever left of it, by firing Hitchen, get someone better and handing the new top progressive manager a 500m war chest.",1385215778681618439,NorthSpursSG,[],,[],
148,https://twitter.com/ZackAvaricious/status/1384494030164164609,2021-04-20 13:07:54+00:00,@ChrisEnteri Alah mamat yg abuse kebenaran tentas negeri pergi GPO tu,1384494030164164609,ZackAvaricious,[],,[],
149,https://twitter.com/eddydaud/status/1384100765304647684,2021-04-19 11:05:12+00:00,"I dont know lah, but i dont think international investors wld give any thot to what is spoken by the exPM and now Convict who was found guilty and sentenced to 12 years jail for abuse of power, corruption by the High Court and still is facing more court trials for 1MDB offences.",1384100765304647684,eddydaud,[],,[],
150,https://twitter.com/Roxtarlette/status/1383986758241591297,2021-04-19 03:32:11+00:00,Yes so I watch these while I elliptical (yh I know that’s not a verb) because heck it’s the best use of this time = learning time. And YES PLEASE ABUSE OF SUNSCREAN (reef safe ones pls). Don’t blindly follow Vogue Skincare Routines... https://t.co/3oyoqQ33YA via @YouTube,1383986758241591297,Roxtarlette,['https://youtu.be/9rdSBES9kLQ'],https://youtu.be/9rdSBES9kLQ,['https://t.co/3oyoqQ33YA'],https://t.co/3oyoqQ33YA
151,https://twitter.com/eddydaud/status/1383913159262572552,2021-04-18 22:39:43+00:00,"@dondiego477 Najib's is based on solid fact, so far convicted in SRC corruption case, with more 1mdb rrelated corruption and abuse of power  cases ongoing.",1383913159262572552,eddydaud,[],,[],
152,https://twitter.com/AdamFlinter/status/1382488348044906496,2021-04-15 00:18:02+00:00,And people wonder why women don't report harassment and abuse and worse? When he stood outside their house shouting the police let him? When the family tried to get the authorities involved they suggested mediation? And he could get just a year in jail? https://t.co/ABW5xCefmw,1382488348044906496,AdamFlinter,['https://www.channelnewsasia.com/news/singapore/man-stalked-woman-from-jc-to-university-private-investigators-14621004?utm_source=dlvr.it&utm_medium=twitter'],https://www.channelnewsasia.com/news/singapore/man-stalked-woman-from-jc-to-university-private-investigators-14621004?utm_source=dlvr.it&utm_medium=twitter,['https://t.co/ABW5xCefmw'],https://t.co/ABW5xCefmw
153,https://twitter.com/phatfreemiguel/status/1381958223394004998,2021-04-13 13:11:30+00:00,"The argument that #GeorgeFloyd
died from a drug overdose is like arguing that JFK, a known heavy drinker, was killed by alcohol abuse. #GeorgeFloydTrial
https://t.co/WdDREzI7pR",1381958223394004998,phatfreemiguel,['https://www.reuters.com/article/us-usa-race-georgefloyd-idUSKBN2BW26K'],https://www.reuters.com/article/us-usa-race-georgefloyd-idUSKBN2BW26K,['https://t.co/WdDREzI7pR'],https://t.co/WdDREzI7pR
154,https://twitter.com/unitedwomen_sg/status/1381913210668769284,2021-04-13 10:12:38+00:00,"It is shocking to know that there are no workplace practices for local organisations to respond to the impacts of Domestic Violence Abuse (DVA) here in Singapore. The UWS GenSafe Workplaces Programmes aims to fill that gap.
✅To join now at https://t.co/T0MiBZeMUh https://t.co/7aoHjEPiSp",1381913210668769284,unitedwomen_sg,['http://bit.ly/UWSGenSafeWorkplaces'],http://bit.ly/UWSGenSafeWorkplaces,['https://t.co/T0MiBZeMUh'],https://t.co/T0MiBZeMUh
155,https://twitter.com/DestinyShakti/status/1381207325793419267,2021-04-11 11:27:42+00:00,@StringReveals @SadhguruJV Sadguru 🙏🔱🙏these anti hindu goons must be destroyed ! enough is enough ⚜of their hindu abuse &amp; genocid,1381207325793419267,DestinyShakti,[],,[],
156,https://twitter.com/Pollen221/status/1380806818495033344,2021-04-10 08:56:14+00:00,"Yesterday 4 citizens arrested in Bago and 19 citizens from North Okkalapa were given death sentence. Even child abuse wasn't given death sentence in Myanmar.  This is simply unacceptable.
#WhatsHappeningInMyanmar  
#Apr10Coup 
#CondemnDeathPenalty https://t.co/f4SYO2eTDY https://t.co/Vp0nlxd6Fz",1380806818495033344,Pollen221,['https://twitter.com/zhane009/status/1380802298356453377'],https://twitter.com/zhane009/status/1380802298356453377,['https://t.co/Vp0nlxd6Fz'],https://t.co/Vp0nlxd6Fz
157,https://twitter.com/SiCheng16785036/status/1380433213768732672,2021-04-09 08:11:40+00:00,@Petbunny4 @kaykryssal @MemphisZoo @RealZooDude very well said!👍 it’s a collective effort. It’s a pity that those beautiful souls can’t speak 🥺but it doesn’t mean we humans have the right to neglect their rights even abuse them. We must act to speak for them and protect nonhuman rights❤️Thk u so much for raising that!🥰🌺💐 https://t.co/xEunJlkNpS,1380433213768732672,SiCheng16785036,[],,[],
158,https://twitter.com/AliffDanielBlog/status/1377940783089676289,2021-04-02 11:07:38+00:00,How in the world can you compare drug abuse to phone usage? Lol. https://t.co/lw3xJppOUP,1377940783089676289,AliffDanielBlog,['https://twitter.com/ChloeFlossie/status/1377373056184819712'],https://twitter.com/ChloeFlossie/status/1377373056184819712,['https://t.co/lw3xJppOUP'],https://t.co/lw3xJppOUP
159,https://twitter.com/myatbhonezaw/status/1377563394337775618,2021-04-01 10:08:01+00:00,"In Maubin Tsp, Ayeyarwaddy region, Terrorists raided the social welfare organization &amp; left destroyed circa 4:00PM on March 31. They also abuse social welfare staff. News from rural areas are delayed due to #InternetShutdown.
#Apr1Coup
#WhatsHappeningInMyanmar https://t.co/qbumKdxsIk",1377563394337775618,myatbhonezaw,[],,[],
160,https://twitter.com/herniepotter/status/1376781982231711748,2021-03-30 06:22:58+00:00,"all these ppl who abuse animals r sick in the head!!! the animals dont disturb u, theyre living things! we’re suppose to live in harmony w them",1376781982231711748,herniepotter,[],,[],
161,https://twitter.com/UcupCarrick/status/1375987132855054341,2021-03-28 01:44:31+00:00,"Gw rasa kalo twitter dah exist pas zaman Cantona aktif bermain, yang abuse personal ke dia kayaknya bakal kayak bang @_BangFu nyariin orangnya sampe dapat...",1375987132855054341,UcupCarrick,[],,[],
162,https://twitter.com/VishnoiSays/status/1374153931756998661,2021-03-23 00:20:02+00:00,U.S. U.K. and EU Sanction China Over Human Rights Abuse https://t.co/Apn9GC2J9f,1374153931756998661,VishnoiSays,['http://dlvr.it/Rw9LV7'],http://dlvr.it/Rw9LV7,['https://t.co/Apn9GC2J9f'],https://t.co/Apn9GC2J9f
163,https://twitter.com/defickry/status/1373832679133638664,2021-03-22 03:03:29+00:00,"@venustweets Karena aing sports enthusiast yang abuse otot kaki dan badan in general. So I guess it’s also useful for me, so that I can be more aware with my own muscles and how they work when I run / ride a bike 🚴",1373832679133638664,defickry,[],,[],
164,https://twitter.com/NanWaiZinKyaw1/status/1372972697601200129,2021-03-19 18:06:14+00:00,"This is killing not just abuse. See the last picture then you will known.
#WhatsHappeninglnMyanmar https://t.co/Bzdm058M8I",1372972697601200129,NanWaiZinKyaw1,[],,[],
165,https://twitter.com/HtetAun35571252/status/1372895666876207108,2021-03-19 13:00:08+00:00,Is this how a normal human would treat an innocent human ??? This is too heartbreaking to see our own innocent people being treated dreadfully like a Prisoner of War. Theyve been violating basic human rights for long but this is EXTREMELY HORRIBLE ABUSE OF A Human.  #Mar19Coup https://t.co/9zSm3fX6ym,1372895666876207108,HtetAun35571252,[],,[],
166,https://twitter.com/myanmar122021/status/1372877493116440577,2021-03-19 11:47:55+00:00,"Terrorists hit a dog with the gun for the reason that his gun doesn't fire . Animal abuse takes count too. The dog is innocent living in his own yard..
#Mar19coup
#WhatIsHappeningInMyanmar
#AnimalAbuse 
#MyanmarMilitaryIsATerroristOrganization https://t.co/9tmYxzIsaL",1372877493116440577,myanmar122021,[],,[],
167,https://twitter.com/valarMOWGLIs/status/1371818797212917763,2021-03-16 13:41:03+00:00,Drawing the line between kindness and abuse.,1371818797212917763,valarMOWGLIs,[],,[],
168,https://twitter.com/Colliinnn/status/1371273929449299981,2021-03-15 01:35:56+00:00,I'm just going to hurl abuse at myself for the next couple of days,1371273929449299981,Colliinnn,[],,[],
169,https://twitter.com/KayZarthu1/status/1371117253689700356,2021-03-14 15:13:22+00:00,"Tw; blood
Even to the child
Child abuse by the military
#Mar14Coup 
#WhatsHappeningInMyanmar https://t.co/fo3RDndgL9",1371117253689700356,KayZarthu1,[],,[],
170,https://twitter.com/EiThuzarMinn2/status/1370411532475977733,2021-03-12 16:29:05+00:00,"This 15 years old boy just went to buy snacks &amp; was abducted violently by Myannar Junta terrorists. He was brutally beaten &amp; tortured in custody by Junta's Police. They are committing Child Abuse.
Save our children !!

#WhatsHappeningInMyanmar 
#SaveMyanmar 
#Mar12Coup https://t.co/uhdo2F6Jqq",1370411532475977733,EiThuzarMinn2,[],,[],
171,https://twitter.com/KayZarthu1/status/1370399774189395975,2021-03-12 15:42:21+00:00,"Child abuse by Military 
#Mar12Coup 
#WhatsHappeningInMyanmar https://t.co/6I3OGEL6Pw",1370399774189395975,KayZarthu1,[],,[],
172,https://twitter.com/bxbymonster_/status/1370214163255988227,2021-03-12 03:24:48+00:00,"some guys who feel the need to constantly remind people that they're dom are just using that title to mask their own selfish abuse as kink, they don't care about the enjoyment or safety of their ""subs"", and like honestly? I hope you d-word.",1370214163255988227,bxbymonster_,[],,[],
173,https://twitter.com/eddydaud/status/1368889607681495050,2021-03-08 11:41:29+00:00,"Pas, Umno, Bersatu need the Sarawak and Sabah parties too to have majority to form a Gomen, pls stop this perpaduan ummah hypocrite nonsense lah. 

Malaysia is a multi religion, multirace country, we unite against corruption and abuse of power that will destroy us. Thank you. https://t.co/U9cCbWPRLV",1368889607681495050,eddydaud,['https://twitter.com/fmtoday/status/1368887000107905025'],https://twitter.com/fmtoday/status/1368887000107905025,['https://t.co/U9cCbWPRLV'],https://t.co/U9cCbWPRLV
174,https://twitter.com/Am_Mirul_Syafiq/status/1368155951128145923,2021-03-06 11:06:12+00:00,Dumbasses thinking that victims of domestic abuse can just go to a police station and make reports.,1368155951128145923,Am_Mirul_Syafiq,[],,[],
175,https://twitter.com/Am_Mirul_Syafiq/status/1368149446978990083,2021-03-06 10:40:21+00:00,"Should’ve changed your name to dumbass opinion. 

Domestic abuse victims are usually traumatized and scared for their lives. Some don’t want to because of their feelings which is Stockholm Syndrome. 

Instead of advising women, men need to change and stop being abusive. https://t.co/nJJtCmoDK0",1368149446978990083,Am_Mirul_Syafiq,['https://twitter.com/im_every_where_/status/1368022342501167107'],https://twitter.com/im_every_where_/status/1368022342501167107,['https://t.co/nJJtCmoDK0'],https://t.co/nJJtCmoDK0
176,https://twitter.com/sususonny/status/1367983393837752323,2021-03-05 23:40:31+00:00,"Military terrorists dug the grave of Ms.Kyal Sin,who passed away on 3/5/21with their gun shot wound.They abuse not just people,even the dead too.When are they gonna end these sick ordeals?
#Mandalay
@TostevinM 
#WhatsHappeningInMyanmar
#Mar5Coup
#WeNeedR2PInMyanmar https://t.co/aNex7D4EEl",1367983393837752323,sususonny,['https://twitter.com/thiri_heather/status/1367854872469540869'],https://twitter.com/thiri_heather/status/1367854872469540869,['https://t.co/aNex7D4EEl'],https://t.co/aNex7D4EEl
177,https://twitter.com/matanand/status/1367130982843699204,2021-03-03 15:13:21+00:00,Abuse of discretion encourages discrimination and other human rights violations.,1367130982843699204,matanand,[],,[],
178,https://twitter.com/matanand/status/1367130981308669956,2021-03-03 15:13:20+00:00,"When critical thinking becomes at risk, there will be less civic participation. Less civic participation means less check on government actions. Less accountability spurs corruption and abuse of discretion. Corruption reduces the quality of public service and perpetuates poverty.",1367130981308669956,matanand,[],,[],
179,https://twitter.com/nadiagmyo/status/1367068137527517185,2021-03-03 11:03:37+00:00,"YANGON: North Okkalapa 

It doesn’t look like “disperse protest”. It’s “Abuse and kill all you see” by the #terrorist group 

The protestor is wounded yet the security forces still kick and drag him. How is this protecting peace &amp; stability of #Myanmar? 
#WhatsHappeninglnMyanmar https://t.co/ewQ0ZXGTJi",1367068137527517185,nadiagmyo,[],,[],
180,https://twitter.com/Ara71411353/status/1366360790953984002,2021-03-01 12:12:52+00:00,"Why did they arrest a child? They kill Us with live ammunition, arrest for no reason, threaten our lives. Now Arresting a child?
If It isnt child abuse, then WHAT? HUMANITY IS CRYING since Junta seized stage power.

TERRORIST JUNTA
@UN_HRC @UN 
#Mar1Coup
#WhatsHappeningInMyanmar https://t.co/mnh2F16nQI",1366360790953984002,Ara71411353,[],,[],
181,https://twitter.com/KayZarthu1/status/1366356151076483073,2021-03-01 11:54:26+00:00,"Why did they arrest a child? They kill Us with live ammunition, arrest for no reason, threaten our lives. Now Arresting a child?
If It isnt child abuse, then WHAT? HUMANITY IS CRYING since Junta seized stage power.

TERRORIST JUNTA
@UN_HRC @UN 
#Mar1Coup
#WhatsHappeningInMyanmar https://t.co/d2Lxbcs7KM",1366356151076483073,KayZarthu1,[],,[],
182,https://twitter.com/eddydaud/status/1365878869312430080,2021-02-28 04:17:53+00:00,"Difahamkan ada ramai kelas atasan dah  jump queue untuk  #COVID19Vaccine yang di khaskan untuk health frontliner kita untuk fasa pertama ni ye. 

Keutamaan SEKARANG mesti untuk frontliner divaksinasi dahulu, jumping queue menidakkan hak frontliners &amp; is abuse of position. Stop!",1365878869312430080,eddydaud,[],,[],
183,https://twitter.com/Twinkle_thet/status/1365570482381025280,2021-02-27 07:52:28+00:00,"A photo says it all.Polices are abusing their power with violence, regardless if gender or race, pregnant or disabled, young or old.They abuse their authority with violence and the Military still insist it is minimal force.That’s why we protest for democracy in Myanmar. https://t.co/Ou3vmv9ANZ",1365570482381025280,Twinkle_thet,[],,[],
184,https://twitter.com/Cho76936391/status/1365544293885042688,2021-02-27 06:08:24+00:00,"Have no words to show the cops' endless abuse 
Harassment on pregnant woman happened in Myaynigone
They really not human being, lower than animals 

#WhatsHappeningInMyanmar 
#Feb27Coup 
#CrimesAgainstHumanity 
#MilkTeaAlliance https://t.co/f7CSjA76Ig",1365544293885042688,Cho76936391,[],,[],
185,https://twitter.com/kosalone/status/1365528663739883521,2021-02-27 05:06:18+00:00,Do they have to slap and abuse woman?? CRIME AGAINST HUMANITY ! #WhatsHappeningInMyanmar #HearTheVoiceOfMyanmar #Feb27Coup @RapporteurUn #AgainstMyanmarMilitaryCoup #MilkTeaAlliance https://t.co/wVWTtgNHst,1365528663739883521,kosalone,['https://twitter.com/Ycloud_152020/status/1365524953160839170'],https://twitter.com/Ycloud_152020/status/1365524953160839170,['https://t.co/wVWTtgNHst'],https://t.co/wVWTtgNHst
186,https://twitter.com/RedLadies5/status/1365323828809920512,2021-02-26 15:32:21+00:00,"Report for child abuse. 
Location.  77×35st. Mandalay
Kid played on side walk then Army and Police convoy attacked him on their vehicle by using sling shot.
#rejectmilitarycoupmyanmar
#Savemyanmarfrommilaritycoup
#ChildAbuse https://t.co/QJomPxIHnI",1365323828809920512,RedLadies5,[],,[],
187,https://twitter.com/nadiagmyo/status/1365215210223460352,2021-02-26 08:20:45+00:00,"(1) taken by Journalist Sit Htet Aung while a police tried to beat him 
(2) taken by #carolguzy expressing #PressFreedom 

With the abuse and violence endured by journalists/press, this gap is particularly telling. 

JOURNALISM IS NOT A CRIME. 
#WhatsHappeningInMyanmar https://t.co/uNrbETSiaH",1365215210223460352,nadiagmyo,[],,[],
188,https://twitter.com/mwaytnwarm/status/1363097194929164288,2021-02-20 12:04:31+00:00,We lost our people. Whom we gonna call ☎️ when police abuse civilians? Where is Justice? @RapporteurUn @UN #WhatsHappeningInMyanmar #CrimesAgainstHumanity #PoliceBrutality #RejectMyanmarMilitaryCoup https://t.co/vYvLpQxmzH,1363097194929164288,mwaytnwarm,['https://twitter.com/freya_cole/status/1362774100003999748'],https://twitter.com/freya_cole/status/1362774100003999748,['https://t.co/vYvLpQxmzH'],https://t.co/vYvLpQxmzH
189,https://twitter.com/mwaytnwarm/status/1363095176734998528,2021-02-20 11:56:29+00:00,"This is not internal affair. 
This is just a part of the injustice act of Myanmar Military on the peaceful unarmed protestors.
Whom we gonna call ☎️ when police abuse people? @freya_cole @RapporteurUn @UN 
#WhatsHappeningInMyanmar
#PoliceBrutality
#Feb20Coup https://t.co/JVbyHuYQnl",1363095176734998528,mwaytnwarm,['https://twitter.com/Myanmar_Now_Eng/status/1363088254615121921'],https://twitter.com/Myanmar_Now_Eng/status/1363088254615121921,['https://t.co/JVbyHuYQnl'],https://t.co/JVbyHuYQnl
190,https://twitter.com/danmcgowanmt/status/1363093775325696000,2021-02-20 11:50:55+00:00,Imagine being that upset with your own life that you have to message abuse to people you don’t even know. There are a lot of weird weird people in this world 😭 https://t.co/wKGVXGEUHC,1363093775325696000,danmcgowanmt,['https://twitter.com/StevoTheMadMan/status/1363072951965343745'],https://twitter.com/StevoTheMadMan/status/1363072951965343745,['https://t.co/wKGVXGEUHC'],https://t.co/wKGVXGEUHC
191,https://twitter.com/mwaytnwarm/status/1363092922816552960,2021-02-20 11:47:32+00:00,"Corrupted military &amp; police start violations, shoot real bullets at the civilians who protest peacefully. Whom we gonna call when police abuse the people? Where is Justice? @freya_cole @RapporteurUn @UN #WhatsHappeningInMyanmar #CrimesAgainstHumanity #Feb20Coup https://t.co/Yg9cvV59Ew",1363092922816552960,mwaytnwarm,['https://twitter.com/mrattkthu/status/1363088703283945472'],https://twitter.com/mrattkthu/status/1363088703283945472,['https://t.co/Yg9cvV59Ew'],https://t.co/Yg9cvV59Ew
192,https://twitter.com/PhyuThw25115408/status/1363086213800894465,2021-02-20 11:20:52+00:00,"At Mandalay.
This is totally abuse  to the unarmed civilians.
#WhatsHappeninglnMyanmar 
#Feb20Coup

@freya_cole 
@KenRoth 
@RapporteurUn https://t.co/GD5yj2d87c",1363086213800894465,PhyuThw25115408,[],,[],
193,https://twitter.com/fizoto/status/1362042713097441291,2021-02-17 14:14:22+00:00,"tw cw child abuse

And yes, this is child abuse, fuckers

I was well behaved. At what cost? https://t.co/yhJRtrfLhf",1362042713097441291,fizoto,['https://twitter.com/Anyieljr/status/1361250055936569351'],https://twitter.com/Anyieljr/status/1361250055936569351,['https://t.co/yhJRtrfLhf'],https://t.co/yhJRtrfLhf
194,https://twitter.com/Shoon63026829/status/1361695035247390722,2021-02-16 15:12:50+00:00,"We wrote what we want in the morning.They delete at night.Where is our right?How long will take this Power Abuse and When do we suffer this pain???
#WhatsHappeninglnMyanmar 
#Feb16bCoup 
@POTUS @RapporteurUn @UN @BBCWorld https://t.co/TOqkA2ShQp",1361695035247390722,Shoon63026829,[],,[],
195,https://twitter.com/NellaHnin/status/1361540523018788867,2021-02-16 04:58:51+00:00,"Myanmar  polices  beating up people brutally 😡😥😭
They Abuse ,Violence to citizens
and they dragged people down the street . Many people injured . Please watch video till the end .

JUNTA STARTS VIOLENCE!
#Feb16Coup #WhatsHappeningInMyanmar https://t.co/j3PhADLy9M",1361540523018788867,NellaHnin,[],,[],
196,https://twitter.com/mwaytnwarm/status/1361319709170278405,2021-02-15 14:21:25+00:00,They even shot the people who just watching from their own apartments. Whom shall we call ☎️ when police &amp; soldiers abuse people? #WhatsHappeningInMyanmar #PoliceBrutalityinMyanmar #RejectMyanmarMilitaryCoup #Feb15Coup https://t.co/Y5yIm2zMYI,1361319709170278405,mwaytnwarm,[],,[],
197,https://twitter.com/mwaytnwarm/status/1361304321208446978,2021-02-15 13:20:16+00:00,"Whom shall we call ☎️ when police abuse innocent citizens? 
OUR DAYS &amp; NIGHTS AREN’T SAFE ANYMORE !!! #WhatsHappeningInMyanmar #HumanRightsViolations #CrimeAgainstHumanity #RejectMyanmarMilitaryCoup https://t.co/DtW8KUhdKP",1361304321208446978,mwaytnwarm,['https://twitter.com/JuJuu83066452/status/1361287395425984512'],https://twitter.com/JuJuu83066452/status/1361287395425984512,['https://t.co/DtW8KUhdKP'],https://t.co/DtW8KUhdKP
198,https://twitter.com/mwaytnwarm/status/1361304112885686272,2021-02-15 13:19:26+00:00,"Whom shall we call ☎️ when police abuse innocent citizens? 
OUR DAYS &amp; NIGHTS AREN’T SAFE ANYMORE !!! #WhatsHappeningInMyanmar #HumanRightsViolations #CrimeAgainstHumanity #RejectMyanmarMilitaryCoup https://t.co/JBRornqcuJ",1361304112885686272,mwaytnwarm,['https://twitter.com/Pencilo4/status/1361291737881223173'],https://twitter.com/Pencilo4/status/1361291737881223173,['https://t.co/JBRornqcuJ'],https://t.co/JBRornqcuJ
199,https://twitter.com/mwaytnwarm/status/1361303913480081413,2021-02-15 13:18:39+00:00,"Whom shall we call ☎️ when police abuse innocent citizens? 
OUR DAYS &amp; NIGHTS AREN’T SAFE ANYMORE !!! #WhatsHappeningInMyanmar #HumanRightsViolations #CrimeAgainstHumanity #RejectMyanmarMilitaryCoup https://t.co/T0K5K4lPrb",1361303913480081413,mwaytnwarm,['https://twitter.com/TMyokyaw/status/1361279639130230785'],https://twitter.com/TMyokyaw/status/1361279639130230785,['https://t.co/T0K5K4lPrb'],https://t.co/T0K5K4lPrb
200,https://twitter.com/mwaytnwarm/status/1361303736975384581,2021-02-15 13:17:57+00:00,"Whom shall we call ☎️ when police abuse innocent citizens? 
OUR DAYS &amp; NIGHTS AREN’T SAFE ANYMORE !!! #WhatsHappeningInMyanmar #HumanRightsViolations #CrimeAgainstHumanity #RejectMyanmarMilitaryCoup https://t.co/W79LB4vLfp",1361303736975384581,mwaytnwarm,['https://twitter.com/LaeLae83088950/status/1361280064688508931'],https://twitter.com/LaeLae83088950/status/1361280064688508931,['https://t.co/W79LB4vLfp'],https://t.co/W79LB4vLfp
201,https://twitter.com/mwaytnwarm/status/1361302759270621185,2021-02-15 13:14:04+00:00,"Whom shall we call ☎️ when police abuse innocent citizens? 
OUR DAYS &amp; NIGHTS AREN’T SAFE ANYMORE !!! #WhatsHappeningInMyanmar #HumanRightsViolations #CrimeAgainstHumanity #RejectMyanmarMilitaryCoup https://t.co/MXuN0X65JL",1361302759270621185,mwaytnwarm,['https://twitter.com/htun_sint/status/1361289878646890501'],https://twitter.com/htun_sint/status/1361289878646890501,['https://t.co/MXuN0X65JL'],https://t.co/MXuN0X65JL
202,https://twitter.com/SetThihaTun2/status/1360935439440355329,2021-02-14 12:54:28+00:00,"Myanmar Military has been drugging kids to do cruel jobs like burning down the houses. This is clearly the act of child abuse. 
The corrupted military leaders must be taken down before everything's too late.

#WhatsHappeningInMyanmar 
#HumanRightsViolationsMyanmar https://t.co/Z3uJt6fy36",1360935439440355329,SetThihaTun2,[],,[],
203,https://twitter.com/MissFortuneCat/status/1360619330245849089,2021-02-13 15:58:22+00:00,"Also PSA, my brother proudly told everyone at today's CNY reunion, ""They deserved it."" So now you know why he  as been single for nearly 10 years. He is a pos who used to emotionally abuse his ex and supported trump.",1360619330245849089,MissFortuneCat,[],,[],
204,https://twitter.com/Shoon63026829/status/1360172724845375488,2021-02-12 10:23:43+00:00,"That's why we hate hecking Military Coup.
Where is Justice.Power Abuse are on &amp;on .#MyanmarPoliceBrutality 
#WhatsHappeningInMyanmar #Feb12Coup @RapporteurUn @UN @MayWongCNA @BBCWorld https://t.co/l4drDempyv",1360172724845375488,Shoon63026829,[],,[],
205,https://twitter.com/Maythetkhaing86/status/1358424042714243077,2021-02-07 14:35:04+00:00,"We are now back on Internet after being cut off for 30 hours !!!  People are now protesting on roads as they disconnected us with the world. Many fake news has spread via SMS during the cut. This was total abuse of power.   

SAVE MYANMAR CITIZENS
#RevolutionInBurma
#WeVotedNLD https://t.co/9IdfC5GqTc",1358424042714243077,Maythetkhaing86,[],,[],
206,https://twitter.com/davidjrainey/status/1358417354586136585,2021-02-07 14:08:30+00:00,@kentindell @alexhern I suspect in this case it’s about limiting the potential for abuse.,1358417354586136585,davidjrainey,[],,[],
207,https://twitter.com/Jtpeacemyanmar/status/1358399747753603079,2021-02-07 12:58:32+00:00,The Military has banned Facebook in Myanmar. This is the abuse of power and goes against human rights. We can never accept their dictatorship. #HearTheVoiceOfMyanmar #RespectOurVotes #SaveMyanmar,1358399747753603079,Jtpeacemyanmar,[],,[],
208,https://twitter.com/omarzaini/status/1358225945329426434,2021-02-07 01:27:54+00:00,Punca majikan tipikal yang kerah pekerja dan lepas dari undang2 buruh yang tak sudah sampai bila2. Yang nanti jadi mangsa tetap pekerja (orang biasa). Salah memang salah pekerja yang mengamuk. Tapi sampai bila roots of the problem majikan/syarikat macam ni abuse kita orang biasa? https://t.co/0RYoH6bAso,1358225945329426434,omarzaini,['https://twitter.com/imrannzri/status/1358060527574867970'],https://twitter.com/imrannzri/status/1358060527574867970,['https://t.co/0RYoH6bAso'],https://t.co/0RYoH6bAso
209,https://twitter.com/consoloin/status/1358089892400570369,2021-02-06 16:27:17+00:00,"@fmcomment @MaryKenny4 That's as may be,but did the constitutional privilege afforded the religions in the other jurisdictions cited lead to their abuse of power as in Ireland?Did they have abusive mother &amp; baby homes,ban divorce,contraception etc. etc. just because it was in line with their teaching?",1358089892400570369,consoloin,[],,[],
210,https://twitter.com/ChoCho67765459/status/1357371315993206788,2021-02-04 16:51:55+00:00,The Military has banned Facebook in Myanmar. This is the abuse of power and goes against human rights. We can never accept their dictatorship. #HearTheVoiceOfMyanmar #RespectOurVotes #SaveMyanmar https://t.co/0RJm8flLRI,1357371315993206788,ChoCho67765459,[],,[],
211,https://twitter.com/Zhou_Yang_/status/1357349587707600906,2021-02-04 15:25:34+00:00,"Everytime I check the info about #Xinjiang I will be astonished by many fake news: forced labour, sterilization, sexual violence, children abuse... Am i really living in Xinjiang? Why should #Uyghur suffer from so many rumors? Act as human care not a propoganda tool please. https://t.co/FYAn20YRxH",1357349587707600906,Zhou_Yang_,[],,[],
212,https://twitter.com/hannwelinn/status/1357263397671342083,2021-02-04 09:43:05+00:00,The Military has banned Facebook in Myanmar. This is the abuse of power and goes against human rights. We can never accept their dictatorship. #HearTheVoiceOfMyanmar #RespectOurVotes #SaveMyanmar,1357263397671342083,hannwelinn,[],,[],
213,https://twitter.com/saritray2001/status/1357134161413214215,2021-02-04 01:09:33+00:00,"The culture of domestic abuse/misogyny and much else where the Indian uncle says, ""Ye mere ghar ka mamla hai. Tum beech mein mat bolo"" https://t.co/KDV2Wg2Hlk",1357134161413214215,saritray2001,['https://twitter.com/ajaxsingh/status/1356978421415477249'],https://twitter.com/ajaxsingh/status/1356978421415477249,['https://t.co/KDV2Wg2Hlk'],https://t.co/KDV2Wg2Hlk
214,https://twitter.com/mediumshawn/status/1355789876990406660,2021-01-31 08:07:50+00:00,"I urge people not to turn to the police every time you disagree with someone because it’s an abuse of our country’s legal process and resources.

Have some critical thinking and get out of your echo chambers.",1355789876990406660,mediumshawn,[],,[],
215,https://twitter.com/XXIIndigo/status/1355578585688453122,2021-01-30 18:08:14+00:00,Now i understand why some people don't allow their parents to remarry. There's a lot of step dads out there who physically and/or mentally abuse their stepchildren. I'm not saying all are bad but the ones I know are the most cruel and yet they always play the religious card.,1355578585688453122,XXIIndigo,[],,[],
216,https://twitter.com/LeFalseNumber12/status/1354762350574804992,2021-01-28 12:04:49+00:00,Goes without saying that Martial doesn’t deserve to be racially abused either. No one should have to suffer racist abuse.,1354762350574804992,LeFalseNumber12,[],,[],
217,https://twitter.com/randomrobin/status/1354249104876965888,2021-01-27 02:05:21+00:00,"@bitingfriends Yes, absolutely. It affects all those vulnerable to abuse. It's such a terrible judgment. And there have been so many of these lately, I have so little faith left in the judiciary. How deep is the rot?",1354249104876965888,randomrobin,[],,[],
218,https://twitter.com/syiraalwi/status/1353267344299020289,2021-01-24 09:04:12+00:00,"Somebody tweeted on how drug abuse could bring harm to the consumers. Eh yang sorang ni reply, i nak proof. Lahh kau ni bengap level mcm mana ehhhh",1353267344299020289,syiraalwi,[],,[],
219,https://twitter.com/NotLordByron/status/1349024494518677505,2021-01-12 16:04:37+00:00,"@godless_mom From a psychological perspective, it's child abuse.",1349024494518677505,NotLordByron,[],,[],
220,https://twitter.com/ColinMiles/status/1348888773786914824,2021-01-12 07:05:19+00:00,@Beyond_Bitcoin @Zilliqa_Queen Posting a DM is an abuse that can be reported. Maybe check this important distinction on twitter?,1348888773786914824,ColinMiles,[],,[],
221,https://twitter.com/desijasminne/status/1348856146585522180,2021-01-12 04:55:40+00:00,@BeIndian_love @nipuna__306 He has influenced the audience by setting an illusion in their mind. He himself mentioned about that in the show. He also as a good PR team working for him who even abuse other contestants and their family. Archana’s 13 year old daughter also got abused. He spoilt this season.,1348856146585522180,desijasminne,[],,[],
222,https://twitter.com/desijasminne/status/1348839269234720768,2021-01-12 03:48:36+00:00,@angasan17 @nipuna__306 I don’t like Aari but I’m civilized enough not to abuse him. There’s a difference btwn both. Just open your eyes and see how Aari fans have name-called other contestants. It’s disgusting. Aari has influenced audience by setting “an illusion in their mind”. In his own words.. https://t.co/lF5iCeSii3,1348839269234720768,desijasminne,[],,[],
223,https://twitter.com/Deepanraj32/status/1348232677783003137,2021-01-10 11:38:13+00:00,Racial abuse is absolutely unacceptable 😤 #BlackLivesMatter  #BCCI https://t.co/desP9CQmWW,1348232677783003137,Deepanraj32,[],,[],
224,https://twitter.com/AFatElectron/status/1348205163501080576,2021-01-10 09:48:54+00:00,"South Korea police closed an investigation . And missed a chance to nab abuser.

Singapore police can investigate TT data for security. 

Singaporean complain like WW2

South Korean toddler dies with ruptured pancreas after abuse by adoptive mother https://t.co/a3OSitclZR",1348205163501080576,AFatElectron,['https://mothership.sg/2021/01/south-korea-child-abuse/'],https://mothership.sg/2021/01/south-korea-child-abuse/,['https://t.co/a3OSitclZR'],https://t.co/a3OSitclZR
225,https://twitter.com/Lin_bilin/status/1348128379325747201,2021-01-10 04:43:47+00:00,Why is it that China still doesn’t have a law to prevent animal abuse?? Sad. @SpokespersonCHN @MFA_China @zlj517,1348128379325747201,Lin_bilin,[],,[],
226,https://twitter.com/jujupeepoo/status/1346381641204203520,2021-01-05 09:02:52+00:00,"tell me why we live in a society where men are being praised and applauded for being decent?! wow youre respectful and u dont condone rape, harassment, abuse etc. sure okay but hello??? youre supposed to think that way. that is the standard. its not top tier men behaviour omg",1346381641204203520,jujupeepoo,[],,[],
227,https://twitter.com/fizoto/status/1346080156243304450,2021-01-04 13:04:52+00:00,"Bean Dad Saga is...something to see. A guy who starves his daughter  to make a misguided point. It may have been a fake story, according to those familiar with his humour, which doesn’t explain why he thinks child abuse is funny, and why he treats anti-semitism as a bit",1346080156243304450,fizoto,[],,[],
228,https://twitter.com/chaesobas/status/1345786383567187969,2021-01-03 17:37:32+00:00,"#정인아미안해
#SorryJungin
article of whats going on:
https://t.co/WfBfpLFtLa…
and please drop any charities of any child abuse causes you want donated toward",1345786383567187969,chaesobas,['http://koreaboo.com/news/unanswere'],http://koreaboo.com/news/unanswere,['https://t.co/WfBfpLFtLa'],https://t.co/WfBfpLFtLa
