,url,date,content,id,username,outlinks,outlinksss,tcooutlinks,tcooutlinksss
0,https://twitter.com/AilicEc3058/status/1412773184953151496,2021-07-07 13:59:10+00:00,7.7.21 So far the Busiest day in office this season! Zoom -- Training -- Webinar -- Work -- Socialize -- Discussion!,1412773184953151496,AilicEc3058,[],,[],
1,https://twitter.com/Dsstrlogy/status/1412255109757628447,2021-07-06 03:40:31+00:00,Its like i totally forgot how to socialize,1412255109757628447,Dsstrlogy,[],,[],
2,https://twitter.com/SaifuddinRhmn/status/1412097663844061184,2021-07-05 17:14:53+00:00,Hopefully in the nearest future so we can socialize with our friends just like before the heightened phase been announced 🤲 https://t.co/EIOilopUkB,1412097663844061184,SaifuddinRhmn,['https://twitter.com/straits_times/status/1411980762702696450'],https://twitter.com/straits_times/status/1411980762702696450,['https://t.co/EIOilopUkB'],https://t.co/EIOilopUkB
3,https://twitter.com/joonswhistle/status/1412015350682587140,2021-07-05 11:47:48+00:00,"HELP, THEY JUST LIVE AND SOCIALIZE AT THE GYM https://t.co/oeGKCvdL30",1412015350682587140,joonswhistle,[],,[],
4,https://twitter.com/Elyzalizah/status/1410353660412915712,2021-06-30 21:44:50+00:00,"persona 4 is still the greatest game, when i was but a small kid… taught me how to socialize, be a good individual, ambition..",1410353660412915712,Elyzalizah,[],,[],
5,https://twitter.com/Transflames/status/1410268571259736064,2021-06-30 16:06:43+00:00,"@Tenvert Yeah, I tend to keep to myself when I'm there, but I decided that I should ""socialize"" a bit today. Turns out it was a bad idea as always.",1410268571259736064,Transflames,[],,[],
6,https://twitter.com/nahdahsudah/status/1410247238081650691,2021-06-30 14:41:57+00:00,man i need to get out and socialize. wfh is great but the lack of socialization is... not,1410247238081650691,nahdahsudah,[],,[],
7,https://twitter.com/MazrulHisyem/status/1410223837879291904,2021-06-30 13:08:58+00:00,"@razinsenpai Mari. Aku dah tengok ramai depress duduk dalam bilik tak socialize, stress hadap kerja hadap tanggungjawab. The least we can do is to ensure them that they’re not alone.",1410223837879291904,MazrulHisyem,[],,[],
8,https://twitter.com/AFatElectron/status/1393063791856783361,2021-05-14 04:41:04+00:00,"Remember, doing nothing can be happy. Dun let your thoughts become your prison. Everyone just support ur fixed nearby shopping center, and plan ur buying . Just socialize with fixed friends. 

Commentary: Five pandemic lesson

https://t.co/RZfqAnvX7C",1393063791856783361,AFatElectron,['https://www.channelnewsasia.com/news/commentary/covid-19-coronavirus-lessons-surge-infection-cases-numbers-14794100'],https://www.channelnewsasia.com/news/commentary/covid-19-coronavirus-lessons-surge-infection-cases-numbers-14794100,['https://t.co/RZfqAnvX7C'],https://t.co/RZfqAnvX7C
9,https://twitter.com/AFatElectron/status/1391981271325155328,2021-05-11 04:59:31+00:00,"Govt position is to dun socialize . Stay at home!

But rules allow of visit of two times.
And five people.

So people will follow rule.

Not the govt pleading.

Some people will listen to govt.. and reduce socializing by a lot.

But many people will still do based on law",1391981271325155328,AFatElectron,[],,[],
10,https://twitter.com/AM15HA/status/1358363955895234560,2021-02-07 10:36:18+00:00,boy bekal atau sw kalau bbl ngan aku mmg cari kemarahan i dont want to socialize,1358363955895234560,AM15HA,[],,[],
11,https://twitter.com/hafizahcheese/status/1348303863636365318,2021-01-10 16:21:06+00:00,But how to socialize if i only eat sandwiches 🤣🤣😭🥺🥺,1348303863636365318,hafizahcheese,[],,[],
