,url,date,content,id,username,outlinks,outlinksss,tcooutlinks,tcooutlinksss
0,https://twitter.com/ndiene4pres/status/1412809874141061123,2021-07-07 16:24:57+00:00,lost my vaseline but now i found my lip therapy,1412809874141061123,ndiene4pres,[],,[],
1,https://twitter.com/athrhmrptri/status/1412798330648764419,2021-07-07 15:39:05+00:00,poetry is like free therapy to me,1412798330648764419,athrhmrptri,[],,[],
2,https://twitter.com/ecahfato/status/1412797599761920006,2021-07-07 15:36:10+00:00,"@AdDien90 I just got layoff on june before my birthday, try apply banyak kerja tapi still tak de berita. Motivation i dah 📉 ke laut i think, insanely dah 3 hari ashik nangis out of nowhere. And start small bussines buat custome neon board as therapy and bayar my commitment 😂. Tq",1412797599761920006,ecahfato,[],,[],
3,https://twitter.com/Banesa_Creative/status/1412761273612259334,2021-07-07 13:11:50+00:00,@Ntlantla_Taliwe I also thought this…than I started doing Therapy 😅,1412761273612259334,Banesa_Creative,[],,[],
4,https://twitter.com/tangenghui/status/1412757671518769153,2021-07-07 12:57:31+00:00,My current #photography #zine is on photography therapy and also a #playbook as well.  I have plan 8 chapters and I would try to finish writing 1 chapter every night and curating my photos for each respective chapter.,1412757671518769153,tangenghui,[],,[],
5,https://twitter.com/SGinsightful/status/1412742374434893836,2021-07-07 11:56:44+00:00,"4. Strengthens the bond between the two partners.
 #selflove #youarewhatyouthink #anxietysupport #keepgoing #keeptrying #youareloved #mentalhealthsupport #counsellingservices #itsokaytonotbeokay 
#marriage #therapy #marriagecounselling #benefits #relationships #communication",1412742374434893836,SGinsightful,[],,[],
6,https://twitter.com/kabeer_suhail/status/1412733354584182791,2021-07-07 11:20:53+00:00,This is indeed an exciting breakthrough in gene therapy! #CRISPR for therapy! Game on!! https://t.co/8o7XPIh17E,1412733354584182791,kabeer_suhail,['https://lnkd.in/dGwUim3'],https://lnkd.in/dGwUim3,['https://t.co/8o7XPIh17E'],https://t.co/8o7XPIh17E
7,https://twitter.com/leddyyy_/status/1412727422647083008,2021-07-07 10:57:19+00:00,solo cable car rides are the best therapy https://t.co/GPgo4eHvgD,1412727422647083008,leddyyy_,[],,[],
8,https://twitter.com/Mami_AtTheDisco/status/1412708727103266819,2021-07-07 09:43:02+00:00,A little retail therapy never hurts sometimes,1412708727103266819,Mami_AtTheDisco,[],,[],
9,https://twitter.com/latarite/status/1412692706149605378,2021-07-07 08:39:22+00:00,"Tfw trying to nurse my mental health is much harder than it already is, even with ongoing therapy.

I need more than a friend at this point. I need family. And by family, I mean someone for me to cuddle with and give headpats to.",1412692706149605378,latarite,[],,[],
10,https://twitter.com/NUSMedicine/status/1412634454384812033,2021-07-07 04:47:54+00:00,"Suffering from #insomnia? Practising #mindfulness may help 💤

In a study led by @julianlimzq from @CSC_NUS at #NUSMedicine, researchers found mindfulness therapy to be more effective than an active sleep hygiene programme in improving #sleep quality. https://t.co/z6zGYDY9LI",1412634454384812033,NUSMedicine,['https://medicine.nus.edu.sg/mindfulness-therapy-may-help-bring-on-the-zzz/'],https://medicine.nus.edu.sg/mindfulness-therapy-may-help-bring-on-the-zzz/,['https://t.co/z6zGYDY9LI'],https://t.co/z6zGYDY9LI
11,https://twitter.com/laav______/status/1412619808252698624,2021-07-07 03:49:42+00:00,Iced coffee is my therapy.,1412619808252698624,laav______,[],,[],
12,https://twitter.com/liyanasyita/status/1412571151453233153,2021-07-07 00:36:21+00:00,I never learn,1412571151453233153,liyanasyita,[],,[],
13,https://twitter.com/Tana_Patsa/status/1412479077961900036,2021-07-06 18:30:29+00:00,Therapy ✌️,1412479077961900036,Tana_Patsa,[],,[],
14,https://twitter.com/calico_withU/status/1412469292969254917,2021-07-06 17:51:36+00:00,"Thank you for being you, being our artist, role model, source of happiness, safe zone and a comforting person💛
I really love you from the bottom of my heart 
This video is such a free therapy. He remembers Myanmar🥺
#Happy9400DaysOurJimin 
#HappyJimin9400Day https://t.co/KVRcXU8Gnq",1412469292969254917,calico_withU,[],,[],
15,https://twitter.com/koncavechest/status/1412466467866509313,2021-07-06 17:40:22+00:00,Will I look hot in them? Probably not. Did I need retail therapy to make myself happy? YES. https://t.co/EgVc1GqGvF,1412466467866509313,koncavechest,[],,[],
16,https://twitter.com/nrnxzhda/status/1412465474843996167,2021-07-06 17:36:26+00:00,i need therapy,1412465474843996167,nrnxzhda,[],,[],
17,https://twitter.com/quaintrelleblss/status/1412438109506048005,2021-07-06 15:47:41+00:00,Another “add to cart” kind of day. Retail therapy as coping mechanism is unhealthy but addictive lol,1412438109506048005,quaintrelleblss,[],,[],
18,https://twitter.com/badgiirllryry/status/1412436178234601475,2021-07-06 15:40:01+00:00,istg evanescence songs is just my soul therapy ✨😤,1412436178234601475,badgiirllryry,[],,[],
19,https://twitter.com/faree_hahaha/status/1412391416156803083,2021-07-06 12:42:09+00:00,gonna start telling guys to pay me if they break my heart so that i can do my retail therapy,1412391416156803083,faree_hahaha,[],,[],
20,https://twitter.com/LT3000Lyall/status/1412369521042546690,2021-07-06 11:15:09+00:00,"@JosephOnions No I do not. But that's a reductionist way to think about it. As Malone discusses, there were corners cut in the safety trials and traditional vaccine rather than gene therapy protocols were followed. We have inadequate information to be 100% sure about their safety profile.",1412369521042546690,LT3000Lyall,[],,[],
21,https://twitter.com/OverseasEdu_sg/status/1412355057471852544,2021-07-06 10:17:40+00:00,"E-Meet La Trobe University at our Overseas Education Mega eFair on Fri 9 Jul. Courses available in Occupational Therapy, Physiotherapy &amp; more. Check out your eligibility, courses, accommodation &amp; more with the Uni Staff directly.

Call 61009800 or Visit https://t.co/Tnhz5JyRTI https://t.co/rqZ2d87Adx",1412355057471852544,OverseasEdu_sg,['http://latrobe.OverseasEducation.sg'],http://latrobe.OverseasEducation.sg,['https://t.co/Tnhz5JyRTI'],https://t.co/Tnhz5JyRTI
22,https://twitter.com/Ndeak_/status/1412345297330528258,2021-07-06 09:38:53+00:00,"if anyone wonders what i talk about in therapy, today i talked about how washed i am at games :)",1412345297330528258,Ndeak_,[],,[],
23,https://twitter.com/oneegay/status/1412333969090088961,2021-07-06 08:53:52+00:00,crying is the best therapy,1412333969090088961,oneegay,[],,[],
24,https://twitter.com/voguesingapore/status/1412305311965253633,2021-07-06 07:00:00+00:00,"In a post COVID-19 world, touch-and-try testers have become relics and the tactile pleasure of beauty retail therapy and product discovery has become but a distant memory.

https://t.co/FwEz28QvX0",1412305311965253633,voguesingapore,['https://vogue.sg/virtual-vanity-singapore-digital-beauty-technology/'],https://vogue.sg/virtual-vanity-singapore-digital-beauty-technology/,['https://t.co/FwEz28QvX0'],https://t.co/FwEz28QvX0
25,https://twitter.com/mintea/status/1412284674139836418,2021-07-06 05:37:59+00:00,"Then why do I bottle up my emotions so much that the only thing that comes through is the logic and the cerebral part of me?

That it's so hard to bring down the walls that I built?

And, I obviously need therapy. But do I want to face those feelings?

Fuck no.",1412284674139836418,mintea,[],,[],
26,https://twitter.com/YahooSG/status/1412252462963171328,2021-07-06 03:30:00+00:00,"Every individual has different trigger points and sex therapy techniques will help you understand your specific underlying problem.

https://t.co/DEzBmCnbgB",1412252462963171328,YahooSG,['https://bit.ly/3jIQEJp'],https://bit.ly/3jIQEJp,['https://t.co/DEzBmCnbgB'],https://t.co/DEzBmCnbgB
27,https://twitter.com/NoxGraves/status/1412248910043648001,2021-07-06 03:15:53+00:00,@CupCakeTea He is therapy,1412248910043648001,NoxGraves,[],,[],
28,https://twitter.com/verypretenti0us/status/1412235269567246341,2021-07-06 02:21:40+00:00,i’ve missed 3 past therapy sessions because i had ~work to do~ or i jz conked out,1412235269567246341,verypretenti0us,[],,[],
29,https://twitter.com/apoorva_dutt/status/1412091402335309825,2021-07-05 16:50:00+00:00,what stage of emotional health is it when you stop wearing makeup to therapy,1412091402335309825,apoorva_dutt,[],,[],
30,https://twitter.com/btohtoh/status/1412066642062835716,2021-07-05 15:11:37+00:00,"Had my first full blown panic attack since I started my meds and therapy which left me groveling and crying in front of my family.

My grandma gave me a big hug 🥲",1412066642062835716,btohtoh,[],,[],
31,https://twitter.com/kixes/status/1412058855597428737,2021-07-05 14:40:40+00:00,The only way to read Bridgerton: The Duke and I is to imagine that it is actually a giant treatise on the importance of therapy on the one hand and sex education on the other,1412058855597428737,kixes,[],,[],
32,https://twitter.com/carrotsucker64/status/1412048244507512837,2021-07-05 13:58:30+00:00,catra kinnies I wish u guys a happy therapy https://t.co/dyWzOUIgXb,1412048244507512837,carrotsucker64,[],,[],
33,https://twitter.com/saltyqueen18/status/1412022439484137474,2021-07-05 12:15:58+00:00,Fucking dumb bitches need to be locked up and be forced to attend therapy https://t.co/2F9vpdkLJJ,1412022439484137474,saltyqueen18,['https://twitter.com/shamw_o/status/1410959567777894403'],https://twitter.com/shamw_o/status/1410959567777894403,['https://t.co/2F9vpdkLJJ'],https://t.co/2F9vpdkLJJ
34,https://twitter.com/joshisstarving/status/1412018996535123969,2021-07-05 12:02:17+00:00,on that note. also recognising how broken up I still am inside about past relationships I’ve had and properly considering a friend’s suggestion to try out therapy.,1412018996535123969,joshisstarving,[],,[],
35,https://twitter.com/MagmaMonika/status/1412009870052581391,2021-07-05 11:26:01+00:00,Free therapy exists n it’s his smile https://t.co/3CqhWLKpSW,1412009870052581391,MagmaMonika,['https://twitter.com/bestofsamatoki/status/1411974301121667072'],https://twitter.com/bestofsamatoki/status/1411974301121667072,['https://t.co/3CqhWLKpSW'],https://t.co/3CqhWLKpSW
36,https://twitter.com/TweetOfIrfan/status/1412001000534155266,2021-07-05 10:50:46+00:00,Absolutely normal @stylistanu. Cold compression therapy should be helpful! https://t.co/YZUeJVUa1I,1412001000534155266,TweetOfIrfan,['https://twitter.com/stylistanu/status/1411895047440666625'],https://twitter.com/stylistanu/status/1411895047440666625,['https://t.co/YZUeJVUa1I'],https://t.co/YZUeJVUa1I
37,https://twitter.com/FrightLight1/status/1411983461510828034,2021-07-05 09:41:05+00:00,who needs therapy when you have chuuya /hj https://t.co/t7o4B9LEjX,1411983461510828034,FrightLight1,[],,[],
38,https://twitter.com/LASALLESG/status/1411972900408725505,2021-07-05 08:59:07+00:00,Step into the reflexive worlds of our McNally School of Fine Arts and MA Art Therapy graduands in this special #TheLASALLEShow virtual tour. Explore their works over at the digital showcase https://t.co/sdWHFP8ygN #ArtsOrNothing https://t.co/aQNBSGM7Cv,1411972900408725505,LASALLESG,"['https://tls.lasalle.edu.sg/', 'https://www.youtube.com/watch?v=_L3VCUlttWw']",https://tls.lasalle.edu.sg/ https://www.youtube.com/watch?v=_L3VCUlttWw,"['https://t.co/sdWHFP8ygN', 'https://t.co/aQNBSGM7Cv']",https://t.co/sdWHFP8ygN https://t.co/aQNBSGM7Cv
39,https://twitter.com/SGinsightful/status/1411970630535114756,2021-07-05 08:50:06+00:00,"To understand what couples therapy is, what to expect, and how this therapy helps, click the link in our bio to read the blog - ""All You Should Know About Couples Therapy"" 

#counsellingservices #itsokaytonotbeokay
#blog #therapyblog #couplestherapy #couplescounselling #therapy",1411970630535114756,SGinsightful,[],,[],
40,https://twitter.com/SGinsightful/status/1411970415673548803,2021-07-05 08:49:14+00:00,"Couples who have - lost trust, face constant arguments, lack proper communication or have experienced a tough time together should consider couples therapy. 

#depressionhelp #selflove #youarewhatyouthink #anxietysupport #keepgoing #keeptrying #youareloved #mentalhealthsupport",1411970415673548803,SGinsightful,[],,[],
41,https://twitter.com/SGinsightful/status/1411970287600422915,2021-07-05 08:48:44+00:00,"Couples therapy provides a safe space for both parties to air their issues, devoid of your old ways of communicating.

#insightfulcounselling #psychotherapist  #counselling  #therapist #mentalhealthawareness #mentalhealthadvocate  #talkaboutit #therapyiscool #selftalk https://t.co/QI8lOax7tm",1411970287600422915,SGinsightful,[],,[],
42,https://twitter.com/CaiDesiree/status/1411956042359967746,2021-07-05 07:52:08+00:00,Me I need music therapy https://t.co/yIPzNBkThQ,1411956042359967746,CaiDesiree,['https://twitter.com/stward_team/status/1411755836259643397'],https://twitter.com/stward_team/status/1411755836259643397,['https://t.co/yIPzNBkThQ'],https://t.co/yIPzNBkThQ
43,https://twitter.com/tangenghui/status/1411947967393648642,2021-07-05 07:20:02+00:00,"Planning my #contentcreation articles for this week for my website - https://t.co/zUQkaIsths

I have a photo shoot on Thursday, Friday is forest bathing therapy, probably these 2 days will be my “off days”. 

That means working on the weekend.",1411947967393648642,tangenghui,['https://www.tangenghui.com/'],https://www.tangenghui.com/,['https://t.co/zUQkaIsths'],https://t.co/zUQkaIsths
44,https://twitter.com/asyqnhrn/status/1411929225473380357,2021-07-05 06:05:34+00:00,"my original tweet was to call out men who use therapy as an excuse to be shitty, ur reply was unnecessary and had no correlation to the point i was trying to make. even if some women need makeup, there will always be men like u who r ugly on the inside and no makeup can fix that. https://t.co/3K57w5g2FB",1411929225473380357,asyqnhrn,['https://twitter.com/thewinboro/status/1411927719567249408'],https://twitter.com/thewinboro/status/1411927719567249408,['https://t.co/3K57w5g2FB'],https://t.co/3K57w5g2FB
45,https://twitter.com/tyhosg/status/1411920191731081216,2021-07-05 05:29:40+00:00,"You are worthy.

If you find that you have a hard time believing that, or need someone to talk to, reach out to us. 💜 

#quoteoftheday 
#quote #psychology #therapy 

image credit: https://t.co/vDLJrRemMg https://t.co/IzVV5248qN",1411920191731081216,tyhosg,['http://freepik.com'],http://freepik.com,['https://t.co/vDLJrRemMg'],https://t.co/vDLJrRemMg
46,https://twitter.com/npasami1/status/1411896676646744068,2021-07-05 03:56:14+00:00,毎週月曜日は整体の日、今日も2時間掛けてガチガチの身体を解して貰いました😃お腹空いたから食事買いに行ってから帰ろう。#整体の日 #Therapy #Chiropractic #Manipulative #整体院 #Malaysialockdown https://t.co/mEg8ngrf0h,1411896676646744068,npasami1,[],,[],
47,https://twitter.com/alyaagypsy/status/1411860235401138179,2021-07-05 01:31:25+00:00,following pretty girls on tiktok is a therapy 🦋,1411860235401138179,alyaagypsy,[],,[],
48,https://twitter.com/tangenghui/status/1411735764677795848,2021-07-04 17:16:49+00:00,"Writing down some points for my #photography #therapy #zine / book that I am working on. I would come back and add on tot his thread if necessary.

- Komorebi 木漏れ日
- Shinrin-Yoku 森林浴
- Ikigai 生き甲斐

- Rainforest
- Sunrise
- Sunset
- Mountain range
- Sea
- Sky/clouds",1411735764677795848,tangenghui,[],,[],
49,https://twitter.com/SGinsightful/status/1411717105041428481,2021-07-04 16:02:40+00:00,Signs You Might Need Physical Therapy - Adriana Albritton via @adrianafitnall https://t.co/3uEbiy7gaU,1411717105041428481,SGinsightful,['https://app.quuu.co/r/kDPk0'],https://app.quuu.co/r/kDPk0,['https://t.co/3uEbiy7gaU'],https://t.co/3uEbiy7gaU
50,https://twitter.com/arxsha/status/1411700298708504588,2021-07-04 14:55:53+00:00,@Washifaaa YAAASSS you should’ve tried the Bubble therapy! Helps me a lot 🤣,1411700298708504588,arxsha,[],,[],
51,https://twitter.com/asianfemifesto/status/1411686229075107841,2021-07-04 13:59:59+00:00,"We hardly hear of restitution towards the victim, for therapy fees, emotional turmoil and psychic distress. She almost died from suicide! #MeToo 

https://t.co/y2shUN64OU",1411686229075107841,asianfemifesto,['https://www.todayonline.com/singapore/probation-24-year-old-man-who-molested-close-female-friend-after-drinking-her-home'],https://www.todayonline.com/singapore/probation-24-year-old-man-who-molested-close-female-friend-after-drinking-her-home,['https://t.co/y2shUN64OU'],https://t.co/y2shUN64OU
52,https://twitter.com/nrvlsyh/status/1411658909626994690,2021-07-04 12:11:26+00:00,im fckg scared. i need therapy 😭,1411658909626994690,nrvlsyh,[],,[],
53,https://twitter.com/RazzMoosa/status/1411655058484346888,2021-07-04 11:56:07+00:00,The best &amp; free therapy https://t.co/BkB5KvmumB,1411655058484346888,RazzMoosa,['https://twitter.com/chefscott_/status/1411654886475841536'],https://twitter.com/chefscott_/status/1411654886475841536,['https://t.co/BkB5KvmumB'],https://t.co/BkB5KvmumB
54,https://twitter.com/tangenghui/status/1411647605289885699,2021-07-04 11:26:30+00:00,"Working on my next article on #forestbathing for my #photography and #travel portal/blog - https://t.co/209XBzbHal 

An introductory and foundation article preparation for my #photography #therapy #zine. 

Themes to adhere to
- Shinrin-Yoku #森林浴
- Komorebi #木漏れ日",1411647605289885699,tangenghui,['https://blog.photojournalist-tgh.tv'],https://blog.photojournalist-tgh.tv,['https://t.co/209XBzbHal'],https://t.co/209XBzbHal
55,https://twitter.com/tangenghui/status/1411645857317801986,2021-07-04 11:19:34+00:00,"I am amazed and inspired by the #Hokkaido photos shared on Twitter, I still have many destinations to visit there. 

I reckon I can find curate some of my collections from my 2016 and 2014 trips for my photography therapy book
- https://t.co/yG1SZM9ioa
- https://t.co/Zu0KFpIlnf",1411645857317801986,tangenghui,"['https://flic.kr/s/aHskUfHYfT', 'https://flic.kr/s/aHsk6HNtF8']",https://flic.kr/s/aHskUfHYfT https://flic.kr/s/aHsk6HNtF8,"['https://t.co/yG1SZM9ioa', 'https://t.co/Zu0KFpIlnf']",https://t.co/yG1SZM9ioa https://t.co/Zu0KFpIlnf
56,https://twitter.com/YahooSG/status/1411640937122459656,2021-07-04 11:00:01+00:00,"Although it is early days, the scientists believe the gene therapy ""may have utility in treating heart failure"" in humans.

https://t.co/id2T1X39JV",1411640937122459656,YahooSG,['https://bit.ly/3qJjkUd'],https://bit.ly/3qJjkUd,['https://t.co/id2T1X39JV'],https://t.co/id2T1X39JV
57,https://twitter.com/Kichukii/status/1411635823435341826,2021-07-04 10:39:41+00:00,"No football tonight. 

Need therapy.

Therapy: https://t.co/yKAsrqukap",1411635823435341826,Kichukii,[],,[],
58,https://twitter.com/qilahjela/status/1411628787855290371,2021-07-04 10:11:44+00:00,"Smile, it's free therapy. https://t.co/bus8Y9w7TP",1411628787855290371,qilahjela,[],,[],
59,https://twitter.com/Dandelion_Wave/status/1411618940539719682,2021-07-04 09:32:36+00:00,"Use of Total Neoadjuvant Therapy for Locally Advanced Rectal Cancer: Initial Results From the Pembrolizumab Arm of a Phase 2 Randomized Clinical Trial.
https://t.co/lhBdcf3n0u",1411618940539719682,Dandelion_Wave,['https://www.qxmd.com/r/34196693'],https://www.qxmd.com/r/34196693,['https://t.co/lhBdcf3n0u'],https://t.co/lhBdcf3n0u
60,https://twitter.com/Jayolaatunjay/status/1411577190701887489,2021-07-04 06:46:42+00:00,"I was so pissed and angry, I bought myself new clothes and I think that is my therapy",1411577190701887489,Jayolaatunjay,[],,[],
61,https://twitter.com/ntshanzm/status/1411562418073849856,2021-07-04 05:48:00+00:00,Harini happy sikitla dapat groceries shopping dia macam therapy gitu,1411562418073849856,ntshanzm,[],,[],
62,https://twitter.com/RTandapany/status/1411540367229419524,2021-07-04 04:20:23+00:00,A client came to me yesterday just to tell me that they are attending therapy sessions because they needed time away from their wife and that my couch was comfier. So glad to have been of of service 🤔 #therapy https://t.co/0If1pOUTv1,1411540367229419524,RTandapany,[],,[],
63,https://twitter.com/kexingzishu/status/1411401165648977926,2021-07-03 19:07:15+00:00,@cfy00 AJSHSHDJSSKK please bill ur therapy to this woman here: https://t.co/Lza0Ljnmho,1411401165648977926,kexingzishu,['https://m.weibo.cn/u/1796258175'],https://m.weibo.cn/u/1796258175,['https://t.co/Lza0Ljnmho'],https://t.co/Lza0Ljnmho
64,https://twitter.com/shooting_solo/status/1411361562615586817,2021-07-03 16:29:53+00:00,I just uploaded “Therapy Sessions at a Co-Practice Space” to #Vimeo: https://t.co/EpXaoCHnuD,1411361562615586817,shooting_solo,['https://vimeo.com/570681005'],https://vimeo.com/570681005,['https://t.co/EpXaoCHnuD'],https://t.co/EpXaoCHnuD
65,https://twitter.com/asyqnhrn/status/1411361509947498499,2021-07-03 16:29:40+00:00,@BlckBolex it’s entertaining and well made but mannnn it’s one of the reasons why i decided to start therapy,1411361509947498499,asyqnhrn,[],,[],
66,https://twitter.com/YourFerntasy/status/1411358677517275137,2021-07-03 16:18:25+00:00,"@Waleed_S121 @MartinH77498500 @steve92174125 @XrpYoda Getting it on Monday, thanks. The vaccine, not what you’re smoking. Who hurt you as a child? You seem to have some issues might require therapy. Good luck to you.",1411358677517275137,YourFerntasy,[],,[],
67,https://twitter.com/7cupsn8berries/status/1411353486046887944,2021-07-03 15:57:47+00:00,@DylanPoops i don’t have enough money yet 💔💔 i’ll pay for your therapy once i get a part time job,1411353486046887944,7cupsn8berries,[],,[],
68,https://twitter.com/SgRheumer/status/1411319374615519235,2021-07-03 13:42:14+00:00,"Sadly not a lot of options for #hand #osteoarthritis 

Other than hand therapy, heat, and good old joint protection &amp; activity modification 💪🏽 https://t.co/0CnuDdEiPr",1411319374615519235,SgRheumer,['https://twitter.com/ARD_BMJ/status/1411315988025511939'],https://twitter.com/ARD_BMJ/status/1411315988025511939,['https://t.co/0CnuDdEiPr'],https://t.co/0CnuDdEiPr
69,https://twitter.com/yanahijannah/status/1411251290676416519,2021-07-03 09:11:42+00:00,therapy 😍 https://t.co/msFBJFziXB,1411251290676416519,yanahijannah,[],,[],
70,https://twitter.com/liyanasyita/status/1411244566426972164,2021-07-03 08:44:58+00:00,Honestly at this point I’m just tired of reading scholarship materials produced by SOAS trained academics. Meluat. Orientalisme menggunung tinggi,1411244566426972164,liyanasyita,[],,[],
71,https://twitter.com/asyqnhrn/status/1411214998517346310,2021-07-03 06:47:29+00:00,you all pay so much money for therapy for fuck if you’re not gonna listen to your therapist??? mf will say they wanna be better but do jack shit about it and expect people to just let them be toxic to themselves bodoh nak mampos laki tak guna setaaaannnnn,1411214998517346310,asyqnhrn,[],,[],
72,https://twitter.com/asyqnhrn/status/1411214273481560069,2021-07-03 06:44:36+00:00,some men go to therapy but still refuse to change like news flash!!! you gotta do the work and put in the effort as hard as it may be. no one else is gonna save you and you can’t expect anyone to save you either go fucking listen to your therapist bro the fuck,1411214273481560069,asyqnhrn,[],,[],
73,https://twitter.com/tangenghui/status/1411184438130536451,2021-07-03 04:46:03+00:00,Photogra-Therapy: A Deafening Silence #Fstoppers https://t.co/6IFSDTFm8M,1411184438130536451,tangenghui,['https://fstoppers.com/landscapes/photogra-therapy-deafening-silence-568223'],https://fstoppers.com/landscapes/photogra-therapy-deafening-silence-568223,['https://t.co/6IFSDTFm8M'],https://t.co/6IFSDTFm8M
74,https://twitter.com/nadiah_e85/status/1411182656222490624,2021-07-03 04:38:58+00:00,"I was a bit annoyed that every single plan of mine got cancelled today. Gym and bone alignment therapy. 

But I ended up getting calls from my bosses to complete my application for my studies. 

Maybe that is why my other plans had to be cancelled so that I could focus on this.",1411182656222490624,nadiah_e85,[],,[],
75,https://twitter.com/shafiqjpeg/status/1411176346710020096,2021-07-03 04:13:54+00:00,no amount of therapy can fix this https://t.co/UMq2TUKPYe,1411176346710020096,shafiqjpeg,['https://twitter.com/Je_ffree/status/1410992547032449026'],https://twitter.com/Je_ffree/status/1410992547032449026,['https://t.co/UMq2TUKPYe'],https://t.co/UMq2TUKPYe
76,https://twitter.com/liyanasyita/status/1411151275794649090,2021-07-03 02:34:16+00:00,Some ppl are so lame,1411151275794649090,liyanasyita,[],,[],
77,https://twitter.com/Sebastianpetr12/status/1411128691128778753,2021-07-03 01:04:32+00:00,"Considering returning to online therapy, but concerned with the privacy trade-off via /r/privacy https://t.co/MsC8hkV6Mz",1411128691128778753,Sebastianpetr12,['https://ift.tt/2UnyBhb'],https://ift.tt/2UnyBhb,['https://t.co/MsC8hkV6Mz'],https://t.co/MsC8hkV6Mz
78,https://twitter.com/AChVoice/status/1411120035167342598,2021-07-03 00:30:08+00:00,"“It’s important to search for a #therapist that has the qualities that..you’re looking for..requires a bit of leg work..researching #therapists, reading background info, bios..”: https://t.co/OX9WxlcCZA @ClevelandClinic #MentalHealthAwareness #therapy #psychologist",1411120035167342598,AChVoice,['https://buff.ly/3w1gQ5r'],https://buff.ly/3w1gQ5r,['https://t.co/OX9WxlcCZA'],https://t.co/OX9WxlcCZA
79,https://twitter.com/sarahain01/status/1411096001301999616,2021-07-02 22:54:38+00:00,"New hair style = kind of self therapy. ""sarah chan"" vibes",1411096001301999616,sarahain01,[],,[],
80,https://twitter.com/taestyfriess/status/1411024919429746689,2021-07-02 18:12:11+00:00,bro the girls workshop in ep 5 of thth is rly making me so emotional…. rly some free therapy vibes,1411024919429746689,taestyfriess,[],,[],
81,https://twitter.com/SGinsightful/status/1410992436223094784,2021-07-02 16:03:06+00:00,Psilocybin-Assisted Therapy May be 4x More Effective in Treating Major Depression in Patients https://t.co/t7Le06RKSp,1410992436223094784,SGinsightful,['https://app.quuu.co/r/01oeE'],https://app.quuu.co/r/01oeE,['https://t.co/t7Le06RKSp'],https://t.co/t7Le06RKSp
82,https://twitter.com/andilemkhonza3/status/1410959557669670915,2021-07-02 13:52:27+00:00,"Therapy 🧁🧁

#baking #unicorn #baker #GirlTalkZA https://t.co/bogB5H9o3M",1410959557669670915,andilemkhonza3,[],,[],
83,https://twitter.com/Ratnisu_/status/1410955073727856648,2021-07-02 13:34:38+00:00,funds for hormone therapy and binders who? https://t.co/hW7gmKr26K,1410955073727856648,Ratnisu_,['https://twitter.com/woodlineki/status/1410945364992008197'],https://twitter.com/woodlineki/status/1410945364992008197,['https://t.co/hW7gmKr26K'],https://t.co/hW7gmKr26K
84,https://twitter.com/ayame_murasaki/status/1410953921317670913,2021-07-02 13:30:03+00:00,Time for retail; food; fandom; body ; mind therapy .. otsukare sama for this tough week!,1410953921317670913,ayame_murasaki,[],,[],
85,https://twitter.com/7cupsn8berries/status/1410945308515729414,2021-07-02 12:55:50+00:00,i’ve gotten so worried for my friends i’ve started to save up to give them free therapy on their birthday as soon as possible,1410945308515729414,7cupsn8berries,[],,[],
86,https://twitter.com/dtlyee/status/1410927442219323397,2021-07-02 11:44:50+00:00,3 hour long therapy is very much what i needed 😮‍💨,1410927442219323397,dtlyee,[],,[],
87,https://twitter.com/xl_tw/status/1410923746529996805,2021-07-02 11:30:09+00:00,go to therapy pleaseeeeee 😭 https://t.co/0PXrI1Zda4,1410923746529996805,xl_tw,['https://twitter.com/_seysead_/status/1410796972756324353'],https://twitter.com/_seysead_/status/1410796972756324353,['https://t.co/0PXrI1Zda4'],https://t.co/0PXrI1Zda4
88,https://twitter.com/ShehaSidek/status/1410896604614123521,2021-07-02 09:42:18+00:00,"@DeanCasPingPong Been through therapy myself. It is hard being vulnerable, so I salute you. 

Good job bestie.",1410896604614123521,ShehaSidek,[],,[],
89,https://twitter.com/SGinsightful/status/1410879282507776001,2021-07-02 08:33:28+00:00,"#selftalk #depressionhelp #selflove #youarewhatyouthink #anxietysupport #keepgoing #keeptrying #youareloved #mentalhealthsupport #counsellingservices #itsokaytonotbeokay
#qotd #quoteoftheday #quote #mentalhealthquote #courage #help #healing #therapy #brave #journey",1410879282507776001,SGinsightful,[],,[],
90,https://twitter.com/HIREMAIDEA/status/1410862576246812678,2021-07-02 07:27:05+00:00,Breakthrough CRISPR Gene Therapy Could Be a 'One and Done' Injection - Singularity Hub https://t.co/8UQzVYePSf,1410862576246812678,HIREMAIDEA,['http://dlvr.it/S2vL6X'],http://dlvr.it/S2vL6X,['https://t.co/8UQzVYePSf'],https://t.co/8UQzVYePSf
91,https://twitter.com/tangenghui/status/1410861524957097985,2021-07-02 07:22:54+00:00,"I have an inspiration, an idea to combine a #zine and a #playbook together, for a #photography #therapy book on #MentalHealthAwareness

Where my sources come from:

https://t.co/QtLj5OI6nO

https://t.co/Ss3SwJqmWZ",1410861524957097985,tangenghui,"['https://www.tangenghui.com/personal-stories/a-playbook-to-encourage-and-teach-foundership-in-children-by-funderbeam', 'https://blog.photojournalist-tgh.tv/photojournalism/launch-of-tgh-photography-zine-vol-1-sg55-special-edition']",https://www.tangenghui.com/personal-stories/a-playbook-to-encourage-and-teach-foundership-in-children-by-funderbeam https://blog.photojournalist-tgh.tv/photojournalism/launch-of-tgh-photography-zine-vol-1-sg55-special-edition,"['https://t.co/QtLj5OI6nO', 'https://t.co/Ss3SwJqmWZ']",https://t.co/QtLj5OI6nO https://t.co/Ss3SwJqmWZ
92,https://twitter.com/asyqnhrn/status/1410821696081350674,2021-07-02 04:44:38+00:00,actually feel like shit coz therapy had to be postponed 😣,1410821696081350674,asyqnhrn,[],,[],
93,https://twitter.com/sitijamilahhh/status/1410811849394753538,2021-07-02 04:05:31+00:00,enhypen = free therapy ❤️,1410811849394753538,sitijamilahhh,[],,[],
94,https://twitter.com/gocredevo/status/1410806690291798017,2021-07-02 03:45:01+00:00,"Breakthrough therapy designation, is your drug elgible?

👉 Contact @Credevo to understand and explore breakthrough therapy designation in the USA

#FDA #Pharmaceuticals #Regulatory #rarediseases
https://t.co/A0mvOCrPVn https://t.co/YZWiyvZSSg",1410806690291798017,gocredevo,['https://bit.ly/2UDrqlm'],https://bit.ly/2UDrqlm,['https://t.co/A0mvOCrPVn'],https://t.co/A0mvOCrPVn
95,https://twitter.com/slatteagrape/status/1410786470642679815,2021-07-02 02:24:40+00:00,@sarsvesh Actually whoever sent her money could've used it for his own therapy or whatever,1410786470642679815,slatteagrape,[],,[],
96,https://twitter.com/asyqnhrn/status/1410769770148814852,2021-07-02 01:18:18+00:00,goodmorning my therapy session got postponed 🥲,1410769770148814852,asyqnhrn,[],,[],
97,https://twitter.com/santhiReads/status/1410755828643102721,2021-07-02 00:22:54+00:00,"No disrespect to those who had/ have suffered abuse, trauma

But the constant outpouring makes me wonder if the victim card is played too often

Maybe this is their way of coping, their therapy? 
Am I uncomfortable with it?

I want to sympathise, and even show empathy",1410755828643102721,santhiReads,[],,[],
98,https://twitter.com/mark_pritam/status/1410694289814790144,2021-07-01 20:18:22+00:00,when tf is greys s18 coming back on? i need my therapy back,1410694289814790144,mark_pritam,[],,[],
99,https://twitter.com/irakurayami/status/1410667391932014594,2021-07-01 18:31:29+00:00,"i feel tired of keeping secrets from my parents and the bills of my therapy isnt that cheap. I have no job, my parents dont allow me to work in the public and yeah if i dont really eat in school or i bring food from home im saving up money. Why?",1410667391932014594,irakurayami,[],,[],
100,https://twitter.com/HIREMAIDEA/status/1410645412365565954,2021-07-01 17:04:09+00:00,Gene therapy repairs cardiac tissue after heart attack in animal models - FierceBiotech https://t.co/VJ372UpRkE,1410645412365565954,HIREMAIDEA,['http://dlvr.it/S2sGzH'],http://dlvr.it/S2sGzH,['https://t.co/VJ372UpRkE'],https://t.co/VJ372UpRkE
101,https://twitter.com/Raz_nsfw/status/1410632153625366528,2021-07-01 16:11:28+00:00,"when was the last time you treated yourself?

don’t be afraid to spoil yourself, you’ve worked hard and you deserve it

buy yourself a nice meal or buy something off your wishlist that you’ve been eyeing for awhile

maybe even go get a massage or get some sort of therapy",1410632153625366528,Raz_nsfw,[],,[],
102,https://twitter.com/AfifahShameemah/status/1410604105760788488,2021-07-01 14:20:01+00:00,Babi I meant conversion therapy tsk,1410604105760788488,AfifahShameemah,[],,[],
103,https://twitter.com/AfifahShameemah/status/1410597617487155218,2021-07-01 13:54:14+00:00,Can't believe Upin Ipin did concersion therapy on Sally/Salleh. I WAS ROOTING FOR YOU,1410597617487155218,AfifahShameemah,[],,[],
104,https://twitter.com/julianlimzq/status/1410586753962975233,2021-07-01 13:11:04+00:00,"Very pleased to share that the first paper from our trial of #mindfulness based therapy for insomnia has been published! MBTI was superior to active control in reducing insomnia symptoms, and led to objective sleep improvements (actigraphy and PSG). https://t.co/zB2OrFyE0L https://t.co/Pg1kqGzFo5",1410586753962975233,julianlimzq,['https://bit.ly/3hre5o0'],https://bit.ly/3hre5o0,['https://t.co/zB2OrFyE0L'],https://t.co/zB2OrFyE0L
105,https://twitter.com/CrispianLeong/status/1410583831766134788,2021-07-01 12:59:27+00:00,#Loki episode 4 - #marvel should start paying for my therapy.,1410583831766134788,CrispianLeong,[],,[],
106,https://twitter.com/kaushikilango/status/1410555809096900609,2021-07-01 11:08:06+00:00,gym is my therapy session,1410555809096900609,kaushikilango,[],,[],
107,https://twitter.com/rramapriya/status/1410551423754928136,2021-07-01 10:50:40+00:00,@AshaRaoRMIT It’s been a busy summer so far. Just submitted by final academic essay work for the completion of my art therapy diploma today!     #primarySTEMCHAT,1410551423754928136,rramapriya,[],,[],
108,https://twitter.com/liyanasyita/status/1410538989170294791,2021-07-01 10:01:16+00:00,"Pedro, you had one job",1410538989170294791,liyanasyita,[],,[],
109,https://twitter.com/WarnerMusicSG/status/1410485869614714883,2021-07-01 06:30:11+00:00,"We can't wait for 🌺 #Therapy 🌺 to be released on July 23rd.
@AnneMarie, can the day come any faster? 😩😩😩 https://t.co/FGbAZhj7Tw",1410485869614714883,WarnerMusicSG,[],,[],
110,https://twitter.com/mynamemaine/status/1410478480282685442,2021-07-01 06:00:49+00:00,@KevinSa39408441 @fdezzgarcia which part of u need a therapy didn’t u understand?,1410478480282685442,mynamemaine,[],,[],
111,https://twitter.com/danibogo/status/1410458799450714119,2021-07-01 04:42:37+00:00,"A huge challenge that I have had for years and constantly working in therapy and coaching. We talk little about cultural barriers and we expect a homogenity of behavior that is utopian, especially in diverse teams. #UntilWeAllBelong https://t.co/9jalCcR31N",1410458799450714119,danibogo,['https://twitter.com/kojieumesmo/status/1410439783847927813'],https://twitter.com/kojieumesmo/status/1410439783847927813,['https://t.co/9jalCcR31N'],https://t.co/9jalCcR31N
112,https://twitter.com/veeran_rule/status/1410458031507140610,2021-07-01 04:39:34+00:00,Only my friends will get excited for my therapy sessions 💆🏾‍♂️,1410458031507140610,veeran_rule,[],,[],
113,https://twitter.com/wonbebemonbebe/status/1410432017590722561,2021-07-01 02:56:12+00:00,retail therapy at start of the month 🤡🤡🤡,1410432017590722561,wonbebemonbebe,[],,[],
114,https://twitter.com/iskonglasalista/status/1410361273968054274,2021-06-30 22:15:05+00:00,"Quezon Rep. Angelina Tan and Iloilo Rep. Janette Garin urged the Department of Health (DOH) to adjust its policy on the deployment of vaccines, saying a “shotgun therapy” on vaccines is a wrong approach in addressing the spread of Covid-19.

https://t.co/0gYRYkBfFZ",1410361273968054274,iskonglasalista,['https://businessmirror.com.ph/2021/06/30/prevention-is-better-than-cure-solons-remind-doh/'],https://businessmirror.com.ph/2021/06/30/prevention-is-better-than-cure-solons-remind-doh/,['https://t.co/0gYRYkBfFZ'],https://t.co/0gYRYkBfFZ
115,https://twitter.com/ChannelNewsAsia/status/1410344932724789248,2021-06-30 21:10:09+00:00,Canada's Senate puts LGBT conversion therapy Bill on hold for summer https://t.co/WQtu4Eb9B4 https://t.co/ogLXuU0UF7,1410344932724789248,ChannelNewsAsia,['https://cna.asia/3qCC47H'],https://cna.asia/3qCC47H,['https://t.co/WQtu4Eb9B4'],https://t.co/WQtu4Eb9B4
116,https://twitter.com/_rodahidup/status/1410336926129815555,2021-06-30 20:38:20+00:00,Regeneron Covid-19 therapy cuts deaths among hospitalised patients who lack antibodies: Study https://t.co/xomfOdNXyp,1410336926129815555,_rodahidup,['https://str.sg/34Sa'],https://str.sg/34Sa,['https://t.co/xomfOdNXyp'],https://t.co/xomfOdNXyp
117,https://twitter.com/veeran_rule/status/1410254827792351232,2021-06-30 15:12:06+00:00,Not gonna respond to anyone till my Therapy in the morning 😾 Adios.,1410254827792351232,veeran_rule,[],,[],
118,https://twitter.com/asiaonecom/status/1410239855855026182,2021-06-30 14:12:37+00:00,Ariana Grande giving away $1.3m worth of therapy https://t.co/EEeXHan0Nf https://t.co/QjSNpLfbGH,1410239855855026182,asiaonecom,['https://www.asiaone.com/entertainment/ariana-grande-giving-away-13m-worth-therapy?utm_term=Autofeed&utm_medium=Social&utm_source=Twitter&Echobox=1625061326#xtor=CS2-4'],https://www.asiaone.com/entertainment/ariana-grande-giving-away-13m-worth-therapy?utm_term=Autofeed&utm_medium=Social&utm_source=Twitter&Echobox=1625061326#xtor=CS2-4,['https://t.co/EEeXHan0Nf'],https://t.co/EEeXHan0Nf
119,https://twitter.com/MyAutoBlogging/status/1410232932841799687,2021-06-30 13:45:06+00:00,"Kristen Bell Admits She &amp; Dax ""Talk S--t About Each Other"" at Therapy - E! Online
#worldnews #breakingnews #latestnews #politicnews #...
https://t.co/P1fMC1ezlL",1410232932841799687,MyAutoBlogging,['https://automaticblogging.com/kristen-bell-admits-she-dax-talk-s-t-about-each-other-at-therapy-e-online/?feed_id=30628&_unique_id=60dc7562950d4'],https://automaticblogging.com/kristen-bell-admits-she-dax-talk-s-t-about-each-other-at-therapy-e-online/?feed_id=30628&_unique_id=60dc7562950d4,['https://t.co/P1fMC1ezlL'],https://t.co/P1fMC1ezlL
120,https://twitter.com/fizoto/status/1410225784879423492,2021-06-30 13:16:42+00:00,I do not recommend getting hit in the balls infinity times by the old friend who you tried to get the attention of by cutting their hair as a form of therapy #Loki,1410225784879423492,fizoto,[],,[],
121,https://twitter.com/peppathezhu/status/1410212780007821314,2021-06-30 12:25:01+00:00,"Can we just take a moment to be proud of ourselves for starting work in these tough tough times :') having to eat alone everywhere we go, having limited to no equipment for therapy bc infection control and 30 min windows to do CGT",1410212780007821314,peppathezhu,[],,[],
122,https://twitter.com/asianfemifesto/status/1410205875550097412,2021-06-30 11:57:35+00:00,"As someone who witness how harmful conversion therapy is first hand, supported my LGBTQ+ friends through it. I’m so glad about this statement released by Singapore Psychological Society #Pride2021 https://t.co/yNPusvZUOH",1410205875550097412,asianfemifesto,[],,[],
123,https://twitter.com/shimaarif/status/1409499013879980040,2021-06-28 13:08:46+00:00,Mind therapy 💙 https://t.co/x8ij4q8wuM,1409499013879980040,shimaarif,[],,[],
124,https://twitter.com/qayyumzu/status/1409351455564201987,2021-06-28 03:22:26+00:00,Online shopping could be my therapy for sure hahaha,1409351455564201987,qayyumzu,[],,[],
125,https://twitter.com/thatsmoii/status/1406503562863988738,2021-06-20 06:45:55+00:00,“therapy💆🏿‍♀️” https://t.co/4u0GGC9oKq,1406503562863988738,thatsmoii,[],,[],
126,https://twitter.com/DionysusYeo/status/1406491873837993986,2021-06-20 05:59:28+00:00,"#haveaniceday
💕📷
🚶🏻‍♂️🌞🌝

#walking #therapy #haveitmyway
#capturedonhuawei @huawei.sg #huawei #huaweisg #huaweiP20pro #leicalens #leica #huaweiwatchfit #huaweihealth @ Singapore https://t.co/5R7Fz6iUV1",1406491873837993986,DionysusYeo,['https://www.instagram.com/p/CQVMSUyH4Qr/?utm_medium=twitter'],https://www.instagram.com/p/CQVMSUyH4Qr/?utm_medium=twitter,['https://t.co/5R7Fz6iUV1'],https://t.co/5R7Fz6iUV1
127,https://twitter.com/danibogo/status/1403138691350941697,2021-06-10 23:55:07+00:00,"@gnballenger Sad to see you leave so excited for your new adventure. I just feel like thank you so much for the honest, brilliant, empathetic leadership. And for being such a great friend on our therapy sessions with @baer_naked - definitely one of my highest moments at Twitter. Good luck ♥️",1403138691350941697,danibogo,[],,[],
128,https://twitter.com/DrMLChua/status/1402026969923866625,2021-06-07 22:17:32+00:00,@DrSpratticus @scserendipity1 @AzadOncology @aleberlin2 @neerajaiims @piet_ost @seanmmcbride Already given 😉 Hence now the systemic therapy question…,1402026969923866625,DrMLChua,[],,[],
129,https://twitter.com/okod/status/1401499895987535879,2021-06-06 11:23:08+00:00,@ConnorPM Compression therapy,1401499895987535879,okod,[],,[],
130,https://twitter.com/DrAndrewChoong/status/1401493270690025472,2021-06-06 10:56:48+00:00,"@Tristan27856485 @DGlaucomflecken @ImperialVasc @Cambridgevascu1 @viknesh_s @JosephShalhoub To be honest, not since negative pressure wound therapy!!! https://t.co/cgECkG2Ek3 😜😜😜",1401493270690025472,DrAndrewChoong,['https://doi.org/10.1016/j.ejvs.2018.12.021'],https://doi.org/10.1016/j.ejvs.2018.12.021,['https://t.co/cgECkG2Ek3'],https://t.co/cgECkG2Ek3
131,https://twitter.com/SarcasticLibra9/status/1400551263973134339,2021-06-03 20:33:36+00:00,"#EO fandom, I guarantee we will all need therapy after tonight! Mainly, for two reasons in particular....",1400551263973134339,SarcasticLibra9,[],,[],
132,https://twitter.com/SarcasticLibra9/status/1400208773340409858,2021-06-02 21:52:40+00:00,#EO #OrganizedCrime #Finale (and I’m gonna need the therapy recording of when Elliot talks about Liv!) https://t.co/niKC0lAHOz,1400208773340409858,SarcasticLibra9,[],,[],
133,https://twitter.com/skathpalia/status/1398532947322425346,2021-05-29 06:53:32+00:00,US FDA approves targeted therapy for lung cancer  mutation previously considered resistant https://t.co/1tJB9W92jv,1398532947322425346,skathpalia,['https://www.fda.gov/news-events/press-announcements/fda-approves-first-targeted-therapy-lung-cancer-mutation-previously-considered-resistant-drug'],https://www.fda.gov/news-events/press-announcements/fda-approves-first-targeted-therapy-lung-cancer-mutation-previously-considered-resistant-drug,['https://t.co/1tJB9W92jv'],https://t.co/1tJB9W92jv
134,https://twitter.com/skinnylatte/status/1397481031561883653,2021-05-26 09:13:36+00:00,"Other times, lunch was everyone signing off on tabs picked up by their families at a club and pretending I cared about their horses and ponies. I don’t think I’ve had enough therapy for that part of my life",1397481031561883653,skinnylatte,[],,[],
135,https://twitter.com/ActuallyHaziq/status/1395767372544307207,2021-05-21 15:44:08+00:00,"need a therapy ride. Just plug in my pods, start up the engine and cruise wherever this small island leads me to",1395767372544307207,ActuallyHaziq,[],,[],
136,https://twitter.com/saintn4bil/status/1395698733006819330,2021-05-21 11:11:23+00:00,buying new boots is therapy idc what people say,1395698733006819330,saintn4bil,[],,[],
137,https://twitter.com/Patrick_V1003/status/1395542395211722754,2021-05-21 00:50:09+00:00,@vincecards @NbutterBird @jakesalcedo5 si Jake lang po nakapag speech therapy na po ako🤣🤣🤣🤣,1395542395211722754,Patrick_V1003,[],,[],
138,https://twitter.com/DTrain/status/1394146448430690305,2021-05-17 04:23:09+00:00,Retail therapy continues #phasewhatever https://t.co/lYEefeagng,1394146448430690305,DTrain,[],,[],
139,https://twitter.com/skinnylatte/status/1393980836865658886,2021-05-16 17:25:05+00:00,Basically it’s a bunch of people with complete daddy issues and I’m sorry I ever spent a day in that faith and I need a lot more therapy to remove these ideas from my brain.,1393980836865658886,skinnylatte,[],,[],
140,https://twitter.com/DionysusYeo/status/1392521064396296195,2021-05-12 16:44:28+00:00,"#chillout #wednesday #humpday #night with my #bestfriendsforever #bff #benandjerrys
One of the few regular #therapy that I #needed
#chocolatetherapy
#smoke #less #cigarettes #eat #more
#comfort #foods @ Singapore https://t.co/oeO3tGhzNH",1392521064396296195,DionysusYeo,['https://www.instagram.com/p/COx7H9YHnup/?igshid=1bamqjpspuv0'],https://www.instagram.com/p/COx7H9YHnup/?igshid=1bamqjpspuv0,['https://t.co/oeO3tGhzNH'],https://t.co/oeO3tGhzNH
141,https://twitter.com/mahramzzz/status/1391947969121845248,2021-05-11 02:47:11+00:00,"Therapy: expensive
Saying “I LOVE THIS GAME” like Patrice Evra: Free",1391947969121845248,mahramzzz,[],,[],
142,https://twitter.com/pravin_bigshotz/status/1386384185921732609,2021-04-25 18:18:42+00:00,Long walks and dope playlist is therapy,1386384185921732609,pravin_bigshotz,[],,[],
143,https://twitter.com/SyarifahEllaWW/status/1386260986416439300,2021-04-25 10:09:09+00:00,"Kerja Sunday duty,
Then balik2 bawak Zara to her Occupational Therapy class,
Then sampai2 rumah bersilat di dapur pulak.

Even rasa penat, still syukur alhamdulillah there are helps provided along the ways.

How mak2 lain buat without help?

You girls are amazing superhumans!

🤯",1386260986416439300,SyarifahEllaWW,[],,[],
144,https://twitter.com/JLim_Junhong/status/1385155684086419456,2021-04-22 08:57:04+00:00,"Because Thursday is Friday Eve!

Dating time after home therapy session in Sentosa @ Singapore https://t.co/o6emWG0bLv",1385155684086419456,JLim_Junhong,['https://www.instagram.com/p/CN9lvTKnahw/?igshid=1csj1osf7jrbb'],https://www.instagram.com/p/CN9lvTKnahw/?igshid=1csj1osf7jrbb,['https://t.co/o6emWG0bLv'],https://t.co/o6emWG0bLv
145,https://twitter.com/himanshu2904/status/1384115801448321029,2021-04-19 12:04:57+00:00,And the man child peddled fake news again. This guy needs a therapy. https://t.co/Euk8NCJUR5,1384115801448321029,himanshu2904,['https://twitter.com/RahulGandhi/status/1384097360502923271'],https://twitter.com/RahulGandhi/status/1384097360502923271,['https://t.co/Euk8NCJUR5'],https://t.co/Euk8NCJUR5
146,https://twitter.com/eelnadliahkim/status/1384103299809300484,2021-04-19 11:15:16+00:00,@AudiKhalid Can you please invite me over. I need therapy.,1384103299809300484,eelnadliahkim,[],,[],
147,https://twitter.com/shuyinghu/status/1381191114250547200,2021-04-11 10:23:17+00:00,It’s a wrap! @AMTSingapore Music Therapy Day 2021: Snapshots of #MusicTherapists at work in Singapore. It was wonderful to have overseas-based MTs joining us today! Now back to the BAMT conference.. (if I can focus)! https://t.co/AyJ0LWN0Kl,1381191114250547200,shuyinghu,['https://twitter.com/MdCMusicTherapy/status/1381127929342611459'],https://twitter.com/MdCMusicTherapy/status/1381127929342611459,['https://t.co/AyJ0LWN0Kl'],https://t.co/AyJ0LWN0Kl
148,https://twitter.com/Anwaramsay/status/1379788614859583491,2021-04-07 13:30:15+00:00,"At times, isolation is therapy",1379788614859583491,Anwaramsay,[],,[],
149,https://twitter.com/_rodahidup/status/1379344908662661120,2021-04-06 08:07:07+00:00,@thepetezahat @fahmi_fadzil You guys pounded 24/7..but he got better. All knew he underwent chemo therapy..now he can even travel obersi. I think we better give-up unless you guys want him to be the PM9??🤔,1379344908662661120,_rodahidup,[],,[],
150,https://twitter.com/fieza_sudin/status/1378659585515347976,2021-04-04 10:43:54+00:00,@draconiankid HAHAHAHHAHAH. My therapy gituuwww. 🤣 Nanti tergerak la hati nak buat. 😌,1378659585515347976,fieza_sudin,[],,[],
151,https://twitter.com/DionysusYeo/status/1377824714056376320,2021-04-02 03:26:25+00:00,"#solar #charging
#vidameanDion
#recovery #therapy @ Singapore https://t.co/3oFtTyxhUU",1377824714056376320,DionysusYeo,['https://www.instagram.com/p/CNJf_0mHcgS/?igshid=196vaqhdpbw1f'],https://www.instagram.com/p/CNJf_0mHcgS/?igshid=196vaqhdpbw1f,['https://t.co/3oFtTyxhUU'],https://t.co/3oFtTyxhUU
152,https://twitter.com/iamrainlouise/status/1377791045610528769,2021-04-02 01:12:38+00:00,"Well, my brother says Hello. So, hooray for speech therapy.

#EdwardBarber Edward Barber
@Barber_Edward_",1377791045610528769,iamrainlouise,[],,[],
153,https://twitter.com/maira_hazman/status/1377079470616584196,2021-03-31 02:05:05+00:00,survey hotel for a vacation is kinda therapy for me 🥰🥰,1377079470616584196,maira_hazman,[],,[],
154,https://twitter.com/danibogo/status/1374285139207888896,2021-03-23 09:01:24+00:00,"My mom passed away last year. I still hide at bathrooms, go to therapy, reread notes, messages, stare at pictures of her, of us, cry in silence. @anujashukla_ ‘s tweet thread gives me hope, strength for those days there is a mom shape hole in my heart. 🙏 for sharing. ♥️👇 https://t.co/IsSNyetmrX",1374285139207888896,danibogo,['https://twitter.com/anujashukla_/status/1374109808278740993'],https://twitter.com/anujashukla_/status/1374109808278740993,['https://t.co/IsSNyetmrX'],https://t.co/IsSNyetmrX
155,https://twitter.com/megziannone/status/1374274627359232011,2021-03-23 08:19:38+00:00,@Dee_Bee79 @TriggerFree_RD You hear of amino acid therapy? You need to fix the physical issue. Aminos are magic. PM me for more info. I can help you,1374274627359232011,megziannone,[],,[],
156,https://twitter.com/thedeanh/status/1374255409679114240,2021-03-23 07:03:16+00:00,@sundar_s1955 @sundar__raghav @EricTopol @RogueRad @sunithaTOI Thank you! It’s been a privilege working with @sundar__raghav @AgataBlasiak @ttl_anh and the @WeAreWisDM @TheN1Institute @NUSMedicine @BME_NUS crews to dynamically optimise N-of-1 clinical combination therapy with #digitalmedicine.,1374255409679114240,thedeanh,[],,[],
157,https://twitter.com/DrMLChua/status/1373795806176669696,2021-03-22 00:36:58+00:00,Join me as I share on the current landscape of proton beam therapy and future directions in terms of understanding the radiation science with this “new”technology! https://t.co/7HmrChAf5J Look forward to catch ups with @lachiemcd @SweetPingNg @_ShankarSiva @TROGfightcancer https://t.co/9aaefrpCCj,1373795806176669696,DrMLChua,"['http://asm.trog.com.au/program/', 'https://twitter.com/lachiemcd/status/1373779804823113728']",http://asm.trog.com.au/program/ https://twitter.com/lachiemcd/status/1373779804823113728,"['https://t.co/7HmrChAf5J', 'https://t.co/9aaefrpCCj']",https://t.co/7HmrChAf5J https://t.co/9aaefrpCCj
158,https://twitter.com/adiyadoni/status/1371406299544616960,2021-03-15 10:21:55+00:00,My Off day from shooting involves a series of 5 min drawing therapy. #recharge #drawing #charcoaldrawing #quickdrawing #filming #art #elementspictures #klubkaki5 #jaqsonatastudio #emilyhillstudio #hilangtheseries https://t.co/jO9t0sJTZK,1371406299544616960,adiyadoni,['https://www.instagram.com/p/CMb5PVrhBfV/?igshid=kcwaixpaqyyc'],https://www.instagram.com/p/CMb5PVrhBfV/?igshid=kcwaixpaqyyc,['https://t.co/jO9t0sJTZK'],https://t.co/jO9t0sJTZK
159,https://twitter.com/WhatsOnOLIO/status/1369733126507827201,2021-03-10 19:33:20+00:00,"""📚 Family Therapy (Michael P. Nichols)"" in #Singapore #Singapore https://t.co/fdJOfVTRxY #zerowaste #free",1369733126507827201,WhatsOnOLIO,['https://olioex.com/food-waste-in/-/-/5601896#'],https://olioex.com/food-waste-in/-/-/5601896#,['https://t.co/fdJOfVTRxY'],https://t.co/fdJOfVTRxY
160,https://twitter.com/naziratan_/status/1369657502850236417,2021-03-10 14:32:50+00:00,"KORANG PLEASE SWIPE!

As a seller, i alwaysssss look forward to welcome all feedback from customers. It’s like a therapy, right?

Share with me your own pictures of before and after 🥰 @ Kg. Melayu Majidee, Johor Bharu https://t.co/JPwHzuaXNL",1369657502850236417,naziratan_,['https://www.instagram.com/p/CMPd-0jlcjM/?igshid=1nzmqy58j8f4e'],https://www.instagram.com/p/CMPd-0jlcjM/?igshid=1nzmqy58j8f4e,['https://t.co/JPwHzuaXNL'],https://t.co/JPwHzuaXNL
161,https://twitter.com/megziannone/status/1369632867500793857,2021-03-10 12:54:56+00:00,I’ve gone from right to left in about 18/20 months. Living my best life now. #lchf isn’t hard when one overcomes addiction to sugar &amp; carbs. #aminoacid therapy made it so much easier... made it possible to sustain @JoanIfland @TriggerFree_RD https://t.co/k8u4yXHXOv,1369632867500793857,megziannone,[],,[],
162,https://twitter.com/Siva_Safari/status/1368634558359379971,2021-03-07 18:48:01+00:00,"Therapy: RM120
Me : Manchester United wins 2-0",1368634558359379971,Siva_Safari,[],,[],
163,https://twitter.com/cleremichael/status/1368434710896988161,2021-03-07 05:33:54+00:00,Therapy hangout out with my best friend. Gonna watch Kimetsu No Yaiba Mugen Train later.,1368434710896988161,cleremichael,[],,[],
164,https://twitter.com/shuyinghu/status/1367857338611200002,2021-03-05 15:19:37+00:00,Aaand we’re live! Registration now open for the #AMTSingapore Music Therapy Day on 11 Apr (Sun). Learn more about how #MusicTherapy is practised in a variety of settings here in #Singapore 🇸🇬 🎶 https://t.co/4QWpuUw6bU https://t.co/b03JDCO37R,1367857338611200002,shuyinghu,"['http://tinyurl.com/#MTDay2021', 'https://twitter.com/AMTSingapore/status/1367826910076571648']",http://tinyurl.com/#MTDay2021 https://twitter.com/AMTSingapore/status/1367826910076571648,"['https://t.co/4QWpuUw6bU', 'https://t.co/b03JDCO37R']",https://t.co/4QWpuUw6bU https://t.co/b03JDCO37R
165,https://twitter.com/swiftly_mad/status/1367837010791079940,2021-03-05 13:58:51+00:00,@germainecat If u have dated ANY men - i think therapy should be free for all women,1367837010791079940,swiftly_mad,[],,[],
166,https://twitter.com/MazrulHisyem/status/1367330462708813829,2021-03-04 04:26:00+00:00,Talking to @alyamuoi is a therapy,1367330462708813829,MazrulHisyem,[],,[],
167,https://twitter.com/fizoto/status/1365954026064416776,2021-02-28 09:16:32+00:00,"The answer to How to deal with being bullied for your interests is NOT to “pay” it forward by bullying other people’s interests, ya dig?

Get therapy for your trauma, please",1365954026064416776,fizoto,[],,[],
168,https://twitter.com/akmlhkmbz_/status/1365195019531874306,2021-02-26 07:00:31+00:00,@zxgxdx Therapy Tavern. Hantepppppp,1365195019531874306,akmlhkmbz_,[],,[],
169,https://twitter.com/nsfwshituwuowo/status/1365141076860788737,2021-02-26 03:26:10+00:00,retail therapy 😌 https://t.co/8m7YjHDSSM,1365141076860788737,nsfwshituwuowo,[],,[],
170,https://twitter.com/ignatiusdamai/status/1360908826430504962,2021-02-14 11:08:43+00:00,Just posted a photo @ Armstrong's Sports Therapy https://t.co/aC0uUWeL3r,1360908826430504962,ignatiusdamai,['https://www.instagram.com/p/CLRTiw4l7Dq/?igshid=157wy3r7uus57'],https://www.instagram.com/p/CLRTiw4l7Dq/?igshid=157wy3r7uus57,['https://t.co/aC0uUWeL3r'],https://t.co/aC0uUWeL3r
171,https://twitter.com/DrMLChua/status/1360092651127644163,2021-02-12 05:05:31+00:00,#GU21 @ASCO This is important data that has real world implications. We often encounter patients PD post-taxotere and this data may help resolve a preferred next line of therapy. However cost remains prohibitive in several countries!! @declangmurphy @ravikanesvaran @AzadOncology https://t.co/Z2MhKZqNje,1360092651127644163,DrMLChua,['https://twitter.com/DrMHofman/status/1359888980926337028'],https://twitter.com/DrMHofman/status/1359888980926337028,['https://t.co/Z2MhKZqNje'],https://t.co/Z2MhKZqNje
172,https://twitter.com/swiftly_mad/status/1359714810045210624,2021-02-11 04:04:07+00:00,@germainecat U need therapy,1359714810045210624,swiftly_mad,[],,[],
173,https://twitter.com/MargrietVonno/status/1359122352546533377,2021-02-09 12:49:54+00:00,We could watch the @EOnl documentary on conversion therapy online. Impressive stories from @JohnLapreAuteur @ajdnoordijk thanks for sharing 🌈 stories. #LGBTIQ @IdaOverdijk https://t.co/YMB0ht1lcY,1359122352546533377,MargrietVonno,[],,[],
174,https://twitter.com/kairin/status/1357707176085753859,2021-02-05 15:06:30+00:00,Therapy @ Takashimaya Shopping Centre https://t.co/jIk7YLZCTw,1357707176085753859,kairin,['https://www.instagram.com/p/CK6jmbygYd0/?igshid=1li096b428j8z'],https://www.instagram.com/p/CK6jmbygYd0/?igshid=1li096b428j8z,['https://t.co/jIk7YLZCTw'],https://t.co/jIk7YLZCTw
175,https://twitter.com/rohanmonteiro/status/1355667738279116803,2021-01-31 00:02:30+00:00,"My company is now offering us mental health therapy.

Given that I spent all of last year at home, telling her dad jokes, my wife probably needs it more than I do.",1355667738279116803,rohanmonteiro,[],,[],
176,https://twitter.com/azreen_adnan/status/1354464642165137408,2021-01-27 16:21:50+00:00,"Lipat baju bagi sama lebar, susun ikut tone colour... one of my therapy.. 🤣",1354464642165137408,azreen_adnan,[],,[],
177,https://twitter.com/syakiwifruit/status/1353627256178974723,2021-01-25 08:54:21+00:00,"daily reminder to get off of twitter this isnt free therapy and also, shut off social media if youre gonna only feed into your insecurities. stop making everything around you the problem and do some introspection bruh",1353627256178974723,syakiwifruit,[],,[],
178,https://twitter.com/shaymeowmeow/status/1352850415126106112,2021-01-23 05:27:28+00:00,anyone have good therapist contact? please link me. i want to start therapy soon.,1352850415126106112,shaymeowmeow,[],,[],
179,https://twitter.com/EyezzyNu/status/1352281029256482816,2021-01-21 15:44:56+00:00,Finally understands the meaning of retail therapy. Or is it?,1352281029256482816,EyezzyNu,[],,[],
180,https://twitter.com/leejanhau/status/1351883121898110980,2021-01-20 13:23:47+00:00,"@DogICUma 🇳🇿 #eCCR21: Summarising current data on oxygen therapy in adult #ICU in his editorial for HOT-ICU trial hot-off-the-press @NEJM 
#PedsICU https://t.co/ASV4FWrE9O",1351883121898110980,leejanhau,[],,[],
181,https://twitter.com/Jasmineeeszxc/status/1351471083250040834,2021-01-19 10:06:30+00:00,Idk why when im tired i resort to retail therapy for my sibs. Its like i auto think abt them after a damn long day out at work.,1351471083250040834,Jasmineeeszxc,[],,[],
182,https://twitter.com/pauriahcarey/status/1350131149918507008,2021-01-15 17:22:05+00:00,"Cool stuff! Which is why you’ve decided to interfere with a transgender student’s journey towards transitioning and getting hormone therapy by threatening expulsion, and going to the extent of counteracting a doctor’s diagnosis? https://t.co/UG8ZwhKHBY https://t.co/YtBtOtWTUM",1350131149918507008,pauriahcarey,['https://twitter.com/MOEsg/status/1349936818796462081'],https://twitter.com/MOEsg/status/1349936818796462081,['https://t.co/UG8ZwhKHBY'],https://t.co/UG8ZwhKHBY
183,https://twitter.com/resurrexia/status/1350120417294491649,2021-01-15 16:39:26+00:00,exorcising omens: palate therapy @ Kanshoku Ramen Bar ION Orchard https://t.co/SExSUuraHF,1350120417294491649,resurrexia,['https://www.instagram.com/p/CKEpimlLv_t/?igshid=7h8jn50rnpv2'],https://www.instagram.com/p/CKEpimlLv_t/?igshid=7h8jn50rnpv2,['https://t.co/SExSUuraHF'],https://t.co/SExSUuraHF
184,https://twitter.com/WhatsOnOLIO/status/1348167091392798723,2021-01-10 07:17:36+00:00,"""Digital therapy machine"" in #Singapore #Singapore https://t.co/kVpsQPmxli #zerowaste #free",1348167091392798723,WhatsOnOLIO,['https://olioex.com/food-waste-in/-/-/4390822#'],https://olioex.com/food-waste-in/-/-/4390822#,['https://t.co/kVpsQPmxli'],https://t.co/kVpsQPmxli
185,https://twitter.com/be_yuppi/status/1347268521445654528,2021-01-07 19:47:01+00:00,"Sometimes the best therapy is 
A camp alone and music",1347268521445654528,be_yuppi,[],,[],
186,https://twitter.com/MFerrisN/status/1346673903922417664,2021-01-06 04:24:13+00:00,"Do you go to therapy?

Me: Yes I’m very much familiar with The Weeknd.",1346673903922417664,MFerrisN,[],,[],
187,https://twitter.com/tulunsokit/status/1346235216096968704,2021-01-04 23:21:02+00:00,@RenalFellowNtwk @CTeodosiu Is there evidence for Vitamin D3 and calcium supplements in Glucocorticoid therapy? @edgarvlermamd,1346235216096968704,tulunsokit,[],,[],
188,https://twitter.com/ignatiusdamai/status/1345718111488651264,2021-01-03 13:06:14+00:00,Just posted a photo @ Armstrong's Sports Therapy https://t.co/jbLh4h9aDF,1345718111488651264,ignatiusdamai,['https://www.instagram.com/p/CJlXmyPFC_o/?igshid=1gzsc3mohtt0b'],https://www.instagram.com/p/CJlXmyPFC_o/?igshid=1gzsc3mohtt0b,['https://t.co/jbLh4h9aDF'],https://t.co/jbLh4h9aDF
189,https://twitter.com/AFatElectron/status/1345546291107962880,2021-01-03 01:43:29+00:00,"I am a Influenza! 

Any author of science/self help want to advertise ur book on my pinned tweet please DM me for quotation. 

I have many many smart readers.. 

Or u can advertise your therapy course or amazing scented perfumes or some cool card games to be play with friends.",1345546291107962880,AFatElectron,[],,[],
