,url,date,content,id,username,outlinks,outlinksss,tcooutlinks,tcooutlinksss
0,https://twitter.com/MuhdRuzydi/status/1331829615996796928,2020-11-26 05:18:19+00:00,"With Motivation you can go far. But with Discipline to keep pushing on when there is no motivation, you can go further.",1331829615996796928,MuhdRuzydi,[],,[],
1,https://twitter.com/revati_rajoo/status/1331594394026213379,2020-11-25 13:43:38+00:00,No motivation to do this 😭😭,1331594394026213379,revati_rajoo,[],,[],
2,https://twitter.com/qiskoaiko/status/1329356482165391366,2020-11-19 09:30:58+00:00,want do flame awards but no motivation ah,1329356482165391366,qiskoaiko,[],,[],
3,https://twitter.com/joleneyy_/status/1327188865161936896,2020-11-13 09:57:38+00:00,lol i know but i no motivation how sia 🥺 https://t.co/Ubtgsyi7WQ,1327188865161936896,joleneyy_,['https://twitter.com/oxygeninnit/status/1325483964543414272'],https://twitter.com/oxygeninnit/status/1325483964543414272,['https://t.co/Ubtgsyi7WQ'],https://t.co/Ubtgsyi7WQ
4,https://twitter.com/Real_SurajGupta/status/1327116622742638592,2020-11-13 05:10:34+00:00,"@ImRaina @BCCI @msdhoni @MohammadKaif @rpsingh @myogiadityanath-@narendramodi @rajnathsingh  @CMOfficeUP  @BhuviOfficial Why there is no franchise from Uttar Pradesh in IPL ? There is no sport motivation from the goverment the way other states are doing like Haryana, Punjab etc.",1327116622742638592,Real_SurajGupta,[],,[],
5,https://twitter.com/ssyahrulnizamm/status/1324985000484237312,2020-11-07 08:00:15+00:00,"I genuinely have no motivation to do anything, I’m still grieving 😪",1324985000484237312,ssyahrulnizamm,[],,[],
6,https://twitter.com/TKamot/status/1311952212273164290,2020-10-02 08:52:36+00:00,"@lauren_kalo Same here... good health (no f sugar ehhmmm), started to try to get additional skill with motivation steady eddy as should be... bonus not spent on travel due to Covid-19 instead working for me as TSLA shares. Understand it’s hard for many but I feel we can always look at ☀️ side",1311952212273164290,TKamot,[],,[],
7,https://twitter.com/usualuglyboiboi/status/1310883242413752326,2020-09-29 10:04:54+00:00,Annoying lah cb. Ask me study than when i studying ask me clean up the house give me all the chores to do. Like make up what you want me to do cb got 2 other fucking siblings available one playing game and one using her fucking eye power. Than scold me like wtf. Now no motivation,1310883242413752326,usualuglyboiboi,[],,[],
8,https://twitter.com/_aliffdann/status/1307142906176704513,2020-09-19 02:22:09+00:00,no motivation,1307142906176704513,_aliffdann,[],,[],
9,https://twitter.com/GarionTan/status/1306765693602336776,2020-09-18 01:23:14+00:00,"Your victory. Your efforts. No ifs no buts.

#victory #love #faith #motivation #win  #hope #bigbang #success #effort #life #god #believe #lrgacy #makehistory #peace #follow #vision #winner #sport #inspiration #champion https://t.co/CVo4z7v09F",1306765693602336776,GarionTan,['https://www.instagram.com/p/CFQmGApHzVU/?igshid=1acxgd9mhgtcj'],https://www.instagram.com/p/CFQmGApHzVU/?igshid=1acxgd9mhgtcj,['https://t.co/CVo4z7v09F'],https://t.co/CVo4z7v09F
10,https://twitter.com/quackerzzs/status/1304464287558021120,2020-09-11 16:58:16+00:00,No motivation anymore at work,1304464287558021120,quackerzzs,[],,[],
11,https://twitter.com/maziahrazak1/status/1303498746580234240,2020-09-09 01:01:33+00:00,No motivation to work. Really.,1303498746580234240,maziahrazak1,[],,[],
12,https://twitter.com/EverydayKosong/status/1286947317455572992,2020-07-25 08:52:05+00:00,No motivation for anything today.,1286947317455572992,EverydayKosong,[],,[],
13,https://twitter.com/daphnemaia/status/1281881913355976711,2020-07-11 09:23:59+00:00,So there's really no motivation or reason for PAP govt to force Raeesah to quit/vacate her seat... Is there? Please feel free to share with me what you think.,1281881913355976711,daphnemaia,[],,[],
14,https://twitter.com/Iykeikesco/status/1275887693252169730,2020-06-24 20:25:05+00:00,I told you she is my sister you are asking if we are related by blood?  No! We are related By yoghurt ! nonsense #followforfollowback #ifyouknowyouknow #motivation #selflove #wednesday #fearless #iykeikesco… https://t.co/bJZvnb0t1w,1275887693252169730,Iykeikesco,['https://www.instagram.com/p/CB1MaIfpbzf/?igshid=1q9vio2eb124v'],https://www.instagram.com/p/CB1MaIfpbzf/?igshid=1q9vio2eb124v,['https://t.co/bJZvnb0t1w'],https://t.co/bJZvnb0t1w
15,https://twitter.com/sadlyzai/status/1265560545018679299,2020-05-27 08:28:41+00:00,"I’m so physically drained nowadays with no motivation to do anything, gotta start working on myself",1265560545018679299,sadlyzai,[],,[],
16,https://twitter.com/sm0leo/status/1263188137733312512,2020-05-20 19:21:35+00:00,sm things to do but no motivation to do,1263188137733312512,sm0leo,[],,[],
17,https://twitter.com/jodicyj/status/1262368388711542784,2020-05-18 13:04:12+00:00,srsly have no motivation for online exams,1262368388711542784,jodicyj,[],,[],
18,https://twitter.com/jinscurry/status/1261287953801732098,2020-05-15 13:30:56+00:00,i hope i can finish these notes before taegi love ends if not i’ll have no more motivation,1261287953801732098,jinscurry,[],,[],
19,https://twitter.com/niknatasha_/status/1260969483314753536,2020-05-14 16:25:27+00:00,kalau ikut otak ni mmg dah penat fikir masalahnya i have to do everything just bcs of the due date. no motivation at all 😂,1260969483314753536,niknatasha_,[],,[],
20,https://twitter.com/sawayamadoll/status/1256350535797469185,2020-05-01 22:31:24+00:00,constantly waking up early makes me realize how long 24 hours actually are but i’m also sad as shit who has no motivation to do anything,1256350535797469185,sawayamadoll,[],,[],
21,https://twitter.com/sm0leo/status/1252303679887077378,2020-04-20 18:30:38+00:00,🥴 no motivation to do anyth I just wna nua,1252303679887077378,sm0leo,[],,[],
22,https://twitter.com/mdsyzwn/status/1217470162367963136,2020-01-15 15:34:40+00:00,"Especially to my no.1 source of strength, motivation and encouragement @ninarahmann ❤️",1217470162367963136,mdsyzwn,[],,[],
