,url,date,content,id,username,outlinks,outlinksss,tcooutlinks,tcooutlinksss
0,https://twitter.com/ranajitdam/status/1337245884682174465,2020-12-11 04:00:38+00:00,Yeah we swapped democracy for thin-skinned paranoia https://t.co/e7vmy2cUES,1337245884682174465,ranajitdam,['https://twitter.com/dhume/status/1337188218266136576'],https://twitter.com/dhume/status/1337188218266136576,['https://t.co/e7vmy2cUES'],https://t.co/e7vmy2cUES
1,https://twitter.com/asset_bo/status/1333718948559212545,2020-12-01 10:25:51+00:00,paranoia paranoia,1333718948559212545,asset_bo,[],,[],
2,https://twitter.com/eddydaud/status/1326107067422109696,2020-11-10 10:18:57+00:00,@NazzirHussain Paranoia.,1326107067422109696,eddydaud,[],,[],
3,https://twitter.com/tulunsokit/status/1318364401984958464,2020-10-20 01:32:22+00:00,@burstaxon Paranoia that it might not be well studied,1318364401984958464,tulunsokit,[],,[],
4,https://twitter.com/hikayatpenyu/status/1311631571443572739,2020-10-01 11:38:30+00:00,the paranoia is real.. its coming,1311631571443572739,hikayatpenyu,[],,[],
5,https://twitter.com/nrlhdx_s/status/1306305425843744769,2020-09-16 18:54:18+00:00,@nalisaaa Ouh wow! Never thought of that before. Epppp...my paranoia is sinking in 🙃,1306305425843744769,nrlhdx_s,[],,[],
6,https://twitter.com/rvhimm/status/1305879486194352128,2020-09-15 14:41:46+00:00,in a spell of paranoia i went to search about pregnancy now all my ads are about babys and raising babys and taking care of pregnant women,1305879486194352128,rvhimm,[],,[],
7,https://twitter.com/kanchanswr/status/1289942272444751874,2020-08-02 15:12:58+00:00,@BigHitEnt @bts_bighit Shitting myself rn the paranoia begins,1289942272444751874,kanchanswr,[],,[],
8,https://twitter.com/amvalano/status/1286532697116925953,2020-07-24 05:24:32+00:00,Paranoia will keep us safe from the pandemic #Covid_19,1286532697116925953,amvalano,[],,[],
9,https://twitter.com/homiliai/status/1283055341484290053,2020-07-14 15:06:46+00:00,@thomasbridge I think community paranoia and collective traumatic memory in Asia means people would mask up regardless. The wealthy west is blindsided by something they thought could only happen in shithole countries and their behaviour is exactly what panic and confusion looks like.,1283055341484290053,homiliai,[],,[],
10,https://twitter.com/wilverain/status/1282656918511616000,2020-07-13 12:43:34+00:00,"The truth the opposition holds on to are from crappy propagandas, paranoia due to ignorance, and mystical creatures 🙈",1282656918511616000,wilverain,[],,[],
11,https://twitter.com/notagnesbae/status/1281528675775594497,2020-07-10 10:00:20+00:00,"@pravin_bigshotz well if i live my life thinking that my enemies are always near, i’m gonna live it with so much skepticism and paranoia. Take life easy and be your own best self 🙏🏽 If there are enemies, let life handle them. You live life in peace macha and with no worries 😌✨",1281528675775594497,notagnesbae,[],,[],
12,https://twitter.com/HighThe/status/1270601798525440001,2020-06-10 06:20:50+00:00,@fatinzahidahh EXACTLY! Paling hero ah padehal paranoia anxiety panic bagai,1270601798525440001,HighThe,[],,[],
13,https://twitter.com/sabbyhh/status/1259244831844347904,2020-05-09 22:12:18+00:00,Paranoia vs gut instincts. So hard to identify,1259244831844347904,sabbyhh,[],,[],
14,https://twitter.com/cheryltan88/status/1257158999197118469,2020-05-04 04:03:56+00:00,"“Decision-makers must act swiftly...and avoid the fallacy that to have an appropriate respect for uncertainty in the face of possible irreversible catastrophe amounts to ‘paranoia.’ ” (“Had we used masks then”—in late January—“we could have saved ourselves the stimulus,”... https://t.co/f5fES7VIHb",1257158999197118469,cheryltan88,['https://twitter.com/NewYorker/status/1257143554662633473'],https://twitter.com/NewYorker/status/1257143554662633473,['https://t.co/f5fES7VIHb'],https://t.co/f5fES7VIHb
15,https://twitter.com/JoseZzeluis/status/1254470802839187456,2020-04-26 18:02:00+00:00,"Confirmado. Em Singapura é proibido, temporariamente, sair com amigos à rua, para esticar as pernas e pôr conversa em dia ou simplesmente despedir-se para quem vai de viagem: sucede comigo. A paranóia toca estupidamente esta gente sem futuro nem alma, entre velhos e jovens robots https://t.co/CcfC8ojIMl",1254470802839187456,JoseZzeluis,['https://twitter.com/JoseZzeluis/status/1254262060868792322'],https://twitter.com/JoseZzeluis/status/1254262060868792322,['https://t.co/CcfC8ojIMl'],https://t.co/CcfC8ojIMl
16,https://twitter.com/karan_mel/status/1249282909149659136,2020-04-12 10:27:10+00:00,"Fear becomes paranoia, and paranoia becomes psychosis.",1249282909149659136,karan_mel,[],,[],
17,https://twitter.com/DinMonzter/status/1246899402850963456,2020-04-05 20:35:58+00:00,@asonofapeach Yesssss. Omg. Or the paranoia of looking away from the mirror. Gila ahhhhh,1246899402850963456,DinMonzter,[],,[],
18,https://twitter.com/dafugly_prince/status/1246018191530135553,2020-04-03 10:14:21+00:00,Omg can I have a mode for myself in this virus phase. All this people acting like they are the right ones boasting and preachings. Like you can preach at your own home. Leave me out of your stupidity and paranoia.,1246018191530135553,dafugly_prince,[],,[],
19,https://twitter.com/KashMann27/status/1245372390105726979,2020-04-01 15:28:10+00:00,Seems like my paranoia/aniexty is hitting again. Don't like this feeling. Don't know why it keeps happening.,1245372390105726979,KashMann27,[],,[],
20,https://twitter.com/9d9m/status/1245184752732106753,2020-04-01 03:02:34+00:00,"To avoid any paranoia, am I the only one who is trying hard not to cough, or sneeze while in public? 
#coronapocolypse 
🤷🏽‍♂️🤷🏽‍♂️",1245184752732106753,9d9m,[],,[],
21,https://twitter.com/MrJonn/status/1241339525684576257,2020-03-21 12:23:00+00:00,Work whatsapp group is filled with paranoia.,1241339525684576257,MrJonn,[],,[],
22,https://twitter.com/mohnish_shelby/status/1241250542648619010,2020-03-21 06:29:25+00:00,So its time for unity and care and stand tgt(with social distancing 😂) against this virus by practising proper hygiene. Educate yourself and each other of the virus and enjoy life by staying precautious against the virus. Theres no need for panic and paranoia.,1241250542648619010,mohnish_shelby,[],,[],
23,https://twitter.com/marrkarim/status/1240603084239171584,2020-03-19 11:36:39+00:00,"Im being so paranoia sebab my love is one of the frontliners. Tahu tak, penat risaukan orang yg kita sayang padahal dia pergi kerja &amp; serve his best for people. Our conversations are no longer about us, it is much more about you guys our there. So please pity us.",1240603084239171584,marrkarim,[],,[],
24,https://twitter.com/danibogo/status/1239065821206306822,2020-03-15 05:48:07+00:00,"The Fear Instinct

This is our instinct to greatly overstate the likelihood of harm coming to us. It leads to irrationality, paranoia, and dangerous overreaction.",1239065821206306822,danibogo,[],,[],
25,https://twitter.com/DanielYorkLoh/status/1238861502846664709,2020-03-14 16:16:13+00:00,“There is a consistent sense of instability and paranoia to Freedom Hi 自由閪 that builds to a fever pitch...” #FreedomHi自由閪 @VAULTFestival @PapergangTC LAST THREE PERFORMANCES https://t.co/o8RTUTnujk https://t.co/IJAVC1dkFE,1238861502846664709,DanielYorkLoh,['https://vaultfestival.com/whats-on/freedom-hi-%e9%96%aa/'],https://vaultfestival.com/whats-on/freedom-hi-%e9%96%aa/,['https://t.co/o8RTUTnujk'],https://t.co/o8RTUTnujk
26,https://twitter.com/eviltofu/status/1237422905094356992,2020-03-10 16:59:45+00:00,@TristaBytes @DangerClubPod Paranoia. For the lols.,1237422905094356992,eviltofu,[],,[],
27,https://twitter.com/I_am_noiSyBoy/status/1236877289553420288,2020-03-09 04:51:40+00:00,"Ever since the whole paranoia of the outbreak, people smile less and based on their facial expressions you know there’s absolutely zero fucks given especially airport staffs.",1236877289553420288,I_am_noiSyBoy,[],,[],
28,https://twitter.com/ImranMSimon/status/1234872067419324416,2020-03-03 16:03:38+00:00,I think the paranoia around the covid virus is finally over in Singapore,1234872067419324416,ImranMSimon,[],,[],
29,https://twitter.com/auntyweewee/status/1234746975817474048,2020-03-03 07:46:34+00:00,"💟 𝙻𝚘𝚟𝚎 𝚠𝚎𝚎𝚔𝚎𝚗𝚍𝚜 💟
•
In this season where fear and paranoia robs people due to this outbreak, there’s no stopping us from indulging our  favourite F words of all; Fun and Faith. Scary is… https://t.co/MqqDjkbu4Q",1234746975817474048,auntyweewee,['https://www.instagram.com/p/B9Q3xjblUiRZLZVEfPNWAnClWcVfbVluLLo_rk0/?igshid=1wi6xexnmdj3u'],https://www.instagram.com/p/B9Q3xjblUiRZLZVEfPNWAnClWcVfbVluLLo_rk0/?igshid=1wi6xexnmdj3u,['https://t.co/MqqDjkbu4Q'],https://t.co/MqqDjkbu4Q
30,https://twitter.com/bakulrujak/status/1234415144689487872,2020-03-02 09:47:59+00:00,"Makin hari jumlah bertambah, seiring dg paranoia warganya. 
Tiap di bus, batuk sedikit saja langsung ditengokin semua penumpang, org yg duduk di sebelah langsung pindah dst. 
Terlebih waktu DORSCON naik ke oranye. Sempat chaos beberapa saat (di beberapa grocery mart)",1234415144689487872,bakulrujak,[],,[],
31,https://twitter.com/dafugly_prince/status/1231227244267196416,2020-02-22 14:40:24+00:00,I’ve been binge watching skin care videos a little too much. God just dissolve my paranoia,1231227244267196416,dafugly_prince,[],,[],
32,https://twitter.com/LeeNugent/status/1230659193096437761,2020-02-21 01:03:10+00:00,Isn’t paranoia a common trait amongst all despots? https://t.co/mDgFYkytf7,1230659193096437761,LeeNugent,['https://twitter.com/jdawsey1/status/1230588169877323782'],https://twitter.com/jdawsey1/status/1230588169877323782,['https://t.co/mDgFYkytf7'],https://t.co/mDgFYkytf7
33,https://twitter.com/west_repeat/status/1230366409391140864,2020-02-20 05:39:45+00:00,"Thanks to the paranoia peeps, thinking Dorscon colour should have changed ASAP. It affects my job and others who still wanna work. God damn it. Duduk dalam gua la if you are terrific of every little thing. 
😡 😡 😡
.
.
.
#kiasu #kiasi",1230366409391140864,west_repeat,[],,[],
34,https://twitter.com/hicurls93/status/1229318486742056963,2020-02-17 08:15:41+00:00,living paranoia,1229318486742056963,hicurls93,[],,[],
35,https://twitter.com/evelynlpy/status/1228675421291499520,2020-02-15 13:40:22+00:00,"Indeed, we shouldn’t over react. Our PM Lee say. Do not let fear and paranoia overwhelm our better selves. We can overcome this current challenge by keeping calm, staying united and supporting one another. Jiayou #sg #COVID19 #togethersingapore #February2020 https://t.co/Tq4yJMOUFb",1228675421291499520,evelynlpy,[],,[],
36,https://twitter.com/dancastellano/status/1227567773460492288,2020-02-12 12:18:58+00:00,"Coronavirus paranoia
Singapore &gt; Seoul &gt; Tokyo",1227567773460492288,dancastellano,[],,[],
37,https://twitter.com/Jemsteazone/status/1227213814912835586,2020-02-11 12:52:28+00:00,@heynoweyn Kadawat rakos discrimination pero ang di nako madawat ang paranoia sa mga tao. Hahays,1227213814912835586,Jemsteazone,[],,[],
38,https://twitter.com/SeanHanz1/status/1227201930935652355,2020-02-11 12:05:15+00:00,"Coronavirus paranoia level 0.
Keep calm and carry on running!

#fantastic4
#runtastic
#雨中慢跑
#coronavirus @ Devan Nair Institute https://t.co/MubylCsDUc",1227201930935652355,SeanHanz1,['https://www.instagram.com/p/B8bQr2TnHigIbQmBkJ6MkGX0KUd5j0N1ve_Ovg0/?igshid=1fenokpdx80id'],https://www.instagram.com/p/B8bQr2TnHigIbQmBkJ6MkGX0KUd5j0N1ve_Ovg0/?igshid=1fenokpdx80id,['https://t.co/MubylCsDUc'],https://t.co/MubylCsDUc
39,https://twitter.com/gandhardesai/status/1226569674025885698,2020-02-09 18:12:53+00:00,"Singapore on #DORSCON Orange. e-learning mode activated at school. A flood of advisories on #nCoV in my mailbox. People in masks everywhere. Parents worried back home. Paranoia all around.

Why am I not worried? https://t.co/ACAANvzome",1226569674025885698,gandhardesai,[],,[],
40,https://twitter.com/speakerspushair/status/1226473288408285184,2020-02-09 11:49:53+00:00,Paranoia smells like oversanitised office,1226473288408285184,speakerspushair,[],,[],
41,https://twitter.com/MissFortuneCat/status/1226212296159969280,2020-02-08 18:32:47+00:00,"I really detest my pre-period mood swings. I'm lucky to not have cramps or lots of skin issues. But before my period, it feels like my feelings of anxiety and paranoia are heightened. So like if someone says something mean to me and they don't think it matters,",1226212296159969280,MissFortuneCat,[],,[],
42,https://twitter.com/drkrpr/status/1225803797693288448,2020-02-07 15:29:34+00:00,"In face of paranoia, the best way to tackle it is not to head-on tackle those disbelievers; instead show them another path away from their self-destruction.",1225803797693288448,drkrpr,[],,[],
43,https://twitter.com/chinisthin/status/1225197163359227904,2020-02-05 23:19:01+00:00,"Passed our Investments paper! 💯
Our paranoia about it being the toughest paper is over. 
.
Time to apply the many nuggets learned in our practice! 🤓✅
.
.
#ChFC #charteredfinancialconsultant #Investments… https://t.co/4cuHW9XMq4",1225197163359227904,chinisthin,['https://www.instagram.com/p/B8NBBaNFPi7/?igshid=4ui4atfm1jpe'],https://www.instagram.com/p/B8NBBaNFPi7/?igshid=4ui4atfm1jpe,['https://t.co/4cuHW9XMq4'],https://t.co/4cuHW9XMq4
44,https://twitter.com/wce917/status/1223001671812280320,2020-01-30 21:54:55+00:00,@kojikabu That's flipped over here now. Esp in Hong Kong where 💯 of people are wearing masks just to go outside. The paranoia has taken over,1223001671812280320,wce917,[],,[],
45,https://twitter.com/I_Love_BabyFood/status/1221997697466421248,2020-01-28 03:25:29+00:00,Gee wow so much for paranoia,1221997697466421248,I_Love_BabyFood,[],,[],
46,https://twitter.com/petunialegre/status/1221082691560300545,2020-01-25 14:49:34+00:00,Manejo niveles de paranoia nivel dos millones pero por suerte me meto al mar y listo.,1221082691560300545,petunialegre,[],,[],
47,https://twitter.com/HarirZharfan19/status/1213754351744737280,2020-01-05 09:29:22+00:00,"@AffanEzzuddin To become a paranoia, being a Malay isn’t a prerequisite. Hahahaha",1213754351744737280,HarirZharfan19,[],,[],
48,https://twitter.com/hogwalumna/status/1213709889169608704,2020-01-05 06:32:41+00:00,"Everyone knows that war is scary but just let people have fun and joke for a bit ffs.
Nothing happened yet, paranoia isn’t healthy. Yes be aware, yes be well-informed, but also chill for now.",1213709889169608704,hogwalumna,[],,[],
