,url,date,content,id,username,outlinks,outlinksss,tcooutlinks,tcooutlinksss
0,https://twitter.com/BambangKajairi/status/1394095492481490946,2021-05-17 01:00:41+00:00,"I strongly believe that Singapore should go on CB mode for two/three weeks. Allows us to break the chain of transmissions; identify and treat affected cases and reboot. Tighter interim immigration measures to be put in place. Bite the bullet. Do it.
#Singapore #SgCBAgain",1394095492481490946,BambangKajairi,[],,[],
1,https://twitter.com/EppyDean2/status/1392138479719501826,2021-05-11 15:24:12+00:00,Tighter measures to ringfence community cluster at TTSH and remaining vigilant in the fight against COVID-19  https://t.co/AEPQK8aOmM,1392138479719501826,EppyDean2,['https://www.gov.sg/article/tighter-measures-to-ringfence-cluster-at-ttsh-and-remaining-vigilant-in-the-fight-against-covid-19'],https://www.gov.sg/article/tighter-measures-to-ringfence-cluster-at-ttsh-and-remaining-vigilant-in-the-fight-against-covid-19,['https://t.co/AEPQK8aOmM'],https://t.co/AEPQK8aOmM
2,https://twitter.com/tak_kawa/status/1389609009288597510,2021-05-04 15:53:00+00:00,"orz.... ちょっと増えたらここまで厳しくなるのは、さすがと言えばさすが。ここで厳しくしなかったら元の木阿弥だしなぁ。日本等多くの国からの入国は14→21日隔離に。

Possibility of circuit breaker ‘not ruled out’ as COVID-19 task force announces tighter measures

https://t.co/8sWiWYWlKI",1389609009288597510,tak_kawa,['https://www.channelnewsasia.com/news/singapore/possibility-of-circuit-breaker-not-ruled-out-covid-19-singapore-14742990'],https://www.channelnewsasia.com/news/singapore/possibility-of-circuit-breaker-not-ruled-out-covid-19-singapore-14742990,['https://t.co/8sWiWYWlKI'],https://t.co/8sWiWYWlKI
