,url,date,content,id,username,outlinks,outlinksss,tcooutlinks,tcooutlinksss
0,https://twitter.com/ihengbok/status/1412855981353017345,2021-07-07 19:28:10+00:00,The Sad &amp; Lonely Monkey @ Pasir Ris Park https://t.co/0NEo52zKF1 via @YouTube,1412855981353017345,ihengbok,['https://youtu.be/emsie2azvNo'],https://youtu.be/emsie2azvNo,['https://t.co/0NEo52zKF1'],https://t.co/0NEo52zKF1
1,https://twitter.com/shawntan1975/status/1412798305575182339,2021-07-07 15:38:59+00:00,@Will29063518 a long long list of people here. All lonely. why not get together offline? haha or is that too real?,1412798305575182339,shawntan1975,[],,[],
2,https://twitter.com/RenXiang17/status/1412759885435990022,2021-07-07 13:06:19+00:00,What if the goal of life is to avoid being lonely,1412759885435990022,RenXiang17,[],,[],
3,https://twitter.com/rallieechu/status/1412753598073565184,2021-07-07 12:41:20+00:00,WATCH OUT FOR MY 2ND WAVE TREASURE LIGHTSTICKS GIVEAWAY!! 😍 JUST BE ACTIVE GUYS LALO NA SA YT HAHAHA GIVE ME LOVE THERE IM LONELY CHAROT! #TREASURE,1412753598073565184,rallieechu,[],,[],
4,https://twitter.com/Putry_T0ean/status/1412745742905532419,2021-07-07 12:10:07+00:00,"@Ban9_dzoel @UUs_4nC35am___ @YulieReborn @RahasiaBumi3 @R0bi_Hood @CoPetJ4tinegar4 @PujanggaTiter @Kanseulir @M45_EGA @CHA_u_n_k__VR_1 @ali334747 @__KangMasMo3__ @belicik_aje @TSolihien @presiden_sarden @nung_306 @lonely_eleven Hmmm tagar dr mn ni Bech 🙄🤔
#PresidenGantiCovidHilang
#PresidenGantiCovidHilang",1412745742905532419,Putry_T0ean,[],,[],
5,https://twitter.com/syiqanorman/status/1412699926627164165,2021-07-07 09:08:03+00:00,I wish i had the superpower to look at someone and see their bgd/struggles/past/what theyve gone thru. Like yo this fella actually a drug dealer to save his critically ill sister or this fella sooo rich but he lonely asf or smth ya gets….,1412699926627164165,syiqanorman,[],,[],
6,https://twitter.com/kuaci4life/status/1412684821889896454,2021-07-07 08:08:02+00:00,@adyppp #hospitalplaylist,1412684821889896454,kuaci4life,[],,[],
7,https://twitter.com/DanieMikael/status/1412668692383485956,2021-07-07 07:03:57+00:00,Nowadays i feel really lonely but it's okay i guess,1412668692383485956,DanieMikael,[],,[],
8,https://twitter.com/NotHarith/status/1412652576428892164,2021-07-07 05:59:54+00:00,waw today v lonely,1412652576428892164,NotHarith,[],,[],
9,https://twitter.com/Jack__The_BULL/status/1412606170720727049,2021-07-07 02:55:30+00:00,@Ruchika_Erotic @Tammy_sguy @Abdul_khan_1 @chudwani @Kannan_Rogue @MeghaQueenn @Desi_Patola @Saran_Vallavan @FanOfBri @LadkaInnocentt @curious_lonely @black_whitenjh @ChilliMilli__ @DaddyZandu @WildCat_Mahi @EllyNick2 @kevandcelifree @AhmedJaliyah @kaju10878 Morning,1412606170720727049,Jack__The_BULL,[],,[],
10,https://twitter.com/TheMafaazKalid/status/1412604953676247042,2021-07-07 02:50:40+00:00,BTBL: BACK TO BEING LONELY!,1412604953676247042,TheMafaazKalid,[],,[],
11,https://twitter.com/TheMafaazKalid/status/1412604713464332293,2021-07-07 02:49:43+00:00,The fuck I feel lonely… it’s okay I’m use to this feeling! Guess is time to let go of people from my life in order to have a good life! But I won’t say he/she was a bad person or a bad influence! I’m sorry if I’ve hurt you in anyways but yea thank you so much if we had memories.,1412604713464332293,TheMafaazKalid,[],,[],
12,https://twitter.com/IlyaFazwani/status/1412541141153574912,2021-07-06 22:37:06+00:00,"i feel like deactivating all my social media and quit my social life, didn't realize i was lonely all this time",1412541141153574912,IlyaFazwani,[],,[],
13,https://twitter.com/LonelyPanda94/status/1412486674777448449,2021-07-06 19:00:40+00:00,If your life has become nothing but duties and responsibilitie... More for Virgo https://t.co/EQktiu3uZR,1412486674777448449,LonelyPanda94,['http://bit.ly/A7Cwfs'],http://bit.ly/A7Cwfs,['https://t.co/EQktiu3uZR'],https://t.co/EQktiu3uZR
14,https://twitter.com/cos_mato/status/1412469994345041920,2021-07-06 17:54:23+00:00,Sorry i RT my own art cus my art account lonely 😂 also I think the algorithm probably killed my account,1412469994345041920,cos_mato,[],,[],
15,https://twitter.com/Bxien/status/1412448888443662342,2021-07-06 16:30:31+00:00,"Judging is a lonely job in which a man is, as near as may be, an island entire.",1412448888443662342,Bxien,[],,[],
16,https://twitter.com/fakhrilnajmi/status/1412447583784505344,2021-07-06 16:25:20+00:00,"@qischalamet “I gave her everything. She took my heart and left me lonely. I've been broken, heart's contentious. I won't fix, I'd rather weep. I'm lost then I'm found, but it's torture being in love.” https://t.co/vUa7kyTU5D",1412447583784505344,fakhrilnajmi,[],,[],
17,https://twitter.com/fakhrilnajmi/status/1412445697312378888,2021-07-06 16:17:50+00:00,"“I gave her everything. She took my heart and left me lonely. I've been broken, heart's contentious. I won't fix, I'd rather weep. I'm lost then I'm found, but it's torture being in love.”
— RIPXXXTENTACION https://t.co/tAV6zp6rfF https://t.co/bEjWKESisJ",1412445697312378888,fakhrilnajmi,['https://twitter.com/qischalamet/status/1412359583796928517'],https://twitter.com/qischalamet/status/1412359583796928517,['https://t.co/tAV6zp6rfF'],https://t.co/tAV6zp6rfF
18,https://twitter.com/phlv/status/1412426314531840001,2021-07-06 15:00:49+00:00,"Sure, it gets kinda lonely at times. But, if that’s my biggest problem, then I really have no right to complaint.",1412426314531840001,phlv,[],,[],
19,https://twitter.com/frhrestngo/status/1412384620683808768,2021-07-06 12:15:09+00:00,bro we get it u a lonely mf,1412384620683808768,frhrestngo,[],,[],
20,https://twitter.com/prostalkr/status/1412336306529525763,2021-07-06 09:03:10+00:00,"honestly if u read up hard enough, debussy's prelude to the afternoon of a faun is pretty much about feeling lonely and h-word and going on grindr to search for hook ups but being unsuccessful and then succumbing to ""playing your pan-flute"" alone, whatever that means",1412336306529525763,prostalkr,[],,[],
21,https://twitter.com/sharanvkaur/status/1412333959095087106,2021-07-06 08:53:50+00:00,"🎵 lonely, i'm mr lonely 🎵 https://t.co/udcYxvu6fu",1412333959095087106,sharanvkaur,[],,[],
22,https://twitter.com/IAmZaCaptain/status/1412287006806220820,2021-07-06 05:47:16+00:00,"@writersflood You hit the nail on the head there.
It's a lonely battle, but one that the support and help we have received can be a source of strength. 

Fight on, we must. Fight alone, we have to. But we're not fighting without support, not as long as you connect with people :)",1412287006806220820,IAmZaCaptain,[],,[],
23,https://twitter.com/MrBarnesTweets/status/1412286833426255875,2021-07-06 05:46:34+00:00,"@PaulGarvey4 Leadership is a lonely business…chances are that other staff have also noticed but as the DH is ‘first among equals’, they are often the best person to ask the question. Just asking ‘how can I help?’ and sharing that you are also struggling will open a conversation.",1412286833426255875,MrBarnesTweets,[],,[],
24,https://twitter.com/lizah_hh/status/1412258809171513345,2021-07-06 03:55:13+00:00,"at a distance, spring is green is about sm1 who finds it scary to be alone and sm1 who finds comfort being alone but is also scared being lonely.",1412258809171513345,lizah_hh,[],,[],
25,https://twitter.com/mikemightybull/status/1412244091144790020,2021-07-06 02:56:44+00:00,"@ITGeekCT Yes, I remembered seeing the news of a lonely man dying of a broken heart when I was a kid.",1412244091144790020,mikemightybull,[],,[],
26,https://twitter.com/jellycupsiols/status/1412087413640364036,2021-07-05 16:34:09+00:00,Kinda miss u lmao so lonely but we both can be lonely together,1412087413640364036,jellycupsiols,[],,[],
27,https://twitter.com/Vikkidekitty/status/1412073446696120324,2021-07-05 15:38:39+00:00,M lonely n horny 😭 DM me daddies 👅 I'll give you a treat💕,1412073446696120324,Vikkidekitty,[],,[],
28,https://twitter.com/Bxien/status/1412063863470628865,2021-07-05 15:00:34+00:00,"Judging is a lonely job in which a man is, as near as may be, an island entire.",1412063863470628865,Bxien,[],,[],
29,https://twitter.com/badgiirllryry/status/1412063452596559875,2021-07-05 14:58:56+00:00,im so lonely 🥲,1412063452596559875,badgiirllryry,[],,[],
30,https://twitter.com/molewall/status/1412016191049244675,2021-07-05 11:51:08+00:00,Lonely dinner https://t.co/NhjTHsbg6M,1412016191049244675,molewall,['https://www.instagram.com/p/CQ8ce0ghGtX/?utm_medium=twitter'],https://www.instagram.com/p/CQ8ce0ghGtX/?utm_medium=twitter,['https://t.co/NhjTHsbg6M'],https://t.co/NhjTHsbg6M
31,https://twitter.com/Karuppudevathai/status/1412014607514800129,2021-07-05 11:44:51+00:00,"நிராகரிப்பு வலிக்கிறது..
தனிமையில் கிடைக்கும்
சந்தோஷமே போதுமெனக்கு.
People are lonely bcoz they build walls instead of bridges in order not to get hurt once again. 
#birdphotography #BirdTwitter 
#TwitterNatureCommunity #birdwatching #NaturalBeauty https://t.co/EYmd9Wp8gK",1412014607514800129,Karuppudevathai,[],,[],
32,https://twitter.com/PencariProject/status/1412013785762516994,2021-07-05 11:41:35+00:00,"Wanita kesepian di Batam ada yg butuh temen? Apa aja boleh dengan tariff ya
#batam #cuddlecare",1412013785762516994,PencariProject,[],,[],
33,https://twitter.com/suelovechoco/status/1411999399715041282,2021-07-05 10:44:25+00:00,"Alhamdulillah letih jugak hrini mandikan 3 ank buluss 😂💖

Yes jaga kucing pun penat sbb hari2 nak kena kemas bulu2 mereka 🥲

Apape pun Alhamdulillah, xdela rasa lonely sgt en ada kucing ni.. Smbil2 packing kayman, dy pun nak join jugak 🤣",1411999399715041282,suelovechoco,[],,[],
34,https://twitter.com/ch0muki/status/1411994976938954758,2021-07-05 10:26:50+00:00,🤷‍♀️🤷‍♀️🤷‍♀️ lonely ~ lonely~~ lonely lonely ~~ https://t.co/zTWY4Fs2In,1411994976938954758,ch0muki,['https://twitter.com/BattaMochi/status/1411614731211665412'],https://twitter.com/BattaMochi/status/1411614731211665412,['https://t.co/zTWY4Fs2In'],https://t.co/zTWY4Fs2In
35,https://twitter.com/thesweetzie/status/1411900964794105860,2021-07-05 04:13:16+00:00,"Dare he speak of the spark is not maintain lah apa benda

Like really rubbish 

But actually he has set his heart to someone else. He just afraid to be lonely when she rejected her later. So he wants to keep me

But she did not. So, I guess I will pick up the pieces by myself.",1411900964794105860,thesweetzie,[],,[],
36,https://twitter.com/username134666/status/1411890678338965510,2021-07-05 03:32:24+00:00,"used to stick together
you're my best friend
i'll love you forever
it doesn't matter if we're never rich or famous
i wanna be high all the time
would you come with me?
if you can just let me know if it's okay
to call you when I'm lonely",1411890678338965510,username134666,[],,[],
37,https://twitter.com/DanyalJailani/status/1411864946518884353,2021-07-05 01:50:09+00:00,I need cuddles. Im getting really lonely and i need the body heat of another.,1411864946518884353,DanyalJailani,[],,[],
38,https://twitter.com/FonnitaCarol/status/1411823059888078852,2021-07-04 23:03:42+00:00,People are lonely because they build walls instead of bridges.,1411823059888078852,FonnitaCarol,[],,[],
39,https://twitter.com/GhoulDeLox/status/1411746860994232322,2021-07-04 18:00:55+00:00,Not sure why I'm suddenly feeling lonely. Is this desperation? Or melancholy? Huh.,1411746860994232322,GhoulDeLox,[],,[],
40,https://twitter.com/chiieee__/status/1411743276130922497,2021-07-04 17:46:40+00:00,Okay lah harini mood lonely tu datang tu rasa macam ni 🤭🤭🤭 selalu takde pun,1411743276130922497,chiieee__,[],,[],
41,https://twitter.com/MyCaratWorld/status/1411730194667229190,2021-07-04 16:54:41+00:00,"If I did not decide to stand up on my own two feet and prove to people that I can make it, I think you won't see me here right now. 

It had been a lonely and painful journey. The struggle was real. Each time I want to reach out to someone, I got scared. They'll judge me.",1411730194667229190,MyCaratWorld,[],,[],
42,https://twitter.com/mohmdafiqq/status/1411719469370544133,2021-07-04 16:12:04+00:00,"Such a lonely day, and it's fine.",1411719469370544133,mohmdafiqq,[],,[],
43,https://twitter.com/KimberlynnYani/status/1411697273893908481,2021-07-04 14:43:52+00:00,I feel so lonely,1411697273893908481,KimberlynnYani,[],,[],
44,https://twitter.com/thesweetzie/status/1411673310040002570,2021-07-04 13:08:39+00:00,"The things about rejection is like you can move on and be whatever after that

Tapi if you are selfishly kept a girl your heart rejected just because you are afraid to be lonely

That is fucking disgusting",1411673310040002570,thesweetzie,[],,[],
45,https://twitter.com/Tamsha61440082/status/1411672588120518661,2021-07-04 13:05:47+00:00,@Oleg36011581 I'm not lonely... It's just happened...,1411672588120518661,Tamsha61440082,[],,[],
46,https://twitter.com/k4bsbb/status/1411670562938654720,2021-07-04 12:57:44+00:00,i’m just super bored and super lonely i think i’m gonna go for a run to let it out,1411670562938654720,k4bsbb,[],,[],
47,https://twitter.com/YuuchiroTsubasa/status/1411670043998396416,2021-07-04 12:55:40+00:00,"Song Setlist # 1 
Tabako by Koresawa 
Childhood Blues by Yuikonnu 
Lonely Feather by Haruka Chigusa 
Ikanaide by Kaai Yuki 
Lost Boy by Ruth B (Nightcore ver)",1411670043998396416,YuuchiroTsubasa,[],,[],
48,https://twitter.com/Bxien/status/1411648713391435778,2021-07-04 11:30:55+00:00,"Judging is a lonely job in which a man is, as near as may be, an island entire.",1411648713391435778,Bxien,[],,[],
49,https://twitter.com/ganknow/status/1411640934798966787,2021-07-04 11:00:00+00:00,"The path to Mythic getting lonely? Find a gamepal to play Mobile Legends with on Gank today! 💥💥
#MLBB #ganknow

Download the app 🔗 &gt;&gt; https://t.co/MfNcMEOIwi https://t.co/VirQoON9Zb",1411640934798966787,ganknow,['http://download.ganknow.com/Cflr/tweetgank'],http://download.ganknow.com/Cflr/tweetgank,['https://t.co/MfNcMEOIwi'],https://t.co/MfNcMEOIwi
50,https://twitter.com/lilfir/status/1411631243150577670,2021-07-04 10:21:29+00:00,"Maru looks lonely. Prolly needs Azzo, Chaeri, Chaeso or Zeze companionship. 😂 https://t.co/MzCWDe2awr",1411631243150577670,lilfir,['https://twitter.com/lilfir/status/1411574935831515138'],https://twitter.com/lilfir/status/1411574935831515138,['https://t.co/MzCWDe2awr'],https://t.co/MzCWDe2awr
51,https://twitter.com/ZhangEsin/status/1411577790432829443,2021-07-04 06:49:05+00:00,"ᴮᵒʳⁿ ˢᵉⁿˢⁱᵗⁱᵛᵉ, ˡᵒⁿᵉˡʸ ᵃⁿᵈ ʰᵃᵖᵖʸ· https://t.co/4ipwxrQ81p",1411577790432829443,ZhangEsin,[],,[],
52,https://twitter.com/TheHarisBruh/status/1411558105188474885,2021-07-04 05:30:52+00:00,"They say your online personality is usually how you are irl. You’re just an angry lonely horny boy, aren’t you? Yeah, I’m talking about you. Retweeting porn and proceeds to tweet about how no one is deserving of your love. Clown energy. Do better. You’re embarrassing yourself.",1411558105188474885,TheHarisBruh,[],,[],
53,https://twitter.com/banemeat/status/1411537312542978057,2021-07-04 04:08:15+00:00,Frank Ocean really hits at 3am on a lonely night 😫,1411537312542978057,banemeat,[],,[],
54,https://twitter.com/danibogo/status/1411519825751416836,2021-07-04 02:58:45+00:00,"Everyone is feeling lonely somehow. But feeling alone we are somehow together. 

The same goes for hope. Despite living different realities, we are at the disposal of the spirit that induces us to wish that something good will happen for all of us.",1411519825751416836,danibogo,[],,[],
55,https://twitter.com/syah4brit/status/1411488664182345728,2021-07-04 00:54:56+00:00,@SanchezCcj13 I wish the same too 😭 also the fact they made her lose all the precious time with her babies. she wanted her kids to stay with her all the time and felt so lonely that she even asked her housekeeper to bring her kids over ..,1411488664182345728,syah4brit,[],,[],
56,https://twitter.com/loh_eric/status/1411462657765302273,2021-07-03 23:11:35+00:00,@sexretmel0nyxx So lonely,1411462657765302273,loh_eric,[],,[],
57,https://twitter.com/IsmaStrawberri/status/1411417954063839232,2021-07-03 20:13:57+00:00,"I felt lonely and tired ever since I had my ear infection but I decided to stream and tonight, I felt so loved. I might have found the perfect game to stream cause I love designing houses in my down time and I like to tell stories. Sims 4 might just be my game 😊",1411417954063839232,IsmaStrawberri,[],,[],
58,https://twitter.com/Thenjlos/status/1411407360908800001,2021-07-03 19:31:52+00:00,"Help me Lord, 2 overcome my desire 2 b understood,2 walk this lonely walk with confidence in U, with courage that comes from knowing I'm Yours. Help me cling to my convictions. Keep me far from anger and close to your heart. https://t.co/UO0og38Odf",1411407360908800001,Thenjlos,['https://twitter.com/Thenjlos/status/1411406303738597380'],https://twitter.com/Thenjlos/status/1411406303738597380,['https://t.co/UO0og38Odf'],https://t.co/UO0og38Odf
59,https://twitter.com/boxboxterence/status/1411404602428203009,2021-07-03 19:20:54+00:00,"I’ve been lonely for so long, and it’s still not better.",1411404602428203009,boxboxterence,[],,[],
60,https://twitter.com/yasminnhumairah/status/1411368642151804930,2021-07-03 16:58:00+00:00,he took my heart and left me lonely.,1411368642151804930,yasminnhumairah,[],,[],
61,https://twitter.com/emgegai/status/1411349748766838785,2021-07-03 15:42:56+00:00,I'm sad and lonely.. don't get me wrong. I'm sad and lonely every where,1411349748766838785,emgegai,[],,[],
62,https://twitter.com/BurkeyEd/status/1411328434761080832,2021-07-03 14:18:14+00:00,"@brianfeeney007 @BrianStafford_ @killianwoods @businessposthq A lot of people might have recently moved to Dublin or be lonely. Community is massive. A friend organised an exhibition, an outdoor cinema and encourages people in her home 2 connect. I would pay 10/20% more to live in that house + she does it for free! https://t.co/CM0eACS8DV",1411328434761080832,BurkeyEd,[],,[],
63,https://twitter.com/Gilgarick/status/1411267871867432967,2021-07-03 10:17:35+00:00,God I'm so frickin lonely,1411267871867432967,Gilgarick,[],,[],
64,https://twitter.com/___aal1yah/status/1411245233292017667,2021-07-03 08:47:37+00:00,I have people to talk too but yet i still feel so lonely,1411245233292017667,___aal1yah,[],,[],
65,https://twitter.com/lonely_fie/status/1411242870439243780,2021-07-03 08:38:14+00:00,@Timingisevery10 🤣🤣🤣,1411242870439243780,lonely_fie,[],,[],
66,https://twitter.com/NabilahRoslaile/status/1411241646725885952,2021-07-03 08:33:22+00:00,Haih i feel so so soooooo lonely 🤧,1411241646725885952,NabilahRoslaile,[],,[],
67,https://twitter.com/joonswhistle/status/1411183774247710720,2021-07-03 04:43:24+00:00,"-Jimin has a deep secret that he’s terrified to face 
-Taehyung’s father is an abusive alcoholic 
-Jungkook is lost and lonely https://t.co/mZ1S18Z8It",1411183774247710720,joonswhistle,[],,[],
68,https://twitter.com/Bxien/status/1411157885967495169,2021-07-03 03:00:32+00:00,"Judging is a lonely job in which a man is, as near as may be, an island entire.",1411157885967495169,Bxien,[],,[],
69,https://twitter.com/John48271970/status/1411139239790538762,2021-07-03 01:46:27+00:00,So lonely i like my own tweets. #HereForMadison #PEACE  #SOUL,1411139239790538762,John48271970,[],,[],
70,https://twitter.com/zane_kubheka/status/1411068227619274757,2021-07-02 21:04:16+00:00,The lonely hour by Sam Smith is beautiful and relatable.,1411068227619274757,zane_kubheka,[],,[],
71,https://twitter.com/dizzy_ziddy/status/1411040036653391874,2021-07-02 19:12:15+00:00,"Even death get lonely
#ziddyreads https://t.co/xhekdN4Pum",1411040036653391874,dizzy_ziddy,[],,[],
72,https://twitter.com/manju__06/status/1411026609973256192,2021-07-02 18:18:54+00:00,lonely nights 🤝 sad songs,1411026609973256192,manju__06,[],,[],
73,https://twitter.com/Naz_200715/status/1411024068116049925,2021-07-02 18:08:48+00:00,@hyyh_twt7 Im lonely...soo....i would appreciate it very much,1411024068116049925,Naz_200715,[],,[],
74,https://twitter.com/Nsrllimn/status/1411023629177876484,2021-07-02 18:07:03+00:00,man im so lonely,1411023629177876484,Nsrllimn,[],,[],
75,https://twitter.com/biniorangoi/status/1411020948812140552,2021-07-02 17:56:24+00:00,"Do you have like everyone you need present around you, loves you and cares for you. But still, you feel lonely?",1411020948812140552,biniorangoi,[],,[],
76,https://twitter.com/Cupid_77/status/1410999951434256385,2021-07-02 16:32:58+00:00,@ris830114 +1,1410999951434256385,Cupid_77,[],,[],
77,https://twitter.com/nothylmiidroos/status/1410990206925213702,2021-07-02 15:54:14+00:00,"@PlayVALORANT A robot built for war would have built in, but KAY/O doesn't. Why would it have weapons if it was built to keep company to a lonely Killjoy in her workshop.",1410990206925213702,nothylmiidroos,[],,[],
78,https://twitter.com/cryf0rlife/status/1410954972976451588,2021-07-02 13:34:14+00:00,damn i feel lonely af,1410954972976451588,cryf0rlife,[],,[],
79,https://twitter.com/sjh_smc/status/1410923676753481728,2021-07-02 11:29:52+00:00,"@yook_hea Definitely it is! Imagine living a life for others not for yourself. How lonely life could be. That’s why hope by now, they’re genuinely happy living their own lives...",1410923676753481728,sjh_smc,[],,[],
80,https://twitter.com/Cupid_77/status/1410908428499783684,2021-07-02 10:29:17+00:00,@EnTinaCat 曾经用过但，不同款式,1410908428499783684,Cupid_77,[],,[],
81,https://twitter.com/MassTemlen/status/1410898118552350724,2021-07-02 09:48:19+00:00,"@lonely_eleven 😂😂😂baruu buka twitan ini
Notif bejibun byk yg tag,nunggu sepi soalnya😂",1410898118552350724,MassTemlen,[],,[],
82,https://twitter.com/MassTemlen/status/1410896900560101380,2021-07-02 09:43:28+00:00,"@lonely_eleven Sehat selalu
Semangat menjemput rezeki😊",1410896900560101380,MassTemlen,[],,[],
83,https://twitter.com/AdqAsh/status/1410896579129581569,2021-07-02 09:42:12+00:00,Feeling So empat &amp; lonely without #Euro2021,1410896579129581569,AdqAsh,[],,[],
84,https://twitter.com/DDDTcg/status/1410888277888929792,2021-07-02 09:09:13+00:00,Lonely Boy becoming Popular Boy https://t.co/i9dKbWkbbA,1410888277888929792,DDDTcg,['https://twitter.com/digimon_tcg/status/1410885969688117251'],https://twitter.com/digimon_tcg/status/1410885969688117251,['https://t.co/i9dKbWkbbA'],https://t.co/i9dKbWkbbA
85,https://twitter.com/DeeJayMich/status/1410882582934216705,2021-07-02 08:46:35+00:00,I'm not even upset that we lost contact. I'm upset that I don't even know the reason for it. Honestly I don't even know why I'm hung up over this. It's not like I'm lonely or have no other friends. 😕,1410882582934216705,DeeJayMich,[],,[],
86,https://twitter.com/asiaonecom/status/1410870858315337729,2021-07-02 07:59:59+00:00,"'Sad, lonely feeling': Tokyo man evicted twice, 50 years apart, for Olympic construction https://t.co/2T5R0MQC5X https://t.co/V0yJvz0afI",1410870858315337729,asiaonecom,['https://bit.ly/3qIfV7W'],https://bit.ly/3qIfV7W,['https://t.co/2T5R0MQC5X'],https://t.co/2T5R0MQC5X
87,https://twitter.com/Cupid_77/status/1410847003546771458,2021-07-02 06:25:12+00:00,@EnTinaCat 小头是来擦屁屁的,1410847003546771458,Cupid_77,[],,[],
88,https://twitter.com/Cupid_77/status/1410846831601283081,2021-07-02 06:24:31+00:00,"@EnTinaCat 这是软的,还是硬的? 如果是软的话, 一个人可以用就是双洞齐插. 如果是硬的话可以双人一起用",1410846831601283081,Cupid_77,[],,[],
89,https://twitter.com/arxxxxmand/status/1410834369082576902,2021-07-02 05:35:00+00:00,@nuyulhuda Im not lonely. Im just hword!,1410834369082576902,arxxxxmand,[],,[],
90,https://twitter.com/iteevinah/status/1410833190839676938,2021-07-02 05:30:19+00:00,@prina2211 YO I WANT A MIYAMURA IN MY LIFE FUCK IM SO LONELY. 😭,1410833190839676938,iteevinah,[],,[],
91,https://twitter.com/nastygirl____/status/1410794627590938626,2021-07-02 02:57:05+00:00,People will not notice our efforts until we separate ourselves and maybe they’ll feel lonely,1410794627590938626,nastygirl____,[],,[],
92,https://twitter.com/someone_fan/status/1410780233691586562,2021-07-02 01:59:53+00:00,"My favourites #陈零九 and #邱锋泽 singing 我很好骗 (Love Me True) ~ 😍 slightly longer version available on YouTube https://t.co/zoRYaJKZRc

我难道已经寂寞到渴望被骗
Am I so lonely that I want to be deceived https://t.co/dlqpfguVCI",1410780233691586562,someone_fan,['https://youtu.be/z5xRx9TrfYU'],https://youtu.be/z5xRx9TrfYU,['https://t.co/zoRYaJKZRc'],https://t.co/zoRYaJKZRc
93,https://twitter.com/lrzrun/status/1410767276169596936,2021-07-02 01:08:24+00:00,@aimanreach Mr.lonely eh,1410767276169596936,lrzrun,[],,[],
94,https://twitter.com/IAmZaCaptain/status/1410733524332605444,2021-07-01 22:54:17+00:00,"@MoeWanders @IsKiddo7 @MommaBearJazz @Helexzura @kaylamariah @UlanaDabbs @RedxMaude @dovahblossom @Jishstar Thank you for your encouragement. :)
But most importantly, thank you and everyone again for showing this lonely man he can still connect and have it mean something significant https://t.co/c7ENBE1orl",1410733524332605444,IAmZaCaptain,[],,[],
95,https://twitter.com/HIREMAIDEA/status/1410730703856095243,2021-07-01 22:43:04+00:00,"'Sad, lonely feeling': Tokyo man evicted twice, 50 years apart, for Olympic construction - CNA https://t.co/eJoVLLCQry",1410730703856095243,HIREMAIDEA,['http://dlvr.it/S2tFsB'],http://dlvr.it/S2tFsB,['https://t.co/eJoVLLCQry'],https://t.co/eJoVLLCQry
96,https://twitter.com/IAmZaCaptain/status/1410675466944487429,2021-07-01 19:03:35+00:00,"I just wanna thank the people I've been talking to here during my time avoiding tweeting out my thoughts, for showing me that I can still connect with people through gaming and others

I still feel like I live in a lonely grey world, but I'm starting to see some colors once again https://t.co/rqNlE53BcI",1410675466944487429,IAmZaCaptain,[],,[],
97,https://twitter.com/Bxien/status/1410652048010346498,2021-07-01 17:30:31+00:00,"Judging is a lonely job in which a man is, as near as may be, an island entire.",1410652048010346498,Bxien,[],,[],
98,https://twitter.com/Raz_nsfw/status/1410632145446440962,2021-07-01 16:11:26+00:00,"i’ve been either resting in my bunk or doing menial tasks around the office

and i just can’t help but to feel helpless and being alone in my bunk just makes me feel really lonely too, sometimes i just get into my own head and start thinking about suicide / sh for no reason",1410632145446440962,Raz_nsfw,[],,[],
99,https://twitter.com/HAm75836946/status/1410629339838705676,2021-07-01 16:00:17+00:00,@Resta_Nat305 @lonely_eleven @speechless__99 Udah tuh👍,1410629339838705676,HAm75836946,[],,[],
100,https://twitter.com/sgpElections/status/1410592264934494208,2021-07-01 13:32:58+00:00,"#sgelection: 'Sad, lonely feeling': Tokyo man evicted twice, 50 years apart, for Olympic construction | Reuters https://t.co/xJccEZZryq, see more https://t.co/X2cxXsrY99",1410592264934494208,sgpElections,"['https://www.reuters.com/world/asia-pacific/sad-lonely-feeling-tokyo-man-evicted-twice-50-years-apart-olympic-construction-2021-07-01/', 'http://tweetedtimes.com/sgpElections?s=tnp']",https://www.reuters.com/world/asia-pacific/sad-lonely-feeling-tokyo-man-evicted-twice-50-years-apart-olympic-construction-2021-07-01/ http://tweetedtimes.com/sgpElections?s=tnp,"['https://t.co/xJccEZZryq', 'https://t.co/X2cxXsrY99']",https://t.co/xJccEZZryq https://t.co/X2cxXsrY99
101,https://twitter.com/flurry345/status/1410579924423897091,2021-07-01 12:43:55+00:00,"he is just such a good actor??? like look how broken he is, the RANGE spanning from mischief and fun to lonely and broken - PLSSS. I'm so glad he finally got an entire show to lead because he is genuinely an incredible actor https://t.co/h2AKBLPSTh",1410579924423897091,flurry345,['https://twitter.com/hiddlesbb/status/1410264904196579334'],https://twitter.com/hiddlesbb/status/1410264904196579334,['https://t.co/h2AKBLPSTh'],https://t.co/h2AKBLPSTh
102,https://twitter.com/shin_kdy/status/1410579633926406151,2021-07-01 12:42:46+00:00,They make me feel so lonely,1410579633926406151,shin_kdy,[],,[],
103,https://twitter.com/mellowandtale/status/1410577384147873797,2021-07-01 12:33:50+00:00,@youcancallmepig Mate chill loads of people are lonely and having beers 🙄,1410577384147873797,mellowandtale,[],,[],
104,https://twitter.com/Georgiawaking/status/1410569956660367360,2021-07-01 12:04:19+00:00,Lonely patient is a great song.,1410569956660367360,Georgiawaking,[],,[],
105,https://twitter.com/zayanah_Shahril/status/1410569594478071809,2021-07-01 12:02:53+00:00,"Idk how to feel positive when I have no one. I lost contact with friends, some family members.. it's so lonely, and I have to keep myself bz everytime.",1410569594478071809,zayanah_Shahril,[],,[],
106,https://twitter.com/W0NGYVKHEI/status/1410562825823555584,2021-07-01 11:35:59+00:00,@nctzenbase @W0NGYVKHEI,1410562825823555584,W0NGYVKHEI,[],,[],
107,https://twitter.com/Happygail11/status/1410562299643908101,2021-07-01 11:33:53+00:00,Is it bad that when I was young I thought someone without brothers and sisters was called a “lonely child” not “only child”,1410562299643908101,Happygail11,[],,[],
108,https://twitter.com/thesweetzie/status/1410562176331378690,2021-07-01 11:33:24+00:00,"Always missing people that I shouldn't be missing
Sometimes you gotta burn some bridges just to create some distance
When love and trust are gone
I guess this is moving on
Everyone I do right does me wrong
So every lonely night, I sing this song",1410562176331378690,thesweetzie,[],,[],
109,https://twitter.com/iamkarene/status/1410555395332968453,2021-07-01 11:06:27+00:00,@yeobeensfreckle Agree with this. During Arthdal he seems so lonely in every promotional interview. Arthdal also didn't hit that much in a sense because of what happened to his past. But look at him now... He's HEALED and back on track ❤️,1410555395332968453,iamkarene,[],,[],
110,https://twitter.com/PearlPrinceOFL/status/1410552364281450505,2021-07-01 10:54:25+00:00,"Sick, weak and lonely",1410552364281450505,PearlPrinceOFL,[],,[],
111,https://twitter.com/silentmax/status/1410521427799810050,2021-07-01 08:51:29+00:00,The Lonely Robot works alone https://t.co/LwAf00hNJF,1410521427799810050,silentmax,[],,[],
112,https://twitter.com/cmc_r3vilo/status/1410519829660901379,2021-07-01 08:45:08+00:00,@Lonely_spike @Frank_Supercell @praveendubey3d Not a hard counter but not a bad response in my opinion playing with him. Nice to use if you can land the stun super immediately and chain your supers from there.,1410519829660901379,cmc_r3vilo,[],,[],
113,https://twitter.com/singlitbot/status/1410519796010172417,2021-07-01 08:45:00+00:00,"Email yourself
from one account. Read and reply from another.
There's always so much 
to say to someone like you.

- Nurul Amillin Hussain, RE: New Ways To Be Lonely
#sglitftw",1410519796010172417,singlitbot,[],,[],
114,https://twitter.com/RealUnkle1932/status/1410498842638774275,2021-07-01 07:21:44+00:00,Just realised that the jumper looks like it’s “ lonely “ but then the N is corrected to V? And it’s lovely ? https://t.co/HzRfXvjPZb,1410498842638774275,RealUnkle1932,[],,[],
115,https://twitter.com/ChannelNewsAsia/status/1410495786052247553,2021-07-01 07:09:35+00:00,"'Sad, lonely feeling': Tokyo man evicted twice, 50 years apart, for Olympic construction https://t.co/BJlU1r5abU https://t.co/oY892AA2ii",1410495786052247553,ChannelNewsAsia,['https://cna.asia/2UdjE1h'],https://cna.asia/2UdjE1h,['https://t.co/BJlU1r5abU'],https://t.co/BJlU1r5abU
116,https://twitter.com/agrimsingh/status/1410486716062781442,2021-07-01 06:33:33+00:00,I also learned a couple of days ago that Trevor Rabin (from Yes) wrote the theme behind Inside the NBA. Back in the day when we took part in Battle of the Bands kind of events we covered 'Owner of a lonely heart' (and Yes became a part of my prog rock keyboard journey) @NBAonTNT,1410486716062781442,agrimsingh,[],,[],
117,https://twitter.com/LewisGarrad/status/1410417957549662209,2021-07-01 02:00:20+00:00,"#RemoteWorking doesn't have to be lonely. @TheShawnMurphy shares 5 ways #leadership can intentionally create optimism in the workplace, and help increase #productivity and profits in @Bluescaper. #FutureOfWork #EmployeeExperience https://t.co/jRkoR2xaCr https://t.co/7ongwnK08J",1410417957549662209,LewisGarrad,['https://bit.ly/3dySg4y'],https://bit.ly/3dySg4y,['https://t.co/jRkoR2xaCr'],https://t.co/jRkoR2xaCr
118,https://twitter.com/kikaytrekkie/status/1410383011451789320,2021-06-30 23:41:28+00:00,"@bag_pod @BradTakei @GeorgeTakei Pretty sure that's part of what i said, let koreans decide. I have this motto: not my child not my issue. Who knows what's ok in another 25 years. 🤷‍♀️ he just reminds me of someone not belonging anywhere is all. Lonely that is",1410383011451789320,kikaytrekkie,[],,[],
119,https://twitter.com/Devida71822/status/1410298050413666312,2021-06-30 18:03:51+00:00,@FWBESS I feel lonely too hmu,1410298050413666312,Devida71822,[],,[],
120,https://twitter.com/syeeerachan/status/1410290180137787394,2021-06-30 17:32:35+00:00,for the first time in a long ass time I don't feel as lonely. does that make sense lol,1410290180137787394,syeeerachan,[],,[],
121,https://twitter.com/huzaitwuirl/status/1410273371909206022,2021-06-30 16:25:48+00:00,"@madhumacintosh You should join me next time, feels quite lonely sometimes.",1410273371909206022,huzaitwuirl,[],,[],
122,https://twitter.com/FonnitaCarol/status/1410230639857606664,2021-06-30 13:36:00+00:00,People are lonely because they build walls instead of bridges.,1410230639857606664,FonnitaCarol,[],,[],
123,https://twitter.com/NrlSyznh_/status/1410218822255087624,2021-06-30 12:49:02+00:00,miss sepet more than anything… ya i know he always takes away my peace and quiet but now too lonely already ☹️ better treat me to good food when you come back @FaiSepet https://t.co/XrziwOro1N,1410218822255087624,NrlSyznh_,[],,[],
124,https://twitter.com/urfckboy/status/1409503521678839810,2021-06-28 13:26:41+00:00,"No u r not, because u hv me now, i'll never let u feel lonely bby https://t.co/vzRGuXbVie",1409503521678839810,urfckboy,['https://twitter.com/babyblood0/status/1409321505607933952'],https://twitter.com/babyblood0/status/1409321505607933952,['https://t.co/vzRGuXbVie'],https://t.co/vzRGuXbVie
125,https://twitter.com/IrfnMrn/status/1409392188862078980,2021-06-28 06:04:17+00:00,Lonely day,1409392188862078980,IrfnMrn,[],,[],
126,https://twitter.com/xavtheworld/status/1408820079874043908,2021-06-26 16:10:56+00:00,"The great philosopher Dua Lipa once said ""Do we need somebody just to feel like we're alright? Is the only reason you're holding me tonight because we're scared to be lonely?""",1408820079874043908,xavtheworld,[],,[],
127,https://twitter.com/putraaaws/status/1408006875191255044,2021-06-24 10:19:33+00:00,@menschaos Feeling lonely … need someone to fuck to. Hmm,1408006875191255044,putraaaws,[],,[],
128,https://twitter.com/fangirlatnight/status/1407016153654775809,2021-06-21 16:42:46+00:00,A Lonely Whale Living Like An Island love this song ❤️❤️❤️ https://t.co/C6g7nhGDlt,1407016153654775809,fangirlatnight,['https://twitter.com/ZHOUSHEN_INTL/status/1404827062066573317'],https://twitter.com/ZHOUSHEN_INTL/status/1404827062066573317,['https://t.co/C6g7nhGDlt'],https://t.co/C6g7nhGDlt
129,https://twitter.com/Mrl142081/status/1406598346060353545,2021-06-20 13:02:33+00:00,"Rain night
Lonely night
I need you baby... https://t.co/sqb3nQdqae",1406598346060353545,Mrl142081,[],,[],
130,https://twitter.com/snowwhite102004/status/1406153512581402629,2021-06-19 07:34:57+00:00,"There is a pleasure in the pathless woods
There is a rapture on the lonely shore,
There is society, where none intrudes,
By the deep sea, and music in its roar
I love not man the less, but Nature more https://t.co/8Xd4rV4k3f",1406153512581402629,snowwhite102004,[],,[],
131,https://twitter.com/FallenA17434738/status/1404866791688458240,2021-06-15 18:21:58+00:00,bored. lonely. cold. h.....,1404866791688458240,FallenA17434738,[],,[],
132,https://twitter.com/Niaradean36/status/1404411522990755846,2021-06-14 12:12:54+00:00,@Msuppasitstudio No.. just alone but not lonely,1404411522990755846,Niaradean36,[],,[],
133,https://twitter.com/pranav_chandra_/status/1404298826618310658,2021-06-14 04:45:05+00:00,@lonely_rakhi Happy birthday bro,1404298826618310658,pranav_chandra_,[],,[],
134,https://twitter.com/xavtheworld/status/1403917102503788546,2021-06-13 03:28:15+00:00,I'm feeling extra ✨lonely✨ today holy shit,1403917102503788546,xavtheworld,[],,[],
135,https://twitter.com/ericheeful/status/1403236665825447937,2021-06-11 06:24:26+00:00,"Even when you're tired, keep going. Even when you're lonely, keep going. Even when you feel like you can't go any further, keep going. It is in those moments where you gain the reason why you must keep going. 😊",1403236665825447937,ericheeful,[],,[],
136,https://twitter.com/wanawenaa/status/1402617156269875207,2021-06-09 13:22:44+00:00,"Sejak lonely kat rumah ni, battery phone tak pernah full eh 😪",1402617156269875207,wanawenaa,[],,[],
137,https://twitter.com/Nnaganoinochi/status/1401940053358567426,2021-06-07 16:32:10+00:00,"Done watching V6 Bokura wa Mada live , I feel lonely when Inocchi write V6 and the others put their hand on the sand. But I want to keep the word ""We are V6"" forev6r in my life . When I met V6, I found my true place in life. Of course , all vkuras too  feel it.
#v6僕らはまだ",1401940053358567426,Nnaganoinochi,[],,[],
138,https://twitter.com/OhStudio7/status/1401455835327262724,2021-06-06 08:28:03+00:00,"我喜欢无人的画面

Instagram：https://t.co/pPdZEeZEyT

#fujixe3 #fujifilm_xseries #xc50230 #xc50230mm #city #nolife #nohuman #emptycity #lonely https://t.co/fJBSznjMqj",1401455835327262724,OhStudio7,['https://www.instagram.com/lc.vun93/'],https://www.instagram.com/lc.vun93/,['https://t.co/pPdZEeZEyT'],https://t.co/pPdZEeZEyT
139,https://twitter.com/continuouslyshy/status/1401432958007795713,2021-06-06 06:57:09+00:00,#11- N.Flying-Lonely https://t.co/LhVjlnxoDk,1401432958007795713,continuouslyshy,[],,[],
140,https://twitter.com/DTrain/status/1400656124911644675,2021-06-04 03:30:17+00:00,@ronnydesuu @reiks__ Maybe they just want to make sure he's not lonely,1400656124911644675,DTrain,[],,[],
141,https://twitter.com/beeepbooo/status/1400452785108180998,2021-06-03 14:02:17+00:00,"I just like to be alone. I'm not lonely, just leave me alone. Apo clingy sikit-sikit tanya, sikit-sikit tanya. Semak weh",1400452785108180998,beeepbooo,[],,[],
142,https://twitter.com/sitizarizza/status/1400401871123009540,2021-06-03 10:39:58+00:00,Lockdown ni memang duduk rumah all the time. Tak keluar pegi memane. Tapi macam rasa depress plak sebab rase sangat lonely and takde kawan nak berbual.,1400401871123009540,sitizarizza,[],,[],
143,https://twitter.com/ironram320/status/1398971039888121857,2021-05-30 11:54:22+00:00,"Because I am all alone in Singapore, trading is probably the only one thing keeping me going. The weekends and public holidays make it very lonely for me. Nothing to look forward to.",1398971039888121857,ironram320,[],,[],
144,https://twitter.com/iamrainlouise/status/1398897388224270339,2021-05-30 07:01:42+00:00,"Edward on being baptized.
   "" In this industry you think, everyone has everything. Pero yung feeling na Ang daming nagmamahal sayo pero lonely ka""..
(Full of wisdom ka talaga Edward)

EDWARD FRESH ON TOPSILOG
#MayWard #EdwardBarber https://t.co/k8nknweNl6",1398897388224270339,iamrainlouise,[],,[],
145,https://twitter.com/OhStudio7/status/1398647153745022976,2021-05-29 14:27:21+00:00,"some nice shit

Instagram：https://t.co/pPdZEeZEyT

#fujixe3 #fujifilm_xseries #xc1545 #xc1545mm #Abstraction #抽象 #Colours #颜色 #night #roadlamp #citylight #citynight #tree #lonely https://t.co/PPRILemUce",1398647153745022976,OhStudio7,['https://www.instagram.com/lc.vun93/'],https://www.instagram.com/lc.vun93/,['https://t.co/pPdZEeZEyT'],https://t.co/pPdZEeZEyT
146,https://twitter.com/syoowadot/status/1397588287527657474,2021-05-26 16:19:48+00:00,Nak cari kawan lah tu 😅 Dasar robot lonely. https://t.co/R9mUFyqjTp,1397588287527657474,syoowadot,['https://twitter.com/HausofHilton/status/1397447118973853696'],https://twitter.com/HausofHilton/status/1397447118973853696,['https://t.co/R9mUFyqjTp'],https://t.co/R9mUFyqjTp
147,https://twitter.com/edwination_/status/1397463798932328451,2021-05-26 08:05:07+00:00,"“It will get lonely...” Choose Growth over Company, every single time’ And always remember why you started ✍🏻 https://t.co/VJ7cF2XV7s",1397463798932328451,edwination_,[],,[],
148,https://twitter.com/uhtearawr/status/1395421397124485131,2021-05-20 16:49:21+00:00,"my night routine involves sneezing 4 times, choking on my own spit and crying because im too lonely",1395421397124485131,uhtearawr,[],,[],
149,https://twitter.com/kennylecks/status/1395247087252512771,2021-05-20 05:16:42+00:00,"Cai Png galore. Though in reality, i really wish there’s a Nasi Padang stall in this overtly cheena kopitiam 😳 There’s a Claw Machine with chiong Pokémon plushies waiting to be rescued by lonely hearts beer uncle. I can already hear Whitney singing “Where do broken hearts go...” https://t.co/NaXT4j3LWQ",1395247087252512771,kennylecks,[],,[],
150,https://twitter.com/amaniiifarzana/status/1393229062793949184,2021-05-14 15:37:48+00:00,Pasang earphone layan youtube pastu lonely,1393229062793949184,amaniiifarzana,[],,[],
151,https://twitter.com/syhrasu/status/1393162433062002690,2021-05-14 11:13:02+00:00,"Nasib baiklah ada adik perempuan sorang 😍 ada lah jugak geng ❤ walaupon annoying kadang² 😂 klau takde dia, lonely teruk jugak aku 😭 https://t.co/zek87ODZ9Z",1393162433062002690,syhrasu,[],,[],
152,https://twitter.com/2ne1_worldxxi/status/1392322049087918083,2021-05-12 03:33:39+00:00,"It's been 10 years since #2NE1 released their hit song 'LONELY'. It was a commercial success, peaking at number 1 on the Gaon Digital Chart. The 1st song in history by a K-pop girlgroup to achieve an Perfect All Kill. They also won at MAMA 2011 for Best Vocal Performance https://t.co/UMLhePseun",1392322049087918083,2ne1_worldxxi,[],,[],
153,https://twitter.com/vugx_/status/1392170014740938753,2021-05-11 17:29:31+00:00,feeling lonely in bunk 😐,1392170014740938753,vugx_,[],,[],
154,https://twitter.com/missdayaah/status/1391842716544208896,2021-05-10 19:48:57+00:00,lonely all the time 😌,1391842716544208896,missdayaah,[],,[],
155,https://twitter.com/Ragulogy/status/1390905443162091525,2021-05-08 05:44:34+00:00,Can someone say hi to a lonely guy here?! Where all my thakkalis at?!,1390905443162091525,Ragulogy,[],,[],
156,https://twitter.com/serigalanya/status/1390744013972508674,2021-05-07 19:03:06+00:00,'....Fuck love. Humans only want relationships because they feel lonely.' https://t.co/Du8CfTCWxp,1390744013972508674,serigalanya,[],,[],
157,https://twitter.com/NurWannyy/status/1390670807882354689,2021-05-07 14:12:12+00:00,Find a job so u wont be lonely ❤️,1390670807882354689,NurWannyy,[],,[],
158,https://twitter.com/OhStudio7/status/1389972574835073029,2021-05-05 15:57:40+00:00,"11:54pm only me ~

Instagram：https://t.co/pPdZEeZEyT

#fujixe3 #fujifilm_xseries #xc1545 #xc1545mm  #StreetPhotography #街拍 #emptystreets #emptyroad  #city #citynight #nightcity #road #roadlamp #lonely https://t.co/Mix8t8RuOz",1389972574835073029,OhStudio7,['https://www.instagram.com/lc.vun93/'],https://www.instagram.com/lc.vun93/,['https://t.co/pPdZEeZEyT'],https://t.co/pPdZEeZEyT
159,https://twitter.com/OhStudio7/status/1388703790375718912,2021-05-02 03:55:59+00:00,"烟雾弥漫...这城市还有谁

Instagram：https://t.co/pPdZEeZEyT

#fujixe3 #fujifilm_xseries #xc1545 #xc1545mm  #StreetPhotography #街拍
#nightphotography #nightlights #nightcity #citynight #citylight #lonely https://t.co/l0cx6R46Ij",1388703790375718912,OhStudio7,['https://www.instagram.com/lc.vun93/'],https://www.instagram.com/lc.vun93/,['https://t.co/pPdZEeZEyT'],https://t.co/pPdZEeZEyT
160,https://twitter.com/AliffDanielBlog/status/1387001058409422849,2021-04-27 11:09:56+00:00,I wonder how lonely it gets for her when she’s alone in that big mansion.. https://t.co/7Csmxcu4hF,1387001058409422849,AliffDanielBlog,['https://twitter.com/PiscesInTheZone/status/1386837327759253506'],https://twitter.com/PiscesInTheZone/status/1386837327759253506,['https://t.co/7Csmxcu4hF'],https://t.co/7Csmxcu4hF
161,https://twitter.com/_Wanudeen/status/1386071595941130240,2021-04-24 21:36:35+00:00,@sue__hana lonely sampai tak pandai nak senyum.......  I hate my mind hahahaha,1386071595941130240,_Wanudeen,[],,[],
162,https://twitter.com/saturnmyth/status/1385593066329841664,2021-04-23 13:55:04+00:00,Everyone wants to call me when im busy but none when i’m lonely and vulnerable,1385593066329841664,saturnmyth,[],,[],
163,https://twitter.com/ButterflySlyOne/status/1385255509540982786,2021-04-22 15:33:44+00:00,"23.33 i feel bored and lonely. Spotify on , Journal time 🦋🏳️‍🌈",1385255509540982786,ButterflySlyOne,[],,[],
164,https://twitter.com/LiuSungTao1/status/1384500984622157824,2021-04-20 13:35:32+00:00,"P3.....
 because lonely hands difficult to sound also!
So: If Professor Ma Kaishuo wants to call a halt to the Sino-US debate: He should teach India, Japan and South Korea must not be America's horse-front pawns.",1384500984622157824,LiuSungTao1,[],,[],
165,https://twitter.com/DanialHanafie/status/1382301921940099075,2021-04-14 11:57:14+00:00,"The biggest lie in my life is pretending like I’m strong.. well.. I’m trying hard.. til I crying every nights.. coz the person that always next to me every single nights.. is now a silhouette of my cold lonely body.. 
#JeffAlamo
#DanialHanafie
#SuburbiaSeremban
#whodeservelove https://t.co/cUUBFXXwDo",1382301921940099075,DanialHanafie,[],,[],
166,https://twitter.com/Shuraim_Basir/status/1381900294074724356,2021-04-13 09:21:19+00:00,Last year’s Ramadhan for me was extremely lonely due to circuit breaker. I spent the whole Month breaking fast and eating my pre dawn meals alone. It was an eye opening experience.,1381900294074724356,Shuraim_Basir,[],,[],
167,https://twitter.com/xavtheworld/status/1381573404944306176,2021-04-12 11:42:22+00:00,"If you're lonely, hit me up, let's be lonely together. We'll still be lonely but at least we have each other.",1381573404944306176,xavtheworld,[],,[],
168,https://twitter.com/QillinAurora/status/1380677065200922624,2021-04-10 00:20:38+00:00,If you need help Please contact anyone or call the helpline. It's there for a reason... Go use it if you're feeling lonely,1380677065200922624,QillinAurora,[],,[],
169,https://twitter.com/_Tqal/status/1380217874040512523,2021-04-08 17:55:59+00:00,not alone yet felt lonely.,1380217874040512523,_Tqal,[],,[],
170,https://twitter.com/_ShafinazSabri/status/1376841451418517510,2021-03-30 10:19:17+00:00,@Amxrul @AfarNano Nampak macam dia lonely kan. Kesiang kadang2,1376841451418517510,_ShafinazSabri,[],,[],
171,https://twitter.com/racunberapi/status/1376682087994904580,2021-03-29 23:46:01+00:00,"Lonely, lonely little life i could kid myself thinking that I'm fine~",1376682087994904580,racunberapi,[],,[],
172,https://twitter.com/Tringapore_98/status/1376521264714539013,2021-03-29 13:06:58+00:00,"This made up for the otherwise miserable, boring and lonely day in the hospital https://t.co/31mOiD6pSU",1376521264714539013,Tringapore_98,[],,[],
173,https://twitter.com/xavtheworld/status/1376081223211225089,2021-03-28 07:58:24+00:00,"I feel very lonely once again. I have a feeling that it has to do with how my room is set up, nor necessarily the presence of a hormonal imbalance, because when I am outside, I feel fine!",1376081223211225089,xavtheworld,[],,[],
174,https://twitter.com/TheStakeDingo/status/1376065282641305603,2021-03-28 06:55:04+00:00,Any lonely #whales out there looking for a #cardano pod to partner up with? #stake that #ADA with #DINGO pool and let us help you find that krill! ❤️DINGO,1376065282641305603,TheStakeDingo,[],,[],
175,https://twitter.com/Colliinnn/status/1376036252089155591,2021-03-28 04:59:42+00:00,"Keep you waiting hour after hour. Every night in your lonely tower, looking down at all the wreckage. When we met you never expect this and you say maybe we dont deserve love.",1376036252089155591,Colliinnn,[],,[],
176,https://twitter.com/AFatElectron/status/1375902701591011331,2021-03-27 20:09:01+00:00,"I am definitely very experienced in being alone.

I am quite good and being alone, fortunately.

So I managed to create some good thing out of it.

But I have to say.. being alone still has some serious effect.

I can feel what lonely people suffer cos I am one of them too.",1375902701591011331,AFatElectron,[],,[],
177,https://twitter.com/Sgboy01/status/1375332641470181377,2021-03-26 06:23:48+00:00,@tarosohon The lonely horny ones lol,1375332641470181377,Sgboy01,[],,[],
178,https://twitter.com/HarrisNasir/status/1374885403501555717,2021-03-25 00:46:38+00:00,@saf1wahab dah bagi kan? wassap u selalu sebab u lonely....,1374885403501555717,HarrisNasir,[],,[],
179,https://twitter.com/detectivekoo/status/1374787704643219460,2021-03-24 18:18:25+00:00,"He became a trainee in a small company with an equally uncertain future, faced the risk of being asked to leave multiple times and yet he fought on. I can only imagine how lonely he felt w/o friends (think about the fact that they were essentially competing against each other!),",1374787704643219460,detectivekoo,[],,[],
180,https://twitter.com/randomrobin/status/1374246656066027521,2021-03-23 06:28:29+00:00,"@NebulousNegi He hasn't, in my opinion. I like some of the other characters on the show. They are perfectly decent, but Michael is just vile. And I am supposed to feel sorry for him because he is lonely and single? Maybe if he didn't treat women like garbage he would have better luck.",1374246656066027521,randomrobin,[],,[],
181,https://twitter.com/DannyQuah/status/1373484955452329985,2021-03-21 04:01:46+00:00,"I think this one's about sex, durians, and the lonely Malaysian

10pm Sun 21 Mar GMT+8

@JoinClubhouse

https://t.co/OS2k2Znxpb https://t.co/NqH9hTAzXi",1373484955452329985,DannyQuah,['https://www.joinclubhouse.com/event/xB4Wk9eR'],https://www.joinclubhouse.com/event/xB4Wk9eR,['https://t.co/OS2k2Znxpb'],https://t.co/OS2k2Znxpb
182,https://twitter.com/dianatfandi/status/1372942516777930756,2021-03-19 16:06:18+00:00,"That you want someone that I'm not
Yes, I love but I can't
So I am letting you go now and baby one day
When you finally found what you want
And you're ready to open your heart to anyone
Don't push people away again
Easier, I know, but it's also very lonely, yeah",1372942516777930756,dianatfandi,[],,[],
183,https://twitter.com/wrapthatbooty/status/1372413671163367426,2021-03-18 05:04:52+00:00,@Aidan_ays Waiting for u to reply my lonely ass,1372413671163367426,wrapthatbooty,[],,[],
184,https://twitter.com/aziqzebra/status/1372213661226266625,2021-03-17 15:50:05+00:00,have you ever hit rockbottom? that place is dark and lonely....,1372213661226266625,aziqzebra,[],,[],
185,https://twitter.com/sayaterlalubaik/status/1371273013740511236,2021-03-15 01:32:18+00:00,Not heartbroken but feeling lonely,1371273013740511236,sayaterlalubaik,[],,[],
186,https://twitter.com/gojouwaifuu/status/1371136838707027968,2021-03-14 16:31:11+00:00,Im so sad and frustrated now.. Chanel i hope u cn hve a btr life in ur new owner huz.. :(( i will miss u so much.. simba is vry lonely. Bt no worries he will hve new friend soon. Take care chanel. Hope the new owner is good to u.,1371136838707027968,gojouwaifuu,[],,[],
187,https://twitter.com/lonedude_/status/1371121840337215490,2021-03-14 15:31:35+00:00,Pity a poor and lonely soul here🧍🏽,1371121840337215490,lonedude_,[],,[],
188,https://twitter.com/gojouwaifuu/status/1370964938592714753,2021-03-14 05:08:07+00:00,I feel bad for simba. She feel so lonely. Her wife is gone. And he keep meowing pitifully..,1370964938592714753,gojouwaifuu,[],,[],
189,https://twitter.com/Vikrant__Panda/status/1365463105711480832,2021-02-27 00:45:48+00:00,lonely bf nonexistent gf-,1365463105711480832,Vikrant__Panda,[],,[],
190,https://twitter.com/svt_carat16/status/1364618786314153984,2021-02-24 16:50:46+00:00,Pernah try tengok avengers end game sorang2. Aku duk tengah2 antara 2 couple weii. Pastu aku nangis dalam tu sebab rasa lonely gilerr. 😭😭😭 https://t.co/EnFxmF94Dr,1364618786314153984,svt_carat16,['https://twitter.com/ErahSoo/status/1364191088102109184'],https://twitter.com/ErahSoo/status/1364191088102109184,['https://t.co/EnFxmF94Dr'],https://t.co/EnFxmF94Dr
191,https://twitter.com/Shukri_Amre/status/1364500461760352259,2021-02-24 09:00:35+00:00,Dulu bujang hari hari macam ni. Best jalan sorang. Takyah tunggu orang. Relax je. Korang je over jalan sorang ni lonely haha https://t.co/Cwabhqt3Fi,1364500461760352259,Shukri_Amre,['https://twitter.com/ErahSoo/status/1364191088102109184'],https://twitter.com/ErahSoo/status/1364191088102109184,['https://t.co/Cwabhqt3Fi'],https://t.co/Cwabhqt3Fi
192,https://twitter.com/AzimImranAzhari/status/1362348543852220416,2021-02-18 10:29:38+00:00,"Do not feel lonely.. 
The entire universe is inside you🌲 https://t.co/lJgvT1cmcP",1362348543852220416,AzimImranAzhari,[],,[],
193,https://twitter.com/ami_arima/status/1362023626300559362,2021-02-17 12:58:32+00:00,"MCO extended?

Longer lonely nights. Hmm.",1362023626300559362,ami_arima,[],,[],
194,https://twitter.com/sharifahhana_/status/1361651001845968898,2021-02-16 12:17:51+00:00,Feeling lonely,1361651001845968898,sharifahhana_,[],,[],
195,https://twitter.com/wis_the_sea/status/1360975287979139077,2021-02-14 15:32:49+00:00,@hannabeeeyy HAHAHAHA AY bet. Masherep dba??? Kain tyo uli dun haha para di ka na lonely,1360975287979139077,wis_the_sea,[],,[],
196,https://twitter.com/nazura93/status/1360959914227589125,2021-02-14 14:31:43+00:00,Nak marathon ke tak Black Clover sampai latest episode? Tapi nanti kang aku lonely jap takde cite nak tgk 🥲,1360959914227589125,nazura93,[],,[],
197,https://twitter.com/MissFortuneCat/status/1360946357389852678,2021-02-14 13:37:51+00:00,Pls combine ur cny and vday ig posts so I don't have to see you being prosperous with love multiple times because I'm lonely as fuck.,1360946357389852678,MissFortuneCat,[],,[],
198,https://twitter.com/QillinAurora/status/1360858004854169601,2021-02-14 07:46:46+00:00,Like I never even tried to help in game or I'm just a burden in game... Idk.. maybe it's my period speaking this to me.. I just feel so lonely again ....,1360858004854169601,QillinAurora,[],,[],
199,https://twitter.com/Nnrlndh/status/1360302296932909056,2021-02-12 18:58:35+00:00,Why do i feel fucking lonely sia,1360302296932909056,Nnrlndh,[],,[],
200,https://twitter.com/AFatElectron/status/1360295256328052736,2021-02-12 18:30:36+00:00,"""lonely as is lonely is
It is what it is
I Cannot decide what cards are dealt to me
But I can decide how to play my hand
If life wants to give me a single state
I will make a steady state""

Poem",1360295256328052736,AFatElectron,[],,[],
201,https://twitter.com/gashina98/status/1360130815938555905,2021-02-12 07:37:11+00:00,Lonely...,1360130815938555905,gashina98,[],,[],
202,https://twitter.com/Dhillwithit/status/1359888329441857539,2021-02-11 15:33:37+00:00,Aku just .... Lonely asf,1359888329441857539,Dhillwithit,[],,[],
203,https://twitter.com/Alone_pathfinde/status/1359712657046007812,2021-02-11 03:55:34+00:00,@lonely_dayss 🙏,1359712657046007812,Alone_pathfinde,[],,[],
204,https://twitter.com/Alone_pathfinde/status/1359703393657253888,2021-02-11 03:18:45+00:00,@karalayalim @lonely_dayss Günaydın Karayalım,1359703393657253888,Alone_pathfinde,[],,[],
205,https://twitter.com/Alone_pathfinde/status/1359703319376138243,2021-02-11 03:18:28+00:00,"@lonely_dayss Saat 11:17
Günaydın",1359703319376138243,Alone_pathfinde,[],,[],
206,https://twitter.com/lasagnaburger/status/1359655690961260547,2021-02-11 00:09:12+00:00,"1-800-Im-So-Lonely by Mike Katz
https://t.co/muuBOSLZHa",1359655690961260547,lasagnaburger,['https://open.spotify.com/track/3xPeeWLRrssJJMvCWyZJuZ?si=1yWenC7BQMKCu1zB2WvmOA'],https://open.spotify.com/track/3xPeeWLRrssJJMvCWyZJuZ?si=1yWenC7BQMKCu1zB2WvmOA,['https://t.co/muuBOSLZHa'],https://t.co/muuBOSLZHa
207,https://twitter.com/soul_fangs/status/1359546702626131971,2021-02-10 16:56:07+00:00,"Sometimes you don’t realize that how lonely you are, until it’s the end of the day and you have a bunch of stuff to talk about be it awesome things happening to you or just those gloomy bad day feelings, but you don’t have anyone to tell them to.. https://t.co/lQdX3VnTdi",1359546702626131971,soul_fangs,[],,[],
208,https://twitter.com/illusionpurple/status/1359523053911166981,2021-02-10 15:22:09+00:00,Lonely McD... https://t.co/D6TtZDr4kS,1359523053911166981,illusionpurple,[],,[],
209,https://twitter.com/Dhillwithit/status/1359194154245386243,2021-02-09 17:35:13+00:00,mmg takde org nak layan or mmg aku just lonely????,1359194154245386243,Dhillwithit,[],,[],
210,https://twitter.com/Am_Mirul_Syafiq/status/1359184975233392640,2021-02-09 16:58:45+00:00,"I find it very annoying when people make jokes about me dating my colleagues or me dating in general. I’m 30, not lonely. Being in a relationship has no importance whatsoever in my life as I don’t see it would contribute anything in MY life. Y’all go nuts with your partner tho.",1359184975233392640,Am_Mirul_Syafiq,[],,[],
211,https://twitter.com/PHYUTHIPHYO1/status/1359159542072901634,2021-02-09 15:17:41+00:00,I so lonely 🥺😭 https://t.co/HzDZy0PxJY,1359159542072901634,PHYUTHIPHYO1,[],,[],
212,https://twitter.com/beeepbooo/status/1359096448957046790,2021-02-09 11:06:58+00:00,@ana_khrdn 1 meja 2 orang saja. Ai dowan be lonely,1359096448957046790,beeepbooo,[],,[],
213,https://twitter.com/BDS_SE_Asia/status/1357583346000404481,2021-02-05 06:54:27+00:00,@supbrow @ConnellyAL @mgerrydoyle @graham_euan @jamescrabtree @OlliSuorsa @CollinSLKoh @willschoong @SenangDiri @BDHerzinger Is ship-spotting a thing...? (asking for a lonely friend...),1357583346000404481,BDS_SE_Asia,[],,[],
214,https://twitter.com/jaschintaz/status/1356833809182822400,2021-02-03 05:16:03+00:00,"Yesterday Calista from @hitzdotmy said that she thought it was sweet that Justin Bieber dedicated his song Lonely to his wife, Hailey. 

Erm. Not exactly a sweet song to be dedicated to your partner. 

And where/when did he even say it’s dedicated to her?

https://t.co/8aCJlsST5I",1356833809182822400,jaschintaz,['https://www.dnaindia.com/hollywood/report-justin-bieber-s-new-track-lonely-talks-about-past-with-selena-gomez-2850412'],https://www.dnaindia.com/hollywood/report-justin-bieber-s-new-track-lonely-talks-about-past-with-selena-gomez-2850412,['https://t.co/8aCJlsST5I'],https://t.co/8aCJlsST5I
215,https://twitter.com/FrEAkY_FaRItH/status/1356030815889616899,2021-02-01 00:05:14+00:00,"@farizal_lee I dont know this one angry, moody or lonely again 😂",1356030815889616899,FrEAkY_FaRItH,[],,[],
216,https://twitter.com/eddydaud/status/1355568555895345152,2021-01-30 17:28:23+00:00,@sayyedalifkhan @saroki19 Yup he cuts a lonely figure in his daily tv appearances.,1355568555895345152,eddydaud,[],,[],
217,https://twitter.com/_amirulakhbar/status/1355533624192339970,2021-01-30 15:09:35+00:00,Will continue this thread on the valentines day to rant out how lonely I am HAHAHAHA. Okay that's all 🥴,1355533624192339970,_amirulakhbar,[],,[],
218,https://twitter.com/Alwardi/status/1355390508462272513,2021-01-30 05:40:53+00:00,"""With bird I'll share this lonely view...""
-Scar Tissue, RHCP https://t.co/w3cHioGvmh",1355390508462272513,Alwardi,[],,[],
219,https://twitter.com/lady_aphrael/status/1355209122409402370,2021-01-29 17:40:08+00:00,@slytherinjimi Spam me throughout this lonely night. I’m ready.,1355209122409402370,lady_aphrael,[],,[],
220,https://twitter.com/syty_zulayha/status/1355002562542358530,2021-01-29 03:59:20+00:00,"Actually tak tahu dah nak scroll apa dekat twitter, fb, ig ni. Lonely betul hahahaa",1355002562542358530,syty_zulayha,[],,[],
221,https://twitter.com/_Myo27/status/1354437381932208129,2021-01-27 14:33:30+00:00,I m so lonely mr lonely all on my ownnnn,1354437381932208129,_Myo27,[],,[],
222,https://twitter.com/PremaSam90/status/1354048189482070016,2021-01-26 12:47:00+00:00,Being alone and feeling lonely are two very different things.,1354048189482070016,PremaSam90,[],,[],
223,https://twitter.com/sitizarizza/status/1353262672817528832,2021-01-24 08:45:38+00:00,"Being a woman, married but still have no kids, is not easy. Mix feeling. Sad, dissapointed, painful, lonely etc",1353262672817528832,sitizarizza,[],,[],
224,https://twitter.com/hnhanim/status/1353171303163805696,2021-01-24 02:42:34+00:00,@annisayusry Ye wehhh. Dah la lonely hahahahah line pulak mcm harom,1353171303163805696,hnhanim,[],,[],
225,https://twitter.com/zhangqichuan/status/1352847033753722882,2021-01-23 05:14:02+00:00,"The lonely Merlion, still lovely. https://t.co/26dGekTVCo",1352847033753722882,zhangqichuan,[],,[],
226,https://twitter.com/uniqaa_/status/1352679639378870272,2021-01-22 18:08:52+00:00,@nadieralee Eh iye dok. Sama. Sendu betul kan rasa kosong rasa lonely semua hahahhahhaa over tau,1352679639378870272,uniqaa_,[],,[],
227,https://twitter.com/DaBigGaffer/status/1351426467482071046,2021-01-19 07:09:12+00:00,"Lonely lunch, but great to be in. #workintheoffice @ Changi Business Park https://t.co/qAZgr0OYJB",1351426467482071046,DaBigGaffer,['https://www.instagram.com/p/CKN7durFtUV/?igshid=exkimcz677yp'],https://www.instagram.com/p/CKN7durFtUV/?igshid=exkimcz677yp,['https://t.co/qAZgr0OYJB'],https://t.co/qAZgr0OYJB
228,https://twitter.com/idnefaadda/status/1351163301682667526,2021-01-18 13:43:29+00:00,kadang kadang yang paling happy tu lah sebenarnya dalam diam paling lonely and paling sedih😌,1351163301682667526,idnefaadda,[],,[],
229,https://twitter.com/karmayusof_/status/1351034463287975938,2021-01-18 05:11:31+00:00,“It gets lonely as you go up” - anon,1351034463287975938,karmayusof_,[],,[],
230,https://twitter.com/teelip/status/1350838116731510784,2021-01-17 16:11:19+00:00,"Neutered lonely cat ... @ Marsiling, Singapore https://t.co/sfmoG3uemI",1350838116731510784,teelip,['https://www.instagram.com/p/CKJv6VrA1Uy/?igshid=1g9jh2euds6v5'],https://www.instagram.com/p/CKJv6VrA1Uy/?igshid=1g9jh2euds6v5,['https://t.co/sfmoG3uemI'],https://t.co/sfmoG3uemI
231,https://twitter.com/Iamhalfxz/status/1350801950271393792,2021-01-17 13:47:36+00:00,Being single is lonely,1350801950271393792,Iamhalfxz,[],,[],
232,https://twitter.com/Iamhalfxz/status/1350801924908490753,2021-01-17 13:47:30+00:00,Felt so lonely,1350801924908490753,Iamhalfxz,[],,[],
233,https://twitter.com/Nnaganoinochi/status/1349048104566157312,2021-01-12 17:38:26+00:00,"何が正しいなんて　All of The Day　All of The One
Shake Down　真夜中の海を
微睡(まどろみ)と　Wandering　Wondering in the Life

片手に Destiny　片手に Lonely　知る由もない
君は誰？　誰が君？　景色はカゲロウ

夢の続きは　幾何学な Primary
瞳閉じれば　感じられる Eternity",1349048104566157312,Nnaganoinochi,[],,[],
234,https://twitter.com/naiad4ny/status/1348828113560424449,2021-01-12 03:04:16+00:00,come w4 im lonely,1348828113560424449,naiad4ny,[],,[],
235,https://twitter.com/NurtanioSiagian/status/1348684760659333120,2021-01-11 17:34:38+00:00,In the crowd still feels lonely.,1348684760659333120,NurtanioSiagian,[],,[],
236,https://twitter.com/pinceshh/status/1348622245040517121,2021-01-11 13:26:14+00:00,"@hashim_hudson aduh jangan lonely,  perlis tak pkp 😭",1348622245040517121,pinceshh,[],,[],
237,https://twitter.com/AnakandaEnRamli/status/1347689928725913600,2021-01-08 23:41:32+00:00,@thesonofR ohhh dlm dinding. lonely dinding tuu. patut laaa,1347689928725913600,AnakandaEnRamli,[],,[],
238,https://twitter.com/_amirulakhbar/status/1346199780867727361,2021-01-04 21:00:13+00:00,For some it's a he* some girls really..... Need a good guy but they themselves used good guys just because they are lonely.... https://t.co/bBuiKwOQ1P,1346199780867727361,_amirulakhbar,['https://twitter.com/blxcknicotine/status/1346143249111498754'],https://twitter.com/blxcknicotine/status/1346143249111498754,['https://t.co/bBuiKwOQ1P'],https://t.co/bBuiKwOQ1P
239,https://twitter.com/kayjoopang/status/1346169296179773440,2021-01-04 18:59:05+00:00,"#alone but never #lonely .
 #gingerhead 

#atechnicolorlife 
05.01.2021 @ Singapore https://t.co/rfdr2SkcpG",1346169296179773440,kayjoopang,['https://www.instagram.com/p/CJokyDEhqan/?igshid=j438zrbioaah'],https://www.instagram.com/p/CJokyDEhqan/?igshid=j438zrbioaah,['https://t.co/rfdr2SkcpG'],https://t.co/rfdr2SkcpG
240,https://twitter.com/budakXbiol/status/1345761041066590208,2021-01-03 15:56:49+00:00,Felt lonely nowadays,1345761041066590208,budakXbiol,[],,[],
241,https://twitter.com/hikayatpenyu/status/1345723045873287168,2021-01-03 13:25:51+00:00,nak enjoy camne.. belum sempat enjoy dah rasa lonely.. but its okay nobody care.. haha.. ni semua mainan otak.. jadi kekal lah kita untuk tenang..,1345723045873287168,hikayatpenyu,[],,[],
