,url,date,content,id,username,outlinks,outlinksss,tcooutlinks,tcooutlinksss
0,https://twitter.com/torbjorngk/status/1412740718095831044,2021-07-07 11:50:09+00:00,"Returning to a physical workplace can increase or reduce burnout, depending on the person. How firms can manage. https://t.co/sYLXyzl6sb #burnout #careers #stress https://t.co/Zg3cqOozXv",1412740718095831044,torbjorngk,"['https://krnfy.bz/3h5VgGI', 'https://bit.ly/3Ayijmq']",https://krnfy.bz/3h5VgGI https://bit.ly/3Ayijmq,"['https://t.co/sYLXyzl6sb', 'https://t.co/Zg3cqOozXv']",https://t.co/sYLXyzl6sb https://t.co/Zg3cqOozXv
1,https://twitter.com/Cocoveda/status/1411905048615915520,2021-07-05 04:29:30+00:00,"How often do you wash/shampoo your hair?

#Cocoveda #poll #twitterpoll #hair #haircare #hairloss #hairfall #lifestyle #conditioner #hairbrush #stress #shower #bath #shampoochallenge #washyourhair #knowyourhair #veganproducts #hairoil #dryhair #nourish #shampoo #hairwash #breakage",1411905048615915520,Cocoveda,[],,[],
2,https://twitter.com/fendy_ffcc/status/1410926159995412480,2021-07-02 11:39:44+00:00,sorry aku takde mood nk reply semua sorry hmmmm #stress,1410926159995412480,fendy_ffcc,[],,[],
3,https://twitter.com/garyveesiva/status/1410812771982184451,2021-07-02 04:09:11+00:00,"What's normal Anxiety --and what's an anxiety disorder? | Body Stuff  with Dr. Jen Gunter @TEDTalks #Anxiety #stress
 https://t.co/AnHQpa7KC8",1410812771982184451,garyveesiva,['https://youtu.be/xsEJ6GeAGb0'],https://youtu.be/xsEJ6GeAGb0,['https://t.co/AnHQpa7KC8'],https://t.co/AnHQpa7KC8
4,https://twitter.com/garyveesiva/status/1410576569626771459,2021-07-01 12:30:36+00:00,Stress Can Be a Good Thing If You Know How to Use It #stress #problemsolving https://t.co/e69rHy9Gsf,1410576569626771459,garyveesiva,['https://buff.ly/1JEo02f'],https://buff.ly/1JEo02f,['https://t.co/e69rHy9Gsf'],https://t.co/e69rHy9Gsf
5,https://twitter.com/eFeedLink/status/1410458158707863553,2021-07-01 04:40:04+00:00,"A reminder to join us in this #webinar where 
@Adisseo experts would be discussing the role of newer generation feed additives in #diet intervention to counteract #stress in animals.

Register at: 
https://t.co/yz9scOMj6x https://t.co/UFAiMaYcY0",1410458158707863553,eFeedLink,['https://us02web.zoom.us/webinar/register/4616239104884/WN_e6pR7KAnS8umXbbJIR3OFg'],https://us02web.zoom.us/webinar/register/4616239104884/WN_e6pR7KAnS8umXbbJIR3OFg,['https://t.co/yz9scOMj6x'],https://t.co/yz9scOMj6x
6,https://twitter.com/DionysusYeo/status/1369687717261570048,2021-03-10 16:32:54+00:00,"#Stress #test at 12.30am
VS #yesterday
10 March 2021
#huawei #huaweisg #huaweihealth #huaweiP20pro #huaweiwatch #huaweiwatchfit @ Singapore https://t.co/uXPhCfxaw4",1369687717261570048,DionysusYeo,['https://www.instagram.com/p/CMPruGJnILw/?igshid=haguv6dm1e2n'],https://www.instagram.com/p/CMPruGJnILw/?igshid=haguv6dm1e2n,['https://t.co/uXPhCfxaw4'],https://t.co/uXPhCfxaw4
7,https://twitter.com/DionysusYeo/status/1369332305198776325,2021-03-09 17:00:37+00:00,"#Stress test taken at almost 1am SG time, 30 mins after #dinner

#huaweihealth #huaweiwatchfit #huawei #huaweisg @ Singapore https://t.co/9AvEmHTta1",1369332305198776325,DionysusYeo,['https://www.instagram.com/p/CMNKGJFHgEd/?igshid=144lzwskrrfr8'],https://www.instagram.com/p/CMNKGJFHgEd/?igshid=144lzwskrrfr8,['https://t.co/9AvEmHTta1'],https://t.co/9AvEmHTta1
8,https://twitter.com/rosse_tdl/status/1368692571111788545,2021-03-07 22:38:32+00:00,"#Taurus 
#stress https://t.co/V8TPeSygg7",1368692571111788545,rosse_tdl,['https://twitter.com/Taurus_Doll/status/1368126276280586240'],https://twitter.com/Taurus_Doll/status/1368126276280586240,['https://t.co/V8TPeSygg7'],https://t.co/V8TPeSygg7
9,https://twitter.com/JametPatrick/status/1360890842420891651,2021-02-14 09:57:15+00:00,Pretty happy with this milestone. It took a month longer than I had planned but I got to the 1000km mark. I am glad I chose running to help with my #Wellbeing #stress and #health https://t.co/dunxd7Ghfr,1360890842420891651,JametPatrick,[],,[],
