,url,date,content,id,username,outlinks,outlinksss,tcooutlinks,tcooutlinksss
0,https://twitter.com/ohayokosg/status/1344150506839572480,2020-12-30 05:17:08+00:00,"お酒を飲まないと喋れない性質なのでほぼ無言のVlogです…

隔離中たくさんのメッセージや差し入れを頂き、不便ながらも幸せな2週間を過ごせた私はとてもラッキーです😌

【🇸🇬SHNシンガポール隔離生活@フェアモント / SHN Quarantine@Fairmont Singapore】 https://t.co/SiBaQ22mEH https://t.co/VKe8vo6qw6",1344150506839572480,ohayokosg,['https://youtu.be/CzEadNgXMXQ'],https://youtu.be/CzEadNgXMXQ,['https://t.co/SiBaQ22mEH'],https://t.co/SiBaQ22mEH
1,https://twitter.com/hkmkimi/status/1342143032083140608,2020-12-24 16:20:09+00:00,@saltypootato Sorry but 5 days shn bro 🤣,1342143032083140608,hkmkimi,[],,[],
2,https://twitter.com/amumumus/status/1341603351461584897,2020-12-23 04:35:39+00:00,Singapore skyline at night. View courtesy of @swissotelthestamford and this awesome hotel room. #shn #quarantine #quarantinelife #2020 @ Swissotel The Stamford https://t.co/32qx9ChDOI,1341603351461584897,amumumus,['https://www.instagram.com/p/CJIIbiZlgn2/?igshid=1w8e2lzw0lhfc'],https://www.instagram.com/p/CJIIbiZlgn2/?igshid=1w8e2lzw0lhfc,['https://t.co/32qx9ChDOI'],https://t.co/32qx9ChDOI
3,https://twitter.com/_BluredG/status/1339873802784710656,2020-12-18 10:03:02+00:00,"Just want to get a refill... i left 5 days only.. this water bottle is too much 😜 i hope you give soda also 🥰

#Shn #BluredG #nyrm #grandhyattsingapore @grandhyattsing https://t.co/oBmAfA9nwZ",1339873802784710656,_BluredG,[],,[],
4,https://twitter.com/Daniaru_/status/1339267435019399169,2020-12-16 17:53:33+00:00,So tempting to take eva out for a ride. But damn im on SHN,1339267435019399169,Daniaru_,[],,[],
5,https://twitter.com/eteensoyabean/status/1338765471638646785,2020-12-15 08:38:56+00:00,@ganglygoose think u might need to extend ur shn bc it must be some fever dream u havin if u think i said that,1338765471638646785,eteensoyabean,[],,[],
6,https://twitter.com/_BluredG/status/1337953086665453568,2020-12-13 02:50:48+00:00,testing lang.. di pala pwede lumabas #SHn #BluredG #Nyrm https://t.co/KSjjpv7ZCv,1337953086665453568,_BluredG,[],,[],
7,https://twitter.com/Sgboy01/status/1337303313239326726,2020-12-11 07:48:50+00:00,Breach SHN just to buy bubble tea? You know what? I say ban the damn tea we don't need the sugar .... Now who is with me,1337303313239326726,Sgboy01,[],,[],
8,https://twitter.com/Kits/status/1335747683190005761,2020-12-07 00:47:19+00:00,Labour of love over the last six days 😊 thanks @thelionrockpress and @keyakamat 🥰🥰 was determined to finish this before our #SHN ended #puzzles #athome #singapore #entertainment @ Singapore https://t.co/M77S5LnSyv,1335747683190005761,Kits,['https://www.instagram.com/p/CIehk-CplhH/?igshid=1tamilyofygr5'],https://www.instagram.com/p/CIehk-CplhH/?igshid=1tamilyofygr5,['https://t.co/M77S5LnSyv'],https://t.co/M77S5LnSyv
9,https://twitter.com/Kits/status/1334851717859426314,2020-12-04 13:27:04+00:00,Huge thanks to PP for organising this lovely @glenfiddichwhisky for us to ‘sustain’ ourselves through our 7 day SHN #singapore #fridaynight #fridayvibes #whisky #athome @ Singapore https://t.co/S5ktm5EsJR,1334851717859426314,Kits,['https://www.instagram.com/p/CIYKJHCJiww/?igshid=rg7b56tkrufl'],https://www.instagram.com/p/CIYKJHCJiww/?igshid=rg7b56tkrufl,['https://t.co/S5ktm5EsJR'],https://t.co/S5ktm5EsJR
10,https://twitter.com/Kits/status/1334696470956691456,2020-12-04 03:10:10+00:00,Chasing light #singapore #shn #reflections #perspective #light #shadows @ Singapore https://t.co/LDaAHu9QHq,1334696470956691456,Kits,['https://www.instagram.com/p/CIXDi3vp84R/?igshid=r3m65mwqzhr3'],https://www.instagram.com/p/CIXDi3vp84R/?igshid=r3m65mwqzhr3,['https://t.co/LDaAHu9QHq'],https://t.co/LDaAHu9QHq
11,https://twitter.com/guanyinmiao/status/1334508508893622276,2020-12-03 14:43:17+00:00,"Fooled around with video recording and editing. Two seconds a day, documenting the SHN experience. https://t.co/QPULqABDqV",1334508508893622276,guanyinmiao,[],,[],
12,https://twitter.com/guanyinmiao/status/1334379284740198407,2020-12-03 06:09:47+00:00,Done with SHN! Time for a haircut... https://t.co/oHtXxBQW5F,1334379284740198407,guanyinmiao,['https://twitter.com/guanyinmiao/status/1328933566353453056'],https://twitter.com/guanyinmiao/status/1328933566353453056,['https://t.co/oHtXxBQW5F'],https://t.co/oHtXxBQW5F
13,https://twitter.com/Mimi_Covergal/status/1334332558675333124,2020-12-03 03:04:07+00:00,"Pest control to deal with SHN hotel guests' cockroach complaints https://t.co/lwCSzFZRQa #readOnTNP via @thenewpaper,",1334332558675333124,Mimi_Covergal,['https://www.tnp.sg/news/singapore/pest-control-deal-shn-hotel-guests-cockroach-complaints'],https://www.tnp.sg/news/singapore/pest-control-deal-shn-hotel-guests-cockroach-complaints,['https://t.co/lwCSzFZRQa'],https://t.co/lwCSzFZRQa
14,https://twitter.com/juniorg5gti/status/1333987345029242881,2020-12-02 04:12:21+00:00,@t_kis 日本での自粛SHNの期間は余りSNS(投稿)はされないで、あとはご自身の判断で良いのでは？と思います。SNS投稿して、周囲から色々言われていた友達が何人かいました😅,1333987345029242881,juniorg5gti,[],,[],
15,https://twitter.com/Kits/status/1333951698285551622,2020-12-02 01:50:43+00:00,How we are spending our 7 day #SHN. Thanks @keyakamat and @thelionrockpress #singapore #quarantine #puzzle #singaporeig @ Singapore https://t.co/OMZkqQIP6V,1333951698285551622,Kits,['https://www.instagram.com/p/CIRw26DJ5YE/?igshid=1iwl4qvzkc7zc'],https://www.instagram.com/p/CIRw26DJ5YE/?igshid=1iwl4qvzkc7zc,['https://t.co/OMZkqQIP6V'],https://t.co/OMZkqQIP6V
16,https://twitter.com/sleepycat_jiji/status/1332186877395308544,2020-11-27 04:57:57+00:00,SHNを始めた同僚にステッパーのデリバリー完了　別の同僚も同じホテルだったけど、なんかルールがあるのかね？,1332186877395308544,sleepycat_jiji,[],,[],
17,https://twitter.com/izzaaah15/status/1332182168940908544,2020-11-27 04:39:14+00:00,@vindlayana_shn @ormilkeju GASSS BERANGSKUY,1332182168940908544,izzaaah15,[],,[],
18,https://twitter.com/izzaaah15/status/1332181824622055426,2020-11-27 04:37:52+00:00,@vindlayana_shn gasskeunn,1332181824622055426,izzaaah15,[],,[],
19,https://twitter.com/izzaaah15/status/1332171666135269379,2020-11-27 03:57:30+00:00,@ormilkeju @vindlayana_shn HAHAHAHAHAH,1332171666135269379,izzaaah15,[],,[],
20,https://twitter.com/izzaaah15/status/1332143502063353856,2020-11-27 02:05:35+00:00,"@vindlayana_shn Yatuhaannnnn:( 
Ganjelin pake busa cobaa",1332143502063353856,izzaaah15,[],,[],
21,https://twitter.com/Icon90163350/status/1331404121149112323,2020-11-25 01:07:33+00:00,@sgtinkerbelle @4faye_MayMei ヘルパーのSHN費用は雇用主負担ですよね。でももし強制送還になるならSHN費用も治療費持たないってなっちゃいそう。ヘルパー市場逼迫してるし、感染したから送り返すとはならない気しますが。どうなんでしょう。,1331404121149112323,Icon90163350,[],,[],
22,https://twitter.com/izzaaah15/status/1331180010078564352,2020-11-24 10:17:01+00:00,"@ormilkeju @vindlayana_shn balekkk kaww, anak dan suami mu nyariin disiniiii",1331180010078564352,izzaaah15,[],,[],
23,https://twitter.com/izzaaah15/status/1331167298871169024,2020-11-24 09:26:30+00:00,"@ormilkeju @vindlayana_shn Seriuss niii, kapan mu balek?",1331167298871169024,izzaaah15,[],,[],
24,https://twitter.com/izzaaah15/status/1331155765759860739,2020-11-24 08:40:40+00:00,@vindlayana_shn @ormilkeju Yang kyk becak itu ajaaa kan kita bawa karpet dll wkwkwkwkkwwk,1331155765759860739,izzaaah15,[],,[],
25,https://twitter.com/izzaaah15/status/1331153350339948545,2020-11-24 08:31:05+00:00,@ormilkeju @vindlayana_shn Sini biar aku aja selawwwww,1331153350339948545,izzaaah15,[],,[],
26,https://twitter.com/izzaaah15/status/1331142828873842689,2020-11-24 07:49:16+00:00,"@ormilkeju @vindlayana_shn pulang kaw, anak2 mu nyariin",1331142828873842689,izzaaah15,[],,[],
27,https://twitter.com/izzaaah15/status/1331140658636140545,2020-11-24 07:40:39+00:00,@vindlayana_shn @ormilkeju AYO KITA PIKNIKKKK,1331140658636140545,izzaaah15,[],,[],
28,https://twitter.com/izzaaah15/status/1331059063577186306,2020-11-24 02:16:25+00:00,"@ormilkeju @vindlayana_shn kpn pulangggg, mari kita piknikkk~",1331059063577186306,izzaaah15,[],,[],
29,https://twitter.com/izzaaah15/status/1330888794728329216,2020-11-23 14:59:50+00:00,@vindlayana_shn @ormilkeju AKU JUGA HAHAHAHAHAHAHAH maap ya beb @ormilkeju 😘,1330888794728329216,izzaaah15,[],,[],
30,https://twitter.com/onabe036/status/1330418797442842624,2020-11-22 07:52:13+00:00,"日本はまだまだって感じですね
#コロナ
#日本大丈夫か
#SHN
#いつになったら一時帰国出来るのか😭 https://t.co/RTuJ7qS2R8",1330418797442842624,onabe036,['https://twitter.com/studySingapore/status/1330303244938174467'],https://twitter.com/studySingapore/status/1330303244938174467,['https://t.co/RTuJ7qS2R8'],https://t.co/RTuJ7qS2R8
31,https://twitter.com/onabe036/status/1330013430854553604,2020-11-21 05:01:27+00:00,"@ryoryo1703 日本の感染状況から入国後の自宅での14日間SHNが23日から取り止めになり政府のSHN施設のみになりました。

予定変更にならない事を祈ります。🥺

https://t.co/HsDxJYv7xF",1330013430854553604,onabe036,['https://www.moh.gov.sg/news-highlights/details/updated-border-measures-for-travellers-from-malaysia-and-japan'],https://www.moh.gov.sg/news-highlights/details/updated-border-measures-for-travellers-from-malaysia-and-japan,['https://t.co/HsDxJYv7xF'],https://t.co/HsDxJYv7xF
32,https://twitter.com/azhrmj/status/1329967153596960769,2020-11-21 01:57:33+00:00,"siapa yg balik dr malaysia nak masuk SG:

SHN facility sekarang kena duduk 14-hari instead of 7-hari, then kena charge 2000 dollar. bagi yang dah pre-book stay hotel kena request for refund.

terduduk bhai siapa yg affected.",1329967153596960769,azhrmj,[],,[],
33,https://twitter.com/farhan_hakeem/status/1329766716180635649,2020-11-20 12:41:05+00:00,Ya tuhanku anyone yang balik sg after 27/11 kena bayar shn kt facility diorang which cost $2000 wtf,1329766716180635649,farhan_hakeem,[],,[],
34,https://twitter.com/mxaxmxix/status/1329755239105261568,2020-11-20 11:55:29+00:00,"やっぱり🇯🇵第3波でまた強制SHN

この数日で🇸🇬入国できた人
すごい狭き門をくぐり抜けて来ましたね

でも、コロナは持ってこないでね🥺 https://t.co/qtt4NA2uUh",1329755239105261568,mxaxmxix,[],,[],
35,https://twitter.com/__eeudaimonia/status/1329754244048510976,2020-11-20 11:51:32+00:00,Si sabri ni boleh bayar shn 14 hari ke cb betul sbb dia la dari 7 hari jadi 14hari https://t.co/qoF6jLBNrM,1329754244048510976,__eeudaimonia,[],,[],
36,https://twitter.com/juniorg5gti/status/1329625900690800641,2020-11-20 03:21:32+00:00,@t_kis 自主SHNですもんね😅 移動もしかり。,1329625900690800641,juniorg5gti,[],,[],
37,https://twitter.com/dwirtj/status/1329624214295470080,2020-11-20 03:14:50+00:00,"20201120 SHN with my first love.
.
#live #love #laugh #singapore #seen #scene #instagram #iphonography #shotoniphone #dogsofinstagram #dogs #furkids #nicoletheratterrier @ Singapore https://t.co/9TT9kgSNmJ",1329624214295470080,dwirtj,['https://www.instagram.com/p/CHzA8uCHq7o/?igshid=1lxuq7o1j5z4k'],https://www.instagram.com/p/CHzA8uCHq7o/?igshid=1lxuq7o1j5z4k,['https://t.co/9TT9kgSNmJ'],https://t.co/9TT9kgSNmJ
38,https://twitter.com/monchi_nia07/status/1328934845972672512,2020-11-18 05:35:32+00:00,"同居人がSHN明けて、帰ってきた。
おかえり。
明日から、また共同生活。
自分は年末に帰る予定。
戻ってくる頃には入国規制緩和されへんかなー、今の日本の状況じゃ厳しいかー
#Singapore #SHN",1328934845972672512,monchi_nia07,[],,[],
39,https://twitter.com/tashabakar/status/1327447599452884992,2020-11-14 03:05:45+00:00,"Choon when you’re stuck WFH or on 5 days SHN or on full lock stock barrel quarantine... 

High Contrast - Days go by https://t.co/XKk5HEx6XV via @YouTube",1327447599452884992,tashabakar,['https://youtu.be/k9pUR1QV3yQ'],https://youtu.be/k9pUR1QV3yQ,['https://t.co/XKk5HEx6XV'],https://t.co/XKk5HEx6XV
40,https://twitter.com/kingofthemutts/status/1326087534833664001,2020-11-10 09:01:20+00:00,Seriously this FT that come back to SG ah. Can u at least get a pre-paid sim cards. If not the MOM ppl is going to hunt me day and night and ur SHN will be extended if u all dyn follow their procedure. https://t.co/Qv7WNLr94P,1326087534833664001,kingofthemutts,[],,[],
41,https://twitter.com/izzaaah15/status/1324653108492791809,2020-11-06 10:01:26+00:00,@vindlayana_shn check DM,1324653108492791809,izzaaah15,[],,[],
42,https://twitter.com/kingofthemutts/status/1323104727891013632,2020-11-02 03:28:43+00:00,@Perignonic Not SHN hor Ivan sannnn? Still can go out lah. But do rest more horrrrrr!,1323104727891013632,kingofthemutts,[],,[],
43,https://twitter.com/izzaaah15/status/1321733512035098624,2020-10-29 08:40:00+00:00,@vindlayana_shn @ormilkeju aku join the club wkwkw,1321733512035098624,izzaaah15,[],,[],
44,https://twitter.com/izzaaah15/status/1321727762424496129,2020-10-29 08:17:09+00:00,@vindlayana_shn @ormilkeju ku suka mencium bau bau perkelahian...,1321727762424496129,izzaaah15,[],,[],
45,https://twitter.com/izzaaah15/status/1321454408383688704,2020-10-28 14:10:57+00:00,@vindlayana_shn @ormilkeju WKWKWKWKWKW,1321454408383688704,izzaaah15,[],,[],
46,https://twitter.com/izzaaah15/status/1321393199965851649,2020-10-28 10:07:43+00:00,@ormilkeju @vindlayana_shn WKWKWKWK,1321393199965851649,izzaaah15,[],,[],
47,https://twitter.com/izzaaah15/status/1321393173776662529,2020-10-28 10:07:37+00:00,@ormilkeju @vindlayana_shn yaAllah kalian jgn berantem:(((( aku yg salah disinii,1321393173776662529,izzaaah15,[],,[],
48,https://twitter.com/izzaaah15/status/1321390566819553282,2020-10-28 09:57:16+00:00,@vindlayana_shn Pgn retweet tp gabisa:(,1321390566819553282,izzaaah15,[],,[],
49,https://twitter.com/juniorg5gti/status/1321333443670593536,2020-10-28 06:10:16+00:00,@TSingapore1 若い方だとその手もありですよね。多分私の年代だと自宅でSHNは許可されないと思います。更に便をキャンセルした後にわかりましたが、昨今のANAの減便で最近該当便自体が無くなっておりました。,1321333443670593536,juniorg5gti,[],,[],
50,https://twitter.com/miEe143/status/1321094815715569664,2020-10-27 14:22:03+00:00,@Gen_Kayaba 今、条件ざっくり読んだのですが、同居者も一緒に同じ状況でSHNまたは一人暮らしのみですね😥,1321094815715569664,miEe143,[],,[],
51,https://twitter.com/SingaLife_jp/status/1321085468964835328,2020-10-27 13:44:55+00:00,"【速報】
11月4日以降、日本からシンガポールに入国した場合、14日間の隔離期間を政府指定の施設（ホテルなど）ではなく、自宅で過ごすことを認めると発表

但し、自宅に海外に渡航をしていない家族がいる場合、自宅でのSHNは認められないようです

日本語記事はこちら👇
https://t.co/QiC4cvqgMy",1321085468964835328,SingaLife_jp,['http://singalife.com/coronavirus/18990/'],http://singalife.com/coronavirus/18990/,['https://t.co/QiC4cvqgMy'],https://t.co/QiC4cvqgMy
52,https://twitter.com/onabe036/status/1320166402485989378,2020-10-25 00:52:52+00:00,ビジネストラックだと陰性判定でSHNの2週間隔離免除なんですね。 https://t.co/rcyIcQBnto,1320166402485989378,onabe036,['https://twitter.com/yasuzySG/status/1319149160583450624'],https://twitter.com/yasuzySG/status/1319149160583450624,['https://t.co/rcyIcQBnto'],https://t.co/rcyIcQBnto
53,https://twitter.com/farhan_hakeem/status/1319898178997506048,2020-10-24 07:07:03+00:00,@blingblingtya Mmg blh balik tapi the thing is kena SHN 1 minggu kt malaysia and bila balik singapore kena 1 minggu lg kt hotel which paling murah seminggu S$500,1319898178997506048,farhan_hakeem,[],,[],
54,https://twitter.com/juniorg5gti/status/1319492641357131777,2020-10-23 04:15:35+00:00,@ck88326492 フォロー有難う御座います。私は50 OverなのでSHNでは済まないし、日本で拾ってくるリスクも高いので、今週半ばに年末年始の航空券とホテルは全てキャンセルしました😢 やむ無しです。,1319492641357131777,juniorg5gti,[],,[],
55,https://twitter.com/daphnemaia/status/1318850362556608512,2020-10-21 09:43:24+00:00,@ofmeowandbake @frhn I have done like 30 swabs in a hotel before but these are not SHN people. They were quarantined coz they were from dorms and close contacts (room mates) of confirmed covid-19 patients etc. Not SHN but GQF.,1318850362556608512,daphnemaia,[],,[],
56,https://twitter.com/daphnemaia/status/1318844910930333696,2020-10-21 09:21:44+00:00,"@frhn Oh I don't swab SHN people. For SHN it may be at your own hotel. Depends. I swab at the Floating Platform, for BCA and MPA's non dorm workers / employees. It's part of the routine rostered testing, so these folks have to get swabbed every 2 weeks! Did u get swabbed before flying?",1318844910930333696,daphnemaia,[],,[],
57,https://twitter.com/7thlovechild/status/1318156239768047617,2020-10-19 11:45:12+00:00,SHN for a week here... Let's go!!! (@ Hotel Nuve Urbane in Singapore) https://t.co/xuYO6jNe2k https://t.co/JOM7DdLDYA,1318156239768047617,7thlovechild,['https://www.swarmapp.com/c/6c5H8TFtsjp'],https://www.swarmapp.com/c/6c5H8TFtsjp,['https://t.co/xuYO6jNe2k'],https://t.co/xuYO6jNe2k
58,https://twitter.com/AbdillahZamzuri/status/1317697413533020162,2020-10-18 05:21:59+00:00,"SHN DAY 13 - LUNCH

And you thought curry was over, well it's back! 

Murtabak served for lunch but I'm holding this out since my aunt delivered lunch. 

#StayHomeNotice #covid_19 #singapore @ Mercure Singapore Bugis https://t.co/KzHDdw6gkj",1317697413533020162,AbdillahZamzuri,['https://www.instagram.com/p/CGeRRJuhSGA/?igshid=1x04riw8okcwz'],https://www.instagram.com/p/CGeRRJuhSGA/?igshid=1x04riw8okcwz,['https://t.co/KzHDdw6gkj'],https://t.co/KzHDdw6gkj
59,https://twitter.com/AbdillahZamzuri/status/1317636799750115329,2020-10-18 01:21:08+00:00,"SHN DAY 13 - BREAKFAST

No curry dishes this morning. 

Yesterday's dinner was 1 epok-epok, fries and roti john. 

Let's see what's next for lunch

#StayHomeNotice #covid_19 #singapore @ Mercure Singapore Bugis https://t.co/U325x3UppJ",1317636799750115329,AbdillahZamzuri,['https://www.instagram.com/p/CGd1s4hh_dn/?igshid=1v6k018ev1ggc'],https://www.instagram.com/p/CGd1s4hh_dn/?igshid=1v6k018ev1ggc,['https://t.co/U325x3UppJ'],https://t.co/U325x3UppJ
60,https://twitter.com/AbdillahZamzuri/status/1317283036434731008,2020-10-17 01:55:24+00:00,"SHN DAY 12 - BREAKFAST

Roti Prata (curry, again)

This is one curry dish that I am ok with. We were served fish curry with rice and tofu for dinner yesterday.

#StayHomeNotice #covid_19 #singapore https://t.co/FT96nLrNYx",1317283036434731008,AbdillahZamzuri,['https://www.instagram.com/p/CGbU1KBBs-I/?igshid=14ncqsli5jw0f'],https://www.instagram.com/p/CGbU1KBBs-I/?igshid=14ncqsli5jw0f,['https://t.co/FT96nLrNYx'],https://t.co/FT96nLrNYx
61,https://twitter.com/malachips/status/1317260653489311744,2020-10-17 00:26:27+00:00,"@frhn @yokey017 @HerpeticCaprine @contrabandkarma I think they test you immediately so they know if you will be put under SHN (negative) or Quarantine (positive) &amp; if you need any medical treatment. After 14 days, if you get a second neg then you will end your SHN. This is like a double confirmation. :)",1317260653489311744,malachips,[],,[],
62,https://twitter.com/AbdillahZamzuri/status/1316561150256074753,2020-10-15 02:06:53+00:00,"SHN BREAKFAST DAY 10

Curry (again) with Beras Kencur

I'll be posting up the meals, as much as I've remembered to snap in due time! And you'll see whaat I mean aitee.. 

#StayHomeNotice #covidsg #singapore https://t.co/4pH3VGxDu2",1316561150256074753,AbdillahZamzuri,['https://www.instagram.com/p/CGWMjbjBNwV/?igshid=1whohp9297zcc'],https://www.instagram.com/p/CGWMjbjBNwV/?igshid=1whohp9297zcc,['https://t.co/4pH3VGxDu2'],https://t.co/4pH3VGxDu2
63,https://twitter.com/AbdillahZamzuri/status/1316358240599408640,2020-10-14 12:40:35+00:00,"PIZZA THERAPY

Sent in a request to my wife, @khatijahbegum to deliver the best therapy in the world, 🍕, and specifically from @dominossg. 

Why can't they serve pizza for SHN? 

#StayHomeNotice #covidsg #singapore https://t.co/5VEAoCJCNQ",1316358240599408640,AbdillahZamzuri,['https://www.instagram.com/p/CGUwSDNB2_s/?igshid=lvas1v1ztmhf'],https://www.instagram.com/p/CGUwSDNB2_s/?igshid=lvas1v1ztmhf,['https://t.co/5VEAoCJCNQ'],https://t.co/5VEAoCJCNQ
64,https://twitter.com/shin_nksr/status/1316349248640704512,2020-10-14 12:04:52+00:00,"配給食は本当に飽きました
#shn #singapore 場所: Shangri-La's Rasa Sentosa Resort &amp; Spa https://t.co/x043SkDKhu",1316349248640704512,shin_nksr,['https://www.instagram.com/p/CGUraxYBFIab2CynLPdnhJODPyIrs1GUxKP62Q0/?igshid=scw04uxwh175'],https://www.instagram.com/p/CGUraxYBFIab2CynLPdnhJODPyIrs1GUxKP62Q0/?igshid=scw04uxwh175,['https://t.co/x043SkDKhu'],https://t.co/x043SkDKhu
65,https://twitter.com/sleepycat_jiji/status/1314592180955090944,2020-10-09 15:42:54+00:00,今日はWAのアナウンス方法が変わった上にSHN感染者の国籍発表なし。何があったんだ？,1314592180955090944,sleepycat_jiji,[],,[],
66,https://twitter.com/chrissbell/status/1314536418253840384,2020-10-09 12:01:19+00:00,"Celebrating the end of our Mat/Paternity leave with a bottle of bubbles 🥂 on day 7 of Quarantine #SHN 🇸🇬 

Forever grateful to @twitter 🐦 for giving me this last 4 months with family 🙏🏼 👨‍👩‍👧‍👦 👶🏼 👧🏼 @finn_zoe https://t.co/nvvhRpUgtS",1314536418253840384,chrissbell,[],,[],
67,https://twitter.com/chrissbell/status/1314095545611218950,2020-10-08 06:49:27+00:00,"Let me out 🔒 
Day 7 #shn https://t.co/npCV3DPffr",1314095545611218950,chrissbell,[],,[],
68,https://twitter.com/pl0lolop/status/1313790925164994560,2020-10-07 10:39:00+00:00,Chao cheebye la fuck ur mother all u stupid fuckers serving SHN then put payment as cash u funny or what,1313790925164994560,pl0lolop,[],,[],
69,https://twitter.com/chrissbell/status/1312048957413969921,2020-10-02 15:17:02+00:00,"Back to our home #2 🇸🇬
Day 1 / 14 quarantine #shn - sea/pool view to really tease us 😜😎🙌🏼 #quarantinewithkids https://t.co/PJo2r92Ygh",1312048957413969921,chrissbell,[],,[],
70,https://twitter.com/issei_sg/status/1311146056030121986,2020-09-30 03:29:14+00:00,"SHNでシンガポールの一流ホテルに泊まって隔離生活してるよ！みたいなツイート見かけるけど、自宅あるのに2000ドル（16万円）払って2週間滞在は自分は絶対できない😭

自費で払ってたら絶対気分上がらないでしょ😅",1311146056030121986,issei_sg,[],,[],
71,https://twitter.com/melmareux/status/1310493976315609094,2020-09-28 08:18:06+00:00,5days SHN kasi may symptoms and may 2 cases today sa community. Wawwww matetegi na ba ko??,1310493976315609094,melmareux,[],,[],
72,https://twitter.com/melmareux/status/1310473467976757248,2020-09-28 06:56:36+00:00,5 days SHN??? 😩😩😩,1310473467976757248,melmareux,[],,[],
73,https://twitter.com/helloasiasing/status/1309136484805550084,2020-09-24 14:23:55+00:00,"@sgtinkerbelle 名前がミカってしか頭入らなかった。

んで、mcでSHN下って、それでバレた。",1309136484805550084,helloasiasing,[],,[],
74,https://twitter.com/mcpooolie/status/1308768306258685952,2020-09-23 14:00:54+00:00,"🤧SHN HOTEL FOOD THREAD: -&gt;

 hi so i don’t know if y’all got to see much of the food served during our gov funded stay in prison; sorry hotel*. 

here’s a collection of food pics post arrival from nyc, 21/09/2020 

x

#covid19 #stayhomenotice #SHN #QuarantineLife",1308768306258685952,mcpooolie,[],,[],
75,https://twitter.com/t_kis/status/1305900982514061312,2020-09-15 16:07:11+00:00,@curio184 ホテルでSHNしてる人のなかでもっともデジタルガジェット持ち込んでますね笑　SHNおわったらぜひ、外に出て晴れてる日に昼間から夕方にかけて撮ったのをみたいです！,1305900982514061312,t_kis,[],,[],
76,https://twitter.com/sleepycat_jiji/status/1305408657002119168,2020-09-14 07:30:51+00:00,FBのSHNのグループに載っていた写真と同じメニュー〜　ローカル以外には朝からこのビーフンはきついと思う。 https://t.co/MzklTS8yO9,1305408657002119168,sleepycat_jiji,['https://twitter.com/curio184/status/1305327368542646273'],https://twitter.com/curio184/status/1305327368542646273,['https://t.co/MzklTS8yO9'],https://t.co/MzklTS8yO9
77,https://twitter.com/ArvinTunas/status/1305053323028869120,2020-09-13 07:58:53+00:00,Waktu SHN bersihin kamar bisa sekali sehari padahal gak boleh keluar apartment. Sekarang bebas keluar malah bersihin seminggu sekali... itupun Kalau inget,1305053323028869120,ArvinTunas,[],,[],
78,https://twitter.com/Guillermaco/status/1304722688385126400,2020-09-12 10:05:04+00:00,"Empezando la vuelta a Singapur, avión y cuarentena a la llegada en un hotel. De momento no empezamos mal, cabina de business para nosotros! 🤪 #SHN #ReturningtoSG #SingaporeAirlines #Singapore #COVID19 https://t.co/UqSotzOSoS",1304722688385126400,Guillermaco,[],,[],
79,https://twitter.com/hylmannash/status/1303444903846965252,2020-09-08 21:27:36+00:00,@Shawnish1 Didn’t you profile mention that you’re from Singapore? So you should know what the abbreviation “SHN” stands for.,1303444903846965252,hylmannash,[],,[],
80,https://twitter.com/hylmannash/status/1303061517110132736,2020-09-07 20:04:10+00:00,"Also, the first thing to do after SHN is getting a hair cut. It has been 5 weeks! 

I sleeked the sides of my hair with wax and then hairspray, to make my hair seem shorter than it really is on flights.",1303061517110132736,hylmannash,[],,[],
81,https://twitter.com/hylmannash/status/1303060704669257728,2020-09-07 20:00:56+00:00,Bought loads of stuff for skincare and grooming. Can’t wait to receive the parcels when I’m back from SHN! 🤍,1303060704669257728,hylmannash,[],,[],
82,https://twitter.com/sleepycat_jiji/status/1302807125404442624,2020-09-07 03:13:18+00:00,昨日到着のSHNがJenだったので、朝一の届け物ついでにドンキで買い物〜サンマが30%オフだったよ😋夕飯はこれで決まり！,1302807125404442624,sleepycat_jiji,[],,[],
83,https://twitter.com/_toydestroyer/status/1302643287229046785,2020-09-06 16:22:16+00:00,"В Mandarin Orchard (5*, центр города) атмосферно.

Видимо тут отсиживают 14 дней SHN https://t.co/KNqL9LVNA9",1302643287229046785,_toydestroyer,[],,[],
84,https://twitter.com/davidjrainey/status/1302617524144467974,2020-09-06 14:39:53+00:00,"@jdeamattson @ankurgarg_111 Exactly this. I have friends from US, UK &amp; Australia who are long term (10 years plus each) Singapore residents and EP holders who are still stuck overseas for 4+ months, chasing weekly for updates on when they can return home.
It’s a SHN capacity issue.",1302617524144467974,davidjrainey,[],,[],
85,https://twitter.com/SyiraBebo/status/1301216337050697728,2020-09-02 17:52:04+00:00,"Baru masuk satu hari, tga buat SHN ni. Manager dah wsapp bagi job bebnyk. Balas dendam nampakkk 🤣",1301216337050697728,SyiraBebo,[],,[],
86,https://twitter.com/izzaaah15/status/1301207292600221703,2020-09-02 17:16:08+00:00,"@vindlayana_shn hiiii samaa, anjaayyyy~",1301207292600221703,izzaaah15,[],,[],
87,https://twitter.com/nellyhamdin/status/1300042898122051585,2020-08-30 12:09:15+00:00,🇸🇬SHN https://t.co/7H9IPd3Kdk,1300042898122051585,nellyhamdin,[],,[],
88,https://twitter.com/moby74/status/1298880678256193537,2020-08-27 07:11:00+00:00,"You don't like it, you can have permanent SHN wherever you came from. Don't come here and yaya papaya and tell us our gahmen rules are unnecessary. You can only complain like us if you know what ""yaya papaya"" means, hokay?? https://t.co/zQJc7lKKBo",1298880678256193537,moby74,['https://twitter.com/MothershipSG/status/1298838612847366144'],https://twitter.com/MothershipSG/status/1298838612847366144,['https://t.co/zQJc7lKKBo'],https://t.co/zQJc7lKKBo
89,https://twitter.com/kazusaman555/status/1297748736387346433,2020-08-24 04:13:04+00:00,"念願のJollibee!!!
(部屋から出れないのでデリバリーで届けてもらいました♪)

#Jollibee
#SHN https://t.co/Wd3mYh5L7K",1297748736387346433,kazusaman555,[],,[],
90,https://twitter.com/thunnb/status/1297193445270753280,2020-08-22 15:26:32+00:00,"上記一部訂正します。シンガポール側でSHNが免除される一方で、NZ側で免除されるとの発表はまだありませんーというより依然原則国境は閉ざされたままと。
New Zealand aware of Singapore's intent to establish travel, advisory to residents remains unchanged https://t.co/SSrv2yQIJb",1297193445270753280,thunnb,['https://www.channelnewsasia.com/news/singapore/new-zealand-travel-advisory-singapore-travel-advisory-13043882#.X0E4QFruw4w.twitter'],https://www.channelnewsasia.com/news/singapore/new-zealand-travel-advisory-singapore-travel-advisory-13043882#.X0E4QFruw4w.twitter,['https://t.co/SSrv2yQIJb'],https://t.co/SSrv2yQIJb
91,https://twitter.com/mxaxmxix/status/1296400371791740928,2020-08-20 10:55:09+00:00,"«٩(*´ ꒳ `*)۶»ﾋﾟｮﾝﾋﾟｮﾝ
#コロナ検査 #ネガテイブ
・ホテルからローカル携帯
・ICAから日本の携帯
・ICAからローカル携帯
3回も連絡きた！笑
まぁ、みんな「 #happy_news 」って言ってくれたからいいか🤣

#シンガポール #SHN #シンガポール隔離 #この茶色いごはんとももうすぐお別れ https://t.co/lRtcIzM2Bd",1296400371791740928,mxaxmxix,[],,[],
92,https://twitter.com/mxaxmxix/status/1296067857453735937,2020-08-19 12:53:51+00:00,ホテルから電話来て「ICAが、貴方に電話したけど出ないから」との確認電話☎️えっ？！着歴残ってないですけど。。。絶対昨日の綿棒テストの結果だと思うからドキドキ  #SHN ＃シンガポール #コロナテスト ＃ICA #隔離12日目,1296067857453735937,mxaxmxix,[],,[],
93,https://twitter.com/iameafy/status/1295998140068196352,2020-08-19 08:16:49+00:00,Currently serving SHN in a hotel and singing #folklore out loud,1295998140068196352,iameafy,[],,[],
94,https://twitter.com/JustinLladoc/status/1295911883397103616,2020-08-19 02:34:04+00:00,"Day6, almost half-way. Swab time (slightly, slightly anxious) ⛑

•

#SHN #Day6 #Singapore @ Hilton Singapore https://t.co/XlESiNw7nh",1295911883397103616,JustinLladoc,['https://www.instagram.com/p/CEDeWw_HdGT/?igshid=qaxain1spjwo'],https://www.instagram.com/p/CEDeWw_HdGT/?igshid=qaxain1spjwo,['https://t.co/XlESiNw7nh'],https://t.co/XlESiNw7nh
95,https://twitter.com/Hiizir/status/1295548144214654976,2020-08-18 02:28:42+00:00,"I dreamt that I was holidaying in Spain.

But my biggest worry was that my boss would be mad that I need to serve 14 days SHN when I get back.",1295548144214654976,Hiizir,[],,[],
96,https://twitter.com/kazusaman555/status/1294563824041771009,2020-08-15 09:17:22+00:00,"政府(Ministry of Manpower)から届いたSMSの指示に従ってアプリ(Homer)をインストール。1日3回の部屋滞在の証拠写真付き健康状態報告と、位置情報による24時間監視。管理社会・監視社会。

#シンガポール
#SHN
#COVIDー19 https://t.co/ig2yBOI4jZ",1294563824041771009,kazusaman555,[],,[],
97,https://twitter.com/qimiefullbuster/status/1294164794577125377,2020-08-14 06:51:46+00:00,Done SHN 14 days.. Now staying for another months here (@ Singapore Marriott Tang Plaza Hotel - @marriottsg in Singapore) https://t.co/nFlnPLWjZC https://t.co/OzmC4bxCfq,1294164794577125377,qimiefullbuster,['https://www.swarmapp.com/c/7Iajzm53Xe5'],https://www.swarmapp.com/c/7Iajzm53Xe5,['https://t.co/nFlnPLWjZC'],https://t.co/nFlnPLWjZC
98,https://twitter.com/sleepycat_jiji/status/1294063546246901760,2020-08-14 00:09:26+00:00,日本からのEPDPがSHN中に陽性でたり、日本から救援便で帰ったミャンマー人が陽性だったり、もう日本は安全じゃないし、この時期飛行機に乗るというだけで相当のリスク。そのリスクを取ってまで日本に帰らなければならなくなるような事態だけは避けたいし、両親にも元気でいてもらいたい,1294063546246901760,sleepycat_jiji,[],,[],
99,https://twitter.com/qimiefullbuster/status/1293537461595967488,2020-08-12 13:18:58+00:00,SHN day 12.. 2days more to go!!! Yeay (@ Carlton Hotel in Singapore) https://t.co/2RLfuXEYpl https://t.co/Z1AMk131zv,1293537461595967488,qimiefullbuster,['https://www.swarmapp.com/c/ciP5YNJW4UU'],https://www.swarmapp.com/c/ciP5YNJW4UU,['https://t.co/2RLfuXEYpl'],https://t.co/2RLfuXEYpl
100,https://twitter.com/mxaxmxix/status/1293149906463363072,2020-08-11 11:38:57+00:00,"#シンガポール隔離 4日目 #SHN 
ご飯がつらい。。。
基本茶色いご飯😭パン、チーズ、トマト食べたい🥐🧀🍅
#シンガポール https://t.co/dyUf5UblWS",1293149906463363072,mxaxmxix,[],,[],
101,https://twitter.com/Shibitha6/status/1292353664544169984,2020-08-09 06:54:59+00:00,@jahnveeshah We looked for flight and based on that applied for approval. We got it for 21st July. Done with our shn and back home safely.,1292353664544169984,Shibitha6,[],,[],
102,https://twitter.com/Shn_0102/status/1292259012562493440,2020-08-09 00:38:52+00:00,"Sejatinya semua manusia sempurna, tapi banyak yang belum menyadari bahwa iblis bisa iri dengan sabarnya hati manusia, malaikat juga iri dengan hawa nafsu yang ada di dalam diri manusia, serta hewan pun kadang ikut iri dengan akal pikiran serta kecerdasan otak manusia.",1292259012562493440,Shn_0102,[],,[],
103,https://twitter.com/Shn_0102/status/1292255810349719553,2020-08-09 00:26:08+00:00,"Tetap lah bertahan, bersyukur kita masih tak meregang nyawa seperti layaknya mempertahankan pancasila",1292255810349719553,Shn_0102,[],,[],
104,https://twitter.com/Shn_0102/status/1292255165471318016,2020-08-09 00:23:35+00:00,"Bukan seberapa kuat kita berjuang, tapi seberapa ikhlas kita melakukannya",1292255165471318016,Shn_0102,[],,[],
105,https://twitter.com/Shn_0102/status/1291333908907270145,2020-08-06 11:22:50+00:00,"Matilah dalam keadaan berjuang, sampai orang sadar bahwa gelar almarhum mu terkenang sebagai pejuang.",1291333908907270145,Shn_0102,[],,[],
106,https://twitter.com/qimiefullbuster/status/1291195089071624192,2020-08-06 02:11:13+00:00,SHN day 6.. 8 days more to go (@ Carlton Hotel in Singapore) https://t.co/DZxl3l2LmI,1291195089071624192,qimiefullbuster,['https://www.swarmapp.com/c/8kHS5UYiZew'],https://www.swarmapp.com/c/8kHS5UYiZew,['https://t.co/DZxl3l2LmI'],https://t.co/DZxl3l2LmI
107,https://twitter.com/jerry991953/status/1290115858237292546,2020-08-03 02:42:44+00:00,All travellers entering S'pore to wear electronic monitoring device while serving SHN outside dedicated facilities https://t.co/ogb91dQTbo,1290115858237292546,jerry991953,['https://mothership.sg/2020/08/shn-monitoring-device/'],https://mothership.sg/2020/08/shn-monitoring-device/,['https://t.co/ogb91dQTbo'],https://t.co/ogb91dQTbo
108,https://twitter.com/jeremymonteiro/status/1289970474521436161,2020-08-02 17:05:02+00:00,"An amazing meal at the Shangri-La Hotel with my dear friend Albert Chiu. 

Albert just finished his 14 day SHN at noon on Saturday after returning from overseas and I am honoured to be his first dinner “date” after… https://t.co/SMdU4RYpTB",1289970474521436161,jeremymonteiro,['https://www.instagram.com/p/CDZQg_THD2E/?igshid=1b7edt55wb8vm'],https://www.instagram.com/p/CDZQg_THD2E/?igshid=1b7edt55wb8vm,['https://t.co/SMdU4RYpTB'],https://t.co/SMdU4RYpTB
109,https://twitter.com/Umeshbkk/status/1289806191703371777,2020-08-02 06:12:14+00:00,"Looks like we have beg #GrandHyattSingapore for our quarantine meals each day. How can they forget it everyday. Awesome service. Long live Hyatt service quality
#SHN #Singapore #Quarantine",1289806191703371777,Umeshbkk,[],,[],
110,https://twitter.com/ameradibothman/status/1289545903225761793,2020-08-01 12:57:56+00:00,Yang nak masuk SG balik ni yg leceh aku rasa. Lama bincang. Masuk kena SHN 7 hari. Pastu swab test. Tak boleh naik public trans. Duduk semua asing. Bayar berapa siak hahahahaha. Mampos la asal dpt balik jap. Cekau sikit duit kahwin.,1289545903225761793,ameradibothman,[],,[],
111,https://twitter.com/mitsuki_amasato/status/1289445999639793664,2020-08-01 06:20:57+00:00,"SHN（Stay Home Notice）用のアプリに登録完了！
これは予め政府に申請した電話番号でないと登録できません。
顔写真と隔離ホテルの郵便番号を入れ終了。
日に3回健康状況の報告をします。 https://t.co/cWuuOJanI7",1289445999639793664,mitsuki_amasato,[],,[],
112,https://twitter.com/kamaboko3/status/1289367115921633280,2020-08-01 01:07:30+00:00,"SHN9日目。
届いた朝食は本格カレーでござるw
あと5日の辛抱だ💪 https://t.co/eCheWPlc27",1289367115921633280,kamaboko3,[],,[],
113,https://twitter.com/mitsuki_amasato/status/1289092196101009408,2020-07-31 06:55:04+00:00,"MOHからのSHN専用アプリHOMERのログインの為のSMSが来ないと思いきや、英語の下手な私のために夫のスタッフが夫の番号にしていたらしい...
後から番号変更したと聞いていたけれど伝わっていなかった。
今日からシンガポールは3連休。
又EPやDPは担当部署が違うからと違う番号を教えられるも繋がらず😭 https://t.co/pQO3AEoqOL",1289092196101009408,mitsuki_amasato,[],,[],
114,https://twitter.com/kamaboko3/status/1288504465096495105,2020-07-29 15:59:38+00:00,"14日間のSHNでホテル隔離6日目

10年ぶりに朝8時から24時までデスクワークしたぜぃ。まぁ途中に筋トレとお風呂を３回、ポテチを1袋挟んだけどね。

明日も朝から働くぜぃ！",1288504465096495105,kamaboko3,[],,[],
115,https://twitter.com/kamaboko3/status/1288358333120880640,2020-07-29 06:18:57+00:00,"23日からシンガポール入りしてSHN(Stay-Home Notice)と言われる14日間の隔離生活が7日目に突入してるんだけど、政府指定の施設が五つ星ホテルでかなり快適すぎる

初日は凹んでだけど
久々のデスクワークもめっちゃ捗るし飲みも行けないから財布と体に優しい

体重計もあり2キロ痩せた
全然アリだわ",1288358333120880640,kamaboko3,[],,[],
116,https://twitter.com/abasmayorrrr/status/1287955365351395329,2020-07-28 03:37:42+00:00,SHN no more. Pwede na lumabas Kim Chiu! https://t.co/pHb9ailiXq,1287955365351395329,abasmayorrrr,['https://twitter.com/abasmayorrrr/status/1287941547992915968'],https://twitter.com/abasmayorrrr/status/1287941547992915968,['https://t.co/pHb9ailiXq'],https://t.co/pHb9ailiXq
117,https://twitter.com/abasmayorrrr/status/1287740472887132166,2020-07-27 13:23:48+00:00,@mheior Nakailang SHN na din naman ako since March. This is my 5th time i think. 😫,1287740472887132166,abasmayorrrr,[],,[],
118,https://twitter.com/abasmayorrrr/status/1287738998757052418,2020-07-27 13:17:56+00:00,@mheior Thank you. Bored na ko day 1 pa lang ng SHN.,1287738998757052418,abasmayorrrr,[],,[],
119,https://twitter.com/Probably_Pira/status/1287034376572862464,2020-07-25 14:38:01+00:00,"53 years and still looking amazing! 

Happy Birthday அம்மா (Amma) 😘❤️

P.S - I am FaceTime because I’m still on SHN Shangri-La's Rasa Sentosa Resort &amp; Spa @ Shangri-La's Rasa Sentosa… https://t.co/uPcI2b1i7R",1287034376572862464,Probably_Pira,['https://www.instagram.com/p/CDEZVaAl4HLAAdHcC60JQMBsY5LtFLA2Sd2GTI0/?igshid=14hd092box0oz'],https://www.instagram.com/p/CDEZVaAl4HLAAdHcC60JQMBsY5LtFLA2Sd2GTI0/?igshid=14hd092box0oz,['https://t.co/uPcI2b1i7R'],https://t.co/uPcI2b1i7R
120,https://twitter.com/Arethsalleh20/status/1285948751278817280,2020-07-22 14:44:08+00:00,Mula2 cakap shn bayar. Lps tu tak bayar.,1285948751278817280,Arethsalleh20,[],,[],
121,https://twitter.com/Probably_Pira/status/1285517555637993472,2020-07-21 10:10:43+00:00,#SHN views 💙 https://t.co/ydhnon9LaO,1285517555637993472,Probably_Pira,[],,[],
122,https://twitter.com/Arethsalleh20/status/1285464303584174080,2020-07-21 06:39:07+00:00,Terduduk beb. SHN xde gaji.,1285464303584174080,Arethsalleh20,[],,[],
123,https://twitter.com/6milesup/status/1285358883834195968,2020-07-20 23:40:13+00:00,"Sunrise and I'm off to bed! No point in changing to Singapore time when I can't go out and about 🤷🏼‍♀️
Goodnight tweeps 🥱 #crewlife #SHN #RoomLockdown #Singapore https://t.co/CdBUqW7CtA",1285358883834195968,6milesup,[],,[],
124,https://twitter.com/Probably_Pira/status/1285191649727934465,2020-07-20 12:35:41+00:00,"When your SHN stay comes with a view! 💛
.
.
.
.
.
#singapore #travel #shangrila #instagood #photography #love #asia #photooftheday #travelgram #travelphotography #sg #gardensbythebay #foodporn #igsg #wanderlust #sgig… https://t.co/HYnMvzkkb0",1285191649727934465,Probably_Pira,['https://www.instagram.com/p/CC3TW_flWv_/?igshid=g6stbbgrwnbd'],https://www.instagram.com/p/CC3TW_flWv_/?igshid=g6stbbgrwnbd,['https://t.co/HYnMvzkkb0'],https://t.co/HYnMvzkkb0
125,https://twitter.com/onabe036/status/1284278685911007233,2020-07-18 00:07:54+00:00,"ゲゲ、また日本からシンガポールに来る駐在の方が減る予感
仕事に影響出そう😭

#シンガポール
#SHN
#政府指定ホテル
#2000ドル会社払って https://t.co/gtTRwUSgkq",1284278685911007233,onabe036,['https://twitter.com/studySingapore/status/1284091085027856384'],https://twitter.com/studySingapore/status/1284091085027856384,['https://t.co/gtTRwUSgkq'],https://t.co/gtTRwUSgkq
126,https://twitter.com/sleepycat_jiji/status/1284120474167857152,2020-07-17 13:39:13+00:00,@kctinkerbell @t_kis 今回の変更点は、自宅でSHNできなくなったのに加えて、SHN自己負担になったんですかね？それとも会社負担は続くのかな。そこがイマイチよく分からないです。,1284120474167857152,sleepycat_jiji,[],,[],
127,https://twitter.com/yoshihirokin/status/1284083344859213825,2020-07-17 11:11:41+00:00,"第二波が各国で加速しているため20日以降の入国は政府指定の施設で14日間のSHNをしなくてはならなくなりますね。
@yoshidadea1 ギリギリでしたね…
 https://t.co/YM3Rp4BYEQ",1284083344859213825,yoshihirokin,['https://www.straitstimes.com/singapore/travellers-entering-spore-after-recent-visits-to-japan-hong-kong-australias-victoria-state?xtor=CS3-18&utm_source=STiPhone&utm_medium=share&utm_term=2020-07-17%2019%3A07%3A33'],https://www.straitstimes.com/singapore/travellers-entering-spore-after-recent-visits-to-japan-hong-kong-australias-victoria-state?xtor=CS3-18&utm_source=STiPhone&utm_medium=share&utm_term=2020-07-17%2019%3A07%3A33,['https://t.co/YM3Rp4BYEQ'],https://t.co/YM3Rp4BYEQ
128,https://twitter.com/AnAngrySnatch/status/1283572915644928005,2020-07-16 01:23:25+00:00,And when will we get to travel again without been subjected to SHN &amp; covid tests when when arrive back in SG? 😪,1283572915644928005,AnAngrySnatch,[],,[],
129,https://twitter.com/sleepycat_jiji/status/1282693108874928128,2020-07-13 15:07:23+00:00,@thunnb @Maymeh6 私もRasa狙いです〜CB前に５月1日の連休で予約してたのにキャンセルになったから😣まだSHNで使われているような気がします。,1282693108874928128,sleepycat_jiji,[],,[],
130,https://twitter.com/Shn_0102/status/1282641749836365824,2020-07-13 11:43:18+00:00,Tak ada satupun manusia yang mau memungut ludah nya,1282641749836365824,Shn_0102,[],,[],
131,https://twitter.com/Shn_0102/status/1282518529514729472,2020-07-13 03:33:40+00:00,"Apakah sepatu lama mu yang kau buang, akan kau cari lagi, setelah kau memilih dan membeli sepatu baru yang kau sukai.",1282518529514729472,Shn_0102,[],,[],
132,https://twitter.com/Shn_0102/status/1282517160548589569,2020-07-13 03:28:13+00:00,"Kalau kau pernah mengucapkan ""manusia tempatnya salah dan lupa"" lantas, apa alasanmu susah melupakan(move on).",1282517160548589569,Shn_0102,[],,[],
133,https://twitter.com/Shn_0102/status/1282516361600659459,2020-07-13 03:25:03+00:00,"Semangat, dan bercanda tawalah sebagaimana
dirimu yang sebenarnya, sampai kau lupa
bahwa dirimu sedang patah.",1282516361600659459,Shn_0102,[],,[],
134,https://twitter.com/TanSiHuiCNA/status/1281578319054430208,2020-07-10 13:17:36+00:00,"#GE2020 This uncle came by at 8:15pm and was glad there was an extension because he was waiting for his neighbour to wheel him to Chongfu School. But when asked if he was afraid of potentially being exposed to people on SHN, he says he’s already old, and he’s not afraid to die https://t.co/jI9sLq8pH9",1281578319054430208,TanSiHuiCNA,[],,[],
135,https://twitter.com/daphnemaia/status/1281107105244577792,2020-07-09 06:05:10+00:00,"@AudiKhalid Yes tomorrow night! Polls close at 8pm according to my friend who is on duty tomorrow. 7-8pm is for those who are unwell or serving SHN. Anyway, I guess they start counting around 9pm? It won't end till wee hours of the morning really.",1281107105244577792,daphnemaia,[],,[],
136,https://twitter.com/ThomasELubeck/status/1280471638899691527,2020-07-07 12:00:03+00:00,Staying fit while staying home #SHN https://t.co/j0ddSs63Ib,1280471638899691527,ThomasELubeck,[],,[],
137,https://twitter.com/zahabx/status/1279616623314219008,2020-07-05 03:22:31+00:00,So I've been put up in Marina Bay Sands for my SHN notice. There was only one other girl with me who was also Singaporean. The others were whisked away elsewhere. Learnt today that MBS is one of the two polling stations (other being JW Marriott) for SHN citizens in hotels,1279616623314219008,zahabx,[],,[],
138,https://twitter.com/kwangggyou/status/1279032868866363392,2020-07-03 12:42:53+00:00,"@SGAG_SG One SHN, one sick..the other one maybe AWOL",1279032868866363392,kwangggyou,[],,[],
139,https://twitter.com/halimSyam/status/1277969158085308418,2020-06-30 14:16:05+00:00,Bila dah terkurung kat dalam ni.. Mula cari pengajian baru.. Belajar lah selagi mampu mencari ilmu... In Sha ALLAH Kerjaya pasti akan dicapai.. #ilmu #SHN #keepsmiling smile #covid19… https://t.co/mOkulMNGJr,1277969158085308418,halimSyam,['https://www.instagram.com/p/CCD-85Mnr-IU4hukPfnxvI76fGrZdZHgYJniFk0/?igshid=16jw5dg9ayu4l'],https://www.instagram.com/p/CCD-85Mnr-IU4hukPfnxvI76fGrZdZHgYJniFk0/?igshid=16jw5dg9ayu4l,['https://t.co/mOkulMNGJr'],https://t.co/mOkulMNGJr
140,https://twitter.com/Nijanthanravi/status/1277302119511412736,2020-06-28 18:05:31+00:00,"Last 🗓️🗓️🗓️456 months spending ""SHN"" No work No outing still waiting for check in&amp;out🙄🙄🙄",1277302119511412736,Nijanthanravi,[],,[],
141,https://twitter.com/KimHoSin/status/1277135301044035584,2020-06-28 07:02:38+00:00,"26.6.20 Friday. Kuching to Singapore. SHN @ The Ritz-Carlton till 10.7.20, Polling Day of SG GE13. Global Covid-19 cases surpassed 10 million on 28.6.20 @ The Ritz-Carlton, Millenia Singapore https://t.co/zsTAu3TBXN",1277135301044035584,KimHoSin,['https://www.instagram.com/p/CB-DwUNHldN/?igshid=m6j2b2tj1wxw'],https://www.instagram.com/p/CB-DwUNHldN/?igshid=m6j2b2tj1wxw,['https://t.co/zsTAu3TBXN'],https://t.co/zsTAu3TBXN
142,https://twitter.com/andregoiano/status/1277133672320286720,2020-06-28 06:56:10+00:00,"My SHN kingdom. Stoicism is our religion, and time is our only God. I am ruler and servant in this kingdom of one. @ Naumi Hotel Singapore https://t.co/0sqdNA1sfj",1277133672320286720,andregoiano,['https://www.instagram.com/p/CB-DAs7Kl11/?igshid=271x2w9qkwbw'],https://www.instagram.com/p/CB-DAs7Kl11/?igshid=271x2w9qkwbw,['https://t.co/0sqdNA1sfj'],https://t.co/0sqdNA1sfj
143,https://twitter.com/aoiare/status/1276532921440976896,2020-06-26 15:08:59+00:00,"@erhmahgerdpie And hopefully by August there won't be a 14 day shn, coz the trip is 5 sept and my mum's birthday is 2 Sept. 😂😂",1276532921440976896,aoiare,[],,[],
144,https://twitter.com/daphnemaia/status/1276034138684809217,2020-06-25 06:07:00+00:00,@iamthekang @joannasuyin Breaking SHN a bit diff from going out for a drink and not observing safe distancing tho.,1276034138684809217,daphnemaia,[],,[],
145,https://twitter.com/SantoshAKA/status/1275649830673661953,2020-06-24 04:39:54+00:00,New term - SHRO (stay home restriction order) is different from SHN (Stay Home Notice),1275649830673661953,SantoshAKA,[],,[],
146,https://twitter.com/ewknees/status/1275019152978178049,2020-06-22 10:53:49+00:00,Alright this is p cool LOL I mean who gets to say that they were on a SHN in probably one of the fanciest hotels in the world FOR FREE https://t.co/zj2LzUbyvo,1275019152978178049,ewknees,[],,[],
147,https://twitter.com/helloasiasing/status/1274654715993706498,2020-06-21 10:45:40+00:00,"CB２はじまって、早速喧嘩ｗｗｗ

こいつらずっとSHNでイイんじゃないの？

てか、マイナーな犯罪に対し、禁固刑よりもSHN与えて、そこで違反したら禁固刑にするってのも導入しそうじゃない？ https://t.co/4MJV5S6chY",1274654715993706498,helloasiasing,[],,[],
148,https://twitter.com/cassis_rose/status/1273072042435244033,2020-06-17 01:56:42+00:00,Finding it laughable that some FW expect the government to pay the SHN hotel stay and swab test for them... the country and taxpayers don't owe them anything...,1273072042435244033,cassis_rose,[],,[],
149,https://twitter.com/yoshihirokin/status/1272513017146601472,2020-06-15 12:55:20+00:00,@yoshidadea1 6.18から自宅での14日間SHN＋検査がマストですが、入れるようになるみたいですね！,1272513017146601472,yoshihirokin,[],,[],
150,https://twitter.com/kwangggyou/status/1269609393709932544,2020-06-07 12:37:22+00:00,@_TIMO97 11 and 4 from the same agency. The AKB/SHN 48. Apparently she already very popular in China before the show just that not alot of screentime. But sians don't really like haha,1269609393709932544,kwangggyou,[],,[],
151,https://twitter.com/AmerSafwan/status/1268022657028698113,2020-06-03 03:32:14+00:00,SHN (@ Amara Singapore Hotel in Singapore) https://t.co/XvlGBbLbKZ https://t.co/Eo9rQlbqE6,1268022657028698113,AmerSafwan,['https://www.swarmapp.com/c/4H5moLMfsP7'],https://www.swarmapp.com/c/4H5moLMfsP7,['https://t.co/XvlGBbLbKZ'],https://t.co/XvlGBbLbKZ
152,https://twitter.com/kyh/status/1265652523135905793,2020-05-27 14:34:10+00:00,"ah, how fast two weeks have flown by! kinda heavy-hearted to learn that it's time to finally leave. thank you rasasentosa for the amazing hospitality and care - what a place to be cooped up at for my entire shn!

now… https://t.co/Cr9V974Wtb",1265652523135905793,kyh,['https://www.instagram.com/p/CAsd_NHAA0H/?igshid=n0umwsnh0ztb'],https://www.instagram.com/p/CAsd_NHAA0H/?igshid=n0umwsnh0ztb,['https://t.co/Cr9V974Wtb'],https://t.co/Cr9V974Wtb
153,https://twitter.com/kyh/status/1260872061594918912,2020-05-14 09:58:20+00:00,"hola from singapura! just checked into the luxury rasasentosa on sentosa island, my ""home"" for the next 14 days in compliance with the island republic's stay home notice (shn) during this trying period, all paid for… https://t.co/A05SZBJtpt",1260872061594918912,kyh,['https://www.instagram.com/p/CAKgFr6g0Ku/?igshid=rq7ynijmlqnm'],https://www.instagram.com/p/CAKgFr6g0Ku/?igshid=rq7ynijmlqnm,['https://t.co/A05SZBJtpt'],https://t.co/A05SZBJtpt
154,https://twitter.com/simsese/status/1259142045836271617,2020-05-09 15:23:52+00:00,My quarantine look. What’s yours? Humaba na lahat pati SHN ko simula April 20 mahaba haba na rin. Dahil jan 건배! Buti na lang may stock😂 #stayhome #bawallumabasngbahay🏡 @ Singapore https://t.co/CXQe7d1YnS,1259142045836271617,simsese,['https://www.instagram.com/p/B_-LLwCDuVZJV51bRRg4D829QluJwjeEhYEhRY0/?igshid=lk39e1mue87r'],https://www.instagram.com/p/B_-LLwCDuVZJV51bRRg4D829QluJwjeEhYEhRY0/?igshid=lk39e1mue87r,['https://t.co/CXQe7d1YnS'],https://t.co/CXQe7d1YnS
155,https://twitter.com/ArvinTunas/status/1258203733919322112,2020-05-07 01:15:21+00:00,"Had the weirdest dreamception. Went to mcd at Concourse then remember I was still on SHN, rushed to get back home and woke up among my colleague. Continue with them in Jurassic park battle.",1258203733919322112,ArvinTunas,[],,[],
156,https://twitter.com/ArvinTunas/status/1256080934287228929,2020-05-01 04:40:06+00:00,14 days extension of SHN.  Lord Have Mercy on my Soul.,1256080934287228929,ArvinTunas,[],,[],
157,https://twitter.com/ArvinTunas/status/1255786385883009024,2020-04-30 09:09:40+00:00,Wohoo bisa reimburse food delivery selama SHN period.,1255786385883009024,ArvinTunas,[],,[],
158,https://twitter.com/happypinshop/status/1254718105877655552,2020-04-27 10:24:42+00:00,"How has everyone been? So many new acronyms... WFH, HBL, LOA, SHN, etc, which ones apply to you? Comment and let us know 👇🏼

If you’re taking a break from your activities at home, why not browse our new listings on… https://t.co/P7ZC8f30GJ",1254718105877655552,happypinshop,['https://www.instagram.com/p/B_ewgWjF_A_/?igshid=1ry5i78fla3w3'],https://www.instagram.com/p/B_ewgWjF_A_/?igshid=1ry5i78fla3w3,['https://t.co/P7ZC8f30GJ'],https://t.co/P7ZC8f30GJ
159,https://twitter.com/cheryltan88/status/1253609086421090304,2020-04-24 08:57:51+00:00,I just ... don’t understand. He had just 30 minutes to go! #singapore #shn #quarantine https://t.co/89GI1ndntn,1253609086421090304,cheryltan88,['https://twitter.com/straits_times/status/1253534695251496960'],https://twitter.com/straits_times/status/1253534695251496960,['https://t.co/89GI1ndntn'],https://t.co/89GI1ndntn
160,https://twitter.com/Sundar21328311/status/1253014643255066624,2020-04-22 17:35:45+00:00,SHN #Covid 19 https://t.co/1a3ytmtBBL,1253014643255066624,Sundar21328311,[],,[],
161,https://twitter.com/Perry_Young/status/1252799147603714053,2020-04-22 03:19:27+00:00,@jenniferludt @TomBossert you don’t need to ask anyone for permission unless you have been issued a Stay at Home Notice SHN. Hear you re: US,1252799147603714053,Perry_Young,[],,[],
162,https://twitter.com/Saifulsakhy/status/1252491700829745152,2020-04-21 06:57:46+00:00,#SHN Day 2 https://t.co/bYiX3kLaUZ,1252491700829745152,Saifulsakhy,[],,[],
163,https://twitter.com/RarebiT___/status/1252348672261513219,2020-04-20 21:29:25+00:00,"14 hari off
5 hari quarantine
30 hari SHN
klau extent lgy kannnn....

Lets see the verdict ah org kateeee https://t.co/DxrSk1MDIX",1252348672261513219,RarebiT___,['https://twitter.com/straits_times/status/1252225949975937024'],https://twitter.com/straits_times/status/1252225949975937024,['https://t.co/DxrSk1MDIX'],https://t.co/DxrSk1MDIX
164,https://twitter.com/yancalahi/status/1252085439579602945,2020-04-20 04:03:26+00:00,1st day of SHN,1252085439579602945,yancalahi,[],,[],
165,https://twitter.com/cheryltan88/status/1250638960688164864,2020-04-16 04:15:38+00:00,"@SpencerCampbeli @STcom Mmmm .... BKT .... (actually, I’m amazed all these stories never mention WHICH BKT place he breached SHN for. That’s the one piece of info I’m dying to know!)",1250638960688164864,cheryltan88,[],,[],
166,https://twitter.com/driverslim/status/1249632062509740032,2020-04-13 09:34:35+00:00,"Took out my dumbells. Watch out Mr universe, here I come. #shn #getbusy",1249632062509740032,driverslim,[],,[],
167,https://twitter.com/FitriExtreme/status/1249586113183764481,2020-04-13 06:32:00+00:00,@hzqhadrna Boleh ah after aku habis SHN,1249586113183764481,FitriExtreme,[],,[],
168,https://twitter.com/Low_ShaSha/status/1249313541192069127,2020-04-12 12:28:54+00:00,"운동 다시 시작! 날씨가 더워서 귀찮은데 운동을 해야지~ 💪👣🚶‍♀️🏃‍♀️ Getting back on track! After completing my 14 days SHN last Sunday, its time to start exercising! The weather makes me soooooooooooo sleepy and lazy to get out on weekends… https://t.co/MYxl2vjaXW",1249313541192069127,Low_ShaSha,['https://www.instagram.com/p/B-4X4etFHfq/?igshid=1x226crowhn19'],https://www.instagram.com/p/B-4X4etFHfq/?igshid=1x226crowhn19,['https://t.co/MYxl2vjaXW'],https://t.co/MYxl2vjaXW
169,https://twitter.com/MandinoTan/status/1248573314378932225,2020-04-10 11:27:30+00:00,"""I will love the light for it shows me the way, yet I will endure the darkness because it shows me the stars."" - Og Mandino
•
•
•
•
•
#sgunited #stayhomestaysafe #sunset #shn #ogmandinoquotes #ogmandino @ Singapore https://t.co/mcbC35Q2T9",1248573314378932225,MandinoTan,['https://www.instagram.com/p/B-zHRE8FZao/?igshid=1wn0639j4vkj'],https://www.instagram.com/p/B-zHRE8FZao/?igshid=1wn0639j4vkj,['https://t.co/mcbC35Q2T9'],https://t.co/mcbC35Q2T9
170,https://twitter.com/cheryltan88/status/1248479728400392192,2020-04-10 05:15:37+00:00,First lunch by mum after my #Singapore government #SHN quarantine ... She made my favorite—minced pork with silken tofu in a soy-garlic gravy. Plus some otak otak (spicy mackerel pate) &amp; daikon &amp; pork bone broth. So good. #comfortfood #sgfood https://t.co/VWAqbnkl93,1248479728400392192,cheryltan88,[],,[],
171,https://twitter.com/dafugly_prince/status/1248278355549417472,2020-04-09 15:55:26+00:00,"So ... the whole platoon is assigned duties respectively and to alternate between two teams, off duty will be on SHN. Those leftovers are guides, pushed to other camp for support then there’s me. With my ord date by my name. Someone please tell me what do i do with this info?",1248278355549417472,dafugly_prince,[],,[],
172,https://twitter.com/cheryltan88/status/1248259515994083328,2020-04-09 14:40:34+00:00,"@SpencerCampbeli @Village_Hotels @StudioMhotel_sg Lucky you—you have room service! That was NOT available at the Village Hotels Sentosa. And unlike other #SHN hotels, we couldn’t use @GrabSG for the 1st week because motorcycles weren’t allowed on the island. &amp; they barred alcohol!",1248259515994083328,cheryltan88,[],,[],
173,https://twitter.com/cheryltan88/status/1248165377697173504,2020-04-09 08:26:30+00:00,"This is my, I CAN’T BELIEVE I’M ON THE OTHER SIDE OF THIS DOOR face. #shn #shnsg #sgunited #shnlife #shnsg #stayhomenotice #stayhomenoticesg #singapore #quarantine #lifeinquarantine https://t.co/4Iwomy8U3z",1248165377697173504,cheryltan88,[],,[],
174,https://twitter.com/fafuierice/status/1247941523448066048,2020-04-08 17:36:59+00:00,"I chose to live with Sumo during this lockdown because to be honest, it’s so hard to live alone with people who are not your family in the same house. Yes they are with me at home but in case of an emergency, if I am on SHN and I need to buy stuff, I won’t be able to ask them",1247941523448066048,fafuierice,[],,[],
175,https://twitter.com/cheryltan88/status/1247857380638863362,2020-04-08 12:02:38+00:00,@SpencerCampbeli @Village_Hotels Thanks and good luck with the rest of your SHN!,1247857380638863362,cheryltan88,[],,[],
176,https://twitter.com/muhdarif30/status/1247742763061272577,2020-04-08 04:27:11+00:00,SHN 😷🥱 https://t.co/djDR0oJShx,1247742763061272577,muhdarif30,[],,[],
177,https://twitter.com/kai0210__/status/1247659135585226752,2020-04-07 22:54:52+00:00,5 days MC+ SHN... i cannot go out hmm,1247659135585226752,kai0210__,[],,[],
178,https://twitter.com/adamabdhamid/status/1247576874919669762,2020-04-07 17:28:00+00:00,no point of finishing SHN right if now cannot go out alr hais 🥺,1247576874919669762,adamabdhamid,[],,[],
179,https://twitter.com/marcuschua/status/1247345047479042048,2020-04-07 02:06:48+00:00,"Day 13 #COVID19 #SHN

It’s Day 1 #CIRCUITBREAKER (month-long closure of non-essential businesses) in Singapore.

I’ve never seen the streets so empty in the heart of the city, though it’s picking up slightly now.

Let’s do this well so it doesn’t have to be extended. #SGUnited https://t.co/t3y7CPrxzw",1247345047479042048,marcuschua,[],,[],
180,https://twitter.com/ivanhoyc9321/status/1247029036183740416,2020-04-06 05:11:05+00:00,"留在家
拯救世界
#SHN
#coffeemoney @ Dairy Farm Nature Park https://t.co/GrY56MjOOU",1247029036183740416,ivanhoyc9321,['https://www.instagram.com/p/B-oJApxHera/?igshid=ewj89oov23kt'],https://www.instagram.com/p/B-oJApxHera/?igshid=ewj89oov23kt,['https://t.co/GrY56MjOOU'],https://t.co/GrY56MjOOU
181,https://twitter.com/ItsKenFung/status/1246648174661390337,2020-04-05 03:57:41+00:00,Day 14 ✅ SHN over but the homestay continues https://t.co/kklFJCPdLY,1246648174661390337,ItsKenFung,[],,[],
182,https://twitter.com/cheryltan88/status/1246640829948559362,2020-04-05 03:28:29+00:00,Barre behind bars. #LifeInQuarantine #Singapore #SHN #Barre #GovernmentQuarantine #Day9 https://t.co/akmIaPbOF0,1246640829948559362,cheryltan88,[],,[],
183,https://twitter.com/longadin/status/1246620070916149248,2020-04-05 02:06:00+00:00,Lesson of the day. Don’t be an asshat. Self isolate (I did that for 14 days after returning from JKT even though I was a day ahead of the SHN order) https://t.co/0KxZuWv06c,1246620070916149248,longadin,['https://twitter.com/mrbrown/status/1246471898516426752'],https://twitter.com/mrbrown/status/1246471898516426752,['https://t.co/0KxZuWv06c'],https://t.co/0KxZuWv06c
184,https://twitter.com/marcuschua/status/1246422520909029378,2020-04-04 13:01:01+00:00,"Another tasty dim sum breakfast basket, and for the first time this #SHN, a chicken rice dinner.

But the F&amp;B team really knows the way to my heart with the double dessert during lunch. https://t.co/t779PJ3zv6",1246422520909029378,marcuschua,[],,[],
185,https://twitter.com/ke3m0/status/1246358174371909632,2020-04-04 08:45:19+00:00,"Beef Ku Teh, before the no dining in rule. And I can cuz I'm not on SHN (Can't eat Bah Ku Teh since not halal) @ Circuit Road Hawker Centre https://t.co/d7dCP5TUGN",1246358174371909632,ke3m0,['https://www.instagram.com/p/B-jX79yB-N9/?igshid=me3odb036g0s'],https://www.instagram.com/p/B-jX79yB-N9/?igshid=me3odb036g0s,['https://t.co/d7dCP5TUGN'],https://t.co/d7dCP5TUGN
186,https://twitter.com/cheryltan88/status/1246353425790455808,2020-04-04 08:26:27+00:00,"Same. 👇 Seriously, when that doorbell rings with my laundry, it’s like 🎉🎉🥂💃💃! #SHN #Singapore #QuarantineLife https://t.co/TN1RDQWPOA",1246353425790455808,cheryltan88,['https://twitter.com/SpencerCampbeli/status/1246326117176242176'],https://twitter.com/SpencerCampbeli/status/1246326117176242176,['https://t.co/TN1RDQWPOA'],https://t.co/TN1RDQWPOA
187,https://twitter.com/avelokiteshvara/status/1246301567168286722,2020-04-04 05:00:23+00:00,samples of food served to me during my SHN hotel stay https://t.co/JGqbRoqEVc,1246301567168286722,avelokiteshvara,[],,[],
188,https://twitter.com/durchfall3n/status/1246185361006452736,2020-04-03 21:18:37+00:00,Stuck in hotel for 14 days with my only table used for baby appliances and stuff. Here's my simple Razer battlestation setup till the end of my SHN 😅... My neck... #Razer https://t.co/SDt0U6iekK,1246185361006452736,durchfall3n,[],,[],
189,https://twitter.com/mohdsuh97216340/status/1246046291416604672,2020-04-03 12:06:00+00:00,So with the new measures the navy has decided to extend our work from 7 days to 14 days stay in😭 so we stay in base for straight 14 days and we are issued SHN for our duty rest days...7 dayskke naakku thalluthu ithule 14 days ah? Yenna kodumai Saravanan ithu🤦‍♂️ https://t.co/jr18Kq4sYC,1246046291416604672,mohdsuh97216340,[],,[],
190,https://twitter.com/fafuierice/status/1246024334377775105,2020-04-03 10:38:45+00:00,"For anything, leave the house at all during these five days. So I told him I’d have to go for grocery and then go to my boyfriend’s house where I’ll be serving my 5 days SHN. He told me that it’s fine, as long as when I enter the house, I won’t be leaving until the 5 days is over",1246024334377775105,fafuierice,[],,[],
191,https://twitter.com/adamabdhamid/status/1245745528148656129,2020-04-02 16:10:53+00:00,"ps4 dah boring, netflix dah boring, phone dah boring ok so how do i quit SHN",1245745528148656129,adamabdhamid,[],,[],
192,https://twitter.com/marcuschua/status/1245474392659750912,2020-04-01 22:13:29+00:00,"Day 8 #COVID19 #SHN

Singapore. City scene and sounds at 6:00 am. Call of the collared kingfisher as the rest of the city wakes.

I realised I’m counting my SHN days wrong as the day we arrived is Day 0. Instead I’m counting days of stay, but that’s fine. https://t.co/G544lJYgMc",1245474392659750912,marcuschua,[],,[],
193,https://twitter.com/helloitspaw/status/1245292709759221763,2020-04-01 10:11:33+00:00,#SHN Day 1: Glad to be home and am well taken care of. Orchard Road seemingly doesn’t look or feel the same. https://t.co/MZJU58vzYt,1245292709759221763,helloitspaw,[],,[],
194,https://twitter.com/AaronAlMarteen/status/1245236664017883139,2020-04-01 06:28:50+00:00,Stay healthy everyone! #shn,1245236664017883139,AaronAlMarteen,[],,[],
195,https://twitter.com/aaronqfu/status/1244998499294306305,2020-03-31 14:42:27+00:00,This will be a game changer for the rest of my quarantine #SHN! Thanks @Sentosa_Island for letting @GrabSG riders in! https://t.co/Da6t6x3onq,1244998499294306305,aaronqfu,['https://twitter.com/MothershipSG/status/1244899516987232258'],https://twitter.com/MothershipSG/status/1244899516987232258,['https://t.co/Da6t6x3onq'],https://t.co/Da6t6x3onq
196,https://twitter.com/aaronqfu/status/1244840109427421184,2020-03-31 04:13:04+00:00,@GrabSG Hey @GrabSG! How do I request for a car to make my delivery instead of a motorcycle? They’re not letting motorcycles into @Sentosa_Island and some #grabfood goodness here would be sweet for the rest of #SHN.,1244840109427421184,aaronqfu,[],,[],
197,https://twitter.com/IAmAzree/status/1244622791472631808,2020-03-30 13:49:32+00:00,5 days SHN 🙃,1244622791472631808,IAmAzree,[],,[],
198,https://twitter.com/aaronqfu/status/1244514099234365440,2020-03-30 06:37:37+00:00,"#SHN Day 4

Rise and shine! Had to ship in my @Nespresso machine but man was it worth it to wake up ☀️ to the #merlion and crema ☕️ https://t.co/QeBeDzb95f",1244514099234365440,aaronqfu,[],,[],
199,https://twitter.com/_ImanRizqi_/status/1244261575529238529,2020-03-29 13:54:11+00:00,"While serving my 14 Day Stay-Home Notice (SHN), i did something awesome with a glass mug and some oil.
.
Stay Safe and Safe Distancing ya big chungus !!
.
 All pictures inspired by @7theraYT northborders… https://t.co/jJxIKq9z8U",1244261575529238529,_ImanRizqi_,['https://www.instagram.com/p/B-UegwJn35s/?igshid=l70sp2hz8nba'],https://www.instagram.com/p/B-UegwJn35s/?igshid=l70sp2hz8nba,['https://t.co/jJxIKq9z8U'],https://t.co/jJxIKq9z8U
200,https://twitter.com/HarryC_Realtor/status/1244211576611246080,2020-03-29 10:35:30+00:00,"Covid-19

Get help.

Individuals &amp; families

The Courage Fund.

Relief to lower-income facing difficulties due to members contracting the virus, under quarantine, on SHN, LOA.

Apply @ Social Service Office fr 6 Apr

https://t.co/5EMxOozWid

#SGUnited #COVID19  #SingaporeTogether https://t.co/wPQetJlvQR",1244211576611246080,HarryC_Realtor,['http://www.ncss.gov.sg/thecouragefund'],http://www.ncss.gov.sg/thecouragefund,['https://t.co/5EMxOozWid'],https://t.co/5EMxOozWid
201,https://twitter.com/SyaidaRahman/status/1244101825319432192,2020-03-29 03:19:24+00:00,"Ni baru breach SHN. Kalau masih travel? Sama jugak ke? Kalau ye, bagus! Ajar sikit orang-orang yang degil nak mamfus jenis tak paham bahasa &amp; tak dengar kata. https://t.co/CaEGxprn7O",1244101825319432192,SyaidaRahman,['https://twitter.com/ChannelNewsAsia/status/1244085643849822208'],https://twitter.com/ChannelNewsAsia/status/1244085643849822208,['https://t.co/CaEGxprn7O'],https://t.co/CaEGxprn7O
202,https://twitter.com/kenberger/status/1244075431373844480,2020-03-29 01:34:31+00:00,"Day &amp; night, night &amp; day: 15 of them in Singapore hotel quarantine. #SHN #COVID19 cc @marcuschua https://t.co/c7hHMGNARl",1244075431373844480,kenberger,[],,[],
203,https://twitter.com/aaronqfu/status/1244062695940186117,2020-03-29 00:43:54+00:00,@marcuschua @quekpottheories Man! Really jealous of you guys being able to receive tasty food deliveries! It’s completely barred for #SHN guests here on #sentosa. Team @Sentosa_Island come on guys - have your rangers ease up on us - we’re kind of residents here for a whole 2 weeks.,1244062695940186117,aaronqfu,[],,[],
204,https://twitter.com/adamabdhamid/status/1243958324350971904,2020-03-28 17:49:10+00:00,@dkf1skkk_ aku tngh SHN dia suruh aku carik kerje tf HAHAHAHA kau tkmo kinky pls,1243958324350971904,adamabdhamid,[],,[],
205,https://twitter.com/aaronqfu/status/1243763716853620736,2020-03-28 04:55:52+00:00,"#SHN Day 2

Finding routines 
Finding stillness https://t.co/zwRvPMJOqj",1243763716853620736,aaronqfu,[],,[],
206,https://twitter.com/QayyumMD/status/1243717602934849536,2020-03-28 01:52:38+00:00,@timothygo_only1 wishing I could! Haha. Here's to surviving our SHN. Day 4 for me now. Self learning how to make banana bread! 🍌🍞,1243717602934849536,QayyumMD,[],,[],
207,https://twitter.com/kaizenkoh/status/1243478790409355264,2020-03-27 10:03:41+00:00,"@sporeMOH I can't seem to get through to your hotline to report changes to my dad's SHN details, no replies via your Facebook also. Is there an officer I can speak to?",1243478790409355264,kaizenkoh,[],,[],
208,https://twitter.com/aaronqfu/status/1243429037004865536,2020-03-27 06:45:58+00:00,But really couldn't be more grateful to the incredible team at @sporeMOH @ICASingapore for making this process so seamless - every detail was thought through to make #SHN at hotels across the island happen.,1243429037004865536,aaronqfu,[],,[],
209,https://twitter.com/aaronqfu/status/1243428181329117185,2020-03-27 06:42:34+00:00,Did I reengineer my #SHN #covid19 quarantine hotel room to get a bit of exercise and work space? Absolutely! Is that a bed flipped up against the wall? You betcha. https://t.co/YBSVlbvqRe,1243428181329117185,aaronqfu,[],,[],
210,https://twitter.com/cheryltan88/status/1243210012874256384,2020-03-26 16:15:39+00:00,"@keshia_n_b Because of the new travel/SHN restrictions in Singapore a lot of airlines have just cut flights to Sing. United’s last SF-Sing flight was earlier this week. This nonstop is the last 1 for a while—I think there may be one April 13 but as you know, everything is changing every day",1243210012874256384,cheryltan88,[],,[],
211,https://twitter.com/M4lev0lent/status/1243175955696242689,2020-03-26 14:00:19+00:00,I thought I’ve never seen u before but somehow we actually took photos tgt with Chiodos back in 2015 lol. Hope you’re doing good during SHN or wtv. Cheer up and you’ll see Citizen in the future for sure!,1243175955696242689,M4lev0lent,[],,[],
212,https://twitter.com/QayyumMD/status/1243154674359750656,2020-03-26 12:35:45+00:00,@HossanLeong @timothygo_only1 Yup. Flew in two nights back from Sydney. Just needed an address where I'll do my 14-day SHN &amp; contact number for them to get location updates. 👌🏻,1243154674359750656,QayyumMD,[],,[],
213,https://twitter.com/kaori_emiko/status/1243119012185124866,2020-03-26 10:14:03+00:00,Giving thanks to those delivery guys that  made our #SHN a better one during this period ☺️,1243119012185124866,kaori_emiko,[],,[],
214,https://twitter.com/RAMLIPUTEH/status/1243009137618735104,2020-03-26 02:57:27+00:00,"Pengimpot virus dari luar negara yg kebanyakkannya golongan elit perlu diberi denda lebih ekstensif kerana bantu tularkan virus pd org ramai yg rata2 miskin.

SEMUA yang tiba di Singapura akan menerima Notis Jangan Keluar Rumah (SHN)

https://t.co/twTjYU827Z",1243009137618735104,RAMLIPUTEH,['https://static.beritaharian.sg/s3fs-public/styles/xx_large/public/articles/2020/03/26/st.jpg?itok=j3Imwmpo'],https://static.beritaharian.sg/s3fs-public/styles/xx_large/public/articles/2020/03/26/st.jpg?itok=j3Imwmpo,['https://t.co/twTjYU827Z'],https://t.co/twTjYU827Z
215,https://twitter.com/_PhilipRoberts/status/1242863534700146688,2020-03-25 17:18:52+00:00,"@amichetti And 100% of those will be forcibly SHN’d, right? (reinforced with the new controls)",1242863534700146688,_PhilipRoberts,[],,[],
216,https://twitter.com/PremaSam90/status/1242805319769583616,2020-03-25 13:27:33+00:00,"Day 4 of SHN. 

Im gonna find this research article. https://t.co/5l78CV3QSr",1242805319769583616,PremaSam90,['https://twitter.com/Rachlowry/status/1242007715108360193'],https://twitter.com/Rachlowry/status/1242007715108360193,['https://t.co/5l78CV3QSr'],https://t.co/5l78CV3QSr
217,https://twitter.com/pauriahcarey/status/1242766743912583168,2020-03-25 10:54:15+00:00,@ZhaoLucas @cchoobai Lol my fav part about this is me getting sandwiched between two SHN London returnees,1242766743912583168,pauriahcarey,[],,[],
218,https://twitter.com/AsharyZul/status/1242678252306653184,2020-03-25 05:02:37+00:00,"#shn #shnjokes @ Jurong West, Singapore https://t.co/LQrbXtSqpO",1242678252306653184,AsharyZul,['https://www.instagram.com/p/B-JOgIVg512/?igshid=198s73ma94bgu'],https://www.instagram.com/p/B-JOgIVg512/?igshid=198s73ma94bgu,['https://t.co/LQrbXtSqpO'],https://t.co/LQrbXtSqpO
219,https://twitter.com/kenberger/status/1242625646167232513,2020-03-25 01:33:35+00:00,"Can't leave the room for 15 nights. At least it's a great view. 

#Quarantine #SHN #coronavirus @ Singapore https://t.co/YMUqR7xPUV",1242625646167232513,kenberger,['https://www.instagram.com/p/B-I2lDipJ-i/?igshid=1czqdscgur709'],https://www.instagram.com/p/B-I2lDipJ-i/?igshid=1czqdscgur709,['https://t.co/YMUqR7xPUV'],https://t.co/YMUqR7xPUV
220,https://twitter.com/nagaprakash97/status/1242467092575563777,2020-03-24 15:03:33+00:00,Fuck this SHN,1242467092575563777,nagaprakash97,[],,[],
221,https://twitter.com/NHHungerford/status/1242436973702217728,2020-03-24 13:03:52+00:00,"To prevent potential spread of infection from the UK and US returnees to their family members, we will work with hotel operators to provide dedicated facilities for the returnees to serve their 14-day SHN.",1242436973702217728,NHHungerford,[],,[],
222,https://twitter.com/marishkanorah/status/1242386538287321088,2020-03-24 09:43:27+00:00,Sent to SHN RESIDENT. JUST LEFT IT ON THEIR DOOR and knock and walk away (@ Park Avenue Hotels and Suites in Singapore) https://t.co/lhy9NyVADi,1242386538287321088,marishkanorah,['https://www.swarmapp.com/c/f7QxbRkhknW'],https://www.swarmapp.com/c/f7QxbRkhknW,['https://t.co/lhy9NyVADi'],https://t.co/lhy9NyVADi
223,https://twitter.com/elmizulkarnain/status/1241998465003110413,2020-03-23 08:01:23+00:00,"One of the best ways to keep you busy while quarantined (or LOA, SHN, Lockdown etc.) during COVID-19 outbreak is to READ this suspense - horror thriller short story that has been inspired by real life events. Some of… https://t.co/ZZ6MZFnX0e",1241998465003110413,elmizulkarnain,['https://www.instagram.com/p/B-EZXnTh9HM/?igshid=b8bavn6tcgjz'],https://www.instagram.com/p/B-EZXnTh9HM/?igshid=b8bavn6tcgjz,['https://t.co/ZZ6MZFnX0e'],https://t.co/ZZ6MZFnX0e
224,https://twitter.com/bebeluvv/status/1241983552255709184,2020-03-23 07:02:08+00:00,"@doraOHdora kau serious? 
kau tau in-hotel gst aku smua kene relocate another and malaysian lockdown rooms as well, i guest cos we are focusing on SHN je? 
lebih baik aku tkya gi keje dah tssssk.",1241983552255709184,bebeluvv,[],,[],
225,https://twitter.com/basilyeo/status/1241899733238468609,2020-03-23 01:29:04+00:00,@BambangKajairi Belated? Time must work differently for those under SHN 🤣,1241899733238468609,basilyeo,[],,[],
226,https://twitter.com/cheneygolf/status/1241706869107769345,2020-03-22 12:42:42+00:00,"@_Balata_ Are you SHN, Matt?",1241706869107769345,cheneygolf,[],,[],
227,https://twitter.com/philipanghl/status/1241689861855289344,2020-03-22 11:35:07+00:00,"Gift from my sis-in-law roxanne_png who everyday at home on SHN ask me when I’m going to start growing the basil. Thanks sis!From now on may watch its progress in the kitchen. 
#greenthumb #basil @ Yew Tee, Singapore https://t.co/OKln9Kd5d3",1241689861855289344,philipanghl,['https://www.instagram.com/p/B-CNCPXFumu/?igshid=2anudgiv4s58'],https://www.instagram.com/p/B-CNCPXFumu/?igshid=2anudgiv4s58,['https://t.co/OKln9Kd5d3'],https://t.co/OKln9Kd5d3
228,https://twitter.com/silvestriafelis/status/1241327472966111234,2020-03-21 11:35:06+00:00,"@fIuoresce Ya i am and they are giving me house quarantine now instead of SHN so im in my room all the time

Not like it makes a difference to me LMAO",1241327472966111234,silvestriafelis,[],,[],
229,https://twitter.com/jeevzxcy/status/1241289936709419008,2020-03-21 09:05:57+00:00,@soniaaadevi SHN,1241289936709419008,jeevzxcy,[],,[],
230,https://twitter.com/rifdisafwan/status/1241223307711533058,2020-03-21 04:41:12+00:00,"@polarbearz8 @iamajayrahman Nope,even masuk ikut darat pon,they still need to be SHN https://t.co/EVIBls50Re friend just came back from Malaysia through JB 2day ago and still need 14days SHN.she is PR SG and her husband Singaporean.And for those Singaporean,PR SG,they're allowed to go pass through the ciqJB",1241223307711533058,rifdisafwan,['http://14days.My'],http://14days.My,['https://t.co/EVIBls50Re'],https://t.co/EVIBls50Re
231,https://twitter.com/_versacecigs/status/1240900380281597952,2020-03-20 07:18:00+00:00,@SimonKirannjay I got shn by moh,1240900380281597952,_versacecigs,[],,[],
232,https://twitter.com/jeevzxcy/status/1240803309847339008,2020-03-20 00:52:16+00:00,"Was hungry so I asked dad to help me buy prawn mee , then he was like I’m on SHN how to go down ; u go buy for me also . Oh well",1240803309847339008,jeevzxcy,[],,[],
233,https://twitter.com/AwkwardNutJob/status/1240594943028199424,2020-03-19 11:04:18+00:00,@itsme_hadi @whotfiskmug Eh HAHAHA HAKIM SHN LAH HAHAHAH,1240594943028199424,AwkwardNutJob,[],,[],
234,https://twitter.com/theshutterwhale/status/1240578887169519618,2020-03-19 10:00:30+00:00,"While it may not seem possible to travel right now (especially if you hold a day job and cannot afford a 14-day SHN), there are plenty of hotels that are running amazing promotions during this period!
.
Support the… https://t.co/6Z0Vog0Aaw",1240578887169519618,theshutterwhale,['https://www.instagram.com/p/B96T0jJAIvN/?igshid=1j30zcye7xy3'],https://www.instagram.com/p/B96T0jJAIvN/?igshid=1j30zcye7xy3,['https://t.co/6Z0Vog0Aaw'],https://t.co/6Z0Vog0Aaw
235,https://twitter.com/fafuierice/status/1240568207284428805,2020-03-19 09:18:03+00:00,Tangina bakit kasi ayaw niyo mag suspend ng klase ano ba. Di nga ako mahahawa sa nCov pero bababa naman resistensya ko kaka cover ng mga naka SHN na employees! King ina same same.,1240568207284428805,fafuierice,[],,[],
236,https://twitter.com/mochimyeon_/status/1240346781709287424,2020-03-18 18:38:11+00:00,D1 SHN ; meal settled for the day tmr 🥺 but I’m hungry already !!! 😭 I can’t sleep without being worried for my friends 🙃,1240346781709287424,mochimyeon_,[],,[],
237,https://twitter.com/tetzo/status/1240282328133328897,2020-03-18 14:22:05+00:00,@Ayampenyatto だから、土曜から全ての入国者がSHNの対象ですよ....,1240282328133328897,tetzo,[],,[],
238,https://twitter.com/sarahcottle/status/1240265831730139137,2020-03-18 13:16:31+00:00,"Bravo #Singapore and @MOM_sg for efficiency and vigilance. Day 2 of #SHN - 6 SMS and 1 WhatsApp video call from a friendly, caring woman. Penalties for breaking quarantine are the right thing. I hope the world follows #coronavirus #WeCanGetThroughThis @leehsienloong #leadership",1240265831730139137,sarahcottle,[],,[],
239,https://twitter.com/flyirene/status/1240168393245933568,2020-03-18 06:49:20+00:00,"What is #socialdistancing ?
 Walk far far away from yr crew n cast ! 
Ps- my ""overseas"" is just go pulau ubin hor no need go thro custom one k #noscaredok
No need #SHN .. @ Punggol, Singapore https://t.co/x6oeyJpl1A",1240168393245933568,flyirene,['https://www.instagram.com/p/B93YP7HhnH5/?igshid=1c94drxtc8ntx'],https://www.instagram.com/p/B93YP7HhnH5/?igshid=1c94drxtc8ntx,['https://t.co/x6oeyJpl1A'],https://t.co/x6oeyJpl1A
240,https://twitter.com/YongsukHur/status/1240147148085383169,2020-03-18 05:24:55+00:00,이것이 창살없는 감옥 ㅠ.ㅠ 괴롭고 살만찌고 밖에 날씨는 좋고 ㅜ.ㅜ #집에있어라 #SHN #Singapore #Bedok #Archipelago #자가격리 #괴롭다 #돼지로변신중 #10일남음 #끝나기만해봐라 #싱가포르 #シンガポール @ Archipelago Condo Singapore https://t.co/N4jfOmSRhG,1240147148085383169,YongsukHur,['https://www.instagram.com/p/B93PfT_H4tb/?igshid=luttwc9ay9un'],https://www.instagram.com/p/B93PfT_H4tb/?igshid=luttwc9ay9un,['https://t.co/N4jfOmSRhG'],https://t.co/N4jfOmSRhG
241,https://twitter.com/fafuierice/status/1239952297448243206,2020-03-17 16:30:39+00:00,"My supervisor came from Japan one week ago and today (after working for a week alr after she arrived), the company asked her to take SHN (stay at home notice for 1 week). She was laughing when she told us &amp; we were all like “Huh you would’ve infected us already” 😅 medyo weird",1239952297448243206,fafuierice,[],,[],
242,https://twitter.com/theshutterwhale/status/1239383967947784192,2020-03-16 02:52:19+00:00,List of Countries/Regions with Mandatory 14-Day Stay-Home Notice (SHN) for Singapore Residents and Long-Term Pass Holders upon Return  https://t.co/8ZnQD7hek2  #news #travel #singapore #sg #covid19 #virus,1239383967947784192,theshutterwhale,['https://theshutterwhale.com/blog/2020/3/16/list-of-countriesregions-with-mandatory-14-day-stay-home-notice-shn-for-singapore-residents-and-long-term-pass-holders-upon-return'],https://theshutterwhale.com/blog/2020/3/16/list-of-countriesregions-with-mandatory-14-day-stay-home-notice-shn-for-singapore-residents-and-long-term-pass-holders-upon-return,['https://t.co/8ZnQD7hek2'],https://t.co/8ZnQD7hek2
243,https://twitter.com/noahvanpelt/status/1239182828484489216,2020-03-15 13:33:03+00:00,@oideyosingapore @kuoeoee 対象だとしたら連絡が来てでSHNを貰うのかな…？,1239182828484489216,noahvanpelt,[],,[],
244,https://twitter.com/benjoeee/status/1239153702360866816,2020-03-15 11:37:19+00:00,I am confusion so means need to backdate and if one’s arrival is within the last 14 days have to do SHN? https://t.co/SD6x1TVVIj,1239153702360866816,benjoeee,['https://twitter.com/ChannelNewsAsia/status/1239134259090059264'],https://twitter.com/ChannelNewsAsia/status/1239134259090059264,['https://t.co/SD6x1TVVIj'],https://t.co/SD6x1TVVIj
245,https://twitter.com/gavin_kelleher/status/1239133538902917120,2020-03-15 10:17:12+00:00,"Singapore has finally imposed a 2 week Stay Home Notice (SHN) on travel from the UK, which was completely forseeable but still weirdly unnerving https://t.co/KC4BbyO3Kg",1239133538902917120,gavin_kelleher,[],,[],
246,https://twitter.com/YongsukHur/status/1239084923794984960,2020-03-15 07:04:01+00:00,다담주 토욜엔 하루종일 나가 놀꺼임 ㅡ.ㅡ; Don’t find me at Bedok after 2weeks #Corona #quarantine #14days #2weeks #SHN #StayHomeNotice #Singapore #Bedok @ Archipelago Condo Singapore https://t.co/knXMnN1jRe,1239084923794984960,YongsukHur,['https://www.instagram.com/p/B9vscdxnoSw/?igshid=mdl9s989ppyn'],https://www.instagram.com/p/B9vscdxnoSw/?igshid=mdl9s989ppyn,['https://t.co/knXMnN1jRe'],https://t.co/knXMnN1jRe
247,https://twitter.com/iameafy/status/1238833974295683072,2020-03-14 14:26:50+00:00,"Hi @sporeMOH , will the affected travelers like me (I’ve been to Spain/Paris) get notified regarding SHN individually (via email or text etc).",1238833974295683072,iameafy,[],,[],
