,url,date,content,id,username,outlinks,outlinksss,tcooutlinks,tcooutlinksss
0,https://twitter.com/HIREMAIDEA/status/1412700957033467906,2021-07-07 09:12:09+00:00,"Fall in Singapore marriages, divorces in 2020 amid Covid-19 restrictions, uncertainty https://t.co/ZSRpq11beu",1412700957033467906,HIREMAIDEA,['http://dlvr.it/S3DD5X'],http://dlvr.it/S3DD5X,['https://t.co/ZSRpq11beu'],https://t.co/ZSRpq11beu
1,https://twitter.com/TODAYonline/status/1412697923511472134,2021-07-07 09:00:06+00:00,"Fall in Singapore marriages, divorces in 2020 amid Covid-19 restrictions, uncertainty https://t.co/Io5W31Xm3e https://t.co/PZ4hTK8PRD",1412697923511472134,TODAYonline,['https://tdy.sg/3jQwUUn'],https://tdy.sg/3jQwUUn,['https://t.co/Io5W31Xm3e'],https://t.co/Io5W31Xm3e
2,https://twitter.com/margaretyjy/status/1412652847913603076,2021-07-07 06:00:59+00:00,"Crude Oil Prices Fall on OPEC+ Uncertainty, Rising Shale Oil Output
https://t.co/5RtLVTHAWL https://t.co/VtabjyF8PO",1412652847913603076,margaretyjy,['https://www.dailyfx.com/forex/market_alert/2021/07/07/Crude-Oil-Prices-Fall-on-OPEC-UncertaintyRising-Shale-Oil-Output.html'],https://www.dailyfx.com/forex/market_alert/2021/07/07/Crude-Oil-Prices-Fall-on-OPEC-UncertaintyRising-Shale-Oil-Output.html,['https://t.co/5RtLVTHAWL'],https://t.co/5RtLVTHAWL
3,https://twitter.com/CityNomads/status/1412637507431317512,2021-07-07 05:00:01+00:00,SRT’s Lungs is an intense rollercoaster of a play laying bare the crippling uncertainty of building a life in a world of climate change https://t.co/PERKk5iiej,1412637507431317512,CityNomads,['https://citynomads.com/theatre-review-singapore-repertory-theatres-lungs-breaks-down-the-ethics-of-having-kids/?utm_source=tw&utm_medium=organic_post&utm_campaign=theatre-review-singapore-repertory-theatres-lungs'],https://citynomads.com/theatre-review-singapore-repertory-theatres-lungs-breaks-down-the-ethics-of-having-kids/?utm_source=tw&utm_medium=organic_post&utm_campaign=theatre-review-singapore-repertory-theatres-lungs,['https://t.co/PERKk5iiej'],https://t.co/PERKk5iiej
4,https://twitter.com/AdeccoSingapore/status/1412629960771129351,2021-07-07 04:30:02+00:00,"Teodor Zhekov, Bulgaria's CEO for One Month in 2020 revealed his number one lesson in embracing uncertainty, which are wise words to live by! 👍
#AdeccoSG #CEOforOneMonth #CEOAlumni #wisewords https://t.co/R1BMjZox50",1412629960771129351,AdeccoSingapore,[],,[],
5,https://twitter.com/SeaHedger/status/1412618843139104768,2021-07-07 03:45:52+00:00,"Goldman Sachs: Crude oil output path uncertain as OPEC+ talks cease. Brent price forecast of $80 per barrel maintained despite the uncertainty triggered by the collapse of OPEC+'s oil output talks.
#OOTT
https://t.co/DZQz7fDOry",1412618843139104768,SeaHedger,['https://www.fxstreet.com/news/crude-oil-output-path-uncertain-as-opec-talks-cease-goldman-sachs-202107070155'],https://www.fxstreet.com/news/crude-oil-output-path-uncertain-as-opec-talks-cease-goldman-sachs-202107070155,['https://t.co/DZQz7fDOry'],https://t.co/DZQz7fDOry
6,https://twitter.com/sergiu_bodiu/status/1412591132358234117,2021-07-07 01:55:45+00:00,"We don't know, what we don't know. There are unknown unknowns.
Maintain optionality, encourage experimentation, learn fast.
Learn to be comfortable with #uncertainty.",1412591132358234117,sergiu_bodiu,[],,[],
7,https://twitter.com/BusinessTimes/status/1412537228916523009,2021-07-06 22:21:33+00:00,Europe: Shares drop as investors turn to bonds amid economic uncertainty https://t.co/3YiwFrxstQ https://t.co/R8cmrrgpia,1412537228916523009,BusinessTimes,['https://bt.sg/4FEA'],https://bt.sg/4FEA,['https://t.co/3YiwFrxstQ'],https://t.co/3YiwFrxstQ
8,https://twitter.com/kixflyx/status/1412289918089318403,2021-07-06 05:58:50+00:00,That uncertainty though..oh wells what’s done is done,1412289918089318403,kixflyx,[],,[],
9,https://twitter.com/UnravelSocial/status/1412233348861235201,2021-07-06 02:14:03+00:00,"Michael Plummer, director of @SAISHopkins Europe and professor at @JohnsHopkins, talks about Europe's centrality in the rules-based global trading system, uncertainty over China's push for internationalism, the role of the WTO and more

https://t.co/fbbSqAlCq1",1412233348861235201,UnravelSocial,['https://unravel.ink/global-trading-system-not-at-tipping-point-yet/'],https://unravel.ink/global-trading-system-not-at-tipping-point-yet/,['https://t.co/fbbSqAlCq1'],https://t.co/fbbSqAlCq1
10,https://twitter.com/_nazirabanu/status/1412015436804231171,2021-07-05 11:48:08+00:00,I just need my life to be a little regular. The constant uncertainty and waiting is annoying and stressful. I hope it all changes in 3 months. 🤞🏽,1412015436804231171,_nazirabanu,[],,[],
11,https://twitter.com/mavuka999/status/1412012580248461316,2021-07-05 11:36:47+00:00,"@Kayise89 @MbaliiMashinini 100% and you can see with what's happening in the world that peace is a faraway dream for a lot of nations. The principle of new world order domination is divide, cause panic and uncertainty leverage that economically because people don't think ryt when in turmoil/underpressure",1412012580248461316,mavuka999,[],,[],
12,https://twitter.com/nadiasyazwani_/status/1411963525686173697,2021-07-05 08:21:52+00:00,"@hajar9688 Sebab mungkin socmed ni toxic untuk someone tu. So bila diri kita dah overwhelmed dengan uncertainty, sad etc, bila buka socmed kita jadi lebih sedih. Bertambah-tambah toxic. Ada orang dia boleh ignore, ada yg tak boleh. Bila tak boleh insecurity jadi lebih tinggi. Sambung 👇",1411963525686173697,nadiasyazwani_,[],,[],
13,https://twitter.com/EAFXROBOT/status/1411882170478628868,2021-07-05 02:58:35+00:00,#Markets are constantly in a state of uncertainty and flux and #money is made by #EA #FX ROBOT constantly for 100% everyday. PM for details,1411882170478628868,EAFXROBOT,[],,[],
14,https://twitter.com/iamankit0411/status/1411877991810965504,2021-07-05 02:41:59+00:00,"That’s not a license to be reckless and never think things through, but at some point you have to embrace the uncertainty because it is the only path forward.

If you were ready for it, it wouldn't be growth.”",1411877991810965504,iamankit0411,[],,[],
15,https://twitter.com/SStapczynski/status/1411678640899715079,2021-07-04 13:29:50+00:00,"The UAE blocked an OPEC+ deal to increase oil output, demanding better terms for itself 🇦🇪 

Abu Dhahi forced allies into a difficult spot: accept its demands, or risk unraveling the OPEC+ alliance 

Meanwhile, the uncertainty is lifting oil prices #OOTT

https://t.co/QCLzQhaYjk https://t.co/MzAnRHDP3O",1411678640899715079,SStapczynski,['https://www.bloomberg.com/news/articles/2021-07-04/high-stakes-oil-diplomacy-puts-future-of-opec-deal-at-risk'],https://www.bloomberg.com/news/articles/2021-07-04/high-stakes-oil-diplomacy-puts-future-of-opec-deal-at-risk,['https://t.co/QCLzQhaYjk'],https://t.co/QCLzQhaYjk
16,https://twitter.com/annainnie/status/1411621002182762499,2021-07-04 09:40:48+00:00,I'm sick of the uncertainty.,1411621002182762499,annainnie,[],,[],
17,https://twitter.com/EAFXROBOT/status/1411519689180823555,2021-07-04 02:58:13+00:00,#Markets are constantly in a state of uncertainty and flux and #money is made by #EA #FX ROBOT constantly for 100% everyday. PM for details,1411519689180823555,EAFXROBOT,[],,[],
18,https://twitter.com/darenyoong/status/1411497276590084099,2021-07-04 01:29:09+00:00,"1st night time episode on Investing with Daren! We explore the use of 1st principles thinking to manage Fear, Uncertainty &amp; Doubt (FUD).

https://t.co/vHgt9LCEy0",1411497276590084099,darenyoong,['https://www.youtube.com/watch?v=CRoLkkNk6Us'],https://www.youtube.com/watch?v=CRoLkkNk6Us,['https://t.co/vHgt9LCEy0'],https://t.co/vHgt9LCEy0
19,https://twitter.com/VishnoiSays/status/1411453715672756225,2021-07-03 22:36:04+00:00,Uncertainty Over Policy Is Adding To Tailwinds For M&amp;A: Cantor https://t.co/3ak22Ygkw0,1411453715672756225,VishnoiSays,['http://dlvr.it/S30rBT'],http://dlvr.it/S30rBT,['https://t.co/3ak22Ygkw0'],https://t.co/3ak22Ygkw0
20,https://twitter.com/JonSaysRelax/status/1410673454165098497,2021-07-01 18:55:35+00:00,"“.. to be lost is to be fully present, and to be fully present is to be capable of being in uncertainty and mystery” - Rebecca Solnit",1410673454165098497,JonSaysRelax,[],,[],
21,https://twitter.com/itsalwaysrye/status/1410645123428278274,2021-07-01 17:03:00+00:00,"@notwendigfeld Thank you :"")

There's just so much uncertainty I gotta deal with now its so overwhelming :"")",1410645123428278274,itsalwaysrye,[],,[],
22,https://twitter.com/0xKG7K/status/1410641362190581763,2021-07-01 16:48:03+00:00,"Since crypto-native exchanges have a cloud of regulatory uncertainty hanging over them, their derivatives products are not considered as “clean” as those traded on the CME. Recently, CME Group announced the launch of Ether Futures.

https://t.co/AMXLgy6Fj4",1410641362190581763,0xKG7K,['https://www.cmegroup.com/media-room/press-releases/2021/2/08/cme_group_announceslaunchofetherfutures.html'],https://www.cmegroup.com/media-room/press-releases/2021/2/08/cme_group_announceslaunchofetherfutures.html,['https://t.co/AMXLgy6Fj4'],https://t.co/AMXLgy6Fj4
23,https://twitter.com/fredgiron/status/1410561665364594691,2021-07-01 11:31:22+00:00,How adaptive and resilient is your IT approach to changing customer and business needs? Learn how a cloud-native strategy can help your organisation to become future fit and navigate uncertainty in an era of empowered customers. @forrester https://t.co/SFIF8uMK8K,1410561665364594691,fredgiron,['https://forrester.smh.re/03V'],https://forrester.smh.re/03V,['https://t.co/SFIF8uMK8K'],https://t.co/SFIF8uMK8K
24,https://twitter.com/kuruvibala/status/1410545282945716227,2021-07-01 10:26:16+00:00,Last 3 Thalapathy movie first looks (#Sarkar #Bigil #Master) had release date but #Beast doesnt 🤐 Because of covid uncertainty,1410545282945716227,kuruvibala,[],,[],
25,https://twitter.com/MarbledMayhem/status/1410537861502312451,2021-07-01 09:56:47+00:00,"I’ve moved halls 5 times in the last 18 months and I’d hoped this level of uncertainty wouldn’t happen to anyone else. It’s exhausting and pointless.

If you can, please sign this; this is the closest we can come to protesting this level of needless stress and anxiety. https://t.co/ArUUyHmeeN",1410537861502312451,MarbledMayhem,['https://twitter.com/yuxuan_tay/status/1410445933922308096'],https://twitter.com/yuxuan_tay/status/1410445933922308096,['https://t.co/ArUUyHmeeN'],https://t.co/ArUUyHmeeN
26,https://twitter.com/_mh4_/status/1410523716329512963,2021-07-01 09:00:34+00:00,@LiyanaMdYatim I think you should read the article again. This is not some nobody. This is a Head of State of a country with Nuclear weapons with no apparent heir. The uncertainty is what they're scared of.,1410523716329512963,_mh4_,[],,[],
27,https://twitter.com/Karen_Koh07/status/1410475853843152897,2021-07-01 05:50:23+00:00,"Uncertainty can cost you in terms of efficiency, profitability, and customer satisfaction. Discover our latest blog where David Kidd, Product Manager, discusses how wireless remote tank monitoring is the solution. https://t.co/z1BymabFYg #IndustriesOfTheFuture #MakeItForLife https://t.co/Fd0PfVEQkb",1410475853843152897,Karen_Koh07,['http://spr.ly/6018yTkLC'],http://spr.ly/6018yTkLC,['https://t.co/z1BymabFYg'],https://t.co/z1BymabFYg
28,https://twitter.com/richardprayoga/status/1410450012224380932,2021-07-01 04:07:42+00:00,"Some people's life has been constant throughout to the point it become boring and they constantly looking for a change to make it exciting

On the flip side

Some people's life has been nothing but uncertainty to the point it stress them out and they constantly looking for peace",1410450012224380932,richardprayoga,[],,[],
29,https://twitter.com/AASLE_Econs/status/1410216412170403842,2021-06-30 12:39:27+00:00,"Given the ongoing global uncertainty, AASLE has made the difficult decision to move the AASLE 2021 conference, hosted by Peking University, fully online. The event will take place on 9-11 December 2021 and the deadline for submissions is the 18th July  https://t.co/Uy75tu0aP7",1410216412170403842,AASLE_Econs,['https://bit.ly/aaslebeijing'],https://bit.ly/aaslebeijing,['https://t.co/Uy75tu0aP7'],https://t.co/Uy75tu0aP7
30,https://twitter.com/BambangKajairi/status/1407429875435151360,2021-06-22 20:06:45+00:00,@__KhairulAsyraf Burden also of his price tag and uncertainty of his club future,1407429875435151360,BambangKajairi,[],,[],
31,https://twitter.com/hikayatpenyu/status/1404126081003651080,2021-06-13 17:18:39+00:00,"we live in the age of uncertainty. 

we never know who will be the next ticking time bomb

be safe stay safe.. moga allah permudahkan segala urusan kita https://t.co/tZqQWmEGwi",1404126081003651080,hikayatpenyu,['https://twitter.com/syafkeni/status/1404007422964817925'],https://twitter.com/syafkeni/status/1404007422964817925,['https://t.co/tZqQWmEGwi'],https://t.co/tZqQWmEGwi
32,https://twitter.com/VishnoiSays/status/1399792117170380804,2021-06-01 18:17:02+00:00,OPEC Output Hike '100%' About Iran Oil Uncertainty: Analyst Sen https://t.co/wwzzQFAoNR,1399792117170380804,VishnoiSays,['http://dlvr.it/S0sNj4'],http://dlvr.it/S0sNj4,['https://t.co/wwzzQFAoNR'],https://t.co/wwzzQFAoNR
33,https://twitter.com/ravishnkr03/status/1396480602983997443,2021-05-23 14:58:15+00:00,@SultanMahmoodMD @IssakaMD @stevenbollipo @drkeithsiau @LizzieAbyMD @DrBloodandGuts @AndrewOngML @DrCalvinKoh @BilalMohammadMD @AasmaShaukatMD @samirguptaGI It might create some kind of uncertainty n panic among patients,1396480602983997443,ravishnkr03,[],,[],
34,https://twitter.com/kasou80/status/1396052129681346561,2021-05-22 10:35:39+00:00,So many dojis and spinning tops #btc the uncertainty is …,1396052129681346561,kasou80,[],,[],
35,https://twitter.com/mikeevanteo/status/1390540215505231878,2021-05-07 05:33:17+00:00,I hate this state of uncertainty. Kinda just want something set in stone so I know what to expect come September.,1390540215505231878,mikeevanteo,[],,[],
36,https://twitter.com/dawnflyaway/status/1388306882540949512,2021-05-01 01:38:48+00:00,Press on! Believe that there is greater beyond this uncertainty! https://t.co/0qlqnsyNQY,1388306882540949512,dawnflyaway,[],,[],
37,https://twitter.com/dinastik/status/1387245731568754692,2021-04-28 03:22:10+00:00,"Mandala for Substation is an exhibition by Tang Mun Kit, inspired by @thesubstation’s uncertainty over its status, and the sense of loss in continuity from the original purpose of A Home for the Arts as expounded by founder Kuo Pao Kun. https://t.co/NBgSKM7HxS",1387245731568754692,dinastik,[],,[],
38,https://twitter.com/rohitgird/status/1386682491415629830,2021-04-26 14:04:03+00:00,6 Strategies for Leading Through Uncertainty #strategy #leadership  https://t.co/h5puR2XoTe,1386682491415629830,rohitgird,['https://hbr.org/2021/04/6-strategies-for-leading-through-uncertainty'],https://hbr.org/2021/04/6-strategies-for-leading-through-uncertainty,['https://t.co/h5puR2XoTe'],https://t.co/h5puR2XoTe
39,https://twitter.com/staffanstewart/status/1380789520426278917,2021-04-10 07:47:30+00:00,"Stepping forward even in the face of looming uncertainty 🔥

Do head over to the 
 Tedx Singapore “To Boldly” exhibition in Marina One. @ Marina One https://t.co/0h1aDbGA9K",1380789520426278917,staffanstewart,['https://www.instagram.com/p/CNekPGnAHE4/?igshid=1rut5h8g9soiz'],https://www.instagram.com/p/CNekPGnAHE4/?igshid=1rut5h8g9soiz,['https://t.co/0h1aDbGA9K'],https://t.co/0h1aDbGA9K
40,https://twitter.com/fatenermala/status/1380567282108096513,2021-04-09 17:04:24+00:00,Your uncertainty is killing me.,1380567282108096513,fatenermala,[],,[],
41,https://twitter.com/ObnoxiousUsher/status/1379194245316177928,2021-04-05 22:08:26+00:00,"Can’t believe that Circuit Breaker is already a year old. From having fear of uncertainty and being too anxious to now feeling more safe and slowly getting back to normal. Great job on taking care of us, SG! 

Though this pandemic is far from over, keep your mask on &amp; stay safe! https://t.co/iYGU6WI7dv",1379194245316177928,ObnoxiousUsher,[],,[],
42,https://twitter.com/kickino/status/1378968452010967042,2021-04-05 07:11:13+00:00,@GermanyinSGP @Dudenverlag @gweezilla @Vossstrasse17 .@GermanyinSGP Dying because of uncertainty here. Was this indeed an April’s Fool or not? 🤨🤯🤯🤯,1378968452010967042,kickino,[],,[],
43,https://twitter.com/nurulsafirah_/status/1373128068022235147,2021-03-20 04:23:37+00:00,uncertainty feelings haiyoo,1373128068022235147,nurulsafirah_,[],,[],
44,https://twitter.com/MisterTechBlog/status/1351694462980812800,2021-01-20 00:54:07+00:00,"""Uncertainty hangs over #GitHub’s future in #China""

https://t.co/Ou8q2kSqZB",1351694462980812800,MisterTechBlog,['https://restofworld.org/2021/china-gitee-to-rival-github/'],https://restofworld.org/2021/china-gitee-to-rival-github/,['https://t.co/Ou8q2kSqZB'],https://t.co/Ou8q2kSqZB
45,https://twitter.com/zarithshahani/status/1351371328863932417,2021-01-19 03:30:06+00:00,@sitisuhailaaaaa i belum kawin tapi i setuju 💯 dengan you sis. beruntung you dapat husband mampu sediakan semua for the family (all girl's dream sgt). sis make sure minta husband sedikan hibah siap2. we hv many uncertainty in our life too.,1351371328863932417,zarithshahani,[],,[],
46,https://twitter.com/DinMonzter/status/1351194618474409987,2021-01-18 15:47:55+00:00,"Opportunity presents itself in times of uncertainty. 🤯🤯

#ChunkyAdventures
#KopiOnTheGowithDinLee
#MonzterAdventures
#youtuber
#vlogger
#vlog
#productreviews
#foodreviews
#DontSayBOJIO @ Singapore https://t.co/O2ZfpOIjsO",1351194618474409987,DinMonzter,['https://www.instagram.com/p/CKMSCFPhkHk/?igshid=2odcz73aekfu'],https://www.instagram.com/p/CKMSCFPhkHk/?igshid=2odcz73aekfu,['https://t.co/O2ZfpOIjsO'],https://t.co/O2ZfpOIjsO
47,https://twitter.com/WafiuddinGhulab/status/1350630955300474883,2021-01-17 02:28:07+00:00,"Ada ni ha...

Pagi2 pergi delivery buku polisi kat RIM A. Client setuju dgn harga Takaful RM150, 7% je dari gaji beliau. Dah set Emergency Saving sekali. So tak perlu risau dengan uncertainty.",1350630955300474883,WafiuddinGhulab,[],,[],
48,https://twitter.com/AFatElectron/status/1348989027718811649,2021-01-12 13:43:41+00:00,"Some more need to ensure I dun fall ill with serious illness.

Sian.. sia.. to the max..

I think sisyphus life is better at least at least rolling stone is more predictable..

Uncertainty and variety is way much more stressful...",1348989027718811649,AFatElectron,[],,[],
49,https://twitter.com/vince_zack/status/1347697964718845953,2021-01-09 00:13:28+00:00,"And dont forget as well the political uncertainty now is caused by these useless creatures 

He orchestrated the fall of PH
And when he and his fellow perompak didnt get their cases dropped they create another havoc

All they want is to not be convicted of their rompakan

Puiiii!",1347697964718845953,vince_zack,[],,[],
50,https://twitter.com/shfqhazr/status/1347451187990171649,2021-01-08 07:52:52+00:00,"The uncertainty continues. Azura kena terus kuat, sekuat tembok besar China.",1347451187990171649,shfqhazr,[],,[],
51,https://twitter.com/paraparazi/status/1345776680275644421,2021-01-03 16:58:58+00:00,"Uncertainty is between the GB and France .
What are you all about ?",1345776680275644421,paraparazi,[],,[],
52,https://twitter.com/AFatElectron/status/1345215269828923392,2021-01-02 03:48:07+00:00,"Look towards light. 
Lead with curiosity. 
Welcome uncertainty. 
Embrace nuance. 
Empower others. 
Lean into fear. 
Train weakness. 
Trust others more.
Separate from expectation. 
Choose depth over breadth. 
Let go of old stories. 
Permit more joy. 
Love without condition.",1345215269828923392,AFatElectron,[],,[],
