,url,date,content,id,username,outlinks,outlinksss,tcooutlinks,tcooutlinksss
0,https://twitter.com/indisatria07/status/1334268968995966977,2020-12-02 22:51:26+00:00,"Bagi tips dong bagi yang bisa tidur cepat
#insomnia #mutualan",1334268968995966977,indisatria07,[],,[],
1,https://twitter.com/DanspireVy/status/1301125860645310465,2020-09-02 11:52:33+00:00,"📌 Better Sleep with SMT for Pregnant Mums.

Had a pleasurable evening sharing techniques to induce sleep for mummies.

Thank you beautymumsnbabies and sgbearylovely for the organizing this.

#sleep #better #insomnia… https://t.co/XUdqOgct2g",1301125860645310465,DanspireVy,['https://www.instagram.com/p/CEohZfLHNqs/?igshid=wzqu72p137qp'],https://www.instagram.com/p/CEohZfLHNqs/?igshid=wzqu72p137qp,['https://t.co/XUdqOgct2g'],https://t.co/XUdqOgct2g
2,https://twitter.com/OrangeBubblez/status/1298334132770992130,2020-08-25 18:59:13+00:00,It's 3am and I need to get up at 8am for work 😩 #insomnia,1298334132770992130,OrangeBubblez,[],,[],
3,https://twitter.com/MrRonbot/status/1266532771146502144,2020-05-30 00:51:58+00:00,"Been considering Insomnia Teams for team collaboration on GraphQL projects. How does it compare to alternatives such as Postman and Apollo?

#graphql #insomnia #insomniateams",1266532771146502144,MrRonbot,[],,[],
4,https://twitter.com/hafizXaviers/status/1261750228022988800,2020-05-16 20:07:51+00:00,dear #Insomnia please go away 😔,1261750228022988800,hafizXaviers,[],,[],
5,https://twitter.com/JudikaNevi/status/1254440903382614016,2020-04-26 16:03:12+00:00,"Pengen banget kyk org2 baru bentar kepala nempel di bantal udah tidur...
Apa ya trik nya
#insomnia https://t.co/zzcOfijirF",1254440903382614016,JudikaNevi,[],,[],
6,https://twitter.com/disha/status/1243012744682418181,2020-03-26 03:11:47+00:00,Nearing end of week 5 of #WFH and I’m really starting to struggle with #insomnia. 😩 Any tips outside of melatonin?! https://t.co/C2sy1Rci3j,1243012744682418181,disha,[],,[],
