,url,date,content,id,username,outlinks,outlinksss,tcooutlinks,tcooutlinksss
0,https://twitter.com/remind_sg/status/1412763273007562752,2021-07-07 13:19:46+00:00,"Grief and loss is an emotion that we have all gone through. In this post, we explain more about the 5 stages of grief for you to better understand this emotion.
#mentalhealth #mentalhealthawareness #selfcare #health #mentalillness #death #grief #loss #5stagesofgrief #griefjourney https://t.co/Oc0kOQVH2E",1412763273007562752,remind_sg,[],,[],
1,https://twitter.com/SGinsightful/status/1412741786968104969,2021-07-07 11:54:24+00:00,"Here are some benefits of marriage counselling: 
1. It helps get to the root of the problem and find a way to tend to your relationship’s unique patterns and history.
#insightfulcounselling #psychotherapist  #counselling  #therapist #mentalhealthawareness #mentalhealthadvocate https://t.co/NTANvnnPw5",1412741786968104969,SGinsightful,[],,[],
2,https://twitter.com/SGinsightful/status/1412371847937626116,2021-07-06 11:24:23+00:00,"We have countless thoughts every single day, it's tough to control what we think about! What we can do is change the way these thoughts impact us
#insightfulcounselling #therapistofinstagram #psychotherapist  #counselling  #therapist #mentalhealthawareness #mentalhealthadvocate https://t.co/xN3AwWsqEt",1412371847937626116,SGinsightful,[],,[],
3,https://twitter.com/AChVoice/status/1412161911639187461,2021-07-05 21:30:11+00:00,"“The biggest mistake people make with their #anxiety is that they try to #control things they don’t have control over"": https://t.co/lDZEOKWNlR @ndwignall #MentalHealthAwareness #MentalHealth #SelfAwareness",1412161911639187461,AChVoice,['https://buff.ly/3lS92P9'],https://buff.ly/3lS92P9,['https://t.co/lDZEOKWNlR'],https://t.co/lDZEOKWNlR
4,https://twitter.com/SGinsightful/status/1411970287600422915,2021-07-05 08:48:44+00:00,"Couples therapy provides a safe space for both parties to air their issues, devoid of your old ways of communicating.

#insightfulcounselling #psychotherapist  #counselling  #therapist #mentalhealthawareness #mentalhealthadvocate  #talkaboutit #therapyiscool #selftalk https://t.co/QI8lOax7tm",1411970287600422915,SGinsightful,[],,[],
5,https://twitter.com/AChVoice/status/1411950502045274112,2021-07-05 07:30:07+00:00,"""use this as an #opportunity to evaluate and augment your “toolbox.” Consider practicing a form of #selfcare every day – and remember, that can mean doing less, not more"": https://t.co/q96HywjNQ5 @ForbesTech #mindfulness #MentalHealthAwareness #MentalHealthMatters",1411950502045274112,AChVoice,['https://buff.ly/2T4boQD'],https://buff.ly/2T4boQD,['https://t.co/q96HywjNQ5'],https://t.co/q96HywjNQ5
6,https://twitter.com/sfatc/status/1411837487748685826,2021-07-05 00:01:02+00:00,"My goodness there are a lot of these lists out there. 
I could really stress myself out worrying about all the things I’m not doing. 😉

more details: https://t.co/qAdBhlTJzy 

#selflove #health #mindfulness #selfcare #wellness #anxiety #recovery #mentalhealthawareness https://t.co/wPKkuB2g5m",1411837487748685826,sfatc,['https://bit.ly/3wgcYNo'],https://bit.ly/3wgcYNo,['https://t.co/qAdBhlTJzy'],https://t.co/qAdBhlTJzy
7,https://twitter.com/SGinsightful/status/1411611793131143172,2021-07-04 09:04:12+00:00,"#mentalhealthawareness #mentalhealthadvocate  #talkaboutit #therapyiscool #selftalk #depressionhelp #selflove #youarewhatyouthink #anxietysupport #keepgoing #keeptrying #youareloved #mentalhealthsupport #counsellingservices #itsokaytonotbeokay 
#checkin #questions #mentalhealth",1411611793131143172,SGinsightful,[],,[],
8,https://twitter.com/AChVoice/status/1411391802838503424,2021-07-03 18:30:02+00:00,"“She explained that our #body freezes at the time of #trauma, holding in the #emotions that we were experiencing”: https://t.co/FutN9GiNFe @klclark525 #MyofascialRelease #MentalHealthAwareness",1411391802838503424,AChVoice,['https://buff.ly/3rv22ZI'],https://buff.ly/3rv22ZI,['https://t.co/FutN9GiNFe'],https://t.co/FutN9GiNFe
9,https://twitter.com/SGinsightful/status/1411307408404611073,2021-07-03 12:54:41+00:00,"Healthy boundaries are a crucial component of self-care. While we may feel it sounds unfriendly, boundaries are necessary and should be clearly defined in all relationships.

#insightfulcounselling #psychotherapist  #counselling  #therapist #mentalhealthawareness https://t.co/q0CfON1CGo",1411307408404611073,SGinsightful,[],,[],
10,https://twitter.com/AChVoice/status/1411120035167342598,2021-07-03 00:30:08+00:00,"“It’s important to search for a #therapist that has the qualities that..you’re looking for..requires a bit of leg work..researching #therapists, reading background info, bios..”: https://t.co/OX9WxlcCZA @ClevelandClinic #MentalHealthAwareness #therapy #psychologist",1411120035167342598,AChVoice,['https://buff.ly/3w1gQ5r'],https://buff.ly/3w1gQ5r,['https://t.co/OX9WxlcCZA'],https://t.co/OX9WxlcCZA
11,https://twitter.com/SGinsightful/status/1410879226878730240,2021-07-02 08:33:15+00:00,"Taking the first step to ask for help may seem confusing &amp; scary, but it is an extremely brave step. Your healing journey begins with you! 

#insightfulcounselling #psychotherapist  #counselling  #therapist #mentalhealthawareness #mentalhealthadvocate  #talkaboutit #therapyiscool https://t.co/g3VJ1WFeRr",1410879226878730240,SGinsightful,[],,[],
12,https://twitter.com/tangenghui/status/1410861524957097985,2021-07-02 07:22:54+00:00,"I have an inspiration, an idea to combine a #zine and a #playbook together, for a #photography #therapy book on #MentalHealthAwareness

Where my sources come from:

https://t.co/QtLj5OI6nO

https://t.co/Ss3SwJqmWZ",1410861524957097985,tangenghui,"['https://www.tangenghui.com/personal-stories/a-playbook-to-encourage-and-teach-foundership-in-children-by-funderbeam', 'https://blog.photojournalist-tgh.tv/photojournalism/launch-of-tgh-photography-zine-vol-1-sg55-special-edition']",https://www.tangenghui.com/personal-stories/a-playbook-to-encourage-and-teach-foundership-in-children-by-funderbeam https://blog.photojournalist-tgh.tv/photojournalism/launch-of-tgh-photography-zine-vol-1-sg55-special-edition,"['https://t.co/QtLj5OI6nO', 'https://t.co/Ss3SwJqmWZ']",https://t.co/QtLj5OI6nO https://t.co/Ss3SwJqmWZ
13,https://twitter.com/SGinsightful/status/1410527491010138116,2021-07-01 09:15:34+00:00,"Self-esteem constantly changes its flow and intensity like waves in the ocean, by people we meet along the way and our life experiences.

#insightfulcounselling #psychotherapist  #counselling  #therapist #mentalhealthawareness #mentalhealthadvocate  #talkaboutit #therapyiscool https://t.co/sNej3XSFch",1410527491010138116,SGinsightful,[],,[],
14,https://twitter.com/himanshu_iitg/status/1410453442527563777,2021-07-01 04:21:20+00:00,"In the game of life, always go 'long.'

This simple mindset shift will relieve you of any 'short' roadblocks that may arise along the way in your journey of life.

#MindsetShift #entreprenuership #positivemindset #Hacks #Mentalhealth #MentalHealthAwareness",1410453442527563777,himanshu_iitg,[],,[],
15,https://twitter.com/remind_sg/status/1410250511735951361,2021-06-30 14:54:57+00:00,"Hey Re:Mind fam! Here are a few reminders for you ☀️ Send this to a friend who needs to see this!
#remind #mentalhealth #mentalhealthawareness #anxiety #depression #selfcare #selflove #health #mentalillness #reminder #motivationalquotes #inspirationalquotes #inspirational https://t.co/zRTbt7bHlG",1410250511735951361,remind_sg,[],,[],
16,https://twitter.com/itsmrssham/status/1407640855960162312,2021-06-23 10:05:07+00:00,"Done #running after a while!!
#MentalHealthAwareness 
#StayHealthy https://t.co/K2OPwMuZel",1407640855960162312,itsmrssham,[],,[],
17,https://twitter.com/BambangKajairi/status/1406170482844393472,2021-06-19 08:42:23+00:00,"During this lockdown all over the world, we underestimate the psychological impact on many of us at all levels of society. Mental health needs to be treated with more respect &amp; we need to address it more publicly as well as provide channels of help. 
#MentalHealthAwareness",1406170482844393472,BambangKajairi,[],,[],
18,https://twitter.com/tashabakar/status/1361552593076428808,2021-02-16 05:46:49+00:00,"Watched The Vanishing at the Cecil Hotel.. sad.. just sad.. #Mentalhealth #MentalHealthAwareness #bipolardisorder
Had to add the hashtag  #cyberbullying cos of the band #Morbid being falsely accused by web sleuths",1361552593076428808,tashabakar,[],,[],
