,url,date,content,id,username,outlinks,outlinksss,tcooutlinks,tcooutlinksss
0,https://twitter.com/adamcylee/status/1343718714403737600,2020-12-29 00:41:21+00:00,"I talked consciousness with Dr Chien Hoong Gooi, clinical psychologist at University of New South Wales, Australia.

Why am I me? ~ the ultimate metaphysical puzzle.

Can anyone answer？

@PinarAkal1 @DavidJarrettd
@realNDWalsch @drnikkistamp @leehsienloong Can you? https://t.co/sNwqH6UKHN",1343718714403737600,adamcylee,[],,[],
1,https://twitter.com/adamcylee/status/1343659831215833088,2020-12-28 20:47:22+00:00,"Communicated with Dr Chien Hoong Gooi, clinical psychologist at University of New South Wales. He is a very kind man. https://t.co/1mDTj7E6EX",1343659831215833088,adamcylee,[],,[],
2,https://twitter.com/AthiyaD/status/1339857185241661441,2020-12-18 08:57:00+00:00,@kaaichaa I think you can speak to a psychologist lewat Halodoc,1339857185241661441,AthiyaD,[],,[],
3,https://twitter.com/mfosgp/status/1337383502661046273,2020-12-11 13:07:29+00:00,@BillDierks @_thegasstation @jordanbpeterson A psychologist pontificating about biology?,1337383502661046273,mfosgp,[],,[],
4,https://twitter.com/mfosgp/status/1335371375251316738,2020-12-05 23:52:00+00:00,"@Nazarazabeth @ckstopford @__RLW__ @jordanbpeterson A clinical psychologist advocating psychiatric medication to 2 million + online followers whilst secretly addicted to benzos is not an issue for you? In the pity party family video, he claimed not to have known about the dangers of benzos  despite being a psychologist. Yet he...",1335371375251316738,mfosgp,[],,[],
5,https://twitter.com/mfosgp/status/1335366539101368320,2020-12-05 23:32:47+00:00,@Nazarazabeth @ckstopford @__RLW__ @jordanbpeterson That’s even worse don’t you think? A clinical psychologist dispensing psychotherapy to the masses via social media advocating pharmaceuticals whilst he himself is secretly addicted to benzos? Secretly again being the operative word. He didn’t tell us until he went to rehab,1335366539101368320,mfosgp,[],,[],
6,https://twitter.com/mfosgp/status/1334276621625221120,2020-12-02 23:21:50+00:00,@gjhong52 @spiderfan2226 @dc_romanrite @jordanbpeterson So what your saying is clinical psychologist Jordan Peterson is the victim of psychiatry. He had no idea benzos were so addictive. Of course he was self medicating. His physician wasn’t forcing them down his throat. He was prescribed them initially. Should really have known the..,1334276621625221120,mfosgp,[],,[],
7,https://twitter.com/larryloh/status/1334167016928808962,2020-12-02 16:06:19+00:00,"Great panel by the #CalmCollective to discuss the timely topic of #MentalWellBeing in the Workplace. Glad to be able to share my personal experience and opinions with Marcus Tan (co-founder of Carousell) and counseling psychologist Radhika Haralalka. 
https://t.co/kNFjFwD8fT",1334167016928808962,larryloh,['https://www.linkedin.com/posts/calm-collective-asia_mentalhealth-mentalwellbeing-wellbeingintheworkplace-activity-6739763434252054528-pck3'],https://www.linkedin.com/posts/calm-collective-asia_mentalhealth-mentalwellbeing-wellbeingintheworkplace-activity-6739763434252054528-pck3,['https://t.co/kNFjFwD8fT'],https://t.co/kNFjFwD8fT
8,https://twitter.com/PetrBlecha/status/1298978907178360833,2020-08-27 13:41:19+00:00,Jeanette is Executive coach &amp; psychologist. She will give you hints and tips how to embrace and enhance your inner personal strength as well as your skins inner strength :) #lancomesg #advancedgenifique… https://t.co/51GeuY1aV8,1298978907178360833,PetrBlecha,['https://www.instagram.com/p/CEZRE9GnNxz/?igshid=1aijkcthtk9fd'],https://www.instagram.com/p/CEZRE9GnNxz/?igshid=1aijkcthtk9fd,['https://t.co/51GeuY1aV8'],https://t.co/51GeuY1aV8
9,https://twitter.com/IzzuddinSafuan/status/1290152940758417408,2020-08-03 05:10:05+00:00,@syaaaMikhail Joker ni takder certified pun nak jadi psychologist.,1290152940758417408,IzzuddinSafuan,[],,[],
10,https://twitter.com/Ame_Puth/status/1288149272047755264,2020-07-28 16:28:13+00:00,I think it’s better if i become a psychologist...i think..,1288149272047755264,Ame_Puth,[],,[],
11,https://twitter.com/vipultyagig/status/1279592174032523271,2020-07-05 01:45:22+00:00,@kamaalrkhan you are nothing but a piece of shit. You are biggest dolt India has ever seen.go get yourself treated. You need to see a psychologist. https://t.co/tOMYqxvG86,1279592174032523271,vipultyagig,['https://twitter.com/BajpayeeManoj/status/1279415719021559811'],https://twitter.com/BajpayeeManoj/status/1279415719021559811,['https://t.co/tOMYqxvG86'],https://t.co/tOMYqxvG86
12,https://twitter.com/kent76934124/status/1276574353576980480,2020-06-26 17:53:38+00:00,Any attempt by these lawyers to block publication os Ms. Trump’s should be denied. Ms. Trump is a psychologist with unique knowledge that is highly relevant at this time. https://t.co/eYIpK5GsWu,1276574353576980480,kent76934124,['https://twitter.com/duty2warn/status/1276569567163121664'],https://twitter.com/duty2warn/status/1276569567163121664,['https://t.co/eYIpK5GsWu'],https://t.co/eYIpK5GsWu
13,https://twitter.com/anindadewayanti/status/1276020296902799362,2020-06-25 05:12:00+00:00,"Can’t agree more. Few weeks ago, I saw a psychologist for the first time in my life, after years insisting not to. It felt great! I think seeing a psychologist should be normalised, just like going to a dentist —to do a routine check-up, once in while. https://t.co/pT5rcSGrg7",1276020296902799362,anindadewayanti,['https://twitter.com/maxwalden_/status/1276002663209955328'],https://twitter.com/maxwalden_/status/1276002663209955328,['https://t.co/pT5rcSGrg7'],https://t.co/pT5rcSGrg7
14,https://twitter.com/mapleflorist_jb/status/1268397076859064320,2020-06-04 04:20:03+00:00,"Every flower lover knows, flowers have a language of their own. Every sentiment is expressed in one form or another by these fragile blooms and as a leading psychologist states...""FLOWERS ARE A PERFECT REPLICA OF… https://t.co/wGZ6KXUtjv",1268397076859064320,mapleflorist_jb,['https://www.instagram.com/p/CA_-Eo9HawO/?igshid=1jhwr0misg277'],https://www.instagram.com/p/CA_-Eo9HawO/?igshid=1jhwr0misg277,['https://t.co/wGZ6KXUtjv'],https://t.co/wGZ6KXUtjv
15,https://twitter.com/BlahnMore/status/1266951483724947456,2020-05-31 04:35:47+00:00,"Here’s my LIVE session with Dr. Mimansa Singh Tanwar, Clinical Psychologist, Deptt of Mental Health Behavioural Science, @fortis_hospital 
#MentalHealthAwareness LINK: https://t.co/migtYz8Xhn",1266951483724947456,BlahnMore,['https://www.instagram.com/tv/CAz-p9LJTBW/?igshid=169u6u5t6rgqm'],https://www.instagram.com/tv/CAz-p9LJTBW/?igshid=169u6u5t6rgqm,['https://t.co/migtYz8Xhn'],https://t.co/migtYz8Xhn
16,https://twitter.com/hafizahcheese/status/1262086226879737856,2020-05-17 18:22:59+00:00,@anhesya @haiqalr5 @JabirMfth Wow psychologist 😂😂😂😂 musim2 covid ni takde siapa ke nak bagi kau cert jadi psychologist,1262086226879737856,hafizahcheese,[],,[],
17,https://twitter.com/AaronAlMarteen/status/1249291811496976384,2020-04-12 11:02:33+00:00,When you have a psychologist for a partner it means 24/7 helpline when assistance is needed.,1249291811496976384,AaronAlMarteen,[],,[],
18,https://twitter.com/_atkhnurul/status/1248633484240773121,2020-04-10 15:26:35+00:00,"Skrg aku faham knp hidup aku dikelilingi kaunselor dan psychologist 🤙 

Mmg betul setiap yg berlaku mmg ada hikmah dan Allah atur dgn bersebab",1248633484240773121,_atkhnurul,[],,[],
19,https://twitter.com/Zikrayrus/status/1239422067579092992,2020-03-16 05:23:42+00:00,"Doesn't seem the Psychologist is in yet.

Then again I came an hour early. Oops.",1239422067579092992,Zikrayrus,[],,[],
20,https://twitter.com/thekatflea/status/1237785569486237696,2020-03-11 17:00:51+00:00,"If I am crazy with mental issues, why is your name’s on the list? My psychologist said I am okay. So quit your typings and face me.",1237785569486237696,thekatflea,[],,[],
21,https://twitter.com/PriyaLSivakumar/status/1234737327085252609,2020-03-03 07:08:13+00:00,@arneshhh What you need is a psychologist,1234737327085252609,PriyaLSivakumar,[],,[],
22,https://twitter.com/BryanVanNorden/status/1219981598977708033,2020-01-22 13:54:14+00:00,"@jasonintrator Good. I had a bad week a while ago when I crticized a certain lobster-loving psychologist and he sent his winged monkeys after me, but it did die down eventually. It's stressful, but they say you can judge a person by their enemies. 🙂",1219981598977708033,BryanVanNorden,[],,[],
