,url,date,content,id,username,outlinks,outlinksss,tcooutlinks,tcooutlinksss
0,https://twitter.com/ara_feera21/status/1412901768330055681,2021-07-07 22:30:06+00:00,"Ignore tags :

#artistic_share
#anime #art #digitalart  #collab #artist #artistoninstagram #instagram #pic #tweetartist #ibixpaint #picoftheday #fleetstweet #followｍe #like4likes #sketch #sketchbook #illustration #love #shareforshare  #animeaesthetic #myara_oc #reenoffice_au",1412901768330055681,ara_feera21,[],,[],
1,https://twitter.com/lF7hMtgK/status/1412764577943621632,2021-07-07 13:24:57+00:00,"Purchased a @fewocious piece off @opensea and I am incredibly stoked about it. I love you all. #NFT #NFTs #Beautiful #Majestic #Magical #Art #Love #Magnificent 

https://t.co/yLZPeG9t2i",1412764577943621632,lF7hMtgK,['https://opensea.io/assets/0xa2d544196fdbc9da15a701c38bb60513c1802ef4/3900010117/'],https://opensea.io/assets/0xa2d544196fdbc9da15a701c38bb60513c1802ef4/3900010117/,['https://t.co/yLZPeG9t2i'],https://t.co/yLZPeG9t2i
2,https://twitter.com/FellowsheepC/status/1412732001967169539,2021-07-07 11:15:31+00:00,"Pro tip for streamers.

The number of viewers from your streams does not equate the value of your worth.

#truth #singapore #sg #love #twitch #joy #jesus #blessed #happiness #quotes",1412732001967169539,FellowsheepC,[],,[],
3,https://twitter.com/ZephyrKhambatta/status/1412641857234825218,2021-07-07 05:17:19+00:00,"🙌🏻🙌🏻🙌🏻

#life #love #success https://t.co/FqhiG3DJFm",1412641857234825218,ZephyrKhambatta,['https://twitter.com/threeparthuman/status/1412641566355726340'],https://twitter.com/threeparthuman/status/1412641566355726340,['https://t.co/FqhiG3DJFm'],https://t.co/FqhiG3DJFm
4,https://twitter.com/Cocoveda/status/1412586912322228225,2021-07-07 01:38:59+00:00,"Hi, you.
Things can get hard so we hope you can get through this week! Here are some #selfcare ideas you can do and remember: it’s okay to take a break

#cocoveda #mentalhealth #wednesdaywisdom #wellbeing #mentalhealthmatters #covid #covid19 #depression #isolation #anxiety #love https://t.co/7qg5yPeTM9",1412586912322228225,Cocoveda,[],,[],
5,https://twitter.com/topguy37/status/1412293149641293825,2021-07-06 06:11:40+00:00,"Treat everyone with respect and kindness. Period. No exceptions.

#beingkind #beinghuman #kindness #love #respect #life https://t.co/AeA3FLcPiM",1412293149641293825,topguy37,['https://www.instagram.com/p/CQ-abcvndB_/?utm_medium=twitter'],https://www.instagram.com/p/CQ-abcvndB_/?utm_medium=twitter,['https://t.co/AeA3FLcPiM'],https://t.co/AeA3FLcPiM
6,https://twitter.com/sfatc/status/1412290481107701763,2021-07-06 06:01:04+00:00,"Perks offered to those vaccinated in S'pore to encourage more to get Covid-19 jabs

To read more: https://t.co/mus3iNqBzB

#covid #coronavirus #corona #stayhome #love #quarantine #news #lockdown https://t.co/lbt4marrkS",1412290481107701763,sfatc,['https://l8r.it/lFYp'],https://l8r.it/lFYp,['https://t.co/mus3iNqBzB'],https://t.co/mus3iNqBzB
7,https://twitter.com/MarakoMarcus/status/1412210680602583040,2021-07-06 00:43:58+00:00,"Sale Now! Starting $13.99🤗
Hashtag LOVE - Red Sky

Tees, Hoodies, Sweatshirts etc
https://t.co/8Iz4P4ILTQ

Do Retweet, ❤️ and check it out 🔥

#tees #hoodies #shirts #indie #indiemusic #indieartist #rtItBot
#love #beautiful #nature #tshirt #sale https://t.co/zMeyvViRJi",1412210680602583040,MarakoMarcus,['https://marako.creator-spring.com/listing/love-red-sky'],https://marako.creator-spring.com/listing/love-red-sky,['https://t.co/8Iz4P4ILTQ'],https://t.co/8Iz4P4ILTQ
8,https://twitter.com/palmerdebra/status/1412184000387424256,2021-07-05 22:57:57+00:00,"""She was soft as an angel but oh, she could love with the fury of a demon"" #angel #demon #love #woman https://t.co/VjGPPmppD7",1412184000387424256,palmerdebra,[],,[],
9,https://twitter.com/palmerdebra/status/1412100596451008516,2021-07-05 17:26:32+00:00,Goodnight #love #losingyou #appreciate https://t.co/TBu3vawu1O,1412100596451008516,palmerdebra,[],,[],
10,https://twitter.com/lessoninlife24h/status/1412005021399486464,2021-07-05 11:06:45+00:00,Tag someone you love #love #people https://t.co/xiPKgkxaBT,1412005021399486464,lessoninlife24h,[],,[],
11,https://twitter.com/garyveesiva/status/1411995877372313602,2021-07-05 10:30:25+00:00,Why We Love to Hate HR…and What HR Can Do About It #HRM #love  https://t.co/cflIu8YSUB,1411995877372313602,garyveesiva,['https://buff.ly/3hiVn2M'],https://buff.ly/3hiVn2M,['https://t.co/cflIu8YSUB'],https://t.co/cflIu8YSUB
12,https://twitter.com/garyveesiva/status/1411980774644068354,2021-07-05 09:30:24+00:00,The darkest side of online dating #dating #love  https://t.co/VylOlQeGUG,1411980774644068354,garyveesiva,['https://buff.ly/36dobDI'],https://buff.ly/36dobDI,['https://t.co/VylOlQeGUG'],https://t.co/VylOlQeGUG
13,https://twitter.com/sfatc/status/1411965772805586945,2021-07-05 08:30:47+00:00,"MOH to stop giving details of Covid-19 community cases

To read more: https://t.co/cAXGVGHCP7

#covid #coronavirus #corona #stayhome #love #quarantine #news #lockdown https://t.co/eMLzTuioPl",1411965772805586945,sfatc,['https://bit.ly/2UrPtUo'],https://bit.ly/2UrPtUo,['https://t.co/cAXGVGHCP7'],https://t.co/cAXGVGHCP7
14,https://twitter.com/FellowsheepC/status/1411895554485882884,2021-07-05 03:51:46+00:00,"Streaming now https://t.co/OqxwXFAQlI
and get a chance to win $100 sgd.
new timing, new people, new connections.

#singapore #vibe #twitch #fun #usa #ff14 #finalfantasy14 #love",1411895554485882884,FellowsheepC,['https://www.twitch.tv/fellowsheep_co'],https://www.twitch.tv/fellowsheep_co,['https://t.co/OqxwXFAQlI'],https://t.co/OqxwXFAQlI
15,https://twitter.com/Lee_McKing/status/1411867714814087173,2021-07-05 02:01:09+00:00,"Your #mind is #powerful!🤯

Here's a #quote

“Your #beliefs become your thoughts,
Your #thoughts become your words,
Your #words become your actions,
Your #actions become your habits,
Your #habits become your values,
Your #values become your #destiny.”

― Gandhi

#Love &amp; #Peace ❤️ https://t.co/sdyJZLeyAz",1411867714814087173,Lee_McKing,[],,[],
16,https://twitter.com/ZenWearShop1/status/1411702477821521924,2021-07-04 15:04:33+00:00,#love #outfit IFENDEI White Leather Belts For Women's Belts Waist Sliver Metal Buckle Strap For Ladies Jeans Wild Black Belt 95cm https://t.co/kdWy1W5dh1 https://t.co/85NQouna8J,1411702477821521924,ZenWearShop1,['https://zenwearshop.com/ifendei-white-leather-belts-for-womens-belts-waist-sliver-metal-buckle-strap-for-ladies-jeans-wild-black-belt-95cm/'],https://zenwearshop.com/ifendei-white-leather-belts-for-womens-belts-waist-sliver-metal-buckle-strap-for-ladies-jeans-wild-black-belt-95cm/,['https://t.co/kdWy1W5dh1'],https://t.co/kdWy1W5dh1
17,https://twitter.com/ForeverJewelsfj/status/1411697041835630597,2021-07-04 14:42:57+00:00,"Add a little irresistible luxury and sparkle shimmer to your everyday lifestyle. Our little heart-shaped dainty creation and its magnificent diamond has an aura and the luxuriance of a spellbound audience impact.

–
#foreverjewels #365love #gift #giftideas #love #pendant https://t.co/NtCHSziPYW",1411697041835630597,ForeverJewelsfj,[],,[],
18,https://twitter.com/thamizhsweet/status/1411641075299766273,2021-07-04 11:00:34+00:00,"“𝗪𝗶𝗻𝗻𝗲𝗿𝘀 𝗻𝗲𝘃𝗲𝗿 𝗾𝘂𝗶𝘁, 𝗮𝗻𝗱 𝗾𝘂𝗶𝘁𝘁𝗲𝗿𝘀 𝗻𝗲𝘃𝗲𝗿 𝘄𝗶𝗻.”  🤩  #money #business #goals #entrepreneur #morningmotivation #love #dreams #fitness #work #quotes #today #life #success #motivation #inspiration #havemotivation https://t.co/ylRcNDbFfL",1411641075299766273,thamizhsweet,[],,[],
19,https://twitter.com/Cocoveda/status/1411616284668686338,2021-07-04 09:22:03+00:00,#vegan #nochemical #baby #eczema #infant #Parenthood #SundayFunday #SundayMotivation #relaxation #babywash #babycareproducts #healthy #healthyskin #love #motherhood #bonding #babyspa #kids #homecare #babymassage #childhood #instagood #instructions #education #ChildrensBooks,1411616284668686338,Cocoveda,[],,[],
20,https://twitter.com/Sathique1/status/1411553878005321728,2021-07-04 05:14:04+00:00,அடுத்தவன் நல்லா இருக்கணும் என்ற அந்த நினைக்கும் அந்த அன்புதான் கடவுள்.. சகமனிதன் துன்பப்படும் போதும் இரக்கப்படும் தூய உள்ளமே கடவுள்.. மனிதம் தான் இறைவன். அன்பை விதைப்போம் .. #humanity #love https://t.co/OuYWr4rt8h,1411553878005321728,Sathique1,['https://twitter.com/vijaytelevision/status/1411346640133189637'],https://twitter.com/vijaytelevision/status/1411346640133189637,['https://t.co/OuYWr4rt8h'],https://t.co/OuYWr4rt8h
21,https://twitter.com/Fadzly892/status/1411513946838749185,2021-07-04 02:35:24+00:00,"M'jalankn tugas spt biasa..
So to MSM area JB if nk buat screening HIV &amp; STD just whatsapp or dm me ok..❤️
#ambiltahuambilpeduli #staysafestayhome #love https://t.co/1WucHA1bfP",1411513946838749185,Fadzly892,[],,[],
22,https://twitter.com/mtvasia/status/1411278554021601280,2021-07-03 11:00:02+00:00,"byebye heartbreak, hello true love! send me them songs that you share with that special someone to show them how much you love them~~~ ❤️️🧡💛💚💙💜🖤

#MTVLoveBeyondGenres #MTVTellUs #Playlist #spotify #love #music #Pride #PrideMonth #relationships #couple #relationshipgoals https://t.co/zWDI7EdlWd",1411278554021601280,mtvasia,[],,[],
23,https://twitter.com/ForeverJewelsfj/status/1411275409732247555,2021-07-03 10:47:32+00:00,"Classic beauty of heart-shaped and love-inspired timeless creation to express your irreplaceable love to someone who’s very special and cherishable for a lifetime. 
Shop now at https://t.co/wQujLUp6ei

-
#foreverjewels #365love #love #necklace #giftideas #jewelry #Luxury https://t.co/GGiRMUAABR",1411275409732247555,ForeverJewelsfj,['https://bit.ly/3Ap5VVW'],https://bit.ly/3Ap5VVW,['https://t.co/wQujLUp6ei'],https://t.co/wQujLUp6ei
24,https://twitter.com/f3rosa/status/1411244731787534337,2021-07-03 08:45:38+00:00,"This could be us, but vaccination role out too slow 😐🤣
New Skriiiiiiiiilexxxxxxx! 🔥🔥🔥❤️❤️❤️

#Repost @skrillex
...
#InDaGetto Out now🚨🚨 @Jbalvin

#edm #skrillex #music
#love #saturdayvibes https://t.co/70A1TKKxVb",1411244731787534337,f3rosa,['https://www.instagram.com/p/CQ29oM_HtyW/?utm_medium=twitter'],https://www.instagram.com/p/CQ29oM_HtyW/?utm_medium=twitter,['https://t.co/70A1TKKxVb'],https://t.co/70A1TKKxVb
25,https://twitter.com/kokhong/status/1411242366745202688,2021-07-03 08:36:14+00:00,"I started cycling to work in 2010 and in the next 11 years, I became one of the most ardent cyclists on the streets of Singapore.

#cycling #cyclist #bicycle #love #photooftheday #happy #fun #health #smile #beautiful #singapore https://t.co/70qunlEyRq",1411242366745202688,kokhong,[],,[],
26,https://twitter.com/mxaxmxix/status/1411239296695164931,2021-07-03 08:24:02+00:00,📷 #hello_new_world #stayhome #世界平和 #world_peace #宮古島 #宮古ブルー #ブルーチャージ #beach #miyakojima #miyako #ocean #blue #okinawapress #visitjapan #visitokinawa #love #海 #宮古島に帰りたい #i_love_miyako... https://t.co/guhegQRSQE,1411239296695164931,mxaxmxix,['https://tmblr.co/ZCwdQjaPRIcUOe00'],https://tmblr.co/ZCwdQjaPRIcUOe00,['https://t.co/guhegQRSQE'],https://t.co/guhegQRSQE
27,https://twitter.com/CleanHeelsSg/status/1411220178336104451,2021-07-03 07:08:04+00:00,Love this ! #love #art #family #relationships @deesboutique_collections @ Iskandar Puteri https://t.co/yXcCZ7dref,1411220178336104451,CleanHeelsSg,['https://www.instagram.com/p/CQ2yfsNJ8La/?utm_medium=twitter'],https://www.instagram.com/p/CQ2yfsNJ8La/?utm_medium=twitter,['https://t.co/yXcCZ7dref'],https://t.co/yXcCZ7dref
28,https://twitter.com/palmerdebra/status/1411211746312785920,2021-07-03 06:34:34+00:00,#iloveboots #bootlove #bootqueen #love https://t.co/wMDKLbtrpL,1411211746312785920,palmerdebra,[],,[],
29,https://twitter.com/PhutiKhomo/status/1410952574774218755,2021-07-02 13:24:42+00:00,"It’s never where you are, it’s who you’re with
#mypeople #family #love #birthday #birthdaytrip #lesotho https://t.co/BDASU8iYbp",1410952574774218755,PhutiKhomo,['https://www.instagram.com/p/CQ04zdNMrIo/?utm_medium=twitter'],https://www.instagram.com/p/CQ04zdNMrIo/?utm_medium=twitter,['https://t.co/BDASU8iYbp'],https://t.co/BDASU8iYbp
30,https://twitter.com/PhutiKhomo/status/1410944815215300609,2021-07-02 12:53:52+00:00,"When you have the suns attention
#ladyp #lesotho #ski #skiing #love #birthdaycelebration https://t.co/UOHv7kxC8e",1410944815215300609,PhutiKhomo,['https://www.instagram.com/p/CQ01RmKM2sy/?utm_medium=twitter'],https://www.instagram.com/p/CQ01RmKM2sy/?utm_medium=twitter,['https://t.co/UOHv7kxC8e'],https://t.co/UOHv7kxC8e
31,https://twitter.com/FellowsheepC/status/1410933664326709248,2021-07-02 12:09:34+00:00,"Stand a chance to win $100 SGD while chilling at https://t.co/OqxwXFAQlI now 

My way of returning back to the awesome community for the love and support. Thank You!

#singapore #sg #usa #twitch #giveaway #friendsheep #love #SmallStreamerCommunity #FF14 #FinalFantasy #FFXIV",1410933664326709248,FellowsheepC,['https://www.twitch.tv/fellowsheep_co'],https://www.twitch.tv/fellowsheep_co,['https://t.co/OqxwXFAQlI'],https://t.co/OqxwXFAQlI
32,https://twitter.com/DrCle4n/status/1410933458793238531,2021-07-02 12:08:45+00:00,"My friend gave me this homemade sourdough loaf today.

Is he telling me I'm a smooth brain?
#sourdough #homemade #homebaked #love https://t.co/Gm5apqgCSr",1410933458793238531,DrCle4n,[],,[],
33,https://twitter.com/s0fiaazzahra/status/1410816633304608772,2021-07-02 04:24:31+00:00,i #love #indian #food 🤍🤍🤍 https://t.co/uf4m2Nhd5J,1410816633304608772,s0fiaazzahra,[],,[],
34,https://twitter.com/Jay_Davern/status/1410615091192426503,2021-07-01 15:03:40+00:00,"Wow💥 #Wimbledon I must say, you are looking sooo #beautiful 🤩today: I so dearly missed our annual 2-week #love affair last year ❤️ I was wearing my W🌱🇬🇧🍓#tennis gear throughout as I’m doing again🙌🎾 #WimbledonThing EVERYONE get your W@ Home kit now👉 https://t.co/8LHUNgKiXk https://t.co/vlwIKvkJSP https://t.co/vwd4efkwKC",1410615091192426503,Jay_Davern,"['https://shop.wimbledon.com', 'https://twitter.com/Wimbledon/status/1410278528927600641']",https://shop.wimbledon.com https://twitter.com/Wimbledon/status/1410278528927600641,"['https://t.co/8LHUNgKiXk', 'https://t.co/vlwIKvkJSP']",https://t.co/8LHUNgKiXk https://t.co/vlwIKvkJSP
35,https://twitter.com/Neuroisdelish/status/1410601511424446465,2021-07-01 14:09:42+00:00,"Broken trust, promises, heartache &amp; disappointments due to failed relationships? Watch this to find #LOVE again! Due to the nature of this particular episode, we are going 100% RAW, UNCUT &amp; UNEDITED!! 

Full VOD ▶️ https://t.co/ToFW1OfIgV

#BillCalhoun #MindBodySoul #talkshow https://t.co/yOlHLXSDuz",1410601511424446465,Neuroisdelish,['https://youtu.be/IFs8JIjTqaw'],https://youtu.be/IFs8JIjTqaw,['https://t.co/ToFW1OfIgV'],https://t.co/ToFW1OfIgV
36,https://twitter.com/NancyVouge/status/1410549267542933508,2021-07-01 10:42:06+00:00,#malampragraduan #BayouLagoonParkResort #sem6 #pmm #jke #Love ♥,1410549267542933508,NancyVouge,[],,[],
37,https://twitter.com/4everAishwarya/status/1410522655384551426,2021-07-01 08:56:21+00:00,#aishwarya #aishwaryaraibachchan #aishwaryarai #missWorld #missuniverse #aishwaryaraibachan #bollywood #aish #aishwaryapisse #aishwaryapissefansclub #beauty #naamiruvarnamakkuiruvar #aishwaryapissefans #aishwaryapissefc #sarvamangalamangalye #love #bachc… https://t.co/ZdGPNdrNUo https://t.co/UWt10Kn9ny,1410522655384551426,4everAishwarya,['https://instagr.am/p/CQxzNsOM8Yr/'],https://instagr.am/p/CQxzNsOM8Yr/,['https://t.co/ZdGPNdrNUo'],https://t.co/ZdGPNdrNUo
38,https://twitter.com/sfatc/status/1410511142980575232,2021-07-01 08:10:37+00:00,"SAF has achieved ‘herd immunity’ through COVID-19 vaccinations; IPPT, in-camp training resume

Read more at https://t.co/omAYWUxOXK

#covid #coronavirus #corona #stayhome #love #quarantine #news #lockdown https://t.co/tvEINrxLl7",1410511142980575232,sfatc,['https://bit.ly/3qDAlPr'],https://bit.ly/3qDAlPr,['https://t.co/omAYWUxOXK'],https://t.co/omAYWUxOXK
39,https://twitter.com/moonhunterken/status/1410487697534160897,2021-07-01 06:37:27+00:00,"Asia World LOVE #043 + #044 COLLECTIONS

Asia x World Love, the main is to spread love, especially during hard time
#noracism #MalaysiaBoleh #love #HumanRights 
#nftart #whiteflag
#NFTCommunity 
#Blockchain 
#cryptocreatormastercourse 
#100NFTMaking
@nasacademy 
@metapurse https://t.co/SU4zjIgymF",1410487697534160897,moonhunterken,[],,[],
40,https://twitter.com/moonhunterken/status/1410483762182328320,2021-07-01 06:21:49+00:00,"044 : NO DIFFERENCE   (Edition 1/1)
No matter which color you are, we are same, we cute and bleed too. 
#noracism #MalaysiaBoleh #love #HumanRights 
#nftart
#NFTCommunity 
#Blockchain #Metaverse 
#cryptocreatormastercourse 
#100NFTMaking
@nasacademy 
@metapurse https://t.co/NLlpVTAfjo",1410483762182328320,moonhunterken,[],,[],
41,https://twitter.com/sfatc/status/1410478628106911749,2021-07-01 06:01:25+00:00,"I will remember and recover, not forgive and forget.

#sgfirstaidquotes #motivation #sfatc #motivationalquotes #inspiration #love #happy #sgfirstaid #singaporefirstaid #firstaidsingapore https://t.co/nr2y1rMzvc",1410478628106911749,sfatc,[],,[],
42,https://twitter.com/chaaaruM/status/1410445585849614337,2021-07-01 03:50:07+00:00,"#recommendation words received with gratitude from leadership coach from New Zealand Sally Anderson!!!

#recommendation #review #recommended  #love #recommendations #bookstag

 #follow #new #readyforfuture #bhfyp https://t.co/5GkBVT9frC",1410445585849614337,chaaaruM,[],,[],
43,https://twitter.com/womenlines/status/1410445549325590528,2021-07-01 03:49:58+00:00,"#recommendation words received with gratitude from leadership coach from New Zealand Sally Anderson!!!

#recommendation #review #recommended  #love #recommendations #bookstag

 #follow #new #readyforfuture #bhfyp https://t.co/J3NEyPIWsy",1410445549325590528,womenlines,[],,[],
44,https://twitter.com/sfatc/status/1410436907780161541,2021-07-01 03:15:38+00:00,"Singapore gives interim authorisation for use of GlaxoSmithKline drug to treat COVID-19

Read more at https://t.co/dhqDjGQxmC

#covid #coronavirus #corona #stayhome #love #quarantine #news #lockdown https://t.co/F9yxuftyNr",1410436907780161541,sfatc,['https://bit.ly/3qzAIKU'],https://bit.ly/3qzAIKU,['https://t.co/dhqDjGQxmC'],https://t.co/dhqDjGQxmC
45,https://twitter.com/sfatc/status/1410395448804790276,2021-07-01 00:30:53+00:00,"Change the game, don’t let the game change you.

#sgfirstaidquotes #motivation #sfatc #motivationalquotes #inspiration #love #happy #sgfirstaid #singaporefirstaid #firstaidsingapore
#quote #quoteoftheday #instagood #inspirationalquotes https://t.co/AZlgiMoUsM",1410395448804790276,sfatc,[],,[],
46,https://twitter.com/ZenWearShop1/status/1410289147038912513,2021-06-30 17:28:29+00:00,#beautiful #love Women's Black Solid Bracelet https://t.co/VRmDUlL9vm https://t.co/oovdzMMzPw,1410289147038912513,ZenWearShop1,['https://zenwearshop.com/womens-black-solid-bracelet/'],https://zenwearshop.com/womens-black-solid-bracelet/,['https://t.co/VRmDUlL9vm'],https://t.co/VRmDUlL9vm
47,https://twitter.com/johnau_/status/1410233836932325376,2021-06-30 13:48:42+00:00,Beautiful evening. #love #photooftheday #clouds https://t.co/ZZB1pGEXgC,1410233836932325376,johnau_,['https://www.instagram.com/p/CQvx9biBlG8/?utm_medium=twitter'],https://www.instagram.com/p/CQvx9biBlG8/?utm_medium=twitter,['https://t.co/ZZB1pGEXgC'],https://t.co/ZZB1pGEXgC
48,https://twitter.com/teamcmcbot/status/1410231315555815424,2021-06-30 13:38:41+00:00,".@ByAlexis_Carp has won grand challenge on 30/06/2021 21:37:11 SGT [P.E.K.K.A,Battle Ram,Bandit,Dark Prince,Electro Wizard,Magic Archer,Zap,Fireball]

#Love 

Deck: https://t.co/aCZ94GFScu

GC Logs: https://t.co/LqrbCdb6Yg

Powered by @ AMGinfluence https://t.co/OCRtdM3unG",1410231315555815424,teamcmcbot,"['https://link.clashroyale.com/deck/en?deck=26000004;26000036;26000046;26000027;26000042;26000062;28000008;28000000', 'https://royalepros.com/viewprofile/Y8JCG22U/challenge?lastbattle=1625060231&logs=true']",https://link.clashroyale.com/deck/en?deck=26000004;26000036;26000046;26000027;26000042;26000062;28000008;28000000 https://royalepros.com/viewprofile/Y8JCG22U/challenge?lastbattle=1625060231&logs=true,"['https://t.co/aCZ94GFScu', 'https://t.co/LqrbCdb6Yg']",https://t.co/aCZ94GFScu https://t.co/LqrbCdb6Yg
49,https://twitter.com/mtvasia/status/1410206488589586436,2021-06-30 12:00:01+00:00,"nothing like some good tunes to soothe an aching heart 🥺️🙏 thank you all for your recommendations! here are some that made it onto our #MTVLoveBeyondGenres Spotify playlist! ❤️️🧡💛💚💙💜🖤

#MTVTellUs #Playlist #spotify #love #Pride #PrideMonth #relationships #heartbreak https://t.co/3Gqh23BXcs",1410206488589586436,mtvasia,[],,[],
50,https://twitter.com/NelsonTan82/status/1409358133802287106,2021-06-28 03:48:58+00:00,"My heart…and hands…are full. 

#toypoodle #fatherandson #love #cute @ Singapore https://t.co/RTmAgYa5zD",1409358133802287106,NelsonTan82,['https://www.instagram.com/p/CQpjvS1nHXa/?utm_medium=twitter'],https://www.instagram.com/p/CQpjvS1nHXa/?utm_medium=twitter,['https://t.co/RTmAgYa5zD'],https://t.co/RTmAgYa5zD
51,https://twitter.com/dmentd_eve/status/1409108729769955329,2021-06-27 11:17:55+00:00,"Oscar is sooooo cute! 💙💙💙 
#poodlesofinstagram #poodle #dogspa #love #cuteness @ Sopra Ginza https://t.co/WavlYHN1vN",1409108729769955329,dmentd_eve,['https://www.instagram.com/p/CQnyUikHfj1/?utm_medium=twitter'],https://www.instagram.com/p/CQnyUikHfj1/?utm_medium=twitter,['https://t.co/WavlYHN1vN'],https://t.co/WavlYHN1vN
52,https://twitter.com/wallflower_jcj/status/1408789586541752321,2021-06-26 14:09:46+00:00,"Surprised Olly with a trip to the @seaaquarium.sg. The pure joy and excitement radiating from him. Love you always, son. 🖤
:
:
:
:
#OliverMarcelPJ #PJsBlooming #motherhood #love #family #Singapore https://t.co/abz8LjtUy8",1408789586541752321,wallflower_jcj,['https://www.instagram.com/p/CQlhMc7HFXv/?utm_medium=twitter'],https://www.instagram.com/p/CQlhMc7HFXv/?utm_medium=twitter,['https://t.co/abz8LjtUy8'],https://t.co/abz8LjtUy8
53,https://twitter.com/dmentd_eve/status/1408607854844694533,2021-06-26 02:07:37+00:00,"Darling Toto 💛💛💛 
#schnauzersofinstagram #schnauzer #love #cuteness #clingy @ Sopra Ginza https://t.co/4iKNX7IX8z",1408607854844694533,dmentd_eve,['https://www.instagram.com/p/CQkOjSXHECx/?utm_medium=twitter'],https://www.instagram.com/p/CQkOjSXHECx/?utm_medium=twitter,['https://t.co/4iKNX7IX8z'],https://t.co/4iKNX7IX8z
54,https://twitter.com/dmentd_eve/status/1408008362915139587,2021-06-24 10:25:27+00:00,"Darling dogos came to spend the day with us.. 🧡🧡🧡🧡 
#labradoodlesofinstagram #labradoodle #poodle #love #cuteness @ Sopra Ginza https://t.co/qcqgVYijSM",1408008362915139587,dmentd_eve,['https://www.instagram.com/p/CQf97rQHI1q/?utm_medium=twitter'],https://www.instagram.com/p/CQf97rQHI1q/?utm_medium=twitter,['https://t.co/qcqgVYijSM'],https://t.co/qcqgVYijSM
55,https://twitter.com/R_Dalena95/status/1407122013919973387,2021-06-21 23:43:25+00:00,"Congrats for 48k follower @rourkesdiamonds !! 😘😘You deserve it!! You deserve to be love more and more 💞💞. We love you our shining diamond 💎💎💎!!!!! 💖💖 

#RourkeDiamonds 
#rourke 
#love https://t.co/TBQxzrtsac",1407122013919973387,R_Dalena95,[],,[],
56,https://twitter.com/renz_eigon007/status/1406899403865026560,2021-06-21 08:58:51+00:00,"Because love is not always about smiles, butterflies and good times

True love only appears through hard tough times, through the never giving up no matter how things going.

Its more like “i saw your bad sides and i’m still choosing you for a lifetime.”

#Love",1406899403865026560,renz_eigon007,[],,[],
57,https://twitter.com/SinghousePro/status/1406550087593971714,2021-06-20 09:50:47+00:00,Happy Father's Day! #fathersday #fathersdaygifts #family #father #love @ Lakeside https://t.co/klHjQQlv0k,1406550087593971714,SinghousePro,['https://www.instagram.com/p/CQVmyRDMESW/?utm_medium=twitter'],https://www.instagram.com/p/CQVmyRDMESW/?utm_medium=twitter,['https://t.co/klHjQQlv0k'],https://t.co/klHjQQlv0k
58,https://twitter.com/hairnoxstudio/status/1404369395221139459,2021-06-14 09:25:30+00:00,Keeping my Saint intact is to work. #blackandwhite #kef #lookboxliving #inspiringbiggerideas #love #bnw #bnwmood #bnwphotography #bnwsouls #bnwphoto #bnwlife #bnw_captures #tiktok #blackandwhitephotography @ KEF https://t.co/VABLFYEL4v,1404369395221139459,hairnoxstudio,['https://www.instagram.com/p/CQGHHr8H9qX/?utm_medium=twitter'],https://www.instagram.com/p/CQGHHr8H9qX/?utm_medium=twitter,['https://t.co/VABLFYEL4v'],https://t.co/VABLFYEL4v
59,https://twitter.com/chengbryan/status/1403572415234465795,2021-06-12 04:38:35+00:00,"It’s been quite an epic period, with lots of firsts. Taking a cruise, no flying for over a year, working from home… &amp; now this! #awesome #firsttime #live #laugh #love #blessed https://t.co/rLvneqKC8s",1403572415234465795,chengbryan,['https://www.instagram.com/p/CQAcshSBvhHjw7yE8yfjWys1KmVAGRniMZTMkM0/?utm_medium=twitter'],https://www.instagram.com/p/CQAcshSBvhHjw7yE8yfjWys1KmVAGRniMZTMkM0/?utm_medium=twitter,['https://t.co/rLvneqKC8s'],https://t.co/rLvneqKC8s
60,https://twitter.com/leonlimyz/status/1403559117579599873,2021-06-12 03:45:45+00:00,"Never underestimate the importance of time with the family ... 👨‍👩‍👦

#Weekend #Family #Time #Flowers  #Love @ Singapore https://t.co/dpPcrEMpiy",1403559117579599873,leonlimyz,['https://www.instagram.com/p/CQAWppynvaj/?utm_medium=twitter'],https://www.instagram.com/p/CQAWppynvaj/?utm_medium=twitter,['https://t.co/dpPcrEMpiy'],https://t.co/dpPcrEMpiy
61,https://twitter.com/Her1My/status/1401818976770953219,2021-06-07 08:31:03+00:00,@disha @_PrincessLola_ @siddarthdas @dog_rates #love,1401818976770953219,Her1My,[],,[],
62,https://twitter.com/ZephyrKhambatta/status/1401142694278094851,2021-06-05 11:43:44+00:00,"💫🌈
That kind of reading, for that kind of life transition and healing.

https://t.co/P7VT4qTpQv

#recordingartist #lifecoach #musicproducer #mentor #speaker #author #consultant #musician #singer #drummer #model #kindness #awareness #love #spirituality #reiki #mindset #physique https://t.co/hkKxLnElQq",1401142694278094851,ZephyrKhambatta,['http://www.zephyrkhambatta.com'],http://www.zephyrkhambatta.com,['https://t.co/P7VT4qTpQv'],https://t.co/P7VT4qTpQv
63,https://twitter.com/hairnoxstudio/status/1400786136851791877,2021-06-04 12:06:55+00:00,The Protector from Evil &amp; Ill Luck … #darumablack #darumadoll #blackdaruma #KEF #inspiringbiggerideas #dphenomenal #casting #castingspells #luckycharm #love #imaidaruma #imaidarumanaya #rialzarsi @ 20A Moonstone lane https://t.co/KblZbMAxNg,1400786136851791877,hairnoxstudio,['https://www.instagram.com/p/CPsppCOHazQ/?utm_medium=twitter'],https://www.instagram.com/p/CPsppCOHazQ/?utm_medium=twitter,['https://t.co/KblZbMAxNg'],https://t.co/KblZbMAxNg
64,https://twitter.com/HEYMIWA1/status/1400716240696397831,2021-06-04 07:29:10+00:00,The most beautiful things in the world cannot be seen or even touched. It must be felt within... #cannotbeseen #eventouched #mustbefeltit #within #art #happiness #love #creative #artstudio #artistlife #stayhomestaycreative #artistjapanese #heymiwacom #heymiwa https://t.co/39xgKAEpwM,1400716240696397831,HEYMIWA1,[],,[],
65,https://twitter.com/ZephyrKhambatta/status/1400684679146049540,2021-06-04 05:23:45+00:00,"🧙🏼‍♂️🙏🏻😇🙏🏻🧙🏼‍♂️
This message came to me as messages often do, and I thought I’d share it with you guys. 

#recordingartist #lifecoach #musicproducer #mentor #speaker #author #consultant #musician #singer #drummer #model #kindness #awareness #love #spirituality #reiki #mindset #physics https://t.co/QhHTd0ke2F",1400684679146049540,ZephyrKhambatta,[],,[],
66,https://twitter.com/Centrepiece2/status/1398125213049528321,2021-05-28 03:53:21+00:00,Unique handmade rattan sofa from eco friendly and ethical source r important to maintain peace for many. #ecofriendly #sofa #singapore #sassymama #PAP #love #China #UsA https://t.co/noIWHIwixs,1398125213049528321,Centrepiece2,[],,[],
67,https://twitter.com/ikuan/status/1397930762184249350,2021-05-27 15:00:40+00:00,"Another night walk, the air is fresh after the rain.
The moon is out tonight, why so shy yesterday?
.
•
.
•
.
#ikphoto #selfie #couplegoals #couplefriends #nightwalk #shotoniphone #shotoniphone11promax #love #happy https://t.co/znhD0VbyMY",1397930762184249350,ikuan,['https://www.instagram.com/p/CPYXKw9HkJm/?utm_medium=twitter'],https://www.instagram.com/p/CPYXKw9HkJm/?utm_medium=twitter,['https://t.co/znhD0VbyMY'],https://t.co/znhD0VbyMY
68,https://twitter.com/mxaxmxix/status/1397201185933864976,2021-05-25 14:41:36+00:00,"#hello_new_world 
#Singapore
#singapore🇸🇬 
#date
#colourful
#happy
#love
#heart
#follow_me 
#dress
#シンガポール
#miracle
#secret
#moon
#月
#ecripce 場所: Singapore https://t.co/SGjT5PFlYf",1397201185933864976,mxaxmxix,['https://www.instagram.com/p/CPTLZYhDIRb/?utm_medium=twitter'],https://www.instagram.com/p/CPTLZYhDIRb/?utm_medium=twitter,['https://t.co/SGjT5PFlYf'],https://t.co/SGjT5PFlYf
69,https://twitter.com/shahidanamreen/status/1396182576046370816,2021-05-22 19:14:00+00:00,This is how it will be if you dating a videographer 🤍 #shotoniphone #naturelovers #love https://t.co/oyWsaqAdXm,1396182576046370816,shahidanamreen,[],,[],
70,https://twitter.com/Winter_Hails22/status/1395358551636287498,2021-05-20 12:39:37+00:00,"In the door of L.O.V.E 💕 

#royalehigh #love https://t.co/9FoE0gVWQh",1395358551636287498,Winter_Hails22,[],,[],
71,https://twitter.com/prodbydaymos/status/1393984315130777609,2021-05-16 17:38:54+00:00,"😈

#music #hiphop #alternative #trap #connecticut #love #engineering #musicproducer #producerlife #flgang #passion #fma #beats #beatsforsale #unsigned #beatmaker @ Papaya Island https://t.co/0PLxstHOgP",1393984315130777609,prodbydaymos,['https://www.instagram.com/p/CO8UiHshhho/?igshid=5h75m89es1wm'],https://www.instagram.com/p/CO8UiHshhho/?igshid=5h75m89es1wm,['https://t.co/0PLxstHOgP'],https://t.co/0PLxstHOgP
72,https://twitter.com/dmentd_eve/status/1393388586771402758,2021-05-15 02:11:41+00:00,Toto ❤❤❤ #schnauzersofinstagram #schnauzer #love #cuteness @ Sopra Ginza https://t.co/xrtHSfpFO6,1393388586771402758,dmentd_eve,['https://www.instagram.com/p/CO4FoS9nUxg/?igshid=55f787s7akd3'],https://www.instagram.com/p/CO4FoS9nUxg/?igshid=55f787s7akd3,['https://t.co/xrtHSfpFO6'],https://t.co/xrtHSfpFO6
73,https://twitter.com/the_markfuentes/status/1393067597680168963,2021-05-14 04:56:11+00:00,"I just to want to repost this whole photo for #flashbackfriday because I had to cut out my Ate's face to make it fit into the last post. Sorry, @pniangel! #fbf #fambam #love #dmvpeople @ Singapore https://t.co/Ppi6Vb1SEm",1393067597680168963,the_markfuentes,['https://www.instagram.com/p/CO1zqF_B9N8/?igshid=1elg8wpziuw4b'],https://www.instagram.com/p/CO1zqF_B9N8/?igshid=1elg8wpziuw4b,['https://t.co/Ppi6Vb1SEm'],https://t.co/Ppi6Vb1SEm
74,https://twitter.com/BlogBaobab/status/1392809599997251585,2021-05-13 11:51:00+00:00,"✨Is not madness. Is love✨.
.
.
#quotes #love #quoteoftheday #quotestagram #singapore #asia @ Singapore https://t.co/RzQzl51XHT",1392809599997251585,BlogBaobab,['https://www.instagram.com/p/COz-VbXDlSO/?igshid=nly65159enww'],https://www.instagram.com/p/COz-VbXDlSO/?igshid=nly65159enww,['https://t.co/RzQzl51XHT'],https://t.co/RzQzl51XHT
75,https://twitter.com/Dienbumbum/status/1392745434171510788,2021-05-13 07:36:02+00:00,"SHRMZDB 2021✨
#brocuba #jgnkecam #tryhard #wife #rayakobid #raya2021 #newlife #love #ootd #selamathariraya @ Johor Bahru https://t.co/scAinx7E27",1392745434171510788,Dienbumbum,['https://www.instagram.com/p/COzhJ7LpM3q/?igshid=1fle8pam4kc03'],https://www.instagram.com/p/COzhJ7LpM3q/?igshid=1fle8pam4kc03,['https://t.co/scAinx7E27'],https://t.co/scAinx7E27
76,https://twitter.com/BlogBaobab/status/1392480351499476992,2021-05-12 14:02:41+00:00,"✨Lucky✨.
This is how i feel when i look at him.
.
.
#lucky #husband #love #family #familygoals #couplegoals #interracialcouple #interracialmarriage #interracialmatch #spain #india #singapore @ Singapore https://t.co/EXMB39UKUU",1392480351499476992,BlogBaobab,['https://www.instagram.com/p/COxonATjvEZ/?igshid=1g7zfh4oyupda'],https://www.instagram.com/p/COxonATjvEZ/?igshid=1g7zfh4oyupda,['https://t.co/EXMB39UKUU'],https://t.co/EXMB39UKUU
77,https://twitter.com/BlogBaobab/status/1392069820787486724,2021-05-11 10:51:23+00:00,"✨May✨.
Happy to call Singapore home❤️.
.
.
#home #singapore #asia #love #dancing #dress #happy #family #wonderlust #eastcoast #may #expatlife @ East Coast Park https://t.co/uGZNdZzXB3",1392069820787486724,BlogBaobab,['https://www.instagram.com/p/COut66xjyFi/?igshid=197o89hs6ql4w'],https://www.instagram.com/p/COut66xjyFi/?igshid=197o89hs6ql4w,['https://t.co/uGZNdZzXB3'],https://t.co/uGZNdZzXB3
78,https://twitter.com/lord_rodan/status/1391066652792524811,2021-05-08 16:25:09+00:00,Happy birthday to my lovely sisters! I Iove you girls! 😘 #mothersday #sisters #family #ohana #love #ofw #pinoy #singapore🇸🇬 @ Singapore https://t.co/0RDnHB6pUa,1391066652792524811,lord_rodan,['https://www.instagram.com/p/COnlvECH_rq/?igshid=pkt0qpfp3xhs'],https://www.instagram.com/p/COnlvECH_rq/?igshid=pkt0qpfp3xhs,['https://t.co/0RDnHB6pUa'],https://t.co/0RDnHB6pUa
79,https://twitter.com/BlogBaobab/status/1390930043870892032,2021-05-08 07:22:19+00:00,"✨My world✨.
What are your plans for the weekend?
.
Qué planes tenéis para el finde?
.
.
#family #familytime #parenting #fatheranddaughter #love #sentosa #singapore #asia #home #wonderlust #happy #babygirl @ Singapore https://t.co/rTgFYFJ5Vd",1390930043870892032,BlogBaobab,['https://www.instagram.com/p/COmnnL5Dqo-/?igshid=1izv8aotw8hok'],https://www.instagram.com/p/COmnnL5Dqo-/?igshid=1izv8aotw8hok,['https://t.co/rTgFYFJ5Vd'],https://t.co/rTgFYFJ5Vd
80,https://twitter.com/BlogBaobab/status/1390867052244520969,2021-05-08 03:12:00+00:00,"✨Have a nice day✨.
.
.
#quotes #quoteoftheday #love #support #goodmorning #singapore @ Singapore https://t.co/NkZlYPmPxG",1390867052244520969,BlogBaobab,['https://www.instagram.com/p/COmK90ADvsr/?igshid=wg1itw7pn2a4'],https://www.instagram.com/p/COmK90ADvsr/?igshid=wg1itw7pn2a4,['https://t.co/NkZlYPmPxG'],https://t.co/NkZlYPmPxG
81,https://twitter.com/generalmartin/status/1390546360416485378,2021-05-07 05:57:42+00:00,Lunch At Ikea Jurong Meatballs! #meatball #ikea #ikeajurong #food #foodie #lunch #love #instafood #sg #igsg #sgig_foodies @ IKEA Jurong https://t.co/ufYGt5A0Gi,1390546360416485378,generalmartin,['https://www.instagram.com/p/COj3YgolAb9/?igshid=mm4hyjods86i'],https://www.instagram.com/p/COj3YgolAb9/?igshid=mm4hyjods86i,['https://t.co/ufYGt5A0Gi'],https://t.co/ufYGt5A0Gi
82,https://twitter.com/wallflower_jcj/status/1388446056309010435,2021-05-01 10:51:50+00:00,"Happy One Month to our Dani Louise! You are so loved. 😍
:
:
:
:
:
#DaniLouisePJ #PJsBlooming #family #love #motherhood #Singapore @ Singapore https://t.co/2ANZOCxTmb",1388446056309010435,wallflower_jcj,['https://www.instagram.com/p/COU-BpQH1Nc/?igshid=xru9fdf4rm8b'],https://www.instagram.com/p/COU-BpQH1Nc/?igshid=xru9fdf4rm8b,['https://t.co/2ANZOCxTmb'],https://t.co/2ANZOCxTmb
83,https://twitter.com/khairulelmee/status/1387403967513210881,2021-04-28 13:50:57+00:00,"Bila kita rancang untuk menikahi seseorang,
Rancanglah dengan niat untuk memimpinnya ke Syurga. #happyanniversarysayang

#insyaAllah #aamiin #love #amynabilla #danish #alfateh #marriage #life #togetherwestrong https://t.co/2HGS7eJLhM",1387403967513210881,khairulelmee,['https://www.instagram.com/p/CONkIuHJdUw/?igshid=149wry9lspxju'],https://www.instagram.com/p/CONkIuHJdUw/?igshid=149wry9lspxju,['https://t.co/2HGS7eJLhM'],https://t.co/2HGS7eJLhM
84,https://twitter.com/dwirtj/status/1383952758580006927,2021-04-19 01:17:04+00:00,"20210419 Pretty much the only fellas I'll call brothers.
.
#live #love #laugh #singapore #seen #scene #instagram #iphonography #shotoniphone #brothers #longtimefriends #8brothers @ Singapore https://t.co/vTcwqrN5QM",1383952758580006927,dwirtj,['https://www.instagram.com/p/CN1CtZOnLMM/?igshid=1wmbebx5zh0tf'],https://www.instagram.com/p/CN1CtZOnLMM/?igshid=1wmbebx5zh0tf,['https://t.co/vTcwqrN5QM'],https://t.co/vTcwqrN5QM
85,https://twitter.com/bnsreddy143Ysr/status/1383937768447909896,2021-04-19 00:17:30+00:00,"You can't go back and change the beginning, But you can start where your change The....END #slefmotivated #slefrespect✌️️ #nature #photos #love picture's @ Singapore https://t.co/4f8abo9jxd",1383937768447909896,bnsreddy143Ysr,['https://www.instagram.com/p/CN075HJnQCs/?igshid=13sm9k2b37cq2'],https://www.instagram.com/p/CN075HJnQCs/?igshid=13sm9k2b37cq2,['https://t.co/4f8abo9jxd'],https://t.co/4f8abo9jxd
86,https://twitter.com/RomanJames_Kiew/status/1382978354576388099,2021-04-16 08:45:08+00:00,"Craving for chocolate favour waffle. My daily afternoon tea break snacks 😋🧇

#waffle #chocolate #teabreak #fanclub #foryou #love https://t.co/CrZ8HqWmvb",1382978354576388099,RomanJames_Kiew,[],,[],
87,https://twitter.com/RomanJames_Kiew/status/1382953699304120323,2021-04-16 07:07:10+00:00,"After 7 days of work finally tomorrow day off 🔥

#TGIF #love #fanclub #foryou https://t.co/tu0pSfDiPI",1382953699304120323,RomanJames_Kiew,[],,[],
88,https://twitter.com/RomanJames_Kiew/status/1382686815702831106,2021-04-15 13:26:40+00:00,"Bringing back the night which never sleeps 🌌

#model #fashion #love #style #photoshoot #modelshoot #art #fanclub #foryou https://t.co/BpWueyBiFE",1382686815702831106,RomanJames_Kiew,[],,[],
89,https://twitter.com/RomanJames_Kiew/status/1382513125535059968,2021-04-15 01:56:29+00:00,"Nothing is hard when you do it by heart. Trust the process. Good morning ☀️
#model #fashion #photography #love #style #photooftheday #beautiful #art #menstyle #magazine #like #modeling #photoshoot #smile #fanclub #foryou #nevergiveup https://t.co/J1TtWGgMdo",1382513125535059968,RomanJames_Kiew,[],,[],
90,https://twitter.com/dudutna/status/1381564434682802178,2021-04-12 11:06:44+00:00,"Selamat menunaikan ibadah puasa.... 
Mohon maaf lahir dan batin. ❤🙏🏼

#ramadan 
#puasa 
#AndiRianto 
#alhamdulillah 
#blessed 
#instagood 
#picoftheday 
#photooftheday 
#love @ Padang Pasir https://t.co/dgyDiQ9DXK",1381564434682802178,dudutna,['https://www.instagram.com/p/CNkEoIsFxYr/?igshid=1kwqj3a8sztf6'],https://www.instagram.com/p/CNkEoIsFxYr/?igshid=1kwqj3a8sztf6,['https://t.co/dgyDiQ9DXK'],https://t.co/dgyDiQ9DXK
91,https://twitter.com/CleanHeelsSg/status/1381465969856495618,2021-04-12 04:35:28+00:00,Always smile 😃 #behappy #smilemore #happiness #lightup #loving #love #sharethelove @ Singapore https://t.co/exdEbmwYWl,1381465969856495618,CleanHeelsSg,['https://www.instagram.com/p/CNjX2ZYpqCH/?igshid=1cleb7zi2z2hf'],https://www.instagram.com/p/CNjX2ZYpqCH/?igshid=1cleb7zi2z2hf,['https://t.co/exdEbmwYWl'],https://t.co/exdEbmwYWl
92,https://twitter.com/SandoBacin48/status/1381193191286784007,2021-04-11 10:31:32+00:00,"I loved... 
-
-
#chill #chillvibe #chillvibes #child #love #rapartist #rapperindonesia @ Batam, Riau, Indonesia https://t.co/tOzoxvvgS1",1381193191286784007,SandoBacin48,['https://www.instagram.com/p/CNhbzUiruS-/?igshid=ck91ijmgzc1y'],https://www.instagram.com/p/CNhbzUiruS-/?igshid=ck91ijmgzc1y,['https://t.co/tOzoxvvgS1'],https://t.co/tOzoxvvgS1
93,https://twitter.com/sadiejanefl3a/status/1379659483815772160,2021-04-07 04:57:08+00:00,"Birthday and graduation dinner with my galpals...

Proof i cook rofl..

Known them since 2008!! ♡♡♡♡♡

#friendship #love #lovetheseguys @ Don Dae Bak 돈대박 https://t.co/XGWzFxo8sw",1379659483815772160,sadiejanefl3a,['https://www.instagram.com/p/CNWiUVhHd9v/?igshid=1ae2lnh7vwsdw'],https://www.instagram.com/p/CNWiUVhHd9v/?igshid=1ae2lnh7vwsdw,['https://t.co/XGWzFxo8sw'],https://t.co/XGWzFxo8sw
94,https://twitter.com/CleanHeelsSg/status/1378511059930255361,2021-04-04 00:53:42+00:00,Happy Easter #cleanheelsuaesg #cleanheelssingapore #chocolate #eastereggs #easterbunny #love #sunday #family #enjoy @ Singapore to Johor Bahru https://t.co/ergitzxywI,1378511059930255361,CleanHeelsSg,['https://www.instagram.com/p/CNOYG0qpMJv/?igshid=au9eld45ltsa'],https://www.instagram.com/p/CNOYG0qpMJv/?igshid=au9eld45ltsa,['https://t.co/ergitzxywI'],https://t.co/ergitzxywI
95,https://twitter.com/MohammadNirah/status/1378211128212267009,2021-04-03 05:01:53+00:00,"Siapa dah minum Fitfactor Green Apple? Macam mana rasa dia? Sedap tak? Hihi. 

💚🍏

P/s: Sis dah standby air epal hijau utk tetamu Raya nanti. Minum2 terus kurus walaupun makan banyak masa Raya nanti. 😚

#love
#fitness
#fitfactorgreenapple
#slimmingdrink https://t.co/XWJmEnzAhD",1378211128212267009,MohammadNirah,[],,[],
96,https://twitter.com/rosse_tdl/status/1377883860524916736,2021-04-02 07:21:26+00:00,"So what's the #symbol that represents you..? #love , #gecko , #flower or... 😉
.

#rcsfashion 
#rcslifestyle 
#rcssingapore 
#stainlesssteel 
#stainlesssteeljewelry 
#stainlesssteelrings 
#singapore @ Ubi MRT Station https://t.co/XvwmjFTaPp",1377883860524916736,rosse_tdl,['https://www.instagram.com/p/CNJ63ybhrTx/?igshid=12rdb65hx0bgk'],https://www.instagram.com/p/CNJ63ybhrTx/?igshid=12rdb65hx0bgk,['https://t.co/XvwmjFTaPp'],https://t.co/XvwmjFTaPp
97,https://twitter.com/9d9m/status/1377833849418178561,2021-04-02 04:02:43+00:00,"But because it is a such a common scene on our minds, it can sometimes lose its potency.
I invite you, my brethren, to look at the crucifix today, contemplate, and be reminded again of the death of Christ's love for you, and me. 
#love #Jesus",1377833849418178561,9d9m,[],,[],
98,https://twitter.com/dwirtj/status/1377033422951084035,2021-03-30 23:02:06+00:00,"20210331 Laksa to warm the cockles of my heart.
.
Also, yesterday was damn warm.
.
#live #love #laugh #singapore #seen #scene #instagram #iphonography #shotoniphone #laksa #sgfood #singaporeanfood https://t.co/Zvwni85JhL",1377033422951084035,dwirtj,['https://www.instagram.com/p/CND4KRMnVFe/?igshid=1bhqag9a0jbbw'],https://www.instagram.com/p/CND4KRMnVFe/?igshid=1bhqag9a0jbbw,['https://t.co/Zvwni85JhL'],https://t.co/Zvwni85JhL
99,https://twitter.com/dmentd_eve/status/1376423827371134977,2021-03-29 06:39:47+00:00,"When iz my mum comin back, hooman? 
#labradoodlesofinstagram 
#labradoodle #poodle
#love #cuteness @ Sopra Ginza https://t.co/3Rqwqu5Vq6",1376423827371134977,dmentd_eve,['https://www.instagram.com/p/CM_i82MHk9c/?igshid=etw91b0bqr9k'],https://www.instagram.com/p/CM_i82MHk9c/?igshid=etw91b0bqr9k,['https://t.co/3Rqwqu5Vq6'],https://t.co/3Rqwqu5Vq6
100,https://twitter.com/WendyBella29/status/1376197957125480455,2021-03-28 15:42:16+00:00,🌛🌕🌜#sexgoddess #adultentertainmentconsultant #seyihunter #sinfulsaturday #sexfluencer #tantra #passion #love #power #sexuality #fire #spiritual #singapore #feeling #lust  #highstandards #tgirl #transgender #trans #mtf #crossdresser #transgirl #transwoman #missgoodytwoshoes 🌈 https://t.co/KwrffyfEyk,1376197957125480455,WendyBella29,[],,[],
101,https://twitter.com/wallflower_jcj/status/1376052991858503681,2021-03-28 06:06:13+00:00,"Swipe ➡️ to see the BTS of this shot. 😂😂
📷: @goderic 
:
:
:
:
:
:
#PJsBlooming #prakashjacq #OliverMarcelPJ #family #love #Singapore @ Singapore https://t.co/cG2WKuE6GN",1376052991858503681,wallflower_jcj,['https://www.instagram.com/p/CM86T4InwoG/?igshid=19l9ptz4rwpbk'],https://www.instagram.com/p/CM86T4InwoG/?igshid=19l9ptz4rwpbk,['https://t.co/cG2WKuE6GN'],https://t.co/cG2WKuE6GN
102,https://twitter.com/chengbryan/status/1375833131090128896,2021-03-27 15:32:34+00:00,A well spent weekend with awesome food &amp; shopping! #awesome #sushitei #abathingape #bape #retailtherapy #fambam #family #live #laugh #love #blessed @ Mandarin Orchard Singapore https://t.co/QV8a7GdIVP,1375833131090128896,chengbryan,['https://www.instagram.com/p/CM7WVM4BdwgCOyrdVrWEwP7kBgPcbl4yeCr7WM0/?igshid=18uus5g0k9ios'],https://www.instagram.com/p/CM7WVM4BdwgCOyrdVrWEwP7kBgPcbl4yeCr7WM0/?igshid=18uus5g0k9ios,['https://t.co/QV8a7GdIVP'],https://t.co/QV8a7GdIVP
103,https://twitter.com/Enthiran_Raj/status/1374929008006201348,2021-03-25 03:39:55+00:00,"A new day with a new energy 🙂
Think, live &amp; spread positivity with love. ❤️
Thanks to Almighty for everything 🤗
#love #family #positivethinking #journeycontinues #lifestyle @ Tmn Universiti, Skudai JB https://t.co/46VbbiYkwt",1374929008006201348,Enthiran_Raj,['https://www.instagram.com/p/CM07L5rF4k1/?igshid=108tnejje1jss'],https://www.instagram.com/p/CM07L5rF4k1/?igshid=108tnejje1jss,['https://t.co/46VbbiYkwt'],https://t.co/46VbbiYkwt
104,https://twitter.com/xavhck/status/1374030914951479301,2021-03-22 16:11:13+00:00,"⏱Time ticking⏱
How I wish time flys a tad faster...
.
.
.
#timeflies #missingyou #beautiful #wonderfulcafe #singapore #travelagain #hopeful #love #cafe @ Knots Cafe and Living https://t.co/ZoeJaxCkS1",1374030914951479301,xavhck,['https://www.instagram.com/p/CMuix2qHlyq/?igshid=bhumd1rcnx57'],https://www.instagram.com/p/CMuix2qHlyq/?igshid=bhumd1rcnx57,['https://t.co/ZoeJaxCkS1'],https://t.co/ZoeJaxCkS1
105,https://twitter.com/Gulfee_Karthi/status/1373198239256604673,2021-03-20 09:02:27+00:00,"@Gulfee_Karthi 
*🪀வாழும் இந்த குறுகிய காலத்தில் வெறுத்து அவர்களுக்கு வலிகளை கொடுக்காதீர்கள். அனைவரும் அன்புக்காக மட்டுமே ஏங்குகிறார்கள்.!*
#love #FailuresOfState https://t.co/oBPCTiBH6G",1373198239256604673,Gulfee_Karthi,[],,[],
106,https://twitter.com/RomanJames_Kiew/status/1371640511233069057,2021-03-16 01:52:36+00:00,"I was thinking if I become a cartoon how will I looks like 😁😁

Good morning ☀️

#man #fashion #menstyle #love #like #fanpage #fanclub #foryou https://t.co/zhLktS4owS",1371640511233069057,RomanJames_Kiew,[],,[],
107,https://twitter.com/dmentd_eve/status/1370328100412735493,2021-03-12 10:57:33+00:00,Loki 🧡🧡🧡 #chowpoo #poodle #love #cuteness @ Sopra Ginza https://t.co/KlZHUJh2Ml,1370328100412735493,dmentd_eve,['https://www.instagram.com/p/CMUO7uRnFGc/?igshid=k5g7ntq7lixm'],https://www.instagram.com/p/CMUO7uRnFGc/?igshid=k5g7ntq7lixm,['https://t.co/KlZHUJh2Ml'],https://t.co/KlZHUJh2Ml
108,https://twitter.com/jaebelleny/status/1369653996420530179,2021-03-10 14:18:54+00:00,"March 2021.
#life #love #friendship #dinnerdate #hotpot #joy #relax #girlsnightout #masksmile #pleasewearamask #Wednesday @ Sogo, Mid Valley Southkey JB https://t.co/ftaLeEMHfd",1369653996420530179,jaebelleny,['https://www.instagram.com/p/CMPcYpZgugP/?igshid=168nnoiy7edbb'],https://www.instagram.com/p/CMPcYpZgugP/?igshid=168nnoiy7edbb,['https://t.co/ftaLeEMHfd'],https://t.co/ftaLeEMHfd
109,https://twitter.com/NelsonTan82/status/1369337612285210624,2021-03-09 17:21:42+00:00,"当我的拥抱 不再是需要
要记好 你就是我的骄傲
墨墨爱着你 

Thanks for the song @zolalfredo @keweitay 

#love #fatherandson #kisses @ Singapore https://t.co/q66FYnLhu7",1369337612285210624,NelsonTan82,['https://www.instagram.com/p/CMNMgvmnyCV/?igshid=16yhx9wsm9wqo'],https://www.instagram.com/p/CMNMgvmnyCV/?igshid=16yhx9wsm9wqo,['https://t.co/q66FYnLhu7'],https://t.co/q66FYnLhu7
110,https://twitter.com/purisu/status/1368467524619104257,2021-03-07 07:44:17+00:00,"The Boy 🙆‍♂️ the mole 🐭 the fox 🦊and the horse 🐴 by @charliemackesy [1/2] ~ cont'd... 
#book #friendship #love https://t.co/1u0zsc4Nir",1368467524619104257,purisu,[],,[],
111,https://twitter.com/ZephyrKhambatta/status/1367830668693053447,2021-03-05 13:33:39+00:00,"🌤
Good evening Singapore!
And further in the distance, good evening Malaysia!

https://t.co/P7VT4qTpQv
https://t.co/n5vk4TorVS

#coach #healer #priest #recordingartist #musicproducer #mentor #speaker #author #consultant #musician #kindness #awareness #love #spirituality #reiki https://t.co/gSl29S7gKQ",1367830668693053447,ZephyrKhambatta,"['http://www.zephyrkhambatta.com', 'http://www.threeparthuman.com']",http://www.zephyrkhambatta.com http://www.threeparthuman.com,"['https://t.co/P7VT4qTpQv', 'https://t.co/n5vk4TorVS']",https://t.co/P7VT4qTpQv https://t.co/n5vk4TorVS
112,https://twitter.com/dattaray/status/1366752139297492995,2021-03-02 14:07:57+00:00,"Even #Indian #love is #toxic, here is an instance from an obviously India national, the person's graffiti in #Singapore https://t.co/XGKCKFRewD",1366752139297492995,dattaray,[],,[],
113,https://twitter.com/kayjoopang/status/1366094628290707456,2021-02-28 18:35:14+00:00,"#heavy #metal #love

#atechnicolorlife 
01.03.2021 @ Singapore https://t.co/GQVF214yux",1366094628290707456,kayjoopang,['https://www.instagram.com/p/CL2Jxe3B6i6/?igshid=1jebmzpyd1skz'],https://www.instagram.com/p/CL2Jxe3B6i6/?igshid=1jebmzpyd1skz,['https://t.co/GQVF214yux'],https://t.co/GQVF214yux
114,https://twitter.com/CleanHeelsSg/status/1364742366905696261,2021-02-25 01:01:50+00:00,#2021bride #celebrate #weddings #popthecork #bethankfull #thankyou #love #bekind @ Singapore to Johor Bahru https://t.co/26v5stn5Xx,1364742366905696261,CleanHeelsSg,['https://www.instagram.com/p/CLsi1bTpMkH/?igshid=1a01ekrjtjviw'],https://www.instagram.com/p/CLsi1bTpMkH/?igshid=1a01ekrjtjviw,['https://t.co/26v5stn5Xx'],https://t.co/26v5stn5Xx
115,https://twitter.com/genie_sg/status/1364232557399863299,2021-02-23 15:16:02+00:00,"Never too late, for #supper &lt;3 

#nevertoolate #nottoolate #foodstagram #food #foodie #foodlover #sashimi #hotate #scallops #love #rawfood @ Shangri-La Hotel, Singapore https://t.co/ab0mW71MTb",1364232557399863299,genie_sg,['https://www.instagram.com/p/CLo7ABkMlfp/?igshid=1rgrhpsz66ewq'],https://www.instagram.com/p/CLo7ABkMlfp/?igshid=1rgrhpsz66ewq,['https://t.co/ab0mW71MTb'],https://t.co/ab0mW71MTb
116,https://twitter.com/L1U5K4/status/1363745592246104065,2021-02-22 07:01:01+00:00,"#koreanfingerheart #totebag @redbubble 
#kpop #heart #love

https://t.co/nLHHVvBzaZ",1363745592246104065,L1U5K4,['https://www.redbubble.com/i/tote-bag/Korean-finger-heart-by-L1U5K4/71421733.PJQVX?utm_source=rb-native-app&utm_campaign=share-product&utm_medium=android'],https://www.redbubble.com/i/tote-bag/Korean-finger-heart-by-L1U5K4/71421733.PJQVX?utm_source=rb-native-app&utm_campaign=share-product&utm_medium=android,['https://t.co/nLHHVvBzaZ'],https://t.co/nLHHVvBzaZ
117,https://twitter.com/L1U5K4/status/1363743842827075592,2021-02-22 06:54:03+00:00,"https://t.co/fMpHZBSISs

#heart #travelmug #love #redbubble",1363743842827075592,L1U5K4,['https://www.redbubble.com/i/mug/Heart-ribbon-by-L1U5K4/71416847.V33QC?utm_source=rb-native-app&utm_campaign=share-product&utm_medium=android'],https://www.redbubble.com/i/mug/Heart-ribbon-by-L1U5K4/71416847.V33QC?utm_source=rb-native-app&utm_campaign=share-product&utm_medium=android,['https://t.co/fMpHZBSISs'],https://t.co/fMpHZBSISs
118,https://twitter.com/CleanHeelsSg/status/1363693397173706752,2021-02-22 03:33:36+00:00,“I Do” Stickers perfect for engagement party or wedding day shoes.       #idostickers #ido #engagement #weddingday #photoshoot #photography #flatsorheels #gift #love #bridetobe @ Singapore to Johor Bahru https://t.co/19MZcwC3YF,1363693397173706752,CleanHeelsSg,['https://www.instagram.com/p/CLlF0TLJO--/?igshid=1at0oo8v6i43e'],https://www.instagram.com/p/CLlF0TLJO--/?igshid=1at0oo8v6i43e,['https://t.co/19MZcwC3YF'],https://t.co/19MZcwC3YF
119,https://twitter.com/cwcchun/status/1363115378583298050,2021-02-20 13:16:46+00:00,Friends make you feel loved. That love makes the world go round. ❤️🥰 @padiyahho #friendshipgoals #friends #love https://t.co/gDJ2JcNyKR,1363115378583298050,cwcchun,[],,[],
120,https://twitter.com/roza_willis/status/1362361451604705290,2021-02-18 11:20:56+00:00,Literally dancing to #PeteTong while cooking #aglioolio 🥰 #love,1362361451604705290,roza_willis,[],,[],
121,https://twitter.com/wallflower_jcj/status/1361909362550206468,2021-02-17 05:24:29+00:00,"...another start to the Lenten season w/o attending mass. Weird but grateful for the little prayer session with my family. 🖤
:
:
:
:
:
#PJsBlooming #OliverMarcelPJ #family #love #ashwednesday #Singapore @ Singapore https://t.co/0yEx0rVnvU",1361909362550206468,wallflower_jcj,['https://www.instagram.com/p/CLYaiN1HFai/?igshid=1qe8dbfsjy12n'],https://www.instagram.com/p/CLYaiN1HFai/?igshid=1qe8dbfsjy12n,['https://t.co/0yEx0rVnvU'],https://t.co/0yEx0rVnvU
122,https://twitter.com/butternmilk/status/1361549924177862656,2021-02-16 05:36:12+00:00,Trapped in the web of #love @ Singapore https://t.co/agW0mBHBxD,1361549924177862656,butternmilk,['https://www.instagram.com/p/CLV3FNrn9jt/?igshid=12ekq4ibvjib7'],https://www.instagram.com/p/CLV3FNrn9jt/?igshid=12ekq4ibvjib7,['https://t.co/agW0mBHBxD'],https://t.co/agW0mBHBxD
123,https://twitter.com/bizarre_day_/status/1361195721421037573,2021-02-15 06:08:44+00:00,"Don’t dismiss the heart, even if it’s filled with sorrow. God’s treasures are buried in broken hearts..

#psychologist #psychology  #Rumi #love #beautiful #psychology",1361195721421037573,bizarre_day_,[],,[],
124,https://twitter.com/lord_rodan/status/1360938207563702273,2021-02-14 13:05:28+00:00,Valentine's Day dinner with these lovelies! ♥️♥️♥️ #wefie #shameless #instafood #foodstagram #love #valentines #ofw #pinoy #singapore🇸🇬 @ Whisk &amp; Paddle https://t.co/ezXR4X5DN8,1360938207563702273,lord_rodan,['https://www.instagram.com/p/CLRg51injmH/?igshid=vdlfe7aqgy0l'],https://www.instagram.com/p/CLRg51injmH/?igshid=vdlfe7aqgy0l,['https://t.co/ezXR4X5DN8'],https://t.co/ezXR4X5DN8
125,https://twitter.com/sjespiritu/status/1360867724197560322,2021-02-14 08:25:23+00:00,"The look of love. ❤️
They taught me that everyday can be a Valentine’s Day. Happy Valentine’s Day! ❤️

#rolemodels #papaandmama #love #pagmamahalan #amour #amore #amor @ Punggol, Singapore https://t.co/n7Ot1DrsHe",1360867724197560322,sjespiritu,['https://www.instagram.com/p/CLRA2j3nNtB/?igshid=c2q8n0r2onk2'],https://www.instagram.com/p/CLRA2j3nNtB/?igshid=c2q8n0r2onk2,['https://t.co/n7Ot1DrsHe'],https://t.co/n7Ot1DrsHe
126,https://twitter.com/bizarre_day_/status/1360545409626632192,2021-02-13 11:04:38+00:00,"Mental note: Everything Inside is burning with desire and love
.
.
.
#psychology #love #mentalnote #posttoself #innerself #selfhealers https://t.co/BKvr98S7Dv",1360545409626632192,bizarre_day_,[],,[],
127,https://twitter.com/ZephyrKhambatta/status/1360496131097042945,2021-02-13 07:48:49+00:00,"🧐 I’m starting to think we’re a minority. And the feeling filling me isn’t arrogance. It’s sadness. And pain. For my people.
https://t.co/P7VT4qTpQv
.
#teacher #coach #healer #priest #recordingartist #mentor #speaker #author #consultant #musician #kindness #awareness #love #spa https://t.co/HUeMlcCI6T",1360496131097042945,ZephyrKhambatta,['http://www.zephyrkhambatta.com'],http://www.zephyrkhambatta.com,['https://t.co/P7VT4qTpQv'],https://t.co/P7VT4qTpQv
128,https://twitter.com/OhStudio7/status/1360494704308088834,2021-02-13 07:43:08+00:00,"Tell me what is inside you, inside you now
手に触れた最初で最後でも
Tell me who is inside you 許されるなら
Let me in you again and just stay, please just stay

Instagram：https://t.co/pPdZEeZEyT

#leaf #fujixe3  #xc50230 #xc50230mm #nature #自然 #love  #loveshape #heartshape https://t.co/F0QGuFDjlm",1360494704308088834,OhStudio7,['https://www.instagram.com/lc.vun93/'],https://www.instagram.com/lc.vun93/,['https://t.co/pPdZEeZEyT'],https://t.co/pPdZEeZEyT
129,https://twitter.com/ikuan/status/1360188888543854599,2021-02-12 11:27:56+00:00,"[關] 在家裡 [牛] 起來!!
新年快樂!!
.
•
.
•
.
#ikphoto #kuanfamily #family #familyportraits #kless #joeykuan #jaynekuan #shotoniphone #shotoniphone11promax #happy #love #cny2021 #adidas #阿迪达斯 @ Woodlands, Singapore https://t.co/SfzUYShmsr",1360188888543854599,ikuan,['https://www.instagram.com/p/CLMMJyYHBbc/?igshid=8c3tov3dk3x7'],https://www.instagram.com/p/CLMMJyYHBbc/?igshid=8c3tov3dk3x7,['https://t.co/SfzUYShmsr'],https://t.co/SfzUYShmsr
130,https://twitter.com/DionysusYeo/status/1360149710552641536,2021-02-12 08:52:16+00:00,"I'm beginning to like new technologies. 
#retro #jpop #love #psychodelico #lovepsychodelico #lastsmile
#thosewhoknowwillknow @ Singapore https://t.co/NiK4VsQWK4",1360149710552641536,DionysusYeo,['https://www.instagram.com/p/CLL6VoCHGqR/?igshid=1tf8zaf8c6lqh'],https://www.instagram.com/p/CLL6VoCHGqR/?igshid=1tf8zaf8c6lqh,['https://t.co/NiK4VsQWK4'],https://t.co/NiK4VsQWK4
131,https://twitter.com/bizarre_day_/status/1360099863736635393,2021-02-12 05:34:11+00:00,"Self-esteem is not a luxury; it is a profound spiritual need...
.
.
#nathanielbranden #self #selfcare #Psychologist #Singapore #HappyNewYear #love #selflove #fun https://t.co/tZCDiZkbSv",1360099863736635393,bizarre_day_,[],,[],
132,https://twitter.com/kicauanpelangi/status/1360043383960592386,2021-02-12 01:49:45+00:00,"LOVE is just LUST with jealousy added :) 
.
#love #lust #lovequotes #quote @ Singapore https://t.co/FGE1QSUZ47",1360043383960592386,kicauanpelangi,['https://www.instagram.com/p/CLLJ-6cpAAZ/?igshid=2sy9eur5raeq'],https://www.instagram.com/p/CLLJ-6cpAAZ/?igshid=2sy9eur5raeq,['https://t.co/FGE1QSUZ47'],https://t.co/FGE1QSUZ47
133,https://twitter.com/bizarre_day_/status/1359900686033424384,2021-02-11 16:22:43+00:00,"Happy Chinese New year 2021 mi Gente Bonita❣️ May this year be full of blessings, good health and Love.
 #CNY2021 #Singapore #ChineseNewYear #psychology #2wish祝春节快乐 #ChineseNewYear2021 #Blessings #love #goodhealth https://t.co/2kwUCvzLjD",1359900686033424384,bizarre_day_,[],,[],
134,https://twitter.com/dmentd_eve/status/1359807218728767491,2021-02-11 10:11:19+00:00,"Shaggy in dreamland.. 💤💤
#labradoodlesofinstagram
#labradoodle #poodle 
#love #cuteness @ Sopra Ginza https://t.co/K0Pmn2XTSs",1359807218728767491,dmentd_eve,['https://www.instagram.com/p/CLJel6WnLPp/?igshid=1kat8m071vgyz'],https://www.instagram.com/p/CLJel6WnLPp/?igshid=1kat8m071vgyz,['https://t.co/K0Pmn2XTSs'],https://t.co/K0Pmn2XTSs
135,https://twitter.com/ari_aditya/status/1359260335979589632,2021-02-09 21:58:12+00:00,"#Love is simple
#Happiness is simple @ Singapore Botanic Gardens https://t.co/mpBIbdNJ7H",1359260335979589632,ari_aditya,['https://www.instagram.com/p/CLFl5N-rSRp/?igshid=wzxvnudjgu1u'],https://www.instagram.com/p/CLFl5N-rSRp/?igshid=wzxvnudjgu1u,['https://t.co/mpBIbdNJ7H'],https://t.co/mpBIbdNJ7H
136,https://twitter.com/wallflower_jcj/status/1358418118331219983,2021-02-07 14:11:32+00:00,"Lovely weekend with the family! (A little bump on the head to make it extra special. 😅) Olly will miss his Uncle Wayne when he sails again. 
:
:
:
:
:
#PJsBlooming #OliverMarcelPJ #family #love #Singapore #motherhood https://t.co/ELyWiYiJra",1358418118331219983,wallflower_jcj,['https://www.instagram.com/p/CK_m5sNn905/?igshid=u8n8fi929lf0'],https://www.instagram.com/p/CK_m5sNn905/?igshid=u8n8fi929lf0,['https://t.co/ELyWiYiJra'],https://t.co/ELyWiYiJra
137,https://twitter.com/brynnerjananto/status/1357366297831436290,2021-02-04 16:31:58+00:00,"We cannot earn what was given for free. This is the truth of what Jesus did for us: Came from heaven, lived as human, died, rose as divine, offering salvation by faith. 

Why? Compelled by a love that we can’t comprehend. #love #gospel #truth #grace #holiness https://t.co/CZTyI847Qj",1357366297831436290,brynnerjananto,['https://twitter.com/timkellernyc/status/1357288545690542081'],https://twitter.com/timkellernyc/status/1357288545690542081,['https://t.co/CZTyI847Qj'],https://t.co/CZTyI847Qj
138,https://twitter.com/tin_mya/status/1356765588001943552,2021-02-03 00:44:58+00:00,"@rihanna RiRi, #Appreciated and really thanks for your support to myanmar peoples 🤝🤝🤝 #Love you 😊",1356765588001943552,tin_mya,[],,[],
139,https://twitter.com/hudabakri25/status/1356479506047922176,2021-02-02 05:48:11+00:00,"Hi dear ♥️!

Cantikkan warna biru dengan matte red ni😭😭😭. Kene pulak tu dengan font yang dia pilih. Memang paling terbaik🤭

#botol #botolthermos #thermos #harrypotter #viral #happy #love #style #asthetic #colorful #bemine #mine #anime #art #birthday #giftbox #surprise https://t.co/xki27cUuHs",1356479506047922176,hudabakri25,[],,[],
140,https://twitter.com/dmentd_eve/status/1356139723010564098,2021-02-01 07:18:00+00:00,Harvey and ducky 💛💛💛 #havanese #dogspa #love #cuteness @ Sopra Ginza https://t.co/rnYCrVbIsJ,1356139723010564098,dmentd_eve,['https://www.instagram.com/p/CKvazobndgJ/?igshid=5kh6m7cf5xjo'],https://www.instagram.com/p/CKvazobndgJ/?igshid=5kh6m7cf5xjo,['https://t.co/rnYCrVbIsJ'],https://t.co/rnYCrVbIsJ
141,https://twitter.com/CleanHeelsSg/status/1356067371337867264,2021-02-01 02:30:30+00:00,Hello February ( birthday month ) ! #challenges #positivity #love #family #friends #celebrate #staysafeeveryone @ Singapore to Johor Bahru https://t.co/75evpM5Suu,1356067371337867264,CleanHeelsSg,['https://www.instagram.com/p/CKu55wlp7jD/?igshid=9dch31h6r8ti'],https://www.instagram.com/p/CKu55wlp7jD/?igshid=9dch31h6r8ti,['https://t.co/75evpM5Suu'],https://t.co/75evpM5Suu
142,https://twitter.com/Gulfee_Karthi/status/1356045942282022915,2021-02-01 01:05:21+00:00,"*Aஆயிரம் உறவுகள்உன் மீது அன்பாக இருந்தாலும்.அன்னையின் அன்புக்கும் அம்மா அரவணைப்பிற்கும் எதுவும் ஈடாகாது*
@Gulfee_Karthi
#Amma
#love #Sweetheart https://t.co/gw192UgI8H",1356045942282022915,Gulfee_Karthi,[],,[],
143,https://twitter.com/ikuan/status/1353571130263691265,2021-01-25 05:11:20+00:00,"小不點 &amp; 大不點
.
•
.
•
.
#ikphoto #fatheranddaughter #selfie #shotoniphone #shotoniphone11promax #fatherhood #daddymatters #love #happy #photooftheday #picoftheday #jaynekuan @ Woodlands, Singapore https://t.co/3T6vgyyY0g",1353571130263691265,ikuan,['https://www.instagram.com/p/CKdKvs5HOxj/?igshid=1j7jd9oo33q5c'],https://www.instagram.com/p/CKdKvs5HOxj/?igshid=1j7jd9oo33q5c,['https://t.co/3T6vgyyY0g'],https://t.co/3T6vgyyY0g
144,https://twitter.com/ikram_azam/status/1353455032784437249,2021-01-24 21:30:00+00:00,"#rna_aj #travelphotography #Singapore #rain #love @ Singapore City, Singapore https://t.co/SimHBiGzD8",1353455032784437249,ikram_azam,['https://www.instagram.com/p/CKcV8yhLTEnYc0_01BnU3E5J8R8AhKmda8iYK80/?igshid=1h6cr5bm03ea8'],https://www.instagram.com/p/CKcV8yhLTEnYc0_01BnU3E5J8R8AhKmda8iYK80/?igshid=1h6cr5bm03ea8,['https://t.co/SimHBiGzD8'],https://t.co/SimHBiGzD8
145,https://twitter.com/hudabakri25/status/1352948490591035392,2021-01-23 11:57:11+00:00,"matching juga ya thermos hitam dengan font warna gold ni 🥰

#botolviral #botolthermos #thermos #harrypotter #viral #happy #love #jbfood #style #beutiful #asthetic #colorful #bemine #mine #pg #anime #art #lover #birthday #happybirthday #gift #giftbox #surprise #surprisebirthday https://t.co/YlrjrsB8Pi",1352948490591035392,hudabakri25,[],,[],
146,https://twitter.com/BeerGeekSpeaks/status/1352862823504883713,2021-01-23 06:16:46+00:00,"The best part of any brewery tour...the tasting room.  Kudos @brewlander for creating a wonderful happy home from which #love #joy #respect and #courage will flow! @ Tuas, Singapore https://t.co/al84saPqeS",1352862823504883713,BeerGeekSpeaks,['https://www.instagram.com/p/CKYIpU3HNCg/?igshid=jwddhpdaimaq'],https://www.instagram.com/p/CKYIpU3HNCg/?igshid=jwddhpdaimaq,['https://t.co/al84saPqeS'],https://t.co/al84saPqeS
147,https://twitter.com/RomanJames_Kiew/status/1352814865195257856,2021-01-23 03:06:12+00:00,"Morning tea 🍵
#twiningstea #saturdaymorning #happyweekendeveryone #fc #love #foryou https://t.co/NSWeWv5rZj",1352814865195257856,RomanJames_Kiew,[],,[],
148,https://twitter.com/CleanHeelsSg/status/1352519456568864768,2021-01-22 07:32:21+00:00,Birthday month for @deesboutique_collections Lauren #happybirthday #aquarius #birthday #love #family #daughter #staysafe @ Singapore to Johor Bahru https://t.co/YXegpsvIj8,1352519456568864768,CleanHeelsSg,['https://www.instagram.com/p/CKVsgAgpduy/?igshid=h0s7wa3la8id'],https://www.instagram.com/p/CKVsgAgpduy/?igshid=h0s7wa3la8id,['https://t.co/YXegpsvIj8'],https://t.co/YXegpsvIj8
149,https://twitter.com/coffeeDUCHESS/status/1351068701580210177,2021-01-18 07:27:34+00:00,"Flower Dome. 
'Flowers grow out of dark moments.' 
#awayfrmAU #momentstobetreasured #missingyou #appa #happyfromwithin #drinkdrunkdrama #love #memoriesforalifetime #sundaynight https://t.co/aN2bKwN70h",1351068701580210177,coffeeDUCHESS,['https://www.instagram.com/p/CKLYxdhFzmyiaBsNJ_a8DyDsfMopKk9ALSwDL80/?igshid=1sqe9swa3n43x'],https://www.instagram.com/p/CKLYxdhFzmyiaBsNJ_a8DyDsfMopKk9ALSwDL80/?igshid=1sqe9swa3n43x,['https://t.co/aN2bKwN70h'],https://t.co/aN2bKwN70h
150,https://twitter.com/CleanHeelsSg/status/1350704811734392832,2021-01-17 07:21:36+00:00,Hang on in there everyone ! #positivity #beresponsible #respect #love #helpothers #laugh #cry #family #friends @ Singapore to Johor Bahru https://t.co/xMmtpqeot0,1350704811734392832,CleanHeelsSg,['https://www.instagram.com/p/CKIzS2HJIYv/?igshid=nhgmn5qet043'],https://www.instagram.com/p/CKIzS2HJIYv/?igshid=nhgmn5qet043,['https://t.co/xMmtpqeot0'],https://t.co/xMmtpqeot0
151,https://twitter.com/L1U5K4/status/1350010384950779906,2021-01-15 09:22:12+00:00,"Greeting Card, Anniversary Card, Valentine's Day Card

#cute #colorful #greetingcard #anniversarycard #valentinesday #unicorn #love #heart #etsy #singapore #worldwideshipping📦✈️ @ Singapore https://t.co/83C6F56aHi",1350010384950779906,L1U5K4,['https://www.instagram.com/p/CKD3gRzHob4/?igshid=1i1l92zlsv4z5'],https://www.instagram.com/p/CKD3gRzHob4/?igshid=1i1l92zlsv4z5,['https://t.co/83C6F56aHi'],https://t.co/83C6F56aHi
152,https://twitter.com/L1U5K4/status/1348810332173570048,2021-01-12 01:53:37+00:00,"Sweetie Pie Sticker

#cute #waterproofstickers #pie #sweetie #sweetiepie #love #etsy #singapore #worldwideshipping📦✈️ @ Singapore https://t.co/yc3DaTV5bL",1348810332173570048,L1U5K4,['https://www.instagram.com/p/CJ7VyOMnJ3c/?igshid=1gd0y80u1hs4u'],https://www.instagram.com/p/CJ7VyOMnJ3c/?igshid=1gd0y80u1hs4u,['https://t.co/yc3DaTV5bL'],https://t.co/yc3DaTV5bL
153,https://twitter.com/CleanHeelsSg/status/1348804151657033734,2021-01-12 01:29:03+00:00,Morning mantra! #believe #womanquotes  #mirror #believeinyourself #loveyourself #love #respect #chakra @deesboutique_collections @ Singapore to Johor Bahru https://t.co/kqGOutej3z,1348804151657033734,CleanHeelsSg,['https://www.instagram.com/p/CJ7S-aoJH5w/?igshid=u9l5ncnbeq7y'],https://www.instagram.com/p/CJ7S-aoJH5w/?igshid=u9l5ncnbeq7y,['https://t.co/kqGOutej3z'],https://t.co/kqGOutej3z
154,https://twitter.com/L1U5K4/status/1346288017607159809,2021-01-05 02:50:50+00:00,"Greeting Cards, Anniversary Cards, Valentine's Day Cards

#love #glitter #heart #gold #silver #etsy #anniversary #valentinesday #singapore #worldwideshipping📦✈️ @ Singapore https://t.co/77rdx4fRo7",1346288017607159809,L1U5K4,['https://www.instagram.com/p/CJpaxQuH3ms/?igshid=1m0izja14wubn'],https://www.instagram.com/p/CJpaxQuH3ms/?igshid=1m0izja14wubn,['https://t.co/77rdx4fRo7'],https://t.co/77rdx4fRo7
155,https://twitter.com/L1U5K4/status/1345969316479438848,2021-01-04 05:44:26+00:00,"Greeting Card l, Anniversary Card, Valentine's Day Card

#love #anniversarycard #anniversary #greetingcard #valentinesday #pie #sweetiepie #singapore #etsy #worldwideshipping📦✈️ @ Singapore https://t.co/51BGIUnj8s",1345969316479438848,L1U5K4,['https://www.instagram.com/p/CJnJ13fnC5s/?igshid=69q5ux3sutg5'],https://www.instagram.com/p/CJnJ13fnC5s/?igshid=69q5ux3sutg5,['https://t.co/51BGIUnj8s'],https://t.co/51BGIUnj8s
156,https://twitter.com/misnoskcaj/status/1344936076138274818,2021-01-01 09:18:42+00:00,Still working in the industry I truly #love so much.,1344936076138274818,misnoskcaj,[],,[],
157,https://twitter.com/sjespiritu/status/1344916365078126594,2021-01-01 08:00:23+00:00,"Praying all our family and friends a healthy, hopeful, grace-filled, and abundant New Year! ✨🥂✨

#happynewyear #welcome2021
#family #love #bagongtaon @ Punggol, Singapore https://t.co/05HOoRESsS",1344916365078126594,sjespiritu,['https://www.instagram.com/p/CJfrA1lH1mH/?igshid=1caigqvugnyhf'],https://www.instagram.com/p/CJfrA1lH1mH/?igshid=1caigqvugnyhf,['https://t.co/05HOoRESsS'],https://t.co/05HOoRESsS
