,url,date,content,id,username,outlinks,outlinksss,tcooutlinks,tcooutlinksss
0,https://twitter.com/vani_khare/status/1342003845736480768,2020-12-24 07:07:04+00:00,"The women who can smile through the cloud, have the power to make the sun, shine brighter.
#sistas #sisterhood #Solidarity #support #love https://t.co/htgK3mBDtt",1342003845736480768,vani_khare,[],,[],
1,https://twitter.com/mohdnurulnizamR/status/1337683673911443456,2020-12-12 09:00:15+00:00,"Perasmian #honeybee bandar penawar
#support 👍 https://t.co/PqyecZ4aBd",1337683673911443456,mohdnurulnizamR,[],,[],
2,https://twitter.com/Lovepre32856278/status/1332845564392742912,2020-11-29 00:35:20+00:00,"#Support 
# Farmer",1332845564392742912,Lovepre32856278,[],,[],
3,https://twitter.com/akmal_sipot/status/1321754415779360769,2020-10-29 10:03:04+00:00,"Syukur alhamdulillah..

#Thank you so much to all client always #support and your #trust.

Tahniah #PrudentialBsnTakaful merangkul anugerah pengendali takaful terbaik https://t.co/h4toQe7ArL",1321754415779360769,akmal_sipot,[],,[],
4,https://twitter.com/rramapriya/status/1320017811486375937,2020-10-24 15:02:25+00:00,"A scene that I always observe during my morning duty at school.  Sometimes it’s that little support available to hold on to that matters to standup and thrive without falling! Be it children or co-workers or friends or family!

#support #wellbeing #thrive #saisrocks https://t.co/fw9B5Su8H5",1320017811486375937,rramapriya,[],,[],
5,https://twitter.com/teamcarpiovlogs/status/1314834887560450048,2020-10-10 07:47:20+00:00,#mobilelegends #bangbang #MLgamer #Gamer #FilipinoGamer #MageUser #SupportUser #FighterUser #RoadtoMythic #MLStreamer #Legendary #Maniac #Savage #Mage #Support #Fighter #Change #Zhask #Diggie #Angela #LuoYi #Faramis #Kadita #Terizla #Cyclops https://t.co/Woyb9P8m9u,1314834887560450048,teamcarpiovlogs,[],,[],
6,https://twitter.com/genie_sg/status/1304994181845323776,2020-09-13 04:03:53+00:00,#Sunday #fun day! Showing my #support for the cause for #conservation of our #turtle and #tortoise #friends ♡ @ The Live Turtle and Tortoise Museum of Singapore https://t.co/7jcjUIqkcA,1304994181845323776,genie_sg,['https://www.instagram.com/p/CFEAgcvMuNA/?igshid=1e0rqkola9eru'],https://www.instagram.com/p/CFEAgcvMuNA/?igshid=1e0rqkola9eru,['https://t.co/7jcjUIqkcA'],https://t.co/7jcjUIqkcA
7,https://twitter.com/lanoi_krueger/status/1301296312181239809,2020-09-02 23:09:52+00:00,"SIMPAN SINI BUAT MEMORIES YANG TERINDAH 
TQ @ItsMe_Epul 

#lanoi
#yeay
#bangrajanwardrobe 
#support
#anak
#orang
#😅 @ Kubu Kuat Lanoi https://t.co/f03Sj7dTPu",1301296312181239809,lanoi_krueger,['https://www.instagram.com/p/CEpu6NJJS9e/?igshid=1jk00zbh5foxs'],https://www.instagram.com/p/CEpu6NJJS9e/?igshid=1jk00zbh5foxs,['https://t.co/f03Sj7dTPu'],https://t.co/f03Sj7dTPu
8,https://twitter.com/Anksethi19/status/1278319431798493185,2020-07-01 13:27:57+00:00,"@RNLIC_CARE Hi Team,
I already did dropped the mail with full details one person called took few information then no response.
#RelianceNippon #Support #Policy #Falsecommitment",1278319431798493185,Anksethi19,[],,[],
9,https://twitter.com/imjohnmarvin/status/1273267657593073665,2020-06-17 14:54:00+00:00,🥺🥺🥺 #support  #PERAYAasONE,1273267657593073665,imjohnmarvin,[],,[],
10,https://twitter.com/kedardm/status/1267425149831335941,2020-06-01 11:57:57+00:00,"Jiayou Singapore! Are we ready for circuit unbreaker?

#jiayou #singapore #cactus #cacti #wfh #stayhome #stayathome #workfromhome #cactuslover #kitchengarden #perspective #sky #clouds #encourage #support… https://t.co/1yyQV9r52k",1267425149831335941,kedardm,['https://www.instagram.com/p/CA5EFugnBS2/?igshid=13jmh7kzm1xzc'],https://www.instagram.com/p/CA5EFugnBS2/?igshid=13jmh7kzm1xzc,['https://t.co/1yyQV9r52k'],https://t.co/1yyQV9r52k
11,https://twitter.com/raynlim/status/1236547790387449856,2020-03-08 07:02:21+00:00,"Is because love and passion that kept me going, to produce Weekly Market Analysis to the Traders' Community.
.
.
.
.
.
#askForex100 #traderslifestyle #lifestyle #support passion #marketanalysis #food #cafe @ SHAKA… https://t.co/d9IO6sJf9V",1236547790387449856,raynlim,['https://www.instagram.com/p/B9dqsQ3gdOn/?igshid=13d8d468to7yp'],https://www.instagram.com/p/B9dqsQ3gdOn/?igshid=13d8d468to7yp,['https://t.co/d9IO6sJf9V'],https://t.co/d9IO6sJf9V
12,https://twitter.com/RafflesRacing/status/1222162970483888128,2020-01-28 14:22:13+00:00,Well done Inna 👍 #Support https://t.co/KGk6xWjlWC,1222162970483888128,RafflesRacing,['https://twitter.com/MulcasterBS/status/1221928293839949824'],https://twitter.com/MulcasterBS/status/1221928293839949824,['https://t.co/KGk6xWjlWC'],https://t.co/KGk6xWjlWC
13,https://twitter.com/blackvoidgames/status/1219420939995082753,2020-01-21 00:46:22+00:00,"We need your help! As reviews and recommendations are incredibly important to sustain and grow our Voidfarer community, your voice matters!
If you have purchased Black Void online, please consider leaving a rating and review on the webshop.
#help #review #support #follow #ttrpg https://t.co/xlDeZcPIXT",1219420939995082753,blackvoidgames,[],,[],
