,url,date,content,id,username,outlinks,outlinksss,tcooutlinks,tcooutlinksss
0,https://twitter.com/MichaelSChia/status/1342053599375810560,2020-12-24 10:24:46+00:00,"“For unto us a child is born, unto us a son is given: and the government shall be upon his shoulder: and his name shall be called Wonderful, Counsellor, The mighty God, The everlasting Father, The Prince of Peace.”
Isaiah 9:6 KJV https://t.co/6pjflac3Yk",1342053599375810560,MichaelSChia,[],,[],
1,https://twitter.com/aiaiaidid/status/1318997923649212422,2020-10-21 19:29:45+00:00,where’s my counsellor.... 😔,1318997923649212422,aiaiaidid,[],,[],
2,https://twitter.com/BambangKajairi/status/1314755270837321729,2020-10-10 02:30:58+00:00,"@mizi_wahid For those who are struggling- it’s ok to admit it. Speak to someone, eg. a family member; a friend; a counsellor. We all have our internal struggles in a fast changing world. I know. It’s OK.",1314755270837321729,BambangKajairi,[],,[],
3,https://twitter.com/TehAisBatu/status/1287070630248996865,2020-07-25 17:02:05+00:00,"&amp; in all those times, he never made it a point t force his opinions on me like the other counsellors did. i got myself in deep shit, he stayed until 6pm to finish my case. fk bro any other counsellor wld hv js left the student t the principal brooooo",1287070630248996865,TehAisBatu,[],,[],
4,https://twitter.com/TehAisBatu/status/1287070379568070658,2020-07-25 17:01:05+00:00,"im fking blessed that back then my counsellor was rlly thr fr me. throughout my outbursts, he helped me thru compared t any other counsellors &amp; teachers. he'll find me every now and then t ask if i'm angry or not.",1287070379568070658,TehAisBatu,[],,[],
5,https://twitter.com/VioletLim/status/1276026114301816833,2020-06-25 05:35:07+00:00,"&lt;A Conversation With Minister 空中访民情&gt; Thankful for the opportunity to share my personal experience as well as learn from others’ experiences with COVID in their various professions - counsellor, TCM practitioner,… https://t.co/AIuGmwHqic",1276026114301816833,VioletLim,['https://www.instagram.com/p/CB2LW0zHbOS/?igshid=1stmwknya5t9o'],https://www.instagram.com/p/CB2LW0zHbOS/?igshid=1stmwknya5t9o,['https://t.co/AIuGmwHqic'],https://t.co/AIuGmwHqic
6,https://twitter.com/jxneism/status/1270667892703424512,2020-06-10 10:43:28+00:00,"HAHAHA ok story time: 
Some girls in my class were bullying me aites and after my mom (who’s a teacher) basically told them to stfu and stop, school’s counsellor called me AND my bullies into the room and asked ME what I did to make them bully me🙃🤡 https://t.co/JlMTDnq9lr",1270667892703424512,jxneism,['https://twitter.com/syamilnazari/status/1269978283057135617'],https://twitter.com/syamilnazari/status/1269978283057135617,['https://t.co/JlMTDnq9lr'],https://t.co/JlMTDnq9lr
7,https://twitter.com/loprov/status/1254528125041471488,2020-04-26 21:49:47+00:00,"I recently became this counsellor of sorts for some of the most talented peeps in the world, it's concerning to see them struggling with answers they refuse to accept, driving themselves insane chasing fame &amp; fortune. Some found comfort in misery.

That snapped me out of limbo.",1254528125041471488,loprov,[],,[],
8,https://twitter.com/ISSsingapore/status/1250032918761623552,2020-04-14 12:07:26+00:00,"@bernasekhon ISS counsellor, shares self-care tips for the whole family during stay@home ""pull back, unplug, &amp; reconnect with ourselves and each other"" 
https://t.co/oyxqTut8Vk

https://t.co/jIpT9L88nm

#isspride #ibworldschool #ibtogether #internationalschool #sgexpats #sgunited",1250032918761623552,ISSsingapore,"['https://youtu.be/yD9v8Soz8Rs', 'http://www.iss.edu.sg/stay-safe-stay-home/']",https://youtu.be/yD9v8Soz8Rs http://www.iss.edu.sg/stay-safe-stay-home/,"['https://t.co/oyxqTut8Vk', 'https://t.co/jIpT9L88nm']",https://t.co/oyxqTut8Vk https://t.co/jIpT9L88nm
9,https://twitter.com/manishl28/status/1233283917144133632,2020-02-28 06:52:53+00:00,"@ArvindKejriwal sir AAP  ticket dene se pahle background check karti hai, fir yeah Tahir Hussain party ka counsellor kaise ban gaya? Kya sab mile huyen hain Ji? Just asking.",1233283917144133632,manishl28,[],,[],
10,https://twitter.com/benjaminyaep/status/1228699972633165826,2020-02-15 15:17:56+00:00,"If you ever need anyone to talk to, or just borrow an ear, my. direct messages are open. I may not be a professional counsellor, but I am all ears if you just need a safe space to chat. #chat #Peoplematters #HeartMatters #DM #community #HeartToHeart",1228699972633165826,benjaminyaep,[],,[],
11,https://twitter.com/homiliai/status/1213392179755831296,2020-01-04 09:30:14+00:00,"Thankfully, my mother (Rat) serves as her Tiger child’s greatest ally and counsellor against Rooster enemies/opponents/competitors and together we make a formidable pair.",1213392179755831296,homiliai,[],,[],
