,url,date,content,id,username,outlinks,outlinksss,tcooutlinks,tcooutlinksss
0,https://twitter.com/alihdi/status/1343731864599633921,2020-12-29 01:33:36+00:00,"@AvinMohanza Sama aje wangaving, die die juga, biarin aja org ngmg new variant salahnya ga fatal2 amat wakak",1343731864599633921,alihdi,[],,[],
1,https://twitter.com/DrNoelYeo/status/1341343929917042688,2020-12-22 11:24:48+00:00,"I appreciate the open sharing by Ugur Sahin, CEO of BioNTech SE, about the #COVID19 #vaccine and the new variant detected in UK. https://t.co/YSSJDD5yIS",1341343929917042688,DrNoelYeo,['https://www.channelnewsasia.com/news/world/covid-19-biontech-ceo-confident-vaccine-will-work-on-uk-strain-13823798'],https://www.channelnewsasia.com/news/world/covid-19-biontech-ceo-confident-vaccine-will-work-on-uk-strain-13823798,['https://t.co/YSSJDD5yIS'],https://t.co/YSSJDD5yIS
2,https://twitter.com/Gambariste/status/1341241512441438208,2020-12-22 04:37:50+00:00,The vaccinated are immune to covid-19. Great. But the virus will still try its luck. Any variant that can avoid the antibodies will defeat the vaccine. Why people should continue to wear masks.,1341241512441438208,Gambariste,[],,[],
3,https://twitter.com/JosephJohnAdam1/status/1341022704606928897,2020-12-21 14:08:22+00:00,New variant cases 'likely higher than known' in Wales https://t.co/WUfEwuTNPT via @BBCNews,1341022704606928897,JosephJohnAdam1,['https://www.bbc.com/news/live/world-55392619?ns_mchannel=social&ns_source=twitter&ns_campaign=bbc_live&ns_linkname=5fe0a3b1c22e7e02e5d57eaa%26New%20variant%20cases%20%27likely%20higher%20than%20known%27%20in%20Wales%262020-12-21T13%3A58%3A36.135Z&ns_fee=0&pinned_post_locator=urn:asset:fed7ce55-deea-42bc-a0f3-fb9752165add&pinned_post_asset_id=5fe0a3b1c22e7e02e5d57eaa&pinned_post_type=share'],https://www.bbc.com/news/live/world-55392619?ns_mchannel=social&ns_source=twitter&ns_campaign=bbc_live&ns_linkname=5fe0a3b1c22e7e02e5d57eaa%26New%20variant%20cases%20%27likely%20higher%20than%20known%27%20in%20Wales%262020-12-21T13%3A58%3A36.135Z&ns_fee=0&pinned_post_locator=urn:asset:fed7ce55-deea-42bc-a0f3-fb9752165add&pinned_post_asset_id=5fe0a3b1c22e7e02e5d57eaa&pinned_post_type=share,['https://t.co/WUfEwuTNPT'],https://t.co/WUfEwuTNPT
4,https://twitter.com/Pushpendra80/status/1340964814370193409,2020-12-21 10:18:20+00:00,When we thoughts things were getting better and .... New variant has 'unusual number of mutations' https://t.co/POdjcxRjo9 via @BBCNews,1340964814370193409,Pushpendra80,['https://www.bbc.com/news/live/world-55392619?ns_mchannel=social&ns_source=twitter&ns_campaign=bbc_live&ns_linkname=5fe0703d6f142d02bee3d4b0%26New%20variant%20has%20%27unusual%20number%20of%20mutations%27%262020-12-21T10%3A02%3A37.504Z&ns_fee=0&pinned_post_locator=urn:asset:68a86034-8c9a-44bf-a46c-c86d775d0788&pinned_post_asset_id=5fe0703d6f142d02bee3d4b0&pinned_post_type=share'],https://www.bbc.com/news/live/world-55392619?ns_mchannel=social&ns_source=twitter&ns_campaign=bbc_live&ns_linkname=5fe0703d6f142d02bee3d4b0%26New%20variant%20has%20%27unusual%20number%20of%20mutations%27%262020-12-21T10%3A02%3A37.504Z&ns_fee=0&pinned_post_locator=urn:asset:68a86034-8c9a-44bf-a46c-c86d775d0788&pinned_post_asset_id=5fe0703d6f142d02bee3d4b0&pinned_post_type=share,['https://t.co/POdjcxRjo9'],https://t.co/POdjcxRjo9
5,https://twitter.com/teejayanu/status/1339204939503964161,2020-12-16 13:45:13+00:00,"@ZachWeiner I'd like to believe the humble South Indian Rasam is the most delicious soup 🤤 Variants include tomato Rasam, lime Rasam or pepper Rasam !",1339204939503964161,teejayanu,[],,[],
6,https://twitter.com/DoctaM3/status/1337173649531531266,2020-12-10 23:13:36+00:00,Help settle this debate. Which Gallardo variant is a better car. The Squadra Corsa (SC) or the Super Trofeo Stradale (STS) @lamborghini @acespaderally #racecar #trackcar @ Singapore https://t.co/N5gvdyvGVl,1337173649531531266,DoctaM3,['https://www.instagram.com/p/CIoqB53F0AI/?igshid=1tfmkrimjnwfc'],https://www.instagram.com/p/CIoqB53F0AI/?igshid=1tfmkrimjnwfc,['https://t.co/N5gvdyvGVl'],https://t.co/N5gvdyvGVl
7,https://twitter.com/torvaanser/status/1324857849030139904,2020-11-06 23:35:00+00:00,"Over 200 human #COVID19 cases linked to mink in Denmark. This report explains how infected humans exposed farmed mink to the virus, from which new variants of the virus spilled back into a human, and then spread from person to person. https://t.co/leRj82t4zp",1324857849030139904,torvaanser,['https://www.who.int/csr/don/06-november-2020-mink-associated-sars-cov2-denmark/en/'],https://www.who.int/csr/don/06-november-2020-mink-associated-sars-cov2-denmark/en/,['https://t.co/leRj82t4zp'],https://t.co/leRj82t4zp
8,https://twitter.com/hakimlizan/status/1321713910831984640,2020-10-29 07:22:07+00:00,"@_maverick08 Mqntul teruksss...but variant paling worth it i guess premium😌

Flagship is just too expensive",1321713910831984640,hakimlizan,[],,[],
9,https://twitter.com/freddjohns/status/1321493511435251712,2020-10-28 16:46:19+00:00,"@timsalau Tim as you may know that a great portion of the world calls Tea some variant of “Cha”, perhaps a bit hackneyed in today’s parlance but its not too late to pivot to Big Black Cha (or variant thereof).",1321493511435251712,freddjohns,[],,[],
10,https://twitter.com/tulunsokit/status/1318364224666574849,2020-10-20 01:31:39+00:00,"@hswapnil In fact there are so many variants even for the original ""Panadol"" i can't even figure out which one I need half the time",1318364224666574849,tulunsokit,[],,[],
11,https://twitter.com/tulunsokit/status/1318363575786766338,2020-10-20 01:29:05+00:00,@hswapnil In Malaysia its OTC in all its variants,1318363575786766338,tulunsokit,[],,[],
12,https://twitter.com/SUPERADRIANME/status/1316409236708966400,2020-10-14 16:03:14+00:00,iPhone 12 Now Comes In MINI Variant – Which One For You? https://t.co/CQEWYHTARE via @superadrianme,1316409236708966400,SUPERADRIANME,['https://bit.ly/34Y8q2f?utm_source=sharebar&utm_medium=twitter&utm_campaign=mashshare'],https://bit.ly/34Y8q2f?utm_source=sharebar&utm_medium=twitter&utm_campaign=mashshare,['https://t.co/CQEWYHTARE'],https://t.co/CQEWYHTARE
13,https://twitter.com/rishabh16_/status/1312312810362134528,2020-10-03 08:45:30+00:00,"Imo, One by one, transformers and their variants are gonna replace other networks out there that were once built for their respective tasks. This is based on observation tho https://t.co/vBD87RFzlb",1312312810362134528,rishabh16_,['https://twitter.com/arankomatsuzaki/status/1312219710218354688'],https://twitter.com/arankomatsuzaki/status/1312219710218354688,['https://t.co/vBD87RFzlb'],https://t.co/vBD87RFzlb
14,https://twitter.com/CoffeeNobar/status/1311000366029262848,2020-09-29 17:50:19+00:00,"Promo gaes.
Setiap pembelian 2 Ice Blend all variants gratis 1 Es Kopi Susu
Berlaku dari tgl 30 Sep - 03 Okt 2020
🤤 https://t.co/uV31zFsAKL",1311000366029262848,CoffeeNobar,[],,[],
15,https://twitter.com/hikayatpenyu/status/1299803122794020864,2020-08-29 20:16:28+00:00,@Cooldudehicks @Collectomaniac3 @DiecastAddicts @WeLoveDiecast @Motorsportfan86 @thespafixer @bandit4470 @LittleJohn_MD @LeeClar95063651 @alexgrantuk @modelmatic had the chance to get together with the rest of the variant.. this one is looking great too.. https://t.co/6mLHUFSdW6,1299803122794020864,hikayatpenyu,[],,[],
16,https://twitter.com/ediblegarden/status/1297192411530027009,2020-08-22 15:22:26+00:00,"@aruproytweets What’s the variant you get in Kottayam, I don’t know. It’s so good! There was a restaurant called “Punjabi restaurant” that served amazing biryani",1297192411530027009,ediblegarden,[],,[],
17,https://twitter.com/velorunsdeworld/status/1296678961754169345,2020-08-21 05:22:10+00:00,Singapore researchers discover new Covid-19 variant which causes milder infections https://t.co/ioJdwBaejO,1296678961754169345,velorunsdeworld,['https://str.sg/J7k7'],https://str.sg/J7k7,['https://t.co/ioJdwBaejO'],https://t.co/ioJdwBaejO
18,https://twitter.com/phantomunmasked/status/1287930570853347329,2020-07-28 01:59:11+00:00,@AnUncivilPhD On the caveat the mosquitos don't give me dengue or malaria or any variant of those diseases.,1287930570853347329,phantomunmasked,[],,[],
19,https://twitter.com/ykl69/status/1285939299469398016,2020-07-22 14:06:35+00:00,"With more &amp; more pax B744s heading into retirement, it's great to see that the #freighter variant remains an integral part of cargo operations. #ChinaAirlinesCargo  #Boeing #B744F #B74F, regn: B-18719. #changibeach… https://t.co/KiMQhoenWT",1285939299469398016,ykl69,['https://www.instagram.com/p/CC8nWdLhvtU/?igshid=ptttfcydsowr'],https://www.instagram.com/p/CC8nWdLhvtU/?igshid=ptttfcydsowr,['https://t.co/KiMQhoenWT'],https://t.co/KiMQhoenWT
20,https://twitter.com/jasonyzs88/status/1284726922958696448,2020-07-19 05:49:02+00:00,"added some door/window sensors and motion sensors by #Xiaomi &amp; #Aqara (yes, both variants) to my home automation set up. Both works really well paired directly to the #Homey and an @IKEA #Tradfri repeater is added to extend the #zigbee signal beyond concrete walls.",1284726922958696448,jasonyzs88,[],,[],
21,https://twitter.com/DocGauhar/status/1273993906611314688,2020-06-19 14:59:51+00:00,"Webinar hosted for a legend by the legends themselves 
A Feast 
🙏👍@mallikuro7 @ainuindia great talk by prof Mark Soloway
#nested variants: danger 
Experience &amp; evidence needed for most challenging tumour in #urology
#bladdercancerawareness is key 
@BladderCancerUS
#UroSoMe https://t.co/oWqRxEOwqZ",1273993906611314688,DocGauhar,[],,[],
22,https://twitter.com/kabeer_suhail/status/1273841450984239104,2020-06-19 04:54:03+00:00,Interesting to see the splice variants in cancer cells reduce the Neoantigen rather than inducing them providing a novel mechanism of immune evasion! https://t.co/aA8WONyytB,1273841450984239104,kabeer_suhail,['https://twitter.com/biorxivpreprint/status/1273839449286328323'],https://twitter.com/biorxivpreprint/status/1273839449286328323,['https://t.co/aA8WONyytB'],https://t.co/aA8WONyytB
23,https://twitter.com/mucimuth/status/1267338469237575684,2020-06-01 06:13:31+00:00,"Kedai Mak Ngah 

NEW ARRIVAL !!
*9U©©I WEDGES #B8003-2*
300k

KUALITAS: SEMI PREMIUM
BAHAN: PVC
BERAT: 700 GRAM
VARIANT: BLUE, BROWN, APRICOT
36 : 22.5 CM
37 : 23 CM
38 : 23.5 CM
39 : 24 CM
40 : 24.5 CM

*ASLINYA… https://t.co/UiUw24fWJC",1267338469237575684,mucimuth,['https://www.instagram.com/p/CA4cq_BHEho/?igshid=gjailkk5awzs'],https://www.instagram.com/p/CA4cq_BHEho/?igshid=gjailkk5awzs,['https://t.co/UiUw24fWJC'],https://t.co/UiUw24fWJC
24,https://twitter.com/sheqalrosli/status/1265238250144141313,2020-05-26 11:08:00+00:00,@aribahftn Okay bezza variant mana satu and myvi 1.3 ke 1.5?,1265238250144141313,sheqalrosli,[],,[],
25,https://twitter.com/Sparky_za/status/1264898831096795138,2020-05-25 12:39:16+00:00,"Hey @Razer 
Please would you confirm if the 2020 RB15 RTX2080 Super comes with the 80W or 90W Max-Q variant?",1264898831096795138,Sparky_za,[],,[],
26,https://twitter.com/Hareluya_79/status/1258860193615511552,2020-05-08 20:43:53+00:00,@furrtek Any updates on front loader variants? :),1258860193615511552,Hareluya_79,[],,[],
27,https://twitter.com/aarontay/status/1254754867471454208,2020-04-27 12:50:47+00:00,"@rtennant ""Today, most libraries just publish holding data online that are tapped upon by commercial web systems around the world (based on a improved variant of the openurl protocol) and give up on the pretense of offering a superior discovery experience."" Did I predict GetFTR/SA?",1254754867471454208,aarontay,[],,[],
28,https://twitter.com/dwallbank/status/1239924737720999937,2020-03-17 14:41:08+00:00,"@DanielStrauss4 Because arguably the greatest error of the Civil War and reconstruction is that the North didn't win it more. Sherman was all about decisiveness.

Plus, strategy wise, you see echoes of Sherman's speed war tactics for the next 150 years. US Pacific WWII strategy is a variant.",1239924737720999937,dwallbank,[],,[],
29,https://twitter.com/hikayatpenyu/status/1234348670042038272,2020-03-02 05:23:50+00:00,@HotwheelsTwt @mwa__94 haah. zl1 tu pun variant belum banyak,1234348670042038272,hikayatpenyu,[],,[],
30,https://twitter.com/hikayatpenyu/status/1234346354480017408,2020-03-02 05:14:38+00:00,@HotwheelsTwt @mwa__94 sementara variant baru ada 4 . boleh tu complete kan,1234346354480017408,hikayatpenyu,[],,[],
31,https://twitter.com/hikayatpenyu/status/1232704942105718785,2020-02-26 16:32:15+00:00,@HotwheelsTwt aku simpan pun 2 3 tahun gak. dek kerana keadaan mendesak aku pun juall. ada satu variant. colour gold chorme.  lawa bak hang https://t.co/I70O7glImd,1232704942105718785,hikayatpenyu,[],,[],
32,https://twitter.com/hikayatpenyu/status/1232673909037600769,2020-02-26 14:28:56+00:00,@HotwheelsTwt pernah ada 3 biji je beb. nak cari variant lain susah gila nak jumpa orang jual.,1232673909037600769,hikayatpenyu,[],,[],
33,https://twitter.com/hikayatpenyu/status/1232601700231307264,2020-02-26 09:42:00+00:00,@dgvfri @HotwheelsTwt tu latest punya variant. just buy and buang decal pakai minyak kapak.,1232601700231307264,hikayatpenyu,[],,[],
34,https://twitter.com/Zikrayrus/status/1220580945184485376,2020-01-24 05:35:49+00:00,@Kurai1321 @ricosebastianXE @ShadyShariest @TheExile285 @LOGP_Gaming @dollssoulkirie Roadblock stuff was fairly buggy back then yep. :x But even then its really difficult to do the lockup strat due to necessary precision. Honestly Its more of a meme strat then anything unless you use it against Big Bob and his variants.,1220580945184485376,Zikrayrus,[],,[],
35,https://twitter.com/KashMann27/status/1217815513855692800,2020-01-16 14:26:59+00:00,"So which decks did well in this past weekend? 

Mew3 is back on top even without a win from 27 cups reported. PikaRom jumps up to 2nd thanks to it's great showing at Bochum regional. ADP Bird Trio continues to be the best variant for it. TinaChomp with Roxie didn't see much play. https://t.co/5hRfBiHBSe",1217815513855692800,KashMann27,[],,[],
36,https://twitter.com/KashMann27/status/1214818628912074752,2020-01-08 07:58:26+00:00,"Was bored in camp and I haven't done this in a while. Which decks did the best in the last week?

Gardeon is the top scoring deck for the first time since mid October. TinaChomp continues to move up the order. Bird Trio has taken over Keldeo as the best ADP variant. #PokemonTCG https://t.co/PZUDsvIk3a",1214818628912074752,KashMann27,[],,[],
37,https://twitter.com/Ganeshspeaks/status/1214114354032852993,2020-01-06 09:19:53+00:00,"-their own variant which is produced by them directly. But take note, not all outlets have them. 🙏🏾",1214114354032852993,Ganeshspeaks,[],,[],
38,https://twitter.com/AX_King/status/1213708433683185665,2020-01-05 06:26:54+00:00,My biggest regret of 2019 was not getting the sit/stand variant of my IKEA desk,1213708433683185665,AX_King,[],,[],
