,url,date,content,id,username,outlinks,outlinksss,tcooutlinks,tcooutlinksss
0,https://twitter.com/ameliayessy03/status/1325965139867181056,2020-11-10 00:54:59+00:00,"Aku bahkan tidak berani membuka hati lebih luas lagi. Orang-orang yang pernah datang di masa lalu membekaskan rasa takut yang membeku.
@dsuperboy 
Akhirnya😁
#trauma
#pembacapertamanoveltrauma https://t.co/3wfpKxTf5e",1325965139867181056,ameliayessy03,[],,[],
1,https://twitter.com/leejanhau/status/1305347427998654464,2020-09-14 03:27:33+00:00,"Of interest to #PedsICU folks as well 
#Trauma
#TBI https://t.co/yVc8xRpMbp",1305347427998654464,leejanhau,['https://twitter.com/SCCMPresident/status/1305159468641026049'],https://twitter.com/SCCMPresident/status/1305159468641026049,['https://t.co/yVc8xRpMbp'],https://t.co/yVc8xRpMbp
2,https://twitter.com/AartiOlivia/status/1296588366721376256,2020-08-20 23:22:10+00:00,"A Rant. 
Trigger Warning : Suicide attempts, 
eating disorders, self harm, miscarriages. 

#trauma #traumarecovery 
#ptsd #mentalhealth #disabilityawareness #fatacceptance #fatwomenofcolor #fuckfatphobia 
#blm… https://t.co/TLNESXhg6h",1296588366721376256,AartiOlivia,['https://www.instagram.com/p/CEIR-50ldP6/?igshid=mwn2e2h5uw5e'],https://www.instagram.com/p/CEIR-50ldP6/?igshid=mwn2e2h5uw5e,['https://t.co/TLNESXhg6h'],https://t.co/TLNESXhg6h
