,url,date,content,id,username,outlinks,outlinksss,tcooutlinks,tcooutlinksss
0,https://twitter.com/cmotsteve/status/1322712246028394497,2020-11-01 01:29:08+00:00,"YOU stop playing politics! Look around where Covid under control - early &amp; ROBUST TESTING, TRACKING, TRACING, MASKS, combined restricted movements, SCHOOL CLOSURES, etc. Tough but Very simple #ToryCorruption given £Billions to non specialists for zero return. Have you any honour? https://t.co/WWBZJiP9K6",1322712246028394497,cmotsteve,['https://twitter.com/andreajenkyns/status/1322646536547950595'],https://twitter.com/andreajenkyns/status/1322646536547950595,['https://t.co/WWBZJiP9K6'],https://t.co/WWBZJiP9K6
1,https://twitter.com/MrBarnesTweets/status/1322441626787049472,2020-10-31 07:33:48+00:00,Arrive. 2 weeks’ quarantine. 1 week of settling-in. Move into apartment. 2 weeks’ school closure declared on Friday night after all had closed for the weekend. Straight into online learning. Will now meet my class after mid-term break  #internationalteacherlife,1322441626787049472,MrBarnesTweets,[],,[],
2,https://twitter.com/matchafanatik/status/1250675353938358273,2020-04-16 06:40:15+00:00,"#singapore will always have a different name for everything. It’s not lockdown but circuit breaker , not school closure but Home based learning , not red but 50 shades of orange 😆 https://t.co/WtAoLAwH3u",1250675353938358273,matchafanatik,[],,[],
3,https://twitter.com/_PhilipRoberts/status/1247378408738189313,2020-04-07 04:19:22+00:00,@marknkilmer @intrepidteacher 2 weeks.  We were due to return to  F2F yesterday but last Friday afternoon the Singapore PM announced a “circuit breaker” month of restrictions including school closures.  Teachers are adapting.,1247378408738189313,_PhilipRoberts,[],,[],
4,https://twitter.com/ademarina/status/1244112561617817602,2020-03-29 04:02:03+00:00,"Walking around and about #stayhome #staysafe #stayhealthy #exercise #schoolclosure @ Batam, Riau, Indonesia https://t.co/jVfTqmhmvy",1244112561617817602,ademarina,['https://www.instagram.com/p/B-Tar2jlROA/?igshid=1nd0dejskgnav'],https://www.instagram.com/p/B-Tar2jlROA/?igshid=1nd0dejskgnav,['https://t.co/jVfTqmhmvy'],https://t.co/jVfTqmhmvy
5,https://twitter.com/traintheteacher/status/1244050315713769472,2020-03-28 23:54:43+00:00,@whatedsaid But still no word on of there are school closures - Singapore government has talked about 1 day a week.,1244050315713769472,traintheteacher,[],,[],
6,https://twitter.com/megziannone/status/1242339925422256129,2020-03-24 06:38:14+00:00,Keeping this gem in mind as the possibility of school closure looms over us here in Singapore. https://t.co/25b21MUYPb,1242339925422256129,megziannone,['https://twitter.com/WAB_LIVE/status/1242334376265834496'],https://twitter.com/WAB_LIVE/status/1242334376265834496,['https://t.co/25b21MUYPb'],https://t.co/25b21MUYPb
7,https://twitter.com/isureshtweet/status/1239137425718296576,2020-03-15 10:32:39+00:00,"@Vijayabaskarofl 
It won't be a good comparison if we do Tamil Nadu Vs #Singapore
But I think below things can be incorporated in our state to contain #COVID19 
Temporary closure of
- Movie theatres
- Malls
- Parks
- Schools (at least upto 8th std)

(1/n)",1239137425718296576,isureshtweet,[],,[],
8,https://twitter.com/MsDayinMS/status/1239083320429797380,2020-03-15 06:57:39+00:00,COVID-19: Don’t let school closures shut down your child’s progress https://t.co/ueSIftJSma,1239083320429797380,MsDayinMS,['https://seniainternational.org/?p=3939'],https://seniainternational.org/?p=3939,['https://t.co/ueSIftJSma'],https://t.co/ueSIftJSma
9,https://twitter.com/megziannone/status/1238689337232879616,2020-03-14 04:52:06+00:00,More online resources for school closures https://t.co/blUYBwf9gg,1238689337232879616,megziannone,['https://twitter.com/ECEforLife/status/1237969181573656576'],https://twitter.com/ECEforLife/status/1237969181573656576,['https://t.co/blUYBwf9gg'],https://t.co/blUYBwf9gg
10,https://twitter.com/SulingLinCNA/status/1234673242310230019,2020-03-03 02:53:34+00:00,You’d think parents will be peeved at school closures but one mum in #osaka tells us she’s troubled by something else #coronavirus related in #Japan. #japancoronavirus https://t.co/trP6DgIBOx,1234673242310230019,SulingLinCNA,['https://twitter.com/ChannelNewsAsia/status/1234605543089565696'],https://twitter.com/ChannelNewsAsia/status/1234605543089565696,['https://t.co/trP6DgIBOx'],https://t.co/trP6DgIBOx
11,https://twitter.com/paulbanday/status/1226296979434557440,2020-02-09 00:09:18+00:00,Please implement temporary school closures and work from home procedures before it’s too late. Please protect all Singapore residents. https://t.co/1iWIDkvf0q,1226296979434557440,paulbanday,[],,[],
12,https://twitter.com/AliIsBk1/status/1225771177789911043,2020-02-07 13:19:57+00:00,@gayshipseries *of school closure,1225771177789911043,AliIsBk1,[],,[],
