,url,date,content,id,username,outlinks,outlinksss,tcooutlinks,tcooutlinksss
0,https://twitter.com/JayMcr/status/1336835407766581251,2020-12-10 00:49:33+00:00,"This Helps...

#anxietyhelp #anxietyrelief #anxietysupport #anxiety #help #tryit ❤️ @ Singapore https://t.co/J5nkxGTiOk",1336835407766581251,JayMcr,['https://www.instagram.com/p/CImQFF1nTtL/?igshid=l7mkxt3pvpjm'],https://www.instagram.com/p/CImQFF1nTtL/?igshid=l7mkxt3pvpjm,['https://t.co/J5nkxGTiOk'],https://t.co/J5nkxGTiOk
1,https://twitter.com/sumaiyaw/status/1325745981577519104,2020-11-09 10:24:07+00:00,My goodness 😢Should be carefully counseled who goes thru any kind of stress #LSR #anxiety #SuicideAwareness https://t.co/Nl9HcMbi0I,1325745981577519104,sumaiyaw,['https://twitter.com/ndtv/status/1325739244967534594'],https://twitter.com/ndtv/status/1325739244967534594,['https://t.co/Nl9HcMbi0I'],https://t.co/Nl9HcMbi0I
2,https://twitter.com/NickJonsson/status/1311907623256682496,2020-10-02 05:55:26+00:00,"Proud to be featured with a full page today in the Entrepreneurs Digest.

To combat executive loneliness, lead together.

#thoughtleader #executives #executiveloneliness #Anxiety #mentalhealth #mentalwellbeing #stigma https://t.co/T9JoWFQor5",1311907623256682496,NickJonsson,['https://www.instagram.com/p/CF1IYHmJujA/?igshid=u5n5kwl8nh9z'],https://www.instagram.com/p/CF1IYHmJujA/?igshid=u5n5kwl8nh9z,['https://t.co/T9JoWFQor5'],https://t.co/T9JoWFQor5
3,https://twitter.com/JayMcr/status/1301461562448900099,2020-09-03 10:06:31+00:00,"Yiiiiiip💯

#anxiety #anxietyrelief #anxietyawareness @ Sentosa Cove https://t.co/XSWAfftqh2",1301461562448900099,JayMcr,['https://www.instagram.com/p/CEq6Depjy10/?igshid=dqz7hzeqbvim'],https://www.instagram.com/p/CEq6Depjy10/?igshid=dqz7hzeqbvim,['https://t.co/XSWAfftqh2'],https://t.co/XSWAfftqh2
4,https://twitter.com/JayMcr/status/1298269449493999618,2020-08-25 14:42:12+00:00,"Note to Self...

#anxiety #anxietyrelief @ Sentosa Cove https://t.co/NjSKxtCCdM",1298269449493999618,JayMcr,['https://www.instagram.com/p/CEUOdIvHZZ5/?igshid=rcgvnmlg57r6'],https://www.instagram.com/p/CEUOdIvHZZ5/?igshid=rcgvnmlg57r6,['https://t.co/NjSKxtCCdM'],https://t.co/NjSKxtCCdM
5,https://twitter.com/remind_sg/status/1297800697853825024,2020-08-24 07:39:32+00:00,"There are actually 100 trillion ways which you can practice self-care. Swipe and read about the importance, benefits and examples of self-care!

Have a good day ahead Re:Mind fam! ☀️

#ReMind #mentalhealth #mentalhealthawareness #anxiety #selfcare #selflove #health #mentalillness https://t.co/X0lomJCrlI",1297800697853825024,remind_sg,[],,[],
6,https://twitter.com/remind_sg/status/1297800435382681600,2020-08-24 07:38:30+00:00,"💆🏿‍♂️🌸𝙎𝙚𝙡𝙛-𝙘𝙖𝙧𝙚 🌸🙆🏼

The term self-care is used so commonly in the social media landscape today. Do you know what self-care is? ❤️

#ReMind #mentalhealth #mentalhealthawareness #anxiety #depression #selfcare #selflove #health #mentalillness #selfcare https://t.co/kuD985DXfD",1297800435382681600,remind_sg,[],,[],
7,https://twitter.com/remind_sg/status/1295685184373719041,2020-08-18 11:33:15+00:00,"Book your calendars for our 2nd workshop with @samhsingapore / @samhealthcreatives focusing on guided imagery drawing exercises happening on 30 Aug 2020! 🗓

#ReMind #SAMH #mentalhealth #singapore #events #webinar #workshops #stress #techniques #relax #anxiety #awareness",1295685184373719041,remind_sg,[],,[],
8,https://twitter.com/remind_sg/status/1286564869316071431,2020-07-24 07:32:22+00:00,"From mindfulness to breathing exercises, these proven techniques will help you take control of anxious feelings, so you can get more out of life 😁💚

Retweet to share this wonderful book! 📚

#anxiety #mentalhealth #mentalhealthawareness #mentalillness #selflove #selfcare #tips",1286564869316071431,remind_sg,[],,[],
9,https://twitter.com/remind_sg/status/1286564539605999616,2020-07-24 07:31:04+00:00,"🙏🏾 𝗥𝗲:𝗠𝗶𝗻𝗱 𝗿𝗲𝗰𝗼𝗺𝗺𝗲𝗻𝗱𝘀: 𝗕𝗲 𝗖𝗮𝗹𝗺 🙏🏼

Find your inner calm whenever you need it, with a book of on-the-spot strategies to help manage anxiety symptoms as soon as they strike 😱.

#ReMind #ReMindRecommends #book #reading #goodreads #anxiety #mentalhealth https://t.co/6KL1jrlqwp",1286564539605999616,remind_sg,[],,[],
10,https://twitter.com/remind_sg/status/1280748578944675840,2020-07-08 06:20:31+00:00,"And here are the last 3 quick and essential facts about mental health! 💚

Know more facts about mental health? Tweet us and let us know!

#ReMind #WellnessWednsdays #facts #mentalhealth #mentalhealthawareness #mentalillness #selfcare #selflove #anxiety #Singapore https://t.co/kfu41C9Riw",1280748578944675840,remind_sg,[],,[],
11,https://twitter.com/remind_sg/status/1273865171329400833,2020-06-19 06:28:18+00:00,"✅ Mental Health Checklist ✅

TGIF! Here's a friendly reminder to reaffirm yourself today 💪🏻

You are doing great! Tag a friend below to remind them too 💌

#ReMind #mentalhealth #mentalhealthawareness #anxiety #depression #selfcare #selflove #health #mentalillness #checklist https://t.co/IlpegByYla",1273865171329400833,remind_sg,[],,[],
12,https://twitter.com/BiharSamrat/status/1267663567920041984,2020-06-02 03:45:21+00:00,"@JawedAshraf5 @IndiainSingapor @PrernaShahi4 
 Have you planned  for more flights ? Please share the details in stead of using repeated lines.
 #anxiety #restlessness #unplanned",1267663567920041984,BiharSamrat,[],,[],
13,https://twitter.com/JayMcr/status/1263364603888754688,2020-05-21 07:02:48+00:00,#mentalhealthawareness #anxiety #worry #mha #bekind 🙏🏼❤️ @ Sentosa Cove https://t.co/pZ0eXvM8AH,1263364603888754688,JayMcr,['https://www.instagram.com/p/CAcNkRsnX4y/?igshid=o8v8abwr07vz'],https://www.instagram.com/p/CAcNkRsnX4y/?igshid=o8v8abwr07vz,['https://t.co/pZ0eXvM8AH'],https://t.co/pZ0eXvM8AH
14,https://twitter.com/remind_sg/status/1262979455934361602,2020-05-20 05:32:21+00:00,"🧐Borderline Personality Disorder☁️

Swipe for MORE FAQs about the topic ✨➡️

#WellnessWednesdays #remind #singapore #mentalhealth #mentalhealthawareness #bpd #borderlinepersonalitydisorder #recovery #anxiety #mentalillness #bpdawareness https://t.co/Oa9yxlVgSE",1262979455934361602,remind_sg,[],,[],
15,https://twitter.com/shermannatrix/status/1256238872301678592,2020-05-01 15:07:41+00:00,"Because WHO agrees that playing games is a great way to deal with stress and anxiety during this lockdown/circuit breaker period (depending on where you're from).
.
.
.
.
.
.
#destress #anxiety #overcominganxiety… https://t.co/go26iYIZ8s",1256238872301678592,shermannatrix,['https://www.instagram.com/p/B_plIwJndI8/?igshid=nj2quojcx0wt'],https://www.instagram.com/p/B_plIwJndI8/?igshid=nj2quojcx0wt,['https://t.co/go26iYIZ8s'],https://t.co/go26iYIZ8s
16,https://twitter.com/remind_sg/status/1252868669685686274,2020-04-22 07:55:42+00:00,"The Aviator (2004) | Director: Martin Scorsese | Studio: Miramax 

#remind #singapore #mentalhealth #mentalhealthawareness #anxiety #disorder #mentalillness #wellness #emotion #treatment #selfhelp #movies #films #accurate #comment #mentalhealthinfilms https://t.co/ptHrEvKjBp",1252868669685686274,remind_sg,[],,[],
17,https://twitter.com/remind_sg/status/1252867583516176385,2020-04-22 07:51:23+00:00,"Still Alice (2015) | Director: Richard Glatzer, Wash Westmoreland | Studio: Sony Pictures Classics

#remind #singapore #mentalhealth #mentalhealthawareness #anxiety #disorder #mentalillness #wellness #emotion #treatment #movies #films #accurate #comment #mentalhealthinfilms https://t.co/aDGqgNofQa",1252867583516176385,remind_sg,[],,[],
18,https://twitter.com/JayMcr/status/1250233967183302659,2020-04-15 01:26:20+00:00,"True Story...

#justbreathe #anxiety #bepresent #letgo #anxietyrelief @ Sentosa Cove https://t.co/iB3RhpBp0y",1250233967183302659,JayMcr,['https://www.instagram.com/p/B--6ciDHcsX/?igshid=pn8xnxsnuro8'],https://www.instagram.com/p/B--6ciDHcsX/?igshid=pn8xnxsnuro8,['https://t.co/iB3RhpBp0y'],https://t.co/iB3RhpBp0y
19,https://twitter.com/Melvyndotme/status/1245901349981732872,2020-04-03 02:30:04+00:00,"#Anxiety. 

We all experience it from time to time. 

Thing is to be aware of what causes it, thank it, and ask yourself what can you do to improve the situation.",1245901349981732872,Melvyndotme,[],,[],
20,https://twitter.com/JayMcr/status/1245563560647970817,2020-04-02 04:07:48+00:00,"𝙉𝙤𝙩𝙚 𝙩𝙤 𝙎𝙚𝙡𝙛...

#overthinking #anxiety #pointless @ Singapore https://t.co/KWLVTjZins",1245563560647970817,JayMcr,['https://www.instagram.com/p/B-dul1oH2oy/?igshid=18nwame4ajobg'],https://www.instagram.com/p/B-dul1oH2oy/?igshid=18nwame4ajobg,['https://t.co/KWLVTjZins'],https://t.co/KWLVTjZins
21,https://twitter.com/kauramille/status/1243937722386923521,2020-03-28 16:27:18+00:00,When Anxiety Attacks. #anxiety #COVID19 #coronavirus https://t.co/F9k8HpKqaB,1243937722386923521,kauramille,[],,[],
22,https://twitter.com/AartiOlivia/status/1238299056666968064,2020-03-13 03:01:16+00:00,"Part 2  

#covid_19 #spoonie #chronicillness #anxiety #healthcare #disabled #disability #ableism #igsg @ Singapore https://t.co/UU0nT8ym6h",1238299056666968064,AartiOlivia,['https://www.instagram.com/p/B9qHEyXAxYv/?igshid=10bdd4ia830hg'],https://www.instagram.com/p/B9qHEyXAxYv/?igshid=10bdd4ia830hg,['https://t.co/UU0nT8ym6h'],https://t.co/UU0nT8ym6h
23,https://twitter.com/JayMcr/status/1233399797115183104,2020-02-28 14:33:21+00:00,#anxiety #anxietyrelief @ Singapore https://t.co/FLVdd06t9q,1233399797115183104,JayMcr,['https://www.instagram.com/p/B9HTJlQH62A/?igshid=1oamjrzma25jg'],https://www.instagram.com/p/B9HTJlQH62A/?igshid=1oamjrzma25jg,['https://t.co/FLVdd06t9q'],https://t.co/FLVdd06t9q
24,https://twitter.com/NeuroLandscape/status/1226775558966505472,2020-02-10 07:51:00+00:00,"To strengthen our study findings, we’re collecting more data from healthy individuals and patients with #depression and #anxiety. Link to the paper with preliminary findings in the comments!
#therapeutic #garden #faa #eeg #contemplative #brain #neurolandscape https://t.co/tlyvRvWIrQ",1226775558966505472,NeuroLandscape,[],,[],
25,https://twitter.com/AmeerSharifah/status/1222534425939861504,2020-01-29 14:58:15+00:00,"We are all sane people driven to the brink by the evils of the world 

#depression 
#anxiety
#MentalHealthAwareness 
#MentalHealthMatters",1222534425939861504,AmeerSharifah,[],,[],
