,url,date,content,id,username,outlinks,outlinksss,tcooutlinks,tcooutlinksss
0,https://twitter.com/dotcom56/status/1412675336433594374,2021-07-07 07:30:21+00:00,@ForIkPakistan @realrazidada @StateBank_Pak @SHABAZGIL https://t.co/S4bfBvlKaE.having same issue just spoke with HBl.,1412675336433594374,dotcom56,['http://I.am'],http://I.am,['https://t.co/S4bfBvlKaE'],https://t.co/S4bfBvlKaE
1,https://twitter.com/r_raeyen/status/1412537942875144193,2021-07-06 22:24:23+00:00,thank god today is hbl if not i would be dead making my way to school,1412537942875144193,r_raeyen,[],,[],
2,https://twitter.com/PascalHbl/status/1412406099693785088,2021-07-06 13:40:30+00:00,Lifetime achievement keep going helping people’s change life 🙌 #herbalife #herbalifenutrition https://t.co/iYlllgox4r,1412406099693785088,PascalHbl,['https://www.instagram.com/p/CQ_NykLr3FT/?utm_medium=twitter'],https://www.instagram.com/p/CQ_NykLr3FT/?utm_medium=twitter,['https://t.co/iYlllgox4r'],https://t.co/iYlllgox4r
3,https://twitter.com/PascalHbl/status/1412405716594446348,2021-07-06 13:38:58+00:00,Lifetime achievement 🙌 #herbalife #herbalifenutrition https://t.co/atPSbibByG,1412405716594446348,PascalHbl,['https://www.instagram.com/p/CQ_Nne-Li2q/?utm_medium=twitter'],https://www.instagram.com/p/CQ_Nne-Li2q/?utm_medium=twitter,['https://t.co/atPSbibByG'],https://t.co/atPSbibByG
4,https://twitter.com/OWIS_Singapore/status/1412267563325739008,2021-07-06 04:30:00+00:00,"Over two weeks, our Grade 5 home-based learners created awesome artwork in #HBL. After drawing llamas, they used a variety of lines inspired by Peruvian textiles to create a colourful background. Choose a subject &amp; create similar projects as you explore nature &amp; art. https://t.co/65h5rJ1WmB",1412267563325739008,OWIS_Singapore,[],,[],
5,https://twitter.com/septian/status/1412200533981483008,2021-07-06 00:03:39+00:00,"Back to school after 1.5-week of HBL, 4-week holiday and 1-week of HBL. 😷🤞🤞 https://t.co/pHm34eohQE",1412200533981483008,septian,[],,[],
6,https://twitter.com/bijgoawaylah/status/1412173508260491264,2021-07-05 22:16:15+00:00,"Would I go all the way to jurong to drink with attai on a hbl day ? 
Yes, yes I would 🤣😝❤.",1412173508260491264,bijgoawaylah,[],,[],
7,https://twitter.com/katy_angelique/status/1411912045109211137,2021-07-05 04:57:18+00:00,"This year during HBL / Phase 1, I came across an impressive Tik Tok video which motivated me to start on Quran recitation class. I want to complete it no matter what it takes. I want to learn from this person becos he really impress me with his clear articulation &amp; intonation.🙂",1411912045109211137,katy_angelique,[],,[],
8,https://twitter.com/ToonAngel2/status/1411877860155949058,2021-07-05 02:41:27+00:00,MFing Youth Day at the end of an extra week of home-based learning HBL. KNNBCCB.,1411877860155949058,ToonAngel2,[],,[],
9,https://twitter.com/miraxpath/status/1411375427831009285,2021-07-03 17:24:58+00:00,"@tanhuiyi Thanks. I had Ezra the whole week and the cake was ordered to his preference, the best thing about my bday was being free of the little demon and his hbl.",1411375427831009285,miraxpath,[],,[],
10,https://twitter.com/konatsu_SGOK/status/1410516026542813184,2021-07-01 08:30:01+00:00,"今日のローカル小学校のHBL(home based learning)
音楽の授業の質問が小2には難しすぎる。私も意味がピンとこなくて、翻訳したらもっと意味わからなくなった💦 https://t.co/V0agS0qBBY",1410516026542813184,konatsu_SGOK,[],,[],
11,https://twitter.com/syazxo_/status/1410512329200988160,2021-07-01 08:15:19+00:00,i got scolded by cher for not doing hbl and sleeping in her class 💀✋🏻,1410512329200988160,syazxo_,[],,[],
12,https://twitter.com/SUR2301/status/1410494804664983552,2021-07-01 07:05:41+00:00,"Beating HBL blues with Visang Beating HBL blues with VisangIn the age of a global pandemic, subsequent lockdowns and movement restrictions, children are stuck at home. This is where parents play a crucial role in providing support to their... https://t.co/0uzXdze7mK",1410494804664983552,SUR2301,['https://tmblr.co/ZzwkIgaOm_A2Ou00'],https://tmblr.co/ZzwkIgaOm_A2Ou00,['https://t.co/0uzXdze7mK'],https://t.co/0uzXdze7mK
13,https://twitter.com/SUR2301/status/1410494793600360449,2021-07-01 07:05:39+00:00,Beating HBL blues with Visang https://t.co/XWcikgKBsD,1410494793600360449,SUR2301,['https://theventmachine.com/2021/07/01/beating-hbl-blues-with-visang/'],https://theventmachine.com/2021/07/01/beating-hbl-blues-with-visang/,['https://t.co/XWcikgKBsD'],https://t.co/XWcikgKBsD
14,https://twitter.com/mrbrown/status/1410490917333585924,2021-07-01 06:50:15+00:00,"https://t.co/OGfIWswzKz It is Day 52 Post Circuit-Breaker, Phase 2 v2. Dealing with the kids on holiday and returning to school. And HBL.

Monday, 28th June 2021.",1410490917333585924,mrbrown,['https://anchor.fm/mrbrown/episodes/The-mrbrown-WFH-Show-Season-5-52-e13oefu'],https://anchor.fm/mrbrown/episodes/The-mrbrown-WFH-Show-Season-5-52-e13oefu,['https://t.co/OGfIWswzKz'],https://t.co/OGfIWswzKz
15,https://twitter.com/vina_kuann/status/1410203954449772551,2021-06-30 11:49:57+00:00,BUTT ! idw hbl 😭😭 https://t.co/CvhErpl6Jt,1410203954449772551,vina_kuann,['https://twitter.com/jiaxxuannn/status/1410168499821965316'],https://twitter.com/jiaxxuannn/status/1410168499821965316,['https://t.co/CvhErpl6Jt'],https://t.co/CvhErpl6Jt
16,https://twitter.com/AaronUnKoch/status/1409299931278450689,2021-06-27 23:57:41+00:00,@ceezedby My son HBL till Wednesday. So short break after break?,1409299931278450689,AaronUnKoch,[],,[],
17,https://twitter.com/hP36hFb21zKo27X/status/1405152906001620997,2021-06-16 13:18:53+00:00,"@sgtinkerbelle 某インターで感染者が出たらしいんですよ(生徒)
学校再開してるインターの親は、またHBLになるのか戦々恐々。。😩",1405152906001620997,hP36hFb21zKo27X,[],,[],
18,https://twitter.com/ftnamrs/status/1404428589878026247,2021-06-14 13:20:43+00:00,3 weeks HBL is a bad idea,1404428589878026247,ftnamrs,[],,[],
19,https://twitter.com/hanif_afiq/status/1402869224922439691,2021-06-10 06:04:21+00:00,A quarter of my fking day wasted on this stupid hbl,1402869224922439691,hanif_afiq,[],,[],
20,https://twitter.com/hanif_afiq/status/1402853459666239489,2021-06-10 05:01:43+00:00,Babii hbl banyak siall aku nk kerjaaaaa,1402853459666239489,hanif_afiq,[],,[],
21,https://twitter.com/mhdnzsh/status/1401764267561340928,2021-06-07 04:53:39+00:00,hbl making me more stupid,1401764267561340928,mhdnzsh,[],,[],
22,https://twitter.com/mhdnzsh/status/1401764212683067394,2021-06-07 04:53:26+00:00,fuck hbl,1401764212683067394,mhdnzsh,[],,[],
23,https://twitter.com/lionelting/status/1401004441445318656,2021-06-05 02:34:22+00:00,"Waiting for their Virtual Firestation Tour and Learning Experience by Jurong Fire Station! #JLJR #HBL @ Clementi, Singapore https://t.co/wHZY9NFmCv",1401004441445318656,lionelting,['https://www.instagram.com/p/CPuM6sWHCRA/?utm_medium=twitter'],https://www.instagram.com/p/CPuM6sWHCRA/?utm_medium=twitter,['https://t.co/wHZY9NFmCv'],https://t.co/wHZY9NFmCv
24,https://twitter.com/akshayzz_/status/1398070330120314883,2021-05-28 00:15:16+00:00,8am hbl class 🤦‍♂️,1398070330120314883,akshayzz_,[],,[],
25,https://twitter.com/herniepotter/status/1397973381987942407,2021-05-27 17:50:02+00:00,@Muzzmothmaker HAHAHAH hbl is the worst!!!,1397973381987942407,herniepotter,[],,[],
26,https://twitter.com/nizamwho/status/1397762676432936961,2021-05-27 03:52:45+00:00,last night i went to bed so pissed i didnt even wake up for hbl💀,1397762676432936961,nizamwho,[],,[],
27,https://twitter.com/keyvinqiu/status/1396366308778803204,2021-05-23 07:24:05+00:00,hbl is horrible omg i just finished an entire sleeve of jaffa cakes,1396366308778803204,keyvinqiu,[],,[],
28,https://twitter.com/kimisg70/status/1395610668397580289,2021-05-21 05:21:27+00:00,"@tayoyato_sg @rC7WrF4VSTSyg8G あれれっ？アプリのどこかに眠ってる？？

もーっ、何か受信するたびにドキドキしちゃう😣一歳のHBLってなんなんなんだーーーっ💦💦💦",1395610668397580289,kimisg70,[],,[],
29,https://twitter.com/kimisg70/status/1395570885877141505,2021-05-21 02:43:22+00:00,"昨日来た保育園からのメッセージ

私達はHBLの準備をしています。さらに規制が強化された際には対応よろしくお願いします。

的な内容…🥲ですよねーですです。そろそろなんですね。",1395570885877141505,kimisg70,[],,[],
30,https://twitter.com/qiqifiq1/status/1395567939600883714,2021-05-21 02:31:39+00:00,"I like how parents ask we all to focus during HBL, but when asked about their TV dramas , they don’t understand shit👀🥱 https://t.co/2erlzoucJl",1395567939600883714,qiqifiq1,[],,[],
31,https://twitter.com/AaronUnKoch/status/1395535761320026112,2021-05-21 00:23:47+00:00,Son writing on chrome book for HBL instead of paper is the sign of changes in time.,1395535761320026112,AaronUnKoch,[],,[],
32,https://twitter.com/jeffwang___/status/1395050162846793730,2021-05-19 16:14:12+00:00,NO HBL PLS missing sch a little bit 😫,1395050162846793730,jeffwang___,[],,[],
33,https://twitter.com/xnu4bi/status/1394997635870720000,2021-05-19 12:45:28+00:00,@nsyafx bukan ke bfr hbl mmg da suke mandi lambat ? HAHAHAHAH,1394997635870720000,xnu4bi,[],,[],
34,https://twitter.com/Dancorleone04/status/1394939204958707716,2021-05-19 08:53:17+00:00,HBL terkantoi Tele nofication AHAHAHAHA FUCK,1394939204958707716,Dancorleone04,[],,[],
35,https://twitter.com/kennylecks/status/1394558689651027973,2021-05-18 07:41:15+00:00,"WFH? HBL? SHN? No worries, we got you book-covered 🙃

There is always https://t.co/3MOfopL5vN

Delivering Books straight to your doorstep 24/7. You are just a few clicks away from your next awesome read. We ship both local and international 🥳

#feedyourshelf
#booksactually https://t.co/5zlYpd00OD",1394558689651027973,kennylecks,['http://www.booksactuallyshop.com'],http://www.booksactuallyshop.com,['https://t.co/3MOfopL5vN'],https://t.co/3MOfopL5vN
36,https://twitter.com/lasagnafordinne/status/1394536334862155783,2021-05-18 06:12:26+00:00,i like hbl but my phone no storage download shit,1394536334862155783,lasagnafordinne,[],,[],
37,https://twitter.com/Yatymds/status/1394519680090460160,2021-05-18 05:06:15+00:00,I HATE HBL! https://t.co/uDT8kKpTh0,1394519680090460160,Yatymds,[],,[],
38,https://twitter.com/_mabrbs/status/1394288065162534917,2021-05-17 13:45:54+00:00,cb hbl just tkle function sia legit...,1394288065162534917,_mabrbs,[],,[],
39,https://twitter.com/syahir4wr/status/1394248407984742402,2021-05-17 11:08:19+00:00,hbl = rip my mental health 🤩,1394248407984742402,syahir4wr,[],,[],
40,https://twitter.com/syahir4wr/status/1394248088835870727,2021-05-17 11:07:02+00:00,lol hbl then june hols?? my minds gna b fcked by thn 😄,1394248088835870727,syahir4wr,[],,[],
41,https://twitter.com/nizamwho/status/1394184952418213894,2021-05-17 06:56:10+00:00,ngl hbl is fun when ur tcher can take jokes😂,1394184952418213894,nizamwho,[],,[],
42,https://twitter.com/syukriinasalleh/status/1393992177911361537,2021-05-16 18:10:08+00:00,whats worse than the fact we cant raya? HBL. fucking hBL .,1393992177911361537,syukriinasalleh,[],,[],
43,https://twitter.com/AFatElectron/status/1393980808965234688,2021-05-16 17:24:58+00:00,"I hope people can put yourself in shoe of Tuition tutor and realize anyone, if u are not vigilant and aware enough of virus,

 Could be contributing to 18 cases cluster cutting across many schools and converting to HBL since u were detected around 10 May and now is 17 May.",1393980808965234688,AFatElectron,[],,[],
44,https://twitter.com/konspirazi/status/1393925610049740802,2021-05-16 13:45:37+00:00,need to restock my canvas before hbl 🤠,1393925610049740802,konspirazi,[],,[],
45,https://twitter.com/syahir4wr/status/1393900069087182854,2021-05-16 12:04:08+00:00,N’S HOW I CNNT DO HBL https://t.co/U28SEukr8R,1393900069087182854,syahir4wr,['https://twitter.com/syahir4wr/status/1393899996597014535'],https://twitter.com/syahir4wr/status/1393899996597014535,['https://t.co/U28SEukr8R'],https://t.co/U28SEukr8R
46,https://twitter.com/syahir4wr/status/1393899996597014535,2021-05-16 12:03:51+00:00,tf HBL fr all pri &amp; sec schl frm 19 may,1393899996597014535,syahir4wr,[],,[],
47,https://twitter.com/camera_singa/status/1393354120568860672,2021-05-14 23:54:44+00:00,"学校の子どもを預かる役割の重要性と、HBL(在宅学習)の大変さを改めて感じるシンガポールの発表でした。日本も学校を閉めるってのはなるべく避けてるし。でも、これ以上拡がったら閉めるだろうな。

https://t.co/2K8dkJOcXo",1393354120568860672,camera_singa,['https://www.moe.gov.sg/news/press-releases/20210514-stepping-up-safe-management-measures--in-schools-and-institutes-of-higher-learning?fbclid=IwAR3uDIppNc5vxWz6yPupbCx3RBFxtb9OxaMzaCvn5K7jIU3LPghvl4g-beU'],https://www.moe.gov.sg/news/press-releases/20210514-stepping-up-safe-management-measures--in-schools-and-institutes-of-higher-learning?fbclid=IwAR3uDIppNc5vxWz6yPupbCx3RBFxtb9OxaMzaCvn5K7jIU3LPghvl4g-beU,['https://t.co/2K8dkJOcXo'],https://t.co/2K8dkJOcXo
48,https://twitter.com/supitsgerald/status/1393189193640157189,2021-05-14 12:59:22+00:00,bruh i cant with hbl pls i wanna go to school,1393189193640157189,supitsgerald,[],,[],
49,https://twitter.com/syahir4wr/status/1393097643232927746,2021-05-14 06:55:35+00:00,NO DW HBL PLS TKNK FAIL 😭😭 https://t.co/6Ft4JIIP9F,1393097643232927746,syahir4wr,['https://twitter.com/b4byelxo/status/1393087001902010369'],https://twitter.com/b4byelxo/status/1393087001902010369,['https://t.co/6Ft4JIIP9F'],https://t.co/6Ft4JIIP9F
50,https://twitter.com/ftnamrs/status/1389715565975982082,2021-05-04 22:56:25+00:00,HBL timetable are such long hours man..🙃,1389715565975982082,ftnamrs,[],,[],
51,https://twitter.com/TheMafaazKalid/status/1384653109335445505,2021-04-20 23:40:01+00:00,This week is going terrible for me 😔 can’t wait for HBL,1384653109335445505,TheMafaazKalid,[],,[],
52,https://twitter.com/_BunnySingh_/status/1384041195483975688,2021-04-19 07:08:29+00:00,"Stepping on campus for the 1st day is super awkward, must say a lot changes was made during HBL!!",1384041195483975688,_BunnySingh_,[],,[],
53,https://twitter.com/eevangelinee_/status/1364829543823941639,2021-02-25 06:48:15+00:00,Why do I eat so much during hbl Hais,1364829543823941639,eevangelinee_,[],,[],
54,https://twitter.com/eevangelinee_/status/1364821269061853187,2021-02-25 06:15:22+00:00,Doing a trial hbl mock test is a really a bad idea when I have a mother who talks on the phone so freaking loud and a sister who switches on her Netflix show for the whole block to hear🙄,1364821269061853187,eevangelinee_,[],,[],
55,https://twitter.com/gojouwaifuu/status/1361511068783112196,2021-02-16 03:01:49+00:00,Hmm this week need go sch for thurs MLDV lesson? i knw swqa got hbl.. Hmm. Hopefully got consultation these wk??? thn cn do in sch btr...,1361511068783112196,gojouwaifuu,[],,[],
56,https://twitter.com/nunudottz/status/1359496064475172865,2021-02-10 13:34:54+00:00,Bonus! Its my working saturday of HBL session lagi..... ugh why ☹️,1359496064475172865,nunudottz,[],,[],
57,https://twitter.com/gojouwaifuu/status/1359323510028476416,2021-02-10 02:09:14+00:00,Wah i overslept and missed my hbl lesson,1359323510028476416,gojouwaifuu,[],,[],
58,https://twitter.com/bluestarbbasia/status/1356645919999938563,2021-02-02 16:49:27+00:00,"Rising HBL Stars 🏀🇹🇼⭐️

Rookies making a name for themselves early

➡️ https://t.co/sEhyP0uIua https://t.co/bcklwIyplV",1356645919999938563,bluestarbbasia,['http://wp.me/p9TKlV-Vu'],http://wp.me/p9TKlV-Vu,['https://t.co/sEhyP0uIua'],https://t.co/sEhyP0uIua
59,https://twitter.com/_amirulakhbar/status/1355897184927924224,2021-01-31 15:14:14+00:00,"It's sad that I need to go to school tmrw when it's supposed to be hbl 🙂 thank you ""project""",1355897184927924224,_amirulakhbar,[],,[],
60,https://twitter.com/_amirulakhbar/status/1355531740777836544,2021-01-30 15:02:06+00:00,Supposed to have hbl on Monday but I need to go to school for project 🙂 The funny part is 3 of them year 2 and I'm the only one from year 1 how 🥴,1355531740777836544,_amirulakhbar,[],,[],
61,https://twitter.com/mstqshh_/status/1353493742657757185,2021-01-25 00:03:49+00:00,my god do i wish it was hbl,1353493742657757185,mstqshh_,[],,[],
62,https://twitter.com/PANDORA0S04/status/1351678978432483331,2021-01-19 23:52:36+00:00,why couldn’t we just fuckin hbl today😭,1351678978432483331,PANDORA0S04,[],,[],
63,https://twitter.com/NeshMaari/status/1351327161106370561,2021-01-19 00:34:36+00:00,Hbl is sucha god blessing lah❤️,1351327161106370561,NeshMaari,[],,[],
64,https://twitter.com/_amirulakhbar/status/1351171846260064260,2021-01-18 14:17:26+00:00,"18/01/21
Theres alot to say in my mind but sokay I have my ranting account. Today is somewhat productive but disappointed in myself cause I fell asleep after hbl. At least i did my workout after that and didn't give in to my laziness. I shall not give up, never again!",1351171846260064260,_amirulakhbar,[],,[],
65,https://twitter.com/_amirulakhbar/status/1351021104144510979,2021-01-18 04:18:26+00:00,"Before hbl start, fast game food. Rice is too slow so meh https://t.co/o9qjjKuWAz",1351021104144510979,_amirulakhbar,[],,[],
66,https://twitter.com/iiqqqyyyy/status/1350994580217475074,2021-01-18 02:33:02+00:00,hbl buang mase je nabei,1350994580217475074,iiqqqyyyy,[],,[],
67,https://twitter.com/PANDORA0S04/status/1350983073559695362,2021-01-18 01:47:19+00:00,zzz end at 5 nasib hbl,1350983073559695362,PANDORA0S04,[],,[],
68,https://twitter.com/syukriinasalleh/status/1350314044998078466,2021-01-16 05:28:50+00:00,im happy to be in hnitec but is so sad tht next week my frens hbl i go sch 😭😭 da tkle gi skola tgt n balek tgt 😤😤 I'm a loner now hAISS,1350314044998078466,syukriinasalleh,[],,[],
69,https://twitter.com/syvminvyumi/status/1349936552034488322,2021-01-15 04:28:49+00:00,bro im so tired to the point i didnt even wake up for hbl 🤭🤒,1349936552034488322,syvminvyumi,[],,[],
70,https://twitter.com/rrrxzqxxx/status/1349758691449344001,2021-01-14 16:42:04+00:00,soooo abruptly bought a macbook just for hbl next week...but sokayh need it for sch anyways,1349758691449344001,rrrxzqxxx,[],,[],
71,https://twitter.com/_Myo27/status/1349524084715995136,2021-01-14 01:09:49+00:00,If u need to sleep just listen to hbl lesson,1349524084715995136,_Myo27,[],,[],
72,https://twitter.com/dzafirrrr/status/1348461802019901440,2021-01-11 02:48:41+00:00,First hbl slept the whole lesson.🤦🏽‍♂️,1348461802019901440,dzafirrrr,[],,[],
