,url,date,content,id,username,outlinks,outlinksss,tcooutlinks,tcooutlinksss
0,https://twitter.com/Vimal_15/status/1340026349461798912,2020-12-18 20:09:12+00:00,This is how insomnia feels like ? 🤦🏻‍♂️,1340026349461798912,Vimal_15,[],,[],
1,https://twitter.com/sabrinano91/status/1339259515842166784,2020-12-16 17:22:05+00:00,Insomnia welcome back! 🥳🙄🌬,1339259515842166784,sabrinano91,[],,[],
2,https://twitter.com/HermanSpears/status/1336734216508166145,2020-12-09 18:07:27+00:00,Fuck this hangover and insomnia!,1336734216508166145,HermanSpears,[],,[],
3,https://twitter.com/mfosgp/status/1335448098596823041,2020-12-06 04:56:52+00:00,@KyppDurron @MikhailaAleksis @Louisa61334127 @bumfree @TLtredleon @coldxman @jordanbpeterson As does her dad who claimed on that infamous JRE that the Lion Diet cured everything from depression to insomnia to eye floaters and anxiety (all the while secretly medicating with benzos),1335448098596823041,mfosgp,[],,[],
4,https://twitter.com/ardiindhana/status/1334928615746674689,2020-12-04 18:32:38+00:00,"I write this in the middle of the night when I couldn't sleep. I got depression of my insomnia. This is not I want it. I decided to text in my memo, &amp; listening my favorite playlist. There's always more inspiration when you can't sleep &amp; just pretending to sleep in your bed. https://t.co/fxMLhHaQVS",1334928615746674689,ardiindhana,[],,[],
5,https://twitter.com/hippopotamush27/status/1334531660260364288,2020-12-03 16:15:16+00:00,"@yunitaputrit Insomnia lo, afgan dari zimbabwe :vv mana ada",1334531660260364288,hippopotamush27,[],,[],
6,https://twitter.com/indisatria07/status/1334268968995966977,2020-12-02 22:51:26+00:00,"Bagi tips dong bagi yang bisa tidur cepat
#insomnia #mutualan",1334268968995966977,indisatria07,[],,[],
7,https://twitter.com/Yohanbubz/status/1333042522696810496,2020-11-29 13:37:58+00:00,YOUN SANG INSOMNIA. Y’all now I miss wheesung 😭,1333042522696810496,Yohanbubz,[],,[],
8,https://twitter.com/_koushoku/status/1331957024976879623,2020-11-26 13:44:35+00:00,i fell asleep for 2 hours..... my insomnia literally won't let me sleep,1331957024976879623,_koushoku,[],,[],
9,https://twitter.com/HappyPFLF/status/1331747351946412033,2020-11-25 23:51:26+00:00,"@juzcheckinout @PurpleInYrEyes I guess his time in the army is really his healing time. It cured his insomnia which allowed him to really rest well, and he was able to enjoy what he was doing.",1331747351946412033,HappyPFLF,[],,[],
10,https://twitter.com/be_yuppi/status/1328773097537769472,2020-11-17 18:52:48+00:00,"Tidur mendapat mimpi 
Insomnia mendapat.............",1328773097537769472,be_yuppi,[],,[],
11,https://twitter.com/Ali_Naseer786/status/1327435141103292416,2020-11-14 02:16:14+00:00,@LadyVelvet_HFQ Insomnia will be cured  ..... with the Night Prayer 🤲,1327435141103292416,Ali_Naseer786,[],,[],
12,https://twitter.com/aiaiaidid/status/1327331573776093184,2020-11-13 19:24:42+00:00,"insomnia, help.",1327331573776093184,aiaiaidid,[],,[],
13,https://twitter.com/nthasha03/status/1326606078918848513,2020-11-11 19:21:51+00:00,"Insomnia terosss, sampai melingkarr hitam dimata 🤣",1326606078918848513,nthasha03,[],,[],
14,https://twitter.com/aiaiaidid/status/1322270722094325760,2020-10-30 20:14:41+00:00,wanna knw the reason behind this insomnia,1322270722094325760,aiaiaidid,[],,[],
15,https://twitter.com/blueakashi24/status/1321961611779731456,2020-10-29 23:46:23+00:00,"22 hrs awake, oh insomnia 😫",1321961611779731456,blueakashi24,[],,[],
16,https://twitter.com/aiaiaidid/status/1321183455032479745,2020-10-27 20:14:16+00:00,insomnia at its best,1321183455032479745,aiaiaidid,[],,[],
17,https://twitter.com/EvaOktaria1/status/1319686887259267072,2020-10-23 17:07:27+00:00,@lajureaksii Kena insomnia,1319686887259267072,EvaOktaria1,[],,[],
18,https://twitter.com/Vinoooooooodrai/status/1318846222367535104,2020-10-21 09:26:57+00:00,Insomnia vanthu saavungae https://t.co/SyjEsTSKxx,1318846222367535104,Vinoooooooodrai,['https://twitter.com/MirrorFootball/status/1318615048961609730'],https://twitter.com/MirrorFootball/status/1318615048961609730,['https://t.co/SyjEsTSKxx'],https://t.co/SyjEsTSKxx
19,https://twitter.com/amikitkylo/status/1318595880115527680,2020-10-20 16:52:10+00:00,Badan dah barai dgn insomnia nye lagi bila boleh rest ni 😪,1318595880115527680,amikitkylo,[],,[],
20,https://twitter.com/ElizaARahim/status/1317159310711926784,2020-10-16 17:43:45+00:00,I need a good 8hours sleep but tomorrow round start at 6am 🙃 and I suddenly have insomnia for the past week,1317159310711926784,ElizaARahim,[],,[],
21,https://twitter.com/megarismaaa/status/1316824035095842819,2020-10-15 19:31:30+00:00,Kebiasaan bgt kalo abis offday 2 hari besoknya masuk kerja pagi pasti gini nih insomnia hmm efek kebanyakan tidur inimah,1316824035095842819,megarismaaa,[],,[],
22,https://twitter.com/nrakma94/status/1316751881230716929,2020-10-15 14:44:47+00:00,Tak tau knape sejak2 akhir2 ni mcm insomnia. Susah nk tido malam. What happen to me? 😕,1316751881230716929,nrakma94,[],,[],
23,https://twitter.com/raygondra/status/1315688304159850511,2020-10-12 16:18:30+00:00,Insomnia again.,1315688304159850511,raygondra,[],,[],
24,https://twitter.com/danuoktavianto/status/1314653385002422272,2020-10-09 19:46:06+00:00,Insomnia.,1314653385002422272,danuoktavianto,[],,[],
25,https://twitter.com/dyxnxshxyxng/status/1314398088971206656,2020-10-09 02:51:39+00:00,from insomnia to anxiety ..with anxiety welcomes depression ..,1314398088971206656,dyxnxshxyxng,[],,[],
26,https://twitter.com/Yohanbubz/status/1312771748723523585,2020-10-04 15:09:09+00:00,"No sleep tonight because I’ve been procrastinating like mad the whole weekend when I have a truck load of work to do. So hey, here’s to insomnia and anxiety packing it in together for the week 🤟🏽",1312771748723523585,Yohanbubz,[],,[],
27,https://twitter.com/ben_harith/status/1307714874139578368,2020-09-20 16:14:56+00:00,Fak lah bila insomnia datang balik ni. Amende ni,1307714874139578368,ben_harith,[],,[],
28,https://twitter.com/emeraldgabriel_/status/1302705012720594944,2020-09-06 20:27:32+00:00,great the insomnia has to start now sure,1302705012720594944,emeraldgabriel_,[],,[],
29,https://twitter.com/DanspireVy/status/1301125860645310465,2020-09-02 11:52:33+00:00,"📌 Better Sleep with SMT for Pregnant Mums.

Had a pleasurable evening sharing techniques to induce sleep for mummies.

Thank you beautymumsnbabies and sgbearylovely for the organizing this.

#sleep #better #insomnia… https://t.co/XUdqOgct2g",1301125860645310465,DanspireVy,['https://www.instagram.com/p/CEohZfLHNqs/?igshid=wzqu72p137qp'],https://www.instagram.com/p/CEohZfLHNqs/?igshid=wzqu72p137qp,['https://t.co/XUdqOgct2g'],https://t.co/XUdqOgct2g
30,https://twitter.com/tweetweetweet98/status/1299409298146066436,2020-08-28 18:11:33+00:00,2 nights eh insomnia haish,1299409298146066436,tweetweetweet98,[],,[],
31,https://twitter.com/OrangeBubblez/status/1298334132770992130,2020-08-25 18:59:13+00:00,It's 3am and I need to get up at 8am for work 😩 #insomnia,1298334132770992130,OrangeBubblez,[],,[],
32,https://twitter.com/ivansiregar18/status/1296847925578829824,2020-08-21 16:33:34+00:00,@is_p3l5sy @ghanieierfan Sini aku temenin yang pada lagi insomnia sampe ngantuk.. hehehe..,1296847925578829824,ivansiregar18,[],,[],
33,https://twitter.com/raygondra/status/1295040458163273728,2020-08-16 16:51:20+00:00,Sigh. Insomnia again.,1295040458163273728,raygondra,[],,[],
34,https://twitter.com/WendyBella29/status/1294645901437198338,2020-08-15 14:43:30+00:00,Insomnia: relax… and stop worrying about lack of sleep https://t.co/0T0mpBFhbG,1294645901437198338,WendyBella29,['https://www.theguardian.com/lifeandstyle/2012/sep/22/dreamland-insomnia-sleep-cbt-drugs?CMP=share_btn_tw'],https://www.theguardian.com/lifeandstyle/2012/sep/22/dreamland-insomnia-sleep-cbt-drugs?CMP=share_btn_tw,['https://t.co/0T0mpBFhbG'],https://t.co/0T0mpBFhbG
35,https://twitter.com/fatfellar/status/1288616876491149312,2020-07-29 23:26:19+00:00,Feel like insomnia all over again,1288616876491149312,fatfellar,[],,[],
36,https://twitter.com/FarisRifqiII/status/1285714680254730240,2020-07-21 23:14:01+00:00,"while me with insomnia problem memerlukan 3-5 jam untuk dapat tido dengan nyenyak.  Baring atas katil pukul 12 malam, but sampai pukul 4 pagi pon still tak dapat tido lagi 😭 https://t.co/XwynxkNT8w",1285714680254730240,FarisRifqiII,['https://twitter.com/kid67_/status/1285209784560439299'],https://twitter.com/kid67_/status/1285209784560439299,['https://t.co/XwynxkNT8w'],https://t.co/XwynxkNT8w
37,https://twitter.com/raygondra/status/1280903674181513216,2020-07-08 16:36:48+00:00,Sigh. Insomnia again.,1280903674181513216,raygondra,[],,[],
38,https://twitter.com/Lucy_1st/status/1280735644474458113,2020-07-08 05:29:07+00:00,At some point I’m gonna kill myself cause of army and insomnia,1280735644474458113,Lucy_1st,[],,[],
39,https://twitter.com/anes_johan/status/1280566520024686592,2020-07-07 18:17:04+00:00,kaum insomnia mari kumpul,1280566520024686592,anes_johan,[],,[],
40,https://twitter.com/cheryltan88/status/1279145459529904129,2020-07-03 20:10:17+00:00,"My insomnia food craving is making me think about this piping hot (as in, bite into it &amp; the juices that squirt will zap you) #harcheonggai (chicken coated with fermented prawn paste then deep-fried) @ Long Ji in #Singapore. What flavor in that crust—I could eat a plate of it now https://t.co/FsYNI7FnRM",1279145459529904129,cheryltan88,[],,[],
41,https://twitter.com/zyk_o/status/1278297263534735360,2020-07-01 11:59:51+00:00,"S T I L B I T E       &amp;        A P O P H Y L L I T E    ⠀⠀⠀⠀⠀⠀⠀⠀⠀⠀⠀⠀

Stilbite are healing gemstones, which may help anyone who suffers from insomnia. They… https://t.co/NSexTC4zCI",1278297263534735360,zyk_o,['https://www.instagram.com/p/CCGUJz2hzsF/?igshid=m1bye1f8gj0w'],https://www.instagram.com/p/CCGUJz2hzsF/?igshid=m1bye1f8gj0w,['https://t.co/NSexTC4zCI'],https://t.co/NSexTC4zCI
42,https://twitter.com/zyk_o/status/1278205421615042560,2020-07-01 05:54:55+00:00,"S T I L B I T E       &amp;        A P O P H Y L L I T E    ⠀⠀⠀⠀⠀⠀⠀⠀⠀⠀⠀⠀

Stilbite are healing gemstones, which may help anyone who suffers from insomnia. They… https://t.co/ndQ5FZ9hbv",1278205421615042560,zyk_o,['https://www.instagram.com/p/CCFqYxDB0_R/?igshid=1iomc58jmn537'],https://www.instagram.com/p/CCFqYxDB0_R/?igshid=1iomc58jmn537,['https://t.co/ndQ5FZ9hbv'],https://t.co/ndQ5FZ9hbv
43,https://twitter.com/megarismaaa/status/1277000419303022593,2020-06-27 22:06:40+00:00,Tolong dulu jelasin kalo insomnia itu apasih yang sering dipikirin?,1277000419303022593,megarismaaa,[],,[],
44,https://twitter.com/merrooyy/status/1273742618644496385,2020-06-18 22:21:19+00:00,"insomnia gini yang nyuruh tidur malah pacar org.
hhhha.
males",1273742618644496385,merrooyy,[],,[],
45,https://twitter.com/raygondra/status/1273657661536342016,2020-06-18 16:43:44+00:00,Sigh. Insomnia again. And i just took 6 pills already. But still awake,1273657661536342016,raygondra,[],,[],
46,https://twitter.com/anggorostyn/status/1272251675785347072,2020-06-14 19:36:51+00:00,@RjsAlbert @xhianjeng Insomnia,1272251675785347072,anggorostyn,[],,[],
47,https://twitter.com/KuehKafe/status/1269161357460398080,2020-06-06 06:57:02+00:00,"Yoga improves flexibility, muscle strength, metabolism, cardio and circulatory #health; reduces chronic muscle/joint pain, blood pressure and stress. #Yoga can also reduce insomnia which Ang finds out.
.
#comics #comic #comicstrip #comicstrips #webcomic #webcomics https://t.co/o1YKUqLBJd",1269161357460398080,KuehKafe,[],,[],
48,https://twitter.com/miyapina/status/1264049104323137537,2020-05-23 04:22:46+00:00,Maleh aqu kalau malam ni pun insomnia lagi,1264049104323137537,miyapina,[],,[],
49,https://twitter.com/miyapina/status/1263290361411104768,2020-05-21 02:07:47+00:00,"Setelah hampir 3 bulan insomnia tak datang, kini ia kembali. Nantikan tweet2 murung nak ma*i saya tak lama lagi",1263290361411104768,miyapina,[],,[],
50,https://twitter.com/miyapina/status/1255531050278805506,2020-04-29 16:15:03+00:00,Lepastu kat rumah ni masuk bilik je kol 10. Lepastu tengok drama baca novel yada yada kol 2 gak baru tidur. Tu belum termasuk overthinking dan insomnia hhhh,1255531050278805506,miyapina,[],,[],
51,https://twitter.com/miyapina/status/1252466330155937797,2020-04-21 05:16:57+00:00,My insomnia dah datang balik and worse sebab tak ada med lansung,1252466330155937797,miyapina,[],,[],
52,https://twitter.com/miyapina/status/1252129321587597312,2020-04-20 06:57:48+00:00,"Still berdendam dengan mkn sebab hantar message pukul 3.30 pagi. Dah lah insomnia nak manja2 balik, boleh terkejut pulak dengar notification 😭",1252129321587597312,miyapina,[],,[],
53,https://twitter.com/miyapina/status/1249711322947698688,2020-04-13 14:49:32+00:00,"@Ohitsenun Huhu and, tak semua mak sama perangai sis.. as they get older, they tend to nag more. Kadang kita okay je tak kisah pun but kalau betul lah dia kena insomnia for few days, even bunyi kerusi pun boleh sakit hati, ini kan lagi bunyi orang bebel.",1249711322947698688,miyapina,[],,[],
54,https://twitter.com/Suufeeiaan/status/1222219176451825664,2020-01-28 18:05:34+00:00,What's ur best cure for insomnia?,1222219176451825664,Suufeeiaan,[],,[],
55,https://twitter.com/callmesweetyyyy/status/1221899641949544448,2020-01-27 20:55:51+00:00,Insomnia...,1221899641949544448,callmesweetyyyy,[],,[],
56,https://twitter.com/xiuchenbae/status/1218968466507456515,2020-01-19 18:48:24+00:00,It’s nearing 3am and this is the nicest cure for my insomnia 😢💜 https://t.co/oKNOR2q0rk,1218968466507456515,xiuchenbae,['https://twitter.com/BTS_twt/status/1218258658351411200'],https://twitter.com/BTS_twt/status/1218258658351411200,['https://t.co/oKNOR2q0rk'],https://t.co/oKNOR2q0rk
57,https://twitter.com/tracywebb/status/1218711931613171712,2020-01-19 01:49:01+00:00,I thought I just had insomnia.  Apparently it’s a thing       https://t.co/Bx8v9QRRBa,1218711931613171712,tracywebb,['https://time.com/5759867/ada-calhoun-gen-x-women-insomnia/'],https://time.com/5759867/ada-calhoun-gen-x-women-insomnia/,['https://t.co/Bx8v9QRRBa'],https://t.co/Bx8v9QRRBa
58,https://twitter.com/_firamustafa/status/1218673091678621696,2020-01-18 23:14:41+00:00,My insomnia is back,1218673091678621696,_firamustafa,[],,[],
59,https://twitter.com/elinne/status/1218661119172042752,2020-01-18 22:27:07+00:00,"the insomnia is real. I'm so tired and dehydrated after all the tummy gurgles and have not slept a wink, in the last 24hrs.",1218661119172042752,elinne,[],,[],
60,https://twitter.com/baziltt/status/1218620194265817088,2020-01-18 19:44:29+00:00,Insomnia eh.,1218620194265817088,baziltt,[],,[],
61,https://twitter.com/notagnesbae/status/1217906618269982720,2020-01-16 20:29:00+00:00,okay is this insomnia or what? i’m confused,1217906618269982720,notagnesbae,[],,[],
62,https://twitter.com/luci_brian/status/1217561497536102401,2020-01-15 21:37:36+00:00,"@f4t4my Hello there it’s me, insomnia",1217561497536102401,luci_brian,[],,[],
63,https://twitter.com/mastermingjue/status/1217136148344012800,2020-01-14 17:27:25+00:00,Oh god.. my insomnia is back tf up again lol,1217136148344012800,mastermingjue,[],,[],
64,https://twitter.com/1five11/status/1216533515304521728,2020-01-13 01:32:46+00:00,@_xxbigmousexx_ the thought of school kinda make us insomnia,1216533515304521728,1five11,[],,[],
65,https://twitter.com/agieprayoga_/status/1214994798576226305,2020-01-08 19:38:28+00:00,Oh kopi kenapa kau membawa ku kepada insomnia,1214994798576226305,agieprayoga_,[],,[],
66,https://twitter.com/arib24_/status/1213907368066441217,2020-01-05 19:37:24+00:00,Insomnia 😴,1213907368066441217,arib24_,[],,[],
67,https://twitter.com/DanspireVy/status/1213420665900019713,2020-01-04 11:23:25+00:00,"An unforgettable sharing done before we turn 2020.

How did SMT help these folk? From getting over insomnia to stopping the need of medication, ease of work at workplaces...

I am humbled. 
I am aware of the… https://t.co/Tf2EL2p8EZ",1213420665900019713,DanspireVy,['https://www.instagram.com/p/B65VsHcnAYT/?igshid=1j7xep627euke'],https://www.instagram.com/p/B65VsHcnAYT/?igshid=1j7xep627euke,['https://t.co/Tf2EL2p8EZ'],https://t.co/Tf2EL2p8EZ
