,url,date,content,id,username,outlinks,outlinksss,tcooutlinks,tcooutlinksss
0,https://twitter.com/FahmyNorezuan/status/1342303148753387520,2020-12-25 02:56:24+00:00,Phobia of heights but actin cool inside 😆 @ Singapore Flyer https://t.co/16w5LgCC1O,1342303148753387520,FahmyNorezuan,['https://www.instagram.com/p/CJNGqWBhVjuFFTIVxNAv-6PuCdhrTGaq79wNDw0/?igshid=1g96mqi2wvdav'],https://www.instagram.com/p/CJNGqWBhVjuFFTIVxNAv-6PuCdhrTGaq79wNDw0/?igshid=1g96mqi2wvdav,['https://t.co/16w5LgCC1O'],https://t.co/16w5LgCC1O
1,https://twitter.com/firtyler/status/1336379095173615616,2020-12-08 18:36:19+00:00,Phobia gila dok kiwak otak serabut!!!!!,1336379095173615616,firtyler,[],,[],
2,https://twitter.com/ariffghjkl/status/1333316128324554753,2020-11-30 07:45:11+00:00,phobia main bayang bayang tangan guna lampu tidur sebab tengah malam kena tindih pastu kat hujung katil ( part kaki ) ada more than 2 hands melambai lambai.. nak jerit takleh nak baca apa pun lupa terus.. https://t.co/R4GtwzGSwO,1333316128324554753,ariffghjkl,['https://twitter.com/InjangNation/status/1333043859148787712'],https://twitter.com/InjangNation/status/1333043859148787712,['https://t.co/R4GtwzGSwO'],https://t.co/R4GtwzGSwO
3,https://twitter.com/aubsy_daisy/status/1326839076301930501,2020-11-12 10:47:41+00:00,"Was learning about phobias during psych class today and someone in the chat said ""whoever has homophobia, pls exit the chat!!!"" King shit right there",1326839076301930501,aubsy_daisy,[],,[],
4,https://twitter.com/AmuMinaj/status/1323084003436474370,2020-11-02 02:06:22+00:00,I stg my anxiety and phobia for needles when it comes to vaccination and blood tests 😭🤯 @AmeenaHalilur I need you!! 😭❤️,1323084003436474370,AmuMinaj,[],,[],
5,https://twitter.com/reeyowh/status/1322558490850844674,2020-10-31 15:18:10+00:00,20 days until come back means 20 nights of no sleep 12am KST phobia is real,1322558490850844674,reeyowh,[],,[],
6,https://twitter.com/_nsyqh/status/1320040237494460416,2020-10-24 16:31:32+00:00,"i dont know if i can ride to work again. still phobia af. ytd i was sleeping, i dreamt abt how i was involved in this freaking accident and got flung off my bike that I literally jerk and got shocked and woke up straightaway at 3am 😫😭",1320040237494460416,_nsyqh,[],,[],
7,https://twitter.com/booboocuu/status/1319320959942156288,2020-10-22 16:53:23+00:00,Phobia liat dia bahagia dengan yang lain https://t.co/t6jYlNJwZt,1319320959942156288,booboocuu,['https://twitter.com/NetflixID/status/1319247127260876801'],https://twitter.com/NetflixID/status/1319247127260876801,['https://t.co/t6jYlNJwZt'],https://t.co/t6jYlNJwZt
8,https://twitter.com/marqisezech/status/1316317833756700673,2020-10-14 10:00:02+00:00,@ninjapapercow @cloudywind Ah yes. Picking my phobia and put it in my face. Lovely.,1316317833756700673,marqisezech,[],,[],
9,https://twitter.com/AmuMinaj/status/1312266597545857024,2020-10-03 05:41:52+00:00,The phobia of queueing for chicken rice ever since I fainted the other time 🥴 one of the most embarassing moments in my life 😫,1312266597545857024,AmuMinaj,[],,[],
10,https://twitter.com/heyitsharah_/status/1311156328455237632,2020-09-30 04:10:03+00:00,i think im never gna do nail extensions ever again cause really phobia sia hahahaha i think buat normal je sudah,1311156328455237632,heyitsharah_,[],,[],
11,https://twitter.com/doyyunay/status/1309759470633775104,2020-09-26 07:39:26+00:00,@Pukupukupawpaw8 Phobia ketinggian,1309759470633775104,doyyunay,[],,[],
12,https://twitter.com/brightsnowin/status/1309506051310379008,2020-09-25 14:52:26+00:00,Imagine Tay really having this phobia. TayNew Meal Date wouldnt happen and we wouldnt see this bickering 😂😂😂 #taynew #imteemetoo #คนละทีเดียวกันEP2 https://t.co/OEkRwilmcI,1309506051310379008,brightsnowin,[],,[],
13,https://twitter.com/HzrqHalim/status/1308284489064280064,2020-09-22 05:58:23+00:00,Diz phobia https://t.co/7OOTSMwldt,1308284489064280064,HzrqHalim,['https://twitter.com/ichlsh/status/1307949356088045569'],https://twitter.com/ichlsh/status/1307949356088045569,['https://t.co/7OOTSMwldt'],https://t.co/7OOTSMwldt
14,https://twitter.com/marieahmadha/status/1303303151987032069,2020-09-08 12:04:20+00:00,@callmeciiiiiici @KediriFess Mungkin dia phobia grebek satpol PP,1303303151987032069,marieahmadha,[],,[],
15,https://twitter.com/Alcatraz2048/status/1302968448968871942,2020-09-07 13:54:20+00:00,@LukasReames @uton511 @NytroArt All creepy crawlies creep me out. Got a massive phobia of all insects😂,1302968448968871942,Alcatraz2048,[],,[],
16,https://twitter.com/23jacob/status/1300571141052887041,2020-08-31 23:08:18+00:00,@Ishuwithnoissue @Tweet2Rhea Fear of flying and cluster phobia are two different thinks. #JustSaying,1300571141052887041,23jacob,[],,[],
17,https://twitter.com/imnitinschauhan/status/1300019509810454528,2020-08-30 10:36:18+00:00,"@____Avinash____ @sunilburnwal89 @iPriyanka_S Didn’t you know, He might have come out of phobia. 
Same way I had a problem with water earlier but now I can spend hours in water 💦. 
I can watch video and give comments as #rhea 

#RheaDualFaceExposed 
#SushantSinghRajutforever 
#SushanthSinghRajput",1300019509810454528,imnitinschauhan,[],,[],
18,https://twitter.com/Darwan_/status/1294494548312260608,2020-08-15 04:42:05+00:00,Jadi sekitar Kamis minggu lalu kantorku rapid test massal. Dan kali iniiii di siku siku. Alhamdulillah berhasil walau aku pusing n mual. Trus aku dikasihin air minum. Trus aku langsung rebahan dan 2 hari tanganku gaberani aku tekuk. Adakah yg sama phobia darah dan jarum suntik?? https://t.co/OD3lmkMniq,1294494548312260608,Darwan_,[],,[],
19,https://twitter.com/rahmatillah0512/status/1294233602356441088,2020-08-14 11:25:11+00:00,"Lagi naik tangga tiba tiba orng yg di depan gue gandengan 
 Udah tau gue uwu phobia",1294233602356441088,rahmatillah0512,[],,[],
20,https://twitter.com/its4isyxh/status/1293713547508117507,2020-08-13 00:58:40+00:00,the phobia i have of the t-junction🤧,1293713547508117507,its4isyxh,[],,[],
21,https://twitter.com/BTS_ARMY/status/1293542110595964929,2020-08-12 13:37:26+00:00,"Yep, we aren't over of 12am phobia (not just yet😊)~~or r we? Will we?

Ready, A.R.M.Y? 

#BTS  #방탄소년단 
#BTS_Dynamite @BTS_twt @bts_bighit https://t.co/UKceWXTQxq",1293542110595964929,BTS_ARMY,[],,[],
22,https://twitter.com/g33k5p34k/status/1289959312836591617,2020-08-02 16:20:41+00:00,"I’ve finally gotten over my python phobia and started prepping analyses in δaδi, and I’m afraid I’ll have forgotten what little I know of R by next week. 

I’m also not going to make the obvious joke about having δaδi issues.",1289959312836591617,g33k5p34k,[],,[],
23,https://twitter.com/izzaaah15/status/1288850503980351492,2020-07-30 14:54:40+00:00,"maaf:( tp emg ku orgnya dasar phobia sm badut. mau berusaha positifthinking, kalau udh ketemu badut di mall atau jalan, lgsg kabur:((( https://t.co/TSr62QVBUy",1288850503980351492,izzaaah15,['https://twitter.com/kitabisacom/status/1288440898594861056'],https://twitter.com/kitabisacom/status/1288440898594861056,['https://t.co/TSr62QVBUy'],https://t.co/TSr62QVBUy
24,https://twitter.com/Albertching/status/1286070156746199041,2020-07-22 22:46:34+00:00,"Getting caught in the rain!

#FirstRideInTheRain
#WetWetRide #Scary #Phobia
#AwaysGreatToBeAcknowledgedByJesus 😜😅😂🤣😇 @ Mandai, Singapore https://t.co/kY7e94UBUM",1286070156746199041,Albertching,['https://www.instagram.com/p/CC9i21dHJZrta09dxwGyMnkyjioat3DBVuGikc0/?igshid=v1fhl5u7zdxw'],https://www.instagram.com/p/CC9i21dHJZrta09dxwGyMnkyjioat3DBVuGikc0/?igshid=v1fhl5u7zdxw,['https://t.co/kY7e94UBUM'],https://t.co/kY7e94UBUM
25,https://twitter.com/HerlisOke/status/1275729401787924484,2020-06-24 09:56:05+00:00,@bodoamatnin Klau aku sih...dia terlalu cantik..soalnya aku phobia dengan cewe cantik..sekedar mengagumi saja..,1275729401787924484,HerlisOke,[],,[],
26,https://twitter.com/luvkth___/status/1274682268968030213,2020-06-21 12:35:10+00:00,"Sampe skrg masih bingung, gatau gimana bisa phobia sama itu:( https://t.co/GchS6KxOdb",1274682268968030213,luvkth___,['https://twitter.com/rgilhamsyah/status/1274536530237784065'],https://twitter.com/rgilhamsyah/status/1274536530237784065,['https://t.co/GchS6KxOdb'],https://t.co/GchS6KxOdb
27,https://twitter.com/nrulhdanrddin/status/1273994788509872129,2020-06-19 15:03:21+00:00,Aku rasa aku dah developed another phobia. Phobia tidur dalam completely gelap. Rasa lemas 😭 padahal zaman sekolah dulu okay je.,1273994788509872129,nrulhdanrddin,[],,[],
28,https://twitter.com/jeonbye_01/status/1273887220085035009,2020-06-19 07:55:55+00:00,YaAllah aku tiap ada notif sms di hape mamakku deg degan anjir takut disuruh tes masuk kerja yaAllah gini amat..🥴🥴 apaga semacam phobia sms wkwkkw ngakak🥴😂😂😂😂,1273887220085035009,jeonbye_01,[],,[],
29,https://twitter.com/JAEMlNCEO/status/1273296869163061248,2020-06-17 16:50:04+00:00,HELP I DIDNT KNOW IT WAS A STRAY KID’S SONG AND I WAS LIKE WHY YALL SO ENTHUSIASTIC ABT PHOBIAS??? https://t.co/5nV6GFC5kA,1273296869163061248,JAEMlNCEO,['https://twitter.com/seungttps/status/1273193730753740800'],https://twitter.com/seungttps/status/1273193730753740800,['https://t.co/5nV6GFC5kA'],https://t.co/5nV6GFC5kA
30,https://twitter.com/Dyes60/status/1268872892017790977,2020-06-05 11:50:46+00:00,"I’m getting lazier to cook by the day and developing a phobia of my own cooking. 

First dish for tonight’s dinner is fried salt/pepper chicken nugget (椒鹽雞丁). Firstly, pan-fry Sichuan peppercorn, Kampot peppercorn… https://t.co/ZTBarciFeK",1268872892017790977,Dyes60,['https://www.instagram.com/p/CBDWcWVHJt5/?igshid=1vdvks2t7emi2'],https://www.instagram.com/p/CBDWcWVHJt5/?igshid=1vdvks2t7emi2,['https://t.co/ZTBarciFeK'],https://t.co/ZTBarciFeK
31,https://twitter.com/nashpalll/status/1268746725855858689,2020-06-05 03:29:26+00:00,Now all these petty fuckers gonna claim they have a this phobia like it’s clinically diagnosed 😂 https://t.co/totbWZ3HTU,1268746725855858689,nashpalll,['https://twitter.com/Fact/status/1268702832967979008'],https://twitter.com/Fact/status/1268702832967979008,['https://t.co/totbWZ3HTU'],https://t.co/totbWZ3HTU
32,https://twitter.com/EzreeAmree/status/1267866587811311616,2020-06-02 17:12:05+00:00,Punya lah phobia sampai org gurau pun aku ingat serius. Asdfggjkl 😂😂😂,1267866587811311616,EzreeAmree,[],,[],
33,https://twitter.com/BryanXie/status/1266277260438339584,2020-05-29 07:56:39+00:00,"Brother-Captain of the Ultramarines 2nd Company. Fell in love with the model at first sight. #nofilter

I've always had a phobia of painting cloaks, but I'm glad I managed to overcome it by doing 100% Mephiston Red,… https://t.co/tdA7YJ53Ce",1266277260438339584,BryanXie,['https://www.instagram.com/p/CAw6FwMnio8/?igshid=1bchgj0pizsc0'],https://www.instagram.com/p/CAw6FwMnio8/?igshid=1bchgj0pizsc0,['https://t.co/tdA7YJ53Ce'],https://t.co/tdA7YJ53Ce
34,https://twitter.com/kmrsde/status/1264725967911612416,2020-05-25 01:12:22+00:00,Bilik bersih pun lipas masuk. Phobia sia aku nak tidur...,1264725967911612416,kmrsde,[],,[],
35,https://twitter.com/hasnfouz1/status/1263984824584302592,2020-05-23 00:07:20+00:00,@sfpelosi He gets phobia wearing masks because it reminds him of the days when his mom use to gag him for talking nonsense!,1263984824584302592,hasnfouz1,[],,[],
36,https://twitter.com/Canciiinoe/status/1263145526662291469,2020-05-20 16:32:16+00:00,See that's why I phobia want cut off my long hair! https://t.co/slNj1lYvrk,1263145526662291469,Canciiinoe,['https://twitter.com/MothershipSG/status/1263014668127268864'],https://twitter.com/MothershipSG/status/1263014668127268864,['https://t.co/slNj1lYvrk'],https://t.co/slNj1lYvrk
37,https://twitter.com/Dyes60/status/1261931600482312192,2020-05-17 08:08:33+00:00,"Opted for crispy goreng pisang (banana) and nangka (jackfruit) for tea today. 😋😋😋

P.S. I have not eaten so much of my own cooking at a single go. I’ve developed a phobia of myself. 😬😬😬😬 #sghawkerfood #sgstreetfood… https://t.co/CLJucTshQ4",1261931600482312192,Dyes60,['https://www.instagram.com/p/CASB6IQHnKv/?igshid=v2f9s7e07kvl'],https://www.instagram.com/p/CASB6IQHnKv/?igshid=v2f9s7e07kvl,['https://t.co/CLJucTshQ4'],https://t.co/CLJucTshQ4
38,https://twitter.com/pergiselalu/status/1261607109268926465,2020-05-16 10:39:09+00:00,@frastiwieee_ Gua orang yg phobia suntikan. Liat begini ngilu,1261607109268926465,pergiselalu,[],,[],
39,https://twitter.com/JAEMlNCEO/status/1260777101298298880,2020-05-14 03:40:59+00:00,12. idt i have any???????? idk my own phobias idbdidj,1260777101298298880,JAEMlNCEO,[],,[],
40,https://twitter.com/Dyes60/status/1259071602076966912,2020-05-09 10:43:57+00:00,I have a phobia of bread-making. I hate kneading and can never differentiate between a well-done and a still-needs-more-TLC dough. However I’ll brave making bread rolls for tonight’s  dinner ............  maybe some… https://t.co/BaVKGJ7F7l,1259071602076966912,Dyes60,['https://www.instagram.com/p/B_9tVTPH_Hm/?igshid=1a24u7x6usvg4'],https://www.instagram.com/p/B_9tVTPH_Hm/?igshid=1a24u7x6usvg4,['https://t.co/BaVKGJ7F7l'],https://t.co/BaVKGJ7F7l
41,https://twitter.com/ysmnjasmine11/status/1257054186274840576,2020-05-03 21:07:27+00:00,"Paling tak suka bila doctor pun dah tak tahu nak cakap apa 😞 takut, phobia semua ada .. ya Allah permudahkan lah segalanya..",1257054186274840576,ysmnjasmine11,[],,[],
42,https://twitter.com/malthaaaa/status/1255479272472485890,2020-04-29 12:49:18+00:00,@abrahamborisDP Fatboi phobia rambut panjang? Apa phobia fat?,1255479272472485890,malthaaaa,[],,[],
43,https://twitter.com/followLin/status/1254798164286201871,2020-04-27 15:42:50+00:00,"Kway Chap. With the PCB (prolonged #circuitbreaker and yes pun intended), my Kway Chap is no longer served to me like this. Just wondering is anybody else having the tapao phobia.  
·····
Address: 284 Kway Chap. Blk… https://t.co/mwpBNuixYB",1254798164286201871,followLin,['https://www.instagram.com/p/B_fWAIJnc4S/?igshid=1frj92i6f3vxq'],https://www.instagram.com/p/B_fWAIJnc4S/?igshid=1frj92i6f3vxq,['https://t.co/mwpBNuixYB'],https://t.co/mwpBNuixYB
44,https://twitter.com/Nomadic_Desi/status/1254092907998375936,2020-04-25 17:00:23+00:00,@im_saiganesh So are the courts including law colleges .. they are dene of Hindu phobia,1254092907998375936,Nomadic_Desi,[],,[],
45,https://twitter.com/tyunninggyu/status/1253385005637627904,2020-04-23 18:07:26+00:00,"As someone with bird phobia, I had to laugh https://t.co/O1uQ59XLI3",1253385005637627904,tyunninggyu,['https://twitter.com/TXT_members/status/1237290991230410752'],https://twitter.com/TXT_members/status/1237290991230410752,['https://t.co/O1uQ59XLI3'],https://t.co/O1uQ59XLI3
46,https://twitter.com/chepcreates/status/1249780588434698240,2020-04-13 19:24:46+00:00,@ainnazhr phobia betul ni,1249780588434698240,chepcreates,[],,[],
47,https://twitter.com/Dyes60/status/1247724186400931842,2020-04-08 03:13:22+00:00,Now I have to face one of the my phobias - house cleaning. Since my part time helper has decided to abandon me for one month—a very sensible decision—I’ll scrub and mop the whole house for my exercise… https://t.co/W79uKeyuTV,1247724186400931842,Dyes60,['https://www.instagram.com/p/B-tFIFPnCkv/?igshid=1rdk4hp4fjudt'],https://www.instagram.com/p/B-tFIFPnCkv/?igshid=1rdk4hp4fjudt,['https://t.co/W79uKeyuTV'],https://t.co/W79uKeyuTV
48,https://twitter.com/Dyes60/status/1246783088363016194,2020-04-05 12:53:47+00:00,"Sunday is usually a dine-in night for us because we have a phobia of crowds and I hate queuing for food. 

Today is different: too many things have happened and too much information to digest ....... I’m a bit… https://t.co/BQfdeoAKEf",1246783088363016194,Dyes60,['https://www.instagram.com/p/B-mZKfIHtMG/?igshid=23208un6qfi2'],https://www.instagram.com/p/B-mZKfIHtMG/?igshid=23208un6qfi2,['https://t.co/BQfdeoAKEf'],https://t.co/BQfdeoAKEf
49,https://twitter.com/fafanz_/status/1246188938860957696,2020-04-03 21:32:50+00:00,ok now abit phobia wantu pillion HAHAH,1246188938860957696,fafanz_,[],,[],
50,https://twitter.com/rubysahxe/status/1245122118070620161,2020-03-31 22:53:40+00:00,this is why i have phobia towards insects and bugs. FU https://t.co/Tf8c33cpdv,1245122118070620161,rubysahxe,['https://twitter.com/AAAAAGGHHHH/status/1244792281137205248'],https://twitter.com/AAAAAGGHHHH/status/1244792281137205248,['https://t.co/Tf8c33cpdv'],https://t.co/Tf8c33cpdv
51,https://twitter.com/shaaiine/status/1245018163776901120,2020-03-31 16:00:36+00:00,"Lets say, u got this fucking phobia with gays.. but your revenge is way too much gurl.. why would you let other people get hurt too?? The fuck. Dapat sayo mamatay sa corona virus eh",1245018163776901120,shaaiine,[],,[],
52,https://twitter.com/hafizahcheese/status/1237416848557133824,2020-03-10 16:35:41+00:00,Now I've developed a phobia in getting close to hot guys....,1237416848557133824,hafizahcheese,[],,[],
53,https://twitter.com/ikahmadi/status/1237323083406434305,2020-03-10 10:23:06+00:00,"it’s been a year, phobia yang takda surutnya",1237323083406434305,ikahmadi,[],,[],
54,https://twitter.com/snrlailarosli/status/1230264204440948736,2020-02-19 22:53:38+00:00,"People with dental phobia come for their non stat dental treatment, it’s a good courage but don’t waste my time whining please",1230264204440948736,snrlailarosli,[],,[],
55,https://twitter.com/thejoleph/status/1220402882035322881,2020-01-23 17:48:15+00:00,"My social phobia/anxiety has affected me since high school, but luckily my skills and chosen profession does not require me to talk to a lot of ppl. But still, it would be best if I can heal this phohia I've been dealing for so long #healingAnxiety https://t.co/aYX0UUDxCW",1220402882035322881,thejoleph,[],,[],
56,https://twitter.com/pickleforyou/status/1219622594619428864,2020-01-21 14:07:40+00:00,"Sometimes people aren't intentionally racist... They're just... Oblivious... And don't check their privilege. Same goes with most things in life, any sort of perceived phobia against an oppressed group. Going aggressive won't win them over to your cause... Patiently educate FIRST",1219622594619428864,pickleforyou,[],,[],
57,https://twitter.com/wawxyyn/status/1216326769269043201,2020-01-12 11:51:14+00:00,and i also cried if tgk ada kucing mati and etc. bukan benci. just phobia 😢 bila dia dtg mengejut lagi takot tahu takkkk,1216326769269043201,wawxyyn,[],,[],
58,https://twitter.com/Syedmdamirul_99/status/1216191575266451456,2020-01-12 02:54:01+00:00,Islam phobia bodoh... Fullstop😡😠😠if I can kill u all... I will.. https://t.co/sY1CsxR4rR,1216191575266451456,Syedmdamirul_99,['https://twitter.com/muslimdaily_/status/1216034162760736768'],https://twitter.com/muslimdaily_/status/1216034162760736768,['https://t.co/sY1CsxR4rR'],https://t.co/sY1CsxR4rR
