,url,date,content,id,username,outlinks,outlinksss,tcooutlinks,tcooutlinksss
0,https://twitter.com/nfnasriyah7_/status/1344323783503462403,2020-12-30 16:45:40+00:00,"Ikan teri pakai sos,
Iri bilang boss.",1344323783503462403,nfnasriyah7_,[],,[],
1,https://twitter.com/ainaanainaa/status/1343561231232221184,2020-12-28 14:15:34+00:00,"Sebiji style aku campak masak mee goreng. Cili boh, bwg, sos, kicap. Settle. Power sikit telur 3 biji tu mmg aumm https://t.co/mzeaKfAiFl",1343561231232221184,ainaanainaa,['https://twitter.com/OwToTheZie/status/1343540851796897798'],https://twitter.com/OwToTheZie/status/1343540851796897798,['https://t.co/mzeaKfAiFl'],https://t.co/mzeaKfAiFl
2,https://twitter.com/Nazmi_Hamzah/status/1342287478724542464,2020-12-25 01:54:08+00:00,daging harimau teriak dengan sos thai dan nasi perang. walah! 😂 https://t.co/ZLVoHvyGvQ,1342287478724542464,Nazmi_Hamzah,[],,[],
3,https://twitter.com/nadianaimm/status/1341337620928851968,2020-12-22 10:59:44+00:00,@_ainrmln Masa kt matrik kawan nad dari selangor kata dia makan pisang goreng dengan sos. Errrrrrr..,1341337620928851968,nadianaimm,[],,[],
4,https://twitter.com/syty_zulayha/status/1341330800520830976,2020-12-22 10:32:38+00:00,Terasa pedas pedas sos dia dekat tekak,1341330800520830976,syty_zulayha,[],,[],
5,https://twitter.com/ranajitdam/status/1338454346489466880,2020-12-14 12:02:38+00:00,Someone in the Indian expat Facebook group in Singapore has sent out an SOS https://t.co/GLv21j6RHu,1338454346489466880,ranajitdam,[],,[],
6,https://twitter.com/naddyrhmn/status/1338014679218573312,2020-12-13 06:55:33+00:00,"“Sos paling sedap. Kalah orang lain punya” “saya lah pencipta no. 1 untuk resipi produk xxx ni, yang lain semua peniru” like ???",1338014679218573312,naddyrhmn,[],,[],
7,https://twitter.com/anjCerbolles/status/1337568569509343232,2020-12-12 01:22:52+00:00,"@HoloLexi I do need to explore it, hehe. Thank you so much for your help! I’ll definitely SOS you hehe 😍 https://t.co/mePz0zcWhC",1337568569509343232,anjCerbolles,[],,[],
8,https://twitter.com/AizahIsmadi/status/1337217378661240832,2020-12-11 02:07:22+00:00,@McDMalaysia Hari2 mkn pun xpe. Tp yg pntg sos dia xkering la,1337217378661240832,AizahIsmadi,[],,[],
9,https://twitter.com/nrulhxnis/status/1337005474265251841,2020-12-10 12:05:20+00:00,"Hi gaisss! Nak bagitahu ni, yang stay area JB kalau nak try Green Roll boleh dm okay? Lain dari yang lain. Biasa cicah pakai sos thai kan? Kalini kita bg sos hijau. Nak tahu rasa dia mcm mana? Kena la order dlu. Belum cuba belum tahu 😉
7pcs RM 10
Cod area JB
Charge ikut kawasan https://t.co/NCPWorFEpi",1337005474265251841,nrulhxnis,[],,[],
10,https://twitter.com/tuanayob69/status/1336966358907711489,2020-12-10 09:29:54+00:00,"Sawi goreng sos tiram..
#tuankidal @ Iskandar Puteri https://t.co/Ofv63XsiY5",1336966358907711489,tuanayob69,['https://www.instagram.com/p/CInLxGbjMmpuw_SACngrtrpK3jYOy-yzVUkUII0/?igshid=l4lqf8grfofn'],https://www.instagram.com/p/CInLxGbjMmpuw_SACngrtrpK3jYOy-yzVUkUII0/?igshid=l4lqf8grfofn,['https://t.co/Ofv63XsiY5'],https://t.co/Ofv63XsiY5
11,https://twitter.com/profgenius91/status/1333949222358372358,2020-12-02 01:40:52+00:00,@Foxjoliemy Ada name ntah. Thousand island kalau x silap. Mayonis ngn sos cili sekali,1333949222358372358,profgenius91,[],,[],
12,https://twitter.com/profgenius91/status/1333945413586456576,2020-12-02 01:25:44+00:00,"@Foxjoliemy Salad,ayam,tomato sos, mayonis. Mcm x de cheese je. Haha",1333945413586456576,profgenius91,[],,[],
13,https://twitter.com/_nffaa/status/1332530344684253184,2020-11-28 03:42:46+00:00,"Ini sos tiram. Expectation tu, cair bila tuang. Tapi tak pun. Biasa2 aja. Sama je dgn yg lain. Lbh kurang mcm jalen. https://t.co/xWHzzjovib",1332530344684253184,_nffaa,[],,[],
14,https://twitter.com/visitjohor_/status/1332182781539938304,2020-11-27 04:41:40+00:00,"Malam minggu boleh la plan ke MM Loklok yang terletak di Taman Kota Masai, Pasir Gudang yang menjual loklok serendah RM0.80 je sebatang dengan lebih dari 15 pilihan sos 🍢 https://t.co/xPO9UnApHa",1332182781539938304,visitjohor_,[],,[],
15,https://twitter.com/gkolathu/status/1332149566968274944,2020-11-27 02:29:41+00:00,"@Sanjay_Dixit All these naughty, sanctimonious so-and-sos can cry all they want. But @myogiadityanath has just gone and done it, and he’s asking “अब बोलो, तुम किस खेत की मूली हो?” 😁",1332149566968274944,gkolathu,[],,[],
16,https://twitter.com/najamboo/status/1330504201600966659,2020-11-22 13:31:35+00:00,Pernah tengok video review orang &amp; tengok pun tau sos cicah tu tak kena nak cicah daging. Cicah kopok lekor boleh lah https://t.co/Hjx44SGVam,1330504201600966659,najamboo,['https://twitter.com/bizket_/status/1330421550403645441'],https://twitter.com/bizket_/status/1330421550403645441,['https://t.co/Hjx44SGVam'],https://t.co/Hjx44SGVam
17,https://twitter.com/AfiqahMzln/status/1330152292612526082,2020-11-21 14:13:14+00:00,Lepastu masukkan sos cili. Iqa suka guna sos cili jenama life ( yang kat KFC tu ) Kalau masak apa-apa pun Iqa suka guna sos ni.,1330152292612526082,AfiqahMzln,[],,[],
18,https://twitter.com/edhannorshareza/status/1330016199795642368,2020-11-21 05:12:27+00:00,"Done terung goreng berlado, pak choy goreng sos tiram, udang nestum.

Next, paru goreng

😎",1330016199795642368,edhannorshareza,[],,[],
19,https://twitter.com/nfarahainmahmod/status/1328614304971558913,2020-11-17 08:21:49+00:00,"Assalamualaikum, Hi

Nak cari Kicap dan Sos keluaran Qasih Global Sdn Bhd. Iaitu syarikat milik saya sendiri boleh dapatkan di. Shopee link ini. :)

Check out this shop on Shopee! https://t.co/A3SiQTuJlK: https://t.co/kwTKubGJNu https://t.co/lV7fnl1ylZ",1328614304971558913,nfarahainmahmod,"['http://faizul.official.store', 'https://shopee.com.my/faizul.official.store?smtt=0.0.9']",http://faizul.official.store https://shopee.com.my/faizul.official.store?smtt=0.0.9,"['https://t.co/A3SiQTuJlK', 'https://t.co/kwTKubGJNu']",https://t.co/A3SiQTuJlK https://t.co/kwTKubGJNu
20,https://twitter.com/ApulYo/status/1328538668626132992,2020-11-17 03:21:16+00:00,siap perap n sos untuk ayam menangis meraung kahkah,1328538668626132992,ApulYo,[],,[],
21,https://twitter.com/EnCABA_/status/1328168217194315776,2020-11-16 02:49:13+00:00,@arquiLaPlata Ahh por favor! Si sos una trolla barata de garbanzo! Busquen alguna que no le paguen! #block a la idiota y buscate un laburo honesto! Mediocre fracasada,1328168217194315776,EnCABA_,[],,[],
22,https://twitter.com/aimshah0509/status/1328148290836152322,2020-11-16 01:30:02+00:00,I dont know if I have this kind of person to be wt me incase of this happens. Harap kalau aku x update ape2 kat sos med .. Cari aku ok.. https://t.co/aqftlPjmgr,1328148290836152322,aimshah0509,['https://twitter.com/ashrafmuzafar/status/1328055638631452672'],https://twitter.com/ashrafmuzafar/status/1328055638631452672,['https://t.co/aqftlPjmgr'],https://t.co/aqftlPjmgr
23,https://twitter.com/rin_korinn/status/1327892303327858688,2020-11-15 08:32:50+00:00,"Mushroom, spaghetti, sos prego , bawang holland",1327892303327858688,rin_korinn,[],,[],
24,https://twitter.com/edtvmalaysia/status/1327486632749113344,2020-11-14 05:40:51+00:00,Inilah rupanya daging masak sos perap. Sos perap beli di Shopee. Resipi paling mudah nak masak. #edmasak #zlurpp #zlurpp2020 @ Johor Bahru https://t.co/fUOOzLL7K6,1327486632749113344,edtvmalaysia,['https://www.instagram.com/p/CHj0e3XHjM0/?igshid=1bbpathawge2b'],https://www.instagram.com/p/CHj0e3XHjM0/?igshid=1bbpathawge2b,['https://t.co/fUOOzLL7K6'],https://t.co/fUOOzLL7K6
25,https://twitter.com/ftynshfyqh/status/1327450231315722240,2020-11-14 03:16:12+00:00,"kerabu meggi seafood sis jual rm7
sotong je dah sekor rm3
udang 2 ekor rm2 
megi rm1 

🤣🤣🤣
bekas lagi, sos lagi hahahahahah 
lepasni tak jual dah kerabu megi seafood. jual kerabu meggi biasa je",1327450231315722240,ftynshfyqh,[],,[],
26,https://twitter.com/AliHamzahz/status/1327149532417830914,2020-11-13 07:21:20+00:00,"@paantastik Milo pun kena sos dengan kawan kawan an, perangai melayu betul ahaha",1327149532417830914,AliHamzahz,[],,[],
27,https://twitter.com/fazirasfh/status/1325947268961202177,2020-11-09 23:43:58+00:00,Mekdii tu ikut tempat jugak kut baru okay. Ritu order kat mana tah peh ayam kecik gila lepastu dah sejuk. Fries pon kering je rasa tapi dekat mekdi tempat lain tu sedap lah pulakk grrrr sos ponndia bagi banyak nak mampossss,1325947268961202177,fazirasfh,[],,[],
28,https://twitter.com/nfnasriyah7_/status/1325760660815278080,2020-11-09 11:22:27+00:00,Sos kurang penerajang tu macam mana ??? 😂 https://t.co/vYlJI0zIjr,1325760660815278080,nfnasriyah7_,['https://twitter.com/Dapoq_pdot/status/1325760001705533440'],https://twitter.com/Dapoq_pdot/status/1325760001705533440,['https://t.co/vYlJI0zIjr'],https://t.co/vYlJI0zIjr
29,https://twitter.com/EnCABA_/status/1325216963803586560,2020-11-07 23:22:00+00:00,"Dale esclavo, vacunate. El kirchnerato piensa q sos sacrificable, descartable bah. 
Cerebro de cobaya @diegobranca y tb lleva a tu hijo ya q estas tan convencido https://t.co/J6pwJZg7qB",1325216963803586560,EnCABA_,['https://twitter.com/diegobranca/status/1325028624236486656'],https://twitter.com/diegobranca/status/1325028624236486656,['https://t.co/J6pwJZg7qB'],https://t.co/J6pwJZg7qB
30,https://twitter.com/Daasayiwada/status/1324618115343241216,2020-11-06 07:42:23+00:00,Balik keje nak kek batik guna biskut marie kopi. Lepas nak masak ayam sos ltk tauhu jepun. Scroll2 ig mcm2 idea dpt. Kena pula semangat periuk baru ni lain mcm.,1324618115343241216,Daasayiwada,[],,[],
31,https://twitter.com/visitjohor_/status/1324584031686569986,2020-11-06 05:26:57+00:00,"Malam minggu ni boleh la plan ke 833 Lok Lok &amp; Bubble Tea dekat Taman Kota Masai, Pasir Gudang yang menjual loklok serendah RM0.80 sahaja dan dengan lebih dari 15 pilihan sos. Bubble Tea pun ada sekali tau 🍡 https://t.co/KOILbSRwdy",1324584031686569986,visitjohor_,[],,[],
32,https://twitter.com/izzahafrinamohd/status/1323571804166778880,2020-11-03 10:24:43+00:00,@husnasydh for me street takoyaki sedap lagi sebab sos dia lazattt.. ni sos dia kureng sikit,1323571804166778880,izzahafrinamohd,[],,[],
33,https://twitter.com/nfarahainmahmod/status/1321738511066673153,2020-10-29 08:59:52+00:00,"@kewangangraduan Saya ada jual Kicap dan Sos jenama Faizul, saya co-founder produk ini. Ada kupon percuma follow page shopee https://t.co/7hFtB0X1YE ini pula website kami: https://t.co/gM5lsr34he jemput dtg ke website kami. https://t.co/XPxY8BEumR",1321738511066673153,nfarahainmahmod,"['https://shopee.com.my/faizul.official.store?smtt=0.0.9', 'https://www.qasihglobal.com']",https://shopee.com.my/faizul.official.store?smtt=0.0.9 https://www.qasihglobal.com,"['https://t.co/7hFtB0X1YE', 'https://t.co/gM5lsr34he']",https://t.co/7hFtB0X1YE https://t.co/gM5lsr34he
34,https://twitter.com/jeffpapilaya/status/1321435641113010177,2020-10-28 12:56:22+00:00,"Foto bersama Kolonel Inf. Juniras Lumban Toruan, S. Sos., M. SI. yang pada tahun 2015 menjabat sebagai Kasiter 033/Wira Pratama daan sekarang tahun 2020 menjabat sebagai Kasrem 033/Wira Pratama.
@Korem033 https://t.co/YLVwFzO78q",1321435641113010177,jeffpapilaya,[],,[],
35,https://twitter.com/adashuhada87/status/1320934192172003328,2020-10-27 03:43:47+00:00,"Aku suka colorful.
Ade broccoli, buncis, carrot, cauliflower dan udang segar pengganti ikan bilis sbg rencah.
Letak sikit sos tiram.
Kau x makan sudah.... https://t.co/7icmi3fgQa",1320934192172003328,adashuhada87,[],,[],
36,https://twitter.com/am3kinky/status/1320195050349838337,2020-10-25 02:46:42+00:00,@adyrkamarudin Sedapp weyy aku dah banyak kali repeat.. sos dia pon sedap.. aku suka amik rib eye beef roll.. aku tak suka udang sgt sbb macam dah biasa.. https://t.co/sK5WMqtguk,1320195050349838337,am3kinky,[],,[],
37,https://twitter.com/EnCABA_/status/1318287937117671424,2020-10-19 20:28:31+00:00,"@pabloagustoni @mariano61740962 @mariasztajn Miren al pelotudo! Sos vos cabeza de tacho quien va a sufrir esos 3 años, yo no. Segui comprando polenta con sabor a asado 🐒✌🏼 🤣",1318287937117671424,EnCABA_,[],,[],
38,https://twitter.com/mikhailhaque/status/1317826592077303808,2020-10-18 13:55:18+00:00,@riarumeka ITS BEEN AWHILE SINCE IVE DONE THIS SOS!!!,1317826592077303808,mikhailhaque,[],,[],
39,https://twitter.com/3009_eli/status/1317760454966583296,2020-10-18 09:32:29+00:00,@ManuelaC22 Pero vos sos pelotuda? Chirra hija de mil puta..LABURAR TE SUENA PELOTUDA?,1317760454966583296,3009_eli,[],,[],
40,https://twitter.com/GowthamanR/status/1316989588330590208,2020-10-16 06:29:20+00:00,"Future of Marketing Technology is in Enterprise Level collaboration. CRMS, DMPS, AND CDPS: SOS! WHAT DO I NEED TO KNOW? https://t.co/XpIzHktbuO",1316989588330590208,GowthamanR,['https://aqilliz.com/resources/blog/crms-dmps-and-cdps-sos-what-do-i-need-to-know'],https://aqilliz.com/resources/blog/crms-dmps-and-cdps-sos-what-do-i-need-to-know,['https://t.co/XpIzHktbuO'],https://t.co/XpIzHktbuO
41,https://twitter.com/PangYeong/status/1316457916640104449,2020-10-14 19:16:40+00:00,"sos, can you see me ignorant of, what Mr Pang #24-454 had been doing, to be held answering his high rank officer's collusions with my neighbours ? 邦写。 https://t.co/eEtgaueTUz",1316457916640104449,PangYeong,['https://twitter.com/minlawsg/status/1307167535108775936'],https://twitter.com/minlawsg/status/1307167535108775936,['https://t.co/eEtgaueTUz'],https://t.co/eEtgaueTUz
42,https://twitter.com/EnCABA_/status/1316156930423881729,2020-10-13 23:20:39+00:00,@alfakeky @BeluLombardi__ Quien sos pajerto!? Maraca estupido!,1316156930423881729,EnCABA_,[],,[],
43,https://twitter.com/profgenius91/status/1315841669724467201,2020-10-13 02:27:55+00:00,I stand this opinion. Ape siot makan pisang goreng dengan sos https://t.co/HLk9GrIYnO,1315841669724467201,profgenius91,['https://twitter.com/aliffshanusi/status/1315438390037356553'],https://twitter.com/aliffshanusi/status/1315438390037356553,['https://t.co/HLk9GrIYnO'],https://t.co/HLk9GrIYnO
44,https://twitter.com/aimshah0509/status/1315676142238539776,2020-10-12 15:30:11+00:00,@yidies_ Tak.. aku buat untuk cicah lah.. jangan banyak sangat air tu.. sekadar nak dapatkann baki sos yg lekat kat botol tu je. Tekstur cair sikit tapi stil x ubah rasa,1315676142238539776,aimshah0509,[],,[],
45,https://twitter.com/dilalalalalalol/status/1315528847442370560,2020-10-12 05:44:53+00:00,Restoran tadi bg aku sos expired. Harap perut ok jelah 😑,1315528847442370560,dilalalalalalol,[],,[],
46,https://twitter.com/fazirasfh/status/1314366185937399813,2020-10-09 00:44:53+00:00,Sabar jela aku dengan budak kecik ni. Kalau tak sabar dah gigit2 dah cicah sos 😭😭😭😭😭😭,1314366185937399813,fazirasfh,[],,[],
47,https://twitter.com/EqmalJamaludin/status/1312102790173347841,2020-10-02 18:50:57+00:00,@hafismhm Life sos,1312102790173347841,EqmalJamaludin,[],,[],
48,https://twitter.com/sysssun/status/1311918375371587584,2020-10-02 06:38:09+00:00,@lucifif Kalau hat burger aku rasa sos leleh susah nak makan. Suka burger kemas je nak makan tak comot,1311918375371587584,sysssun,[],,[],
49,https://twitter.com/nekmanhjsamsi/status/1311239526371659776,2020-09-30 09:40:39+00:00,"ni mesti mintak sos lebih tapi tak dpt,hmm https://t.co/FORounhueo",1311239526371659776,nekmanhjsamsi,['https://twitter.com/AkeemSharyzal/status/1311159448409272321'],https://twitter.com/AkeemSharyzal/status/1311159448409272321,['https://t.co/FORounhueo'],https://t.co/FORounhueo
50,https://twitter.com/aqlmrza/status/1310747917301379072,2020-09-29 01:07:10+00:00,@sitinurfadzliin Ns lemak dkt balai pelawat aku lg sdp. Ayam berempah. Sos paduuuu.,1310747917301379072,aqlmrza,[],,[],
51,https://twitter.com/mokayrhighness/status/1310645738532040704,2020-09-28 18:21:09+00:00,Kita bujang ni masak maggi sendiri jelah bubuh sos boleh tulis i love myself https://t.co/6dyBNZojEB,1310645738532040704,mokayrhighness,['https://twitter.com/muzzashark/status/1310645168047972353'],https://twitter.com/muzzashark/status/1310645168047972353,['https://t.co/6dyBNZojEB'],https://t.co/6dyBNZojEB
52,https://twitter.com/nrlzwny/status/1310626355977936896,2020-09-28 17:04:08+00:00,@mdfitriaiman plus rasanya sekarang semua subway dah tak bagi pilih semua sos😁,1310626355977936896,nrlzwny,[],,[],
53,https://twitter.com/smokin_jo3/status/1310321206864699392,2020-09-27 20:51:34+00:00,@LF_SOS Wats good my nigga,1310321206864699392,smokin_jo3,[],,[],
54,https://twitter.com/irfanjawali/status/1308436168443215874,2020-09-22 16:01:06+00:00,Spoil makan siakap dia gi buh sos black pepper. Tak masuk😭,1308436168443215874,irfanjawali,[],,[],
55,https://twitter.com/ctajamohdtaha/status/1308362621632933889,2020-09-22 11:08:51+00:00,"@SyazaSalman Sdpnya subwayy, org pun kje mkn subway je sjk pregnant ni, mcm sdp sgt rasenya sos mustard tu dgn salad dgn bwg 😂 tp pd org roti subway smua rasa sama je haha",1308362621632933889,ctajamohdtaha,[],,[],
56,https://twitter.com/ZATYNIA/status/1308028231388282882,2020-09-21 13:00:07+00:00,"Haaaa, sedap nyaaa. Cicah pulak ngn sos dia. Mkn panas2.. Allahu. Sedappppppp 🤤 https://t.co/aWto8k8GT9",1308028231388282882,ZATYNIA,['https://twitter.com/pppayiii/status/1307317662670663687'],https://twitter.com/pppayiii/status/1307317662670663687,['https://t.co/aWto8k8GT9'],https://t.co/aWto8k8GT9
57,https://twitter.com/bxnlxxng/status/1307213128308908032,2020-09-19 07:01:11+00:00,@HerpeticCaprine SOS,1307213128308908032,bxnlxxng,[],,[],
58,https://twitter.com/naddyrhmn/status/1306460583852564481,2020-09-17 05:10:50+00:00,"@nzyrin_ Hahahah memang gitu lah diorg. Sup tu kena minta, baru diorg bagi. Dulu masa first time beli yong taufu dekat kl pun macam ???? Amende makan dengan sos 😂😂😂😂",1306460583852564481,naddyrhmn,[],,[],
59,https://twitter.com/_nffaa/status/1305951583499218944,2020-09-15 19:28:15+00:00,Jgn la kutuk nandos.. sos sedap ap... https://t.co/aUUAQow9A6,1305951583499218944,_nffaa,['https://twitter.com/NaufalAntezem/status/1305571792082198533'],https://twitter.com/NaufalAntezem/status/1305571792082198533,['https://t.co/aUUAQow9A6'],https://t.co/aUUAQow9A6
60,https://twitter.com/umairahyzd/status/1305885270139518977,2020-09-15 15:04:45+00:00,betul la tu hahahahah sos dia tak menepati tekak 😭 https://t.co/LQ8nc2HGWp,1305885270139518977,umairahyzd,['https://twitter.com/NaufalAntezem/status/1305571792082198533'],https://twitter.com/NaufalAntezem/status/1305571792082198533,['https://t.co/LQ8nc2HGWp'],https://t.co/LQ8nc2HGWp
61,https://twitter.com/ctajamohdtaha/status/1305689353440509955,2020-09-15 02:06:15+00:00,"@a55yiel4 Hahaha org pntg ada, selalu sgt nk guna cicah nugget, sos kfc je byk, tp sos kfc tu sos life je, x special 😂",1305689353440509955,ctajamohdtaha,[],,[],
62,https://twitter.com/ctajamohdtaha/status/1305688418337259521,2020-09-15 02:02:32+00:00,"@a55yiel4 Sos mcd sedap kan, xleh dpt kt mane2 kcuali mcd 😂",1305688418337259521,ctajamohdtaha,[],,[],
63,https://twitter.com/EnCABA_/status/1305454734996729856,2020-09-14 10:33:57+00:00,@silvanacpiazza Y vos TODAVIA sos peroncha! #ElPeorGobiernoDeLaHistoria 🐒✌🏼 https://t.co/Jl5VUyO0iK,1305454734996729856,EnCABA_,[],,[],
64,https://twitter.com/WhatsOnOLIO/status/1305147014469087233,2020-09-13 14:11:11+00:00,"""Cili sos in packets"" in #Singapore #Singapore https://t.co/yYshMQhAla #foodwaste #free",1305147014469087233,WhatsOnOLIO,['https://olioex.com/food-waste-in/-/-/2824072#'],https://olioex.com/food-waste-in/-/-/2824072#,['https://t.co/yYshMQhAla'],https://t.co/yYshMQhAla
65,https://twitter.com/shakinahassaad/status/1304579139190497281,2020-09-12 00:34:39+00:00,"@n_umira Yup betul. Kalau makan tanpa sos rasa dia mcm plain giler kecuali ade lah rasa rasa sikit perisa natural inti tu. Klu ritu kitorg buat sos yg mcm khairul aming buat sos thai cair cicah daging tu. So kesimpulannya, sos main peranan 😂",1304579139190497281,shakinahassaad,[],,[],
66,https://twitter.com/shakinahassaad/status/1304566186307280896,2020-09-11 23:43:11+00:00,"@n_umira *tanpa sos haha typo cm hram

Btw klu buat sendiri lg puas sbb kita pernah jual sekali, tp renyah nakkk gulung bende alah tuu. Kalau nak beli roll tu ade kat tesco bhg bihun",1304566186307280896,shakinahassaad,[],,[],
67,https://twitter.com/shakinahassaad/status/1304565858614861829,2020-09-11 23:41:53+00:00,"@n_umira Umira vietnamese roll yg sedap bergantung pd kuah dia. Tp rasa dia mcm makan popiah sihat sbab 70% dalam roll tu sayur lg 25% inti (udang, ketam, ayam) 5% seasoning sos tu. Kalau makan saja tanpa susah, plain lah rasa dia sebab inti tu rebus and sayur celur sekejap.",1304565858614861829,shakinahassaad,[],,[],
68,https://twitter.com/Jimbotiram/status/1303185703602249728,2020-09-08 04:17:38+00:00,Kejap lagi ada live. Tapi aku takda tempat pegang henfon ni.. Silap silap aku sandar kan kat botol sos juga. https://t.co/uQQiY3UIJ2,1303185703602249728,Jimbotiram,[],,[],
69,https://twitter.com/animefolyf/status/1302318709097156609,2020-09-05 18:52:30+00:00,"I've come to a point where I just put some kmpg koh sos on gardenia bread and just call it a midnight snack, would rate it 4/10 because the aftertaste of the taste like garlic",1302318709097156609,animefolyf,[],,[],
70,https://twitter.com/azrulazwarsam/status/1302271454461927424,2020-09-05 15:44:44+00:00,Chef dalam Lagi Lagi Senario bila mintak cili sos https://t.co/n1UTy2DhkA,1302271454461927424,azrulazwarsam,['https://twitter.com/DenzelJunior_/status/1300848357997506560'],https://twitter.com/DenzelJunior_/status/1300848357997506560,['https://t.co/n1UTy2DhkA'],https://t.co/n1UTy2DhkA
71,https://twitter.com/_inderarosle/status/1299172758694146050,2020-08-28 02:31:37+00:00,Sos lover ! https://t.co/NsJCEwRRtX,1299172758694146050,_inderarosle,['https://twitter.com/fedtriyahya/status/1298839157553246208'],https://twitter.com/fedtriyahya/status/1298839157553246208,['https://t.co/NsJCEwRRtX'],https://t.co/NsJCEwRRtX
72,https://twitter.com/anisofiabaharin/status/1298797883278278656,2020-08-27 01:42:00+00:00,indonesia’s shopeepay got sos topup?! https://t.co/qN232JrYPL,1298797883278278656,anisofiabaharin,['https://twitter.com/sowjuw/status/1298582747275911170'],https://twitter.com/sowjuw/status/1298582747275911170,['https://t.co/qN232JrYPL'],https://t.co/qN232JrYPL
73,https://twitter.com/himanshu2904/status/1297087904863272960,2020-08-22 08:27:09+00:00,SOS - This is really urgent @TajinderBagga @Tavysingh @drharshvardhan @DrHVoffice kindly help . He is my brother infected serving corona patients. https://t.co/KHdthMNEfV,1297087904863272960,himanshu2904,['https://twitter.com/himanshu2904/status/1297087330759536640'],https://twitter.com/himanshu2904/status/1297087330759536640,['https://t.co/KHdthMNEfV'],https://t.co/KHdthMNEfV
74,https://twitter.com/mknace/status/1297032467019444224,2020-08-22 04:46:52+00:00,"Lunch. Mihun soto sos cili sama begedil kembar. Sambung menternak lemak lagi. Mana taknya. Pasni sambung tido paksarela pulak. @ Gelang Patah, Johor, Malaysia https://t.co/eTAlKYJZ1c",1297032467019444224,mknace,['https://www.instagram.com/p/CELb8BsJ4EV/?igshid=d4rklk7vxihw'],https://www.instagram.com/p/CELb8BsJ4EV/?igshid=d4rklk7vxihw,['https://t.co/eTAlKYJZ1c'],https://t.co/eTAlKYJZ1c
75,https://twitter.com/ameradibothman/status/1296109137101651968,2020-08-19 15:37:53+00:00,Ada neraka khas utk pencinta sos garlic mcd.,1296109137101651968,ameradibothman,[],,[],
76,https://twitter.com/ameradibothman/status/1296109044738830336,2020-08-19 15:37:31+00:00,Mcd sg semua tak sedap wutoh. Sos garlic kepala bana.,1296109044738830336,ameradibothman,[],,[],
77,https://twitter.com/FinaAlsagoff/status/1295938429771902977,2020-08-19 04:19:33+00:00,Ayam guring &amp; sos cili is enuf for mehhhhh https://t.co/eaV7OUyaXY,1295938429771902977,FinaAlsagoff,['https://twitter.com/aliqasim/status/1295301173289922561'],https://twitter.com/aliqasim/status/1295301173289922561,['https://t.co/eaV7OUyaXY'],https://t.co/eaV7OUyaXY
78,https://twitter.com/Saridah90913193/status/1294294546260484098,2020-08-14 15:27:21+00:00,Haha siapa yg ajar goreng mee siam taruk  sos tiram...tak pernah di buat org..,1294294546260484098,Saridah90913193,[],,[],
79,https://twitter.com/omgitsparjo/status/1293688107053625344,2020-08-12 23:17:34+00:00,@sapiktoi Hahaha baik sikit pik. Aku makan sos sikit ja. Wei pik. Hang dok dekat balok kan ? Dekat dengan gebeng ?,1293688107053625344,omgitsparjo,[],,[],
80,https://twitter.com/PikhaDina/status/1293191734499844097,2020-08-11 14:25:10+00:00,Corndog + cili sos + cheese sos,1293191734499844097,PikhaDina,[],,[],
81,https://twitter.com/MayaSafitri_08/status/1290947139002986496,2020-08-05 09:45:57+00:00,"@wawangee Kan warna dah jadi, mak cik ckp letak sos tiram 😅baru rase dia ummph, Maya tak letak 😂",1290947139002986496,MayaSafitri_08,[],,[],
82,https://twitter.com/Aieda_adeiA/status/1285473166517649408,2020-07-21 07:14:20+00:00,@cucu_manisah @McDMalaysia @EzriAnuar @syahirahrahmat @AyuMisran mgkn pg td die xgosok gg tu yg confuse nk letak sos ke ubat gg kt situ.. 🤪,1285473166517649408,Aieda_adeiA,[],,[],
83,https://twitter.com/Aieda_adeiA/status/1285453101172846592,2020-07-21 05:54:36+00:00,pe kes ni @McDMalaysia ..rsenye hrga mcm makin mahal..tp sos skit..cheese xsmpai separuh..mmg patut boikot ke ape ni??..  😡😡😡 https://t.co/WEiHHRd54X,1285453101172846592,Aieda_adeiA,[],,[],
84,https://twitter.com/KartunisGandum/status/1284083374651346946,2020-07-17 11:11:48+00:00,@telomasen89 @RashidYusoff11 ya beras murah sini... sos kicap..pendek kata barang keperluan asas murah...,1284083374651346946,KartunisGandum,[],,[],
85,https://twitter.com/ctajamohdtaha/status/1283996826614419456,2020-07-17 05:27:53+00:00,"Nk mkn sotong msk kicap, tp g kdi lauk tghri xde jual, pnh order kt kdi siam dpt sotong msak sos tiram je, dapur rumah lak diharamkn berasap buat masani, so mntk tlg officemate masakkan. Macehhhhh sgt 😭 msa mkn tu rasa nk meleleh jgk la airmata, akhirnya dpt punnn l https://t.co/NINOw1PaHW",1283996826614419456,ctajamohdtaha,[],,[],
86,https://twitter.com/daushaha/status/1283066185911656448,2020-07-14 15:49:51+00:00,@TankaliNakhoda @AmeirLatiff @niladdani Cicah sos cili,1283066185911656448,daushaha,[],,[],
87,https://twitter.com/an1esa/status/1281811179006881793,2020-07-11 04:42:54+00:00,I just can’t understand the inclusion of Ivan Lim. Study their body language. One is nodding enthusiastically. The other is blinking many times it almost feels like SOS. And Tharman...has that almost fatherly pride. How come ah?? #ivanlim #GE2020SG https://t.co/itzvTqJum3,1281811179006881793,an1esa,[],,[],
88,https://twitter.com/FarisyaIrwayu/status/1280062982139998208,2020-07-06 08:56:12+00:00,keropok lekor panas w/ sos thai di petang hari 😋,1280062982139998208,FarisyaIrwayu,[],,[],
89,https://twitter.com/danibogo/status/1279598133807202304,2020-07-05 02:09:03+00:00,@PayalPisal @pawpatrol @TheBerenstains Thank you Payal! I need kids references SOS!,1279598133807202304,danibogo,[],,[],
90,https://twitter.com/fadhlina_zul/status/1278325964112461825,2020-07-01 13:53:54+00:00,"Alhamdulillah Jutaan TERIMAKASIH penyumbang budiman dari Melaka; Burger isi ayam segar dengan gabungan sos, cili &amp; cheese serta sayuran segar. Juga tokey burger BM untuk burger PADU tambahan.

Terimakasih Sr dan… https://t.co/d2mvDRmIr9",1278325964112461825,fadhlina_zul,['https://www.instagram.com/p/CCGhNMkg4b4/?igshid=p8q2r403hcxu'],https://www.instagram.com/p/CCGhNMkg4b4/?igshid=p8q2r403hcxu,['https://t.co/d2mvDRmIr9'],https://t.co/d2mvDRmIr9
91,https://twitter.com/nrsbrna94/status/1277479466189467648,2020-06-29 05:50:13+00:00,"@FreeRTutksemua LATOK PREMIUM BY YAYAN

RM16 per pax. Free chopstick dan sos homemade. Crunchy dan fresshhh!!

COD area JB. Yg jauh kita postage.
Whatsapp utk lock your order. 

https://t.co/jgeNI7b36A https://t.co/EUydIxYlmM",1277479466189467648,nrsbrna94,['http://www.wasap.my/+60182874549/haiinaklatok'],http://www.wasap.my/+60182874549/haiinaklatok,['https://t.co/jgeNI7b36A'],https://t.co/jgeNI7b36A
92,https://twitter.com/nrsbrna94/status/1277462059404292098,2020-06-29 04:41:03+00:00,"OPEN ORDER LATOK BY YAYAN

Latok premium yang fresh dan crunchy. Tambah pulak cicah dengan sos homemade yg paduuu. Rugi tak cuba weii 🤭

RM16 per pax. COD area JB. Jauh kita boleh postage. Meh ws untuk order. 

https://t.co/jgeNI7b36A https://t.co/AUW5RhsE8j",1277462059404292098,nrsbrna94,['http://www.wasap.my/+60182874549/haiinaklatok'],http://www.wasap.my/+60182874549/haiinaklatok,['https://t.co/jgeNI7b36A'],https://t.co/jgeNI7b36A
93,https://twitter.com/changkyunsayang/status/1276894344675356672,2020-06-27 15:05:09+00:00,@jungwheestle No need to expose but SOS,1276894344675356672,changkyunsayang,[],,[],
94,https://twitter.com/EnCABA_/status/1275598837868924928,2020-06-24 01:17:17+00:00,"@ClubViajeros1 @acidoyjodido Sos tan mala leche q jamas te compraria un pasaje mucho menos asesoramiento, sos horrible.",1275598837868924928,EnCABA_,[],,[],
95,https://twitter.com/nrsbrna94/status/1275239707618603008,2020-06-23 01:30:13+00:00,"@emanhaqiemz Hii. Saya jual latok premium by yayan. Insyaallah tak mengecewakan.

Ramai cust repeat order sebab sukaaa sgt dgn sos homemade kita yg padu nie! 😁 

Rm16 per pax. Cod area JB shj. Yg jauh kita postage yaa. Meh whatsapp kalau nak order.

https://t.co/25pC2eJIya https://t.co/B2fiBgiib4",1275239707618603008,nrsbrna94,['http://www.wasap.my/+60182874549/haiinaklatokk'],http://www.wasap.my/+60182874549/haiinaklatokk,['https://t.co/25pC2eJIya'],https://t.co/25pC2eJIya
96,https://twitter.com/murasaki070439/status/1274551223048302594,2020-06-21 03:54:26+00:00,"去年、dollsを聴いたとき泣ける曲だと思わなかった。
ねぇ、テゴちゃんはSOS出してたよね、、イッテQの中国ロケですごい負けない！って何度もツラくても笑顔って。お願いだから、テゴちゃんを悪者にしないで。
4人は同じだけ傷ついてるよ。
3人がかわいそうじゃないんだよ。
4人なんだよ。
#NEWS",1274551223048302594,murasaki070439,[],,[],
97,https://twitter.com/changkyunsayang/status/1274348148798808064,2020-06-20 14:27:29+00:00,my head hurts from the screaming and that was just the unit stage SOS,1274348148798808064,changkyunsayang,[],,[],
98,https://twitter.com/nrsbrna94/status/1274028828617093122,2020-06-19 17:18:37+00:00,"@DarthRe09903466 Hi! Nak makan nanti u kena basuh kejapp. Tos air tu. then rendam dgn air sejuk 3minit. Tos kn air. Then siap utk makan!

Paling penting jgn lupa cicah dgn sos homemade kita yg paduu ni 😆

if nk order boleh terus whatsapp ya. Esok stock sampaii. https://t.co/9gR6E0B4pd",1274028828617093122,nrsbrna94,[],,[],
99,https://twitter.com/ssnasihah/status/1273555452328939522,2020-06-18 09:57:36+00:00,"beli burger drive thru mcd, request extra sos and dia bg satu je...hmmm",1273555452328939522,ssnasihah,[],,[],
100,https://twitter.com/saadiaaaaah/status/1273230646563889152,2020-06-17 12:26:56+00:00,Hahahahaha sos tiram pun iye 😆 https://t.co/h9YF9c0bkL,1273230646563889152,saadiaaaaah,['https://twitter.com/ssyyazana/status/1273111197211033600'],https://twitter.com/ssyyazana/status/1273111197211033600,['https://t.co/h9YF9c0bkL'],https://t.co/h9YF9c0bkL
101,https://twitter.com/ejattebabom/status/1272518343824519168,2020-06-15 13:16:30+00:00,Sos rasa serai eh @McDMalaysia https://t.co/2BNdTsGzrD,1272518343824519168,ejattebabom,[],,[],
102,https://twitter.com/EncekSiputEnsem/status/1272473799955365889,2020-06-15 10:19:29+00:00,@Renascence2806 Ye. Officemate jual. Beli last friday..baru goreng...lembut..sos sedap...terbaik la...klu dekat blh pelawa hang..,1272473799955365889,EncekSiputEnsem,[],,[],
103,https://twitter.com/ejattebabom/status/1272167873876684803,2020-06-14 14:03:51+00:00,@CescYayan Baikkkk. Kena cuba. Ada sos rahsia.,1272167873876684803,ejattebabom,[],,[],
104,https://twitter.com/EnCABA_/status/1271641319719362561,2020-06-13 03:11:31+00:00,"@alejandroferron paper de q??? Jajaja si sos parasito! #ciberpatrullameESTA PEDAZO De IDIOTA MANTENIDO estatal! Por eso votan delincuentes, para sentirse poderosos, lo q NUNCA consiguieron por merito propio lo quieren conseguir buchoneando, pobre esclavo correveydile del mafioso de turno",1271641319719362561,EnCABA_,[],,[],
105,https://twitter.com/AsilahFasihah/status/1271405836825292800,2020-06-12 11:35:47+00:00,"Sos prego tkde, daging kisar tkde, daging burger takde......",1271405836825292800,AsilahFasihah,[],,[],
106,https://twitter.com/ChefShenTan/status/1271185170540961792,2020-06-11 20:58:56+00:00,"TGI Nasi Lemak!

It is Friday guys! Have you ordered your nasi lemak?

Did you miss our crispy goodness?
Crispy chicken, crispy pork - marinated in my speshul sos for 24 hours and then deep fried. Juicy, savoury and… https://t.co/AVeoY44tpF",1271185170540961792,ChefShenTan,['https://www.instagram.com/p/CBTx8nHnPnO/?igshid=ywov1179xddy'],https://www.instagram.com/p/CBTx8nHnPnO/?igshid=ywov1179xddy,['https://t.co/AVeoY44tpF'],https://t.co/AVeoY44tpF
107,https://twitter.com/shzzml/status/1271107571462463488,2020-06-11 15:50:35+00:00,@farhxnrosli Aku biasa makan dengan indomee letak sos tomato,1271107571462463488,shzzml,[],,[],
108,https://twitter.com/EnCABA_/status/1271078411830620160,2020-06-11 13:54:43+00:00,@Max_Headroom_II Chau no jodas! Sos un ignorante q defiende estupideces kirchneristas! #ElPeorGobiernoDeLaHistoria,1271078411830620160,EnCABA_,[],,[],
109,https://twitter.com/ainnasron/status/1270997471171244033,2020-06-11 08:33:05+00:00,"Sayur pak choy with sos tiram , ayam masak kari &amp; ikan masin goreng cili is done! #cookbyme🥰",1270997471171244033,ainnasron,[],,[],
110,https://twitter.com/STillmef4RYha/status/1270718362377543687,2020-06-10 14:04:01+00:00,Esk raya utk posa  6... klu kt rumah msti ade rendang😭😭😭...urmm kt sini sbb sorg je kepok lekor pun jdi dahh... alhamdulillah..sos tuh the last bottle dah😭😭😭...kene g ganu ke org ddk ganu ke pos lgi 🙃🙃🙃... https://t.co/LcnUkFkTNZ,1270718362377543687,STillmef4RYha,[],,[],
111,https://twitter.com/abuAjidd/status/1270035343249571840,2020-06-08 16:49:56+00:00,"@SbrnaRyern jauhhnyaa dah berapa tahun tak balik ganuu, sos dia minum mcm air pun sedap 😭",1270035343249571840,abuAjidd,[],,[],
112,https://twitter.com/EnCABA_/status/1269778399972560899,2020-06-07 23:48:56+00:00,"@CarlosHmdq57 @GTuerdousky Vos sos un criminal nazi y como todo peroncho sin bolas, 🤷🏻‍♀️",1269778399972560899,EnCABA_,[],,[],
113,https://twitter.com/PaanFarqhan/status/1269445772589756418,2020-06-07 01:47:12+00:00,@akuhayy @d0yek Alah hayy kw suruh budak turun dewan makan amek roti telor sos kan,1269445772589756418,PaanFarqhan,[],,[],
114,https://twitter.com/ammarfai2/status/1268840324417196032,2020-06-05 09:41:21+00:00,Sos korea adabi is the best. Pedas dia medium rare but puas hati😂,1268840324417196032,ammarfai2,[],,[],
115,https://twitter.com/Jhopiesun/status/1268782394082918400,2020-06-05 05:51:10+00:00,Help friend sos 7pm or 8pm don’t ask just vote plssxvc hehe,1268782394082918400,Jhopiesun,[],,[],
116,https://twitter.com/AlinnTan/status/1268699272880386049,2020-06-05 00:20:52+00:00,skrg ni mood suka makan telur mata goreng garing2 letak dekat roti taruk sos.  Ya rabbi rasa dia rasa sedap teruk ye.  Padahal roti dengan telur je 😂,1268699272880386049,AlinnTan,[],,[],
117,https://twitter.com/ameradibothman/status/1267949356524597248,2020-06-02 22:40:58+00:00,@farid_abdrshd Hahahaha ngarut dok yed sos dia. Kau pernah rasa tak? Orang sg ni lidah apa gila,1267949356524597248,ameradibothman,[],,[],
118,https://twitter.com/ameradibothman/status/1267933079156322304,2020-06-02 21:36:17+00:00,"Fastfood kat sg tak sedap sangat macam kat my. Lemah betul rasa dia. Tak cukup rangup tak cukup rasa. Mcd pakai Sos chili garlic? Wtf. Semalam order texas mexicana burger roti sejuk, ayam nampak mentah. Aku takde nasib ke mmg cara dia jual kat sini haprak...",1267933079156322304,ameradibothman,[],,[],
119,https://twitter.com/EnCABA_/status/1267612805055709184,2020-06-02 00:23:38+00:00,Si tenes q cerrar opiniones es pq sos un ser despreciado por TODOS 🤣 tu opinion importa NADA 🤷🏻‍♀️ https://t.co/ymbgf3QNrr,1267612805055709184,EnCABA_,['https://twitter.com/rialjorge/status/1267594513285091328'],https://twitter.com/rialjorge/status/1267594513285091328,['https://t.co/ymbgf3QNrr'],https://t.co/ymbgf3QNrr
120,https://twitter.com/ASYIKINSSSS/status/1266979887262208002,2020-05-31 06:28:39+00:00,Murung aku jap. Buat inti cream puff tak jadi. Jadi cair gitu. Orang bagi resepi tipu. ☹️. Dah jadi puff cecah sos. Cream takde.,1266979887262208002,ASYIKINSSSS,[],,[],
121,https://twitter.com/fadthun/status/1265771454458523653,2020-05-27 22:26:46+00:00,@mirakhaii Biasa lepastu makan sos je,1265771454458523653,fadthun,[],,[],
122,https://twitter.com/_haikalf/status/1265524992474861568,2020-05-27 06:07:25+00:00,think its kinda rude bila dah masak sedap2 dia boleh letak sos pulak,1265524992474861568,_haikalf,[],,[],
123,https://twitter.com/dauz0305/status/1265100785299255296,2020-05-26 02:01:46+00:00,"Bahan2 :- Roti,telur,cheese,daging kisar,bawang putih,bawang merah,serbuk lada putih,serbuk kari daging babas,serbuk cili,sos tiram sikit,sedikit air

Aku x tau apa nama dia aku just panggil roti berlauk jela asal bole telan.. https://t.co/5GAut4WaBR",1265100785299255296,dauz0305,[],,[],
124,https://twitter.com/nadz_ghazali/status/1264923816490196992,2020-05-25 14:18:33+00:00,@raqibrahman Tp not bad la pakai sardin dlm tin tu. Cuma jgn bubuh sos sardin sekali,1264923816490196992,nadz_ghazali,[],,[],
125,https://twitter.com/Copanlicious/status/1264813745005400064,2020-05-25 07:01:10+00:00,Sos tomato https://t.co/iwCKPema38,1264813745005400064,Copanlicious,['https://twitter.com/AkeemSharyzal/status/1264770315349098496'],https://twitter.com/AkeemSharyzal/status/1264770315349098496,['https://t.co/iwCKPema38'],https://t.co/iwCKPema38
126,https://twitter.com/ameradibothman/status/1262747879363407873,2020-05-19 14:12:09+00:00,Ahh buat slack takde sos cili,1262747879363407873,ameradibothman,[],,[],
127,https://twitter.com/edtvmalaysia/status/1262738084833230848,2020-05-19 13:33:14+00:00,#menubukapuasaedtv 26 #Ramadan | Hari ini ED masak yong tau fu berserta sos hitamnya sekali &amp; buka puasa dengan agar-agar laici semalam. Ada yang request nak makan yong tau fu. #edmasak #zlurpp #zlurpp2020… https://t.co/DUpPFM5pSq,1262738084833230848,edtvmalaysia,['https://www.instagram.com/p/CAXwp5ZHwKd/?igshid=owtq32htvynq'],https://www.instagram.com/p/CAXwp5ZHwKd/?igshid=owtq32htvynq,['https://t.co/DUpPFM5pSq'],https://t.co/DUpPFM5pSq
128,https://twitter.com/MayaSafitri_08/status/1259089136960417792,2020-05-09 11:53:37+00:00,16/30 Ramadhan: Daging Bakar Sos Thai (favourite) + Tomato + Bubur Jagung Ubi Keledek,1259089136960417792,MayaSafitri_08,[],,[],
129,https://twitter.com/EnCABA_/status/1258970464585568258,2020-05-09 04:02:03+00:00,"@FranRiver912 @Adrianymyrian No, pelotudo, el q paga sos vos, hasta en el pan, mamerto! 🤣",1258970464585568258,EnCABA_,[],,[],
130,https://twitter.com/najamboo/status/1258660092502609922,2020-05-08 07:28:45+00:00,@Abdhdmhd Nak resipi campuran sos tuuuu,1258660092502609922,najamboo,[],,[],
131,https://twitter.com/MuhammadYasinMY/status/1258095376776564736,2020-05-06 18:04:46+00:00,"Taucu Ikan, Kacang Buncis Goreng, Sotong bersama Sos Thai Kapkupkap, Agar agar #Alhamdulillah https://t.co/0smvK1erVH",1258095376776564736,MuhammadYasinMY,[],,[],
132,https://twitter.com/ftynshfyqh/status/1258076056457670656,2020-05-06 16:48:00+00:00,"Kita sekarang dah sepenuh masa suri rumah.. 

Sesiapa yang nak merasa VSR dapuzma meh la pm kita..

buat masa ni ada 2 menu ni je, akan datang akan tambah daging dan ayam..

dipping sauce ni buat sendiri tau, ramai yang suka sos ni 🥰

https://t.co/5aqEMc9mM3 https://t.co/lJpJ3kS1o1",1258076056457670656,ftynshfyqh,['http://wasap.my/60137146372/VSR'],http://wasap.my/60137146372/VSR,['https://t.co/5aqEMc9mM3'],https://t.co/5aqEMc9mM3
133,https://twitter.com/MayaSafitri_08/status/1256538449596649472,2020-05-02 10:58:06+00:00,9/30 Ramadhan: Daging Bakar Cicah Sos Ala Thai + Tumis Brokoli + Tepung Pelita,1256538449596649472,MayaSafitri_08,[],,[],
134,https://twitter.com/ctmeeya6160/status/1256523746522865664,2020-05-02 09:59:40+00:00,"Puding roti kurma ft sos custard 
#carikismisxjumpa @ Plentong, Johor, Malaysia https://t.co/CW5ZpJGrXw",1256523746522865664,ctmeeya6160,['https://www.instagram.com/p/B_rmtM1l_cQmH-3LGz_SnG7eGV8RhBrJa26vl80/?igshid=1ralntnqjibrr'],https://www.instagram.com/p/B_rmtM1l_cQmH-3LGz_SnG7eGV8RhBrJa26vl80/?igshid=1ralntnqjibrr,['https://t.co/CW5ZpJGrXw'],https://t.co/CW5ZpJGrXw
135,https://twitter.com/apeeejah/status/1256495912504811523,2020-05-02 08:09:04+00:00,Hmm hmm.. Nak beli sos pedas ayam korea laa.. but im too lazy too go out..,1256495912504811523,apeeejah,[],,[],
136,https://twitter.com/qamilharith/status/1255095697856032769,2020-04-28 11:25:07+00:00,layan eh sos korea adabi ni haha,1255095697856032769,qamilharith,[],,[],
137,https://twitter.com/fnismel/status/1255077831022800897,2020-04-28 10:14:07+00:00,"- mee hun sup
- ayam lemak cili api
- lala sos tiram
- ayam mcd
- kuih koci
- tahu bergedil
- cake red velvet
- kuih ijo tak tau nama! 

🥺",1255077831022800897,fnismel,[],,[],
138,https://twitter.com/MayaSafitri_08/status/1255048575056261120,2020-04-28 08:17:52+00:00,5/30 Ramadhan: Ayam Kicap 3 Budak Gemuk + Baby Sawi Sos Tiram + kuih lapis,1255048575056261120,MayaSafitri_08,[],,[],
139,https://twitter.com/ajiewijaya11/status/1255039978230276096,2020-04-28 07:43:42+00:00,Sos sad https://t.co/r44fEKnsOS,1255039978230276096,ajiewijaya11,[],,[],
140,https://twitter.com/___afroman/status/1255016901513641984,2020-04-28 06:12:01+00:00,@rasydone Sos merah tu bukan carbonara ke bang? Jgn tipu sy.,1255016901513641984,___afroman,[],,[],
141,https://twitter.com/___afroman/status/1255013857396846594,2020-04-28 05:59:55+00:00,"@rasydone Sy ingatkan olio yg sos merah merah tu bang, em salah lani. Hahahahha",1255013857396846594,___afroman,[],,[],
142,https://twitter.com/cikwankembang/status/1254691208972005376,2020-04-27 08:37:49+00:00,Cendawan celup tepung or cendawan goreng sos tiram?,1254691208972005376,cikwankembang,[],,[],
143,https://twitter.com/NurSabrinaMZ/status/1254253476709724160,2020-04-26 03:38:26+00:00,@intansyhraa Haah aku try klmarin xboleh tlan weh. Sos timun aku leh trima lg or kuah dal. Hahaha cmne la org kata slama ni dy mkn dgn sirap bawang😂,1254253476709724160,NurSabrinaMZ,[],,[],
144,https://twitter.com/rj_m93/status/1254225415582842881,2020-04-26 01:46:56+00:00,@khairulaming kambing bakar grill dengan sos barbeque,1254225415582842881,rj_m93,[],,[],
145,https://twitter.com/Keladiweeeweee/status/1254017884738646016,2020-04-25 12:02:16+00:00,Aku makan murtabak cicah dengan sos. Hmmm. 🤔🤔 https://t.co/UroNFxGHfA,1254017884738646016,Keladiweeeweee,['https://twitter.com/thevocket/status/1253965397113532424'],https://twitter.com/thevocket/status/1253965397113532424,['https://t.co/UroNFxGHfA'],https://t.co/UroNFxGHfA
146,https://twitter.com/natikahw/status/1253825044469317633,2020-04-24 23:16:00+00:00,Menda la aku ni. Teringin nk buat ayam korea. Bukak shopee semata beli sos korea adabi. 😅,1253825044469317633,natikahw,[],,[],
147,https://twitter.com/Caballopato/status/1253728313073270785,2020-04-24 16:51:37+00:00,"Hoy un amigo Chino me dijo:

""Vos sos como un hombre por fuera y una nena chica por dentro""

Gracias? https://t.co/LRvY6bUeDZ",1253728313073270785,Caballopato,[],,[],
148,https://twitter.com/MeesamS/status/1253662854131023873,2020-04-24 12:31:31+00:00,"@nadhrahrdzn Kan from 800 jd 500 plus mmg lakuuuu hahahaha. Hopefully not, i must not jeopardize my sos funds 😅",1253662854131023873,MeesamS,[],,[],
149,https://twitter.com/QayyumMD/status/1253640200053387266,2020-04-24 11:01:29+00:00,Are there printing/scanning facilities opened during this #circuitbreakersg period? SOS,1253640200053387266,QayyumMD,[],,[],
150,https://twitter.com/gmfkppikepri/status/1253292142358716416,2020-04-23 11:58:26+00:00,"Selamat kpd Kolonel inf Harnoto, S.Sos. sbg pejabat baru DANREM 033/WP dan terimakasih kpd Brigjen TNI Gabriel Lema, S.Sos. atas pembinaan yg telah dilakukan selama ini kepada kami, serta selamat atas jabatan sbg Kasdam XVI/Pattimura. @Korem033
https://t.co/l9XCiboihv",1253292142358716416,gmfkppikepri,['https://www.google.com/amp/s/hariansiber.com/danrem-033-wp-diserahterimakan-kolonel-inf-harnoto-s-sos-gantikan-brigjen-tni-gabriel-lema-s-sos/amp/'],https://www.google.com/amp/s/hariansiber.com/danrem-033-wp-diserahterimakan-kolonel-inf-harnoto-s-sos-gantikan-brigjen-tni-gabriel-lema-s-sos/amp/,['https://t.co/l9XCiboihv'],https://t.co/l9XCiboihv
151,https://twitter.com/najamboo/status/1252666016582103041,2020-04-21 18:30:26+00:00,@echaweyy Shopee tadi ada nampak kawan beli dari shopee. Kopok lelor dari terengganu siap sos,1252666016582103041,najamboo,[],,[],
152,https://twitter.com/EnCABA_/status/1252037695741718529,2020-04-20 00:53:43+00:00,@PeronistaAndrea Señal q sos un hdmpk! Nada mas!,1252037695741718529,EnCABA_,[],,[],
153,https://twitter.com/EncekSiputEnsem/status/1251449009459179521,2020-04-18 09:54:29+00:00,"@shafiqarefiq Ok noted.
Ada terfikir nk buat tp x tau sos nk guna yg mano..
Thanks sharing ye",1251449009459179521,EncekSiputEnsem,[],,[],
154,https://twitter.com/hafizizairi/status/1250774111124484099,2020-04-16 13:12:41+00:00,@kherolnuar @NafieRahman sos dia mok,1250774111124484099,hafizizairi,[],,[],
155,https://twitter.com/ATHIRAHYUSAK/status/1250753795421683712,2020-04-16 11:51:57+00:00,@wwnflww Betul tuuuu. Pastu makan pisang goreng dengan sos cili tau. Nasib lama2 rasa tu okey la. 😂😂,1250753795421683712,ATHIRAHYUSAK,[],,[],
156,https://twitter.com/ATHIRAHYUSAK/status/1250750844129042434,2020-04-16 11:40:13+00:00,"Masa aku study dulu, aku siap mintak sos cili tau. Makcik tu tengok aku pelik😅 https://t.co/1urMeo7Yj5",1250750844129042434,ATHIRAHYUSAK,['https://twitter.com/FoodViralMY/status/1250400699998855168'],https://twitter.com/FoodViralMY/status/1250400699998855168,['https://t.co/1urMeo7Yj5'],https://t.co/1urMeo7Yj5
157,https://twitter.com/sfxrynx/status/1250735469920260097,2020-04-16 10:39:08+00:00,"Latok fresh 🍇
2 sos hijau dan merah 🥫
Limau 🍋
Chopstick 🥢

HANYA RM13 jurrr! Cod jb area ❤️
Nak order? DM i okay.
.
Kalau rajin tolong RT, semoga korang dimurahkan rezeki. hehe thanks in advance korang 😘 https://t.co/0NoEIrjHGJ",1250735469920260097,sfxrynx,[],,[],
158,https://twitter.com/nrsbrna94/status/1250395038250463232,2020-04-15 12:06:22+00:00,@hanifjamals Latok fresh! Takde bau hanyir. Bulat2 gebu. Memang puas hati makan cicah dgn sos padu homemade by yayan 😋 https://t.co/xuqr2qv0Yf,1250395038250463232,nrsbrna94,[],,[],
159,https://twitter.com/nrsbrna94/status/1250394540193673216,2020-04-15 12:04:24+00:00,"@hanifjamals Haiii. Saya ada jual latok premium by yayan. Takde bau hanyir n sos homemade yg padu!! Next batch insyaallah 22hb nie sampai. Boleh lock order skrg.
RM16 per pax. COD area JB. Postage seluruh Malaysia.

Meh ws kita.

https://t.co/qVwG1aOMyp",1250394540193673216,nrsbrna94,['http://www.wasap.my/+60182874549/naklatokk'],http://www.wasap.my/+60182874549/naklatokk,['https://t.co/qVwG1aOMyp'],https://t.co/qVwG1aOMyp
160,https://twitter.com/faraainz_/status/1250388819485941760,2020-04-15 11:41:40+00:00,"@__heykal__ ada dengki mak dia , marshamello letak sos cili. Bongokk je 🤣",1250388819485941760,faraainz_,[],,[],
161,https://twitter.com/izzah_hishamz/status/1250260049286410240,2020-04-15 03:09:59+00:00,"@strange85519849 @arifeddy12 @PopPelangi Haaaa kok sama!!! Hahaha. Memang ada issue sikit dengan sos ni. . Tak tahu kenapa,texture kot",1250260049286410240,izzah_hishamz,[],,[],
162,https://twitter.com/najamboo/status/1250142444408016896,2020-04-14 19:22:39+00:00,Ni natural honey. Natural honey tu maksudnya macam mana? Maybe sesuai untuk masuk dalam masakan? Contohnya mix dengan sos pedas korea menyaluti ayam goreng? Peh sedapnyaaaaa https://t.co/WggTfKmRn3,1250142444408016896,najamboo,[],,[],
163,https://twitter.com/edoraebrahem/status/1249191870577729536,2020-04-12 04:25:25+00:00,"@alifasophy Aku campak2 je(semue blend?) sukatan agak2 perap jap ngn ayam. 
B. Putih
Ketumbar
Jintan kasar n halus
Ketumbar
Sos tiram
Kicap
Garam
Gula
Madu

Susun atas dulang letak sayur2 baru  rempah yg baki2 tu. Jangan terlalu cair nanti air ayam kluar so biar dalam oven suhu 160c 45min",1249191870577729536,edoraebrahem,[],,[],
164,https://twitter.com/EnCABA_/status/1248948449061425154,2020-04-11 12:18:09+00:00,"@lucky_loli jajaja en tu bio dos muertos y dos presos, sos re patetica! Mediocre fracasada alimentada a dogui oficial 🤣",1248948449061425154,EnCABA_,[],,[],
165,https://twitter.com/gtrhrow/status/1248578635084128256,2020-04-10 11:48:38+00:00,"species sos tiram macam ni, baik mampus kena makan anjing daripada dapat penyakit corona. dasar sial tak reti bersyukur https://t.co/vQn66kigwB",1248578635084128256,gtrhrow,['https://twitter.com/thekings_vii/status/1248471821273292800'],https://twitter.com/thekings_vii/status/1248471821273292800,['https://t.co/vQn66kigwB'],https://t.co/vQn66kigwB
166,https://twitter.com/EnCABA_/status/1247644567932784641,2020-04-07 21:56:59+00:00,"@HernanBergstein @horaciorlarreta @Kicillofok @alferdez Vos sos un trolls,en todo el sentido literal de la palabra.Estas al pedo, borracho de ego, ensuciando al gobierno, limando a @alferdez con idioteces q supuestamente ayudan pero q lo hacen ver NAZI. 
Alberso deberia cuidarse d sus amigos pq sus enemigos no son cobardes operadores",1247644567932784641,EnCABA_,[],,[],
167,https://twitter.com/pajelin87/status/1247513142717853696,2020-04-07 13:14:45+00:00,"@filzaainaa Sos tu. Beli kat mydin sos korea adabi tu + sos cili + sos tiram. Pastu kalau nak tambah carrot , hotdog pn ikut suka hati kau hahah. Yang rice cake kalau malas nak uli beli yg instant ada jual hahah",1247513142717853696,pajelin87,[],,[],
168,https://twitter.com/sinaesor/status/1247492890915299328,2020-04-07 11:54:17+00:00,Dinnerrrr 🥂 daging perap tu tak kuasa lah aku nk perap order je dgn org then grill sendiri kat umah 😂 1st buat black paper sos 😁 nasib lah jadi dapat lah hilang kan rasa teringin https://t.co/otEnwwNxI4,1247492890915299328,sinaesor,[],,[],
169,https://twitter.com/unjiha/status/1247456049583419393,2020-04-07 09:27:53+00:00,@hasrisham aku dah cakap kat sos ni cepat habis hahaha cari la lagi seyy,1247456049583419393,unjiha,[],,[],
170,https://twitter.com/pajelin87/status/1247454080546430976,2020-04-07 09:20:04+00:00,@pajieylazizan Yes aku maksudkan kuah lah hahahahha. Rice cake tu rasa gitu jelah hahahahha. Sedap je klau guna sos korea tu mmg macam kt kedai 😂,1247454080546430976,pajelin87,[],,[],
171,https://twitter.com/alan_rocka/status/1247428273572687873,2020-04-07 07:37:31+00:00,@zatieyredzuan try nanti jom @AriffVannes  sos dia je tak jumpa,1247428273572687873,alan_rocka,[],,[],
172,https://twitter.com/ctajamohdtaha/status/1247159887907307527,2020-04-06 13:51:03+00:00,"Function jugak daging buffalo yg salah beli ni, perap dgn bawang putih, lada hitam, kicap dgn sos tiram, bakar dgn air fyer, jd la daging bakar 😎 https://t.co/uzEjDAngL0",1247159887907307527,ctajamohdtaha,[],,[],
173,https://twitter.com/pajelin87/status/1247093264542347264,2020-04-06 09:26:18+00:00,@pajieylazizan Tepung pulut weh. Sos dia guna sos korea adabi + sos cili+sos tiram.,1247093264542347264,pajelin87,[],,[],
174,https://twitter.com/_nffaa/status/1246693811662647296,2020-04-05 06:59:01+00:00,"@_eijie__ @fikrierazeen @zaimnajwa Nk letak pinggan kaca , sos kicap boleh hold x?",1246693811662647296,_nffaa,[],,[],
175,https://twitter.com/anissyazwanie/status/1246634736207794176,2020-04-05 03:04:17+00:00,"@hfdziddin Sos cili, kicap lemak",1246634736207794176,anissyazwanie,[],,[],
176,https://twitter.com/akmlhkmbz_/status/1246602276736651264,2020-04-05 00:55:18+00:00,"Pisang dimakan dgn sos. Kau nak makan pelik² makan lah diam². Bila kau dah start post, kau dah ngundang ayat tak baik dari orang.",1246602276736651264,akmlhkmbz_,[],,[],
177,https://twitter.com/anissyazwanie/status/1246424746494799872,2020-04-04 13:09:51+00:00,Sedap ye megi kari tambah sos dgn kicap. Apa aku buat dengan megi2 aku sebelum niii 😭 https://t.co/3dN1PNyZJE,1246424746494799872,anissyazwanie,[],,[],
178,https://twitter.com/RmdhnJava/status/1246313982043930624,2020-04-04 05:49:43+00:00,@ansxadnn Kalau mcm tu la sos bbq nya. Sedap lagi Whopper Burger King.,1246313982043930624,RmdhnJava,[],,[],
179,https://twitter.com/RmdhnJava/status/1246197560164802560,2020-04-03 22:07:06+00:00,@ansxadnn Burger daging + sos BBQ nuget tu je https://t.co/IUVIqUTeh0,1246197560164802560,RmdhnJava,[],,[],
180,https://twitter.com/RmdhnJava/status/1246053848856137728,2020-04-03 12:36:02+00:00,"@ZalikaMM @McDMalaysia Mcm cheese burger biasa, patty lebih lebar tapi tak lebih tebal. Sos guna sos BBQ nuget tu.",1246053848856137728,RmdhnJava,[],,[],
181,https://twitter.com/dilalalalalalol/status/1246043999711850498,2020-04-03 11:56:54+00:00,@Izyan12017449 Sos korea hahaha pedas sos tu. Try la beli. Mahal sikit la haha dari korea kan 😝,1246043999711850498,dilalalalalalol,[],,[],
182,https://twitter.com/perfcuktion/status/1245700141027176450,2020-04-02 13:10:32+00:00,@Hilda_Helenaaa Burgerdil lah tak ada sos. Makan dgn soto je.,1245700141027176450,perfcuktion,[],,[],
183,https://twitter.com/perfcuktion/status/1245697688558907393,2020-04-02 13:00:47+00:00,@Hilda_Helenaaa Tp yg mcm ni baru ada rasa dari org yg letak sos kedekut,1245697688558907393,perfcuktion,[],,[],
184,https://twitter.com/QayyumMD/status/1245613518365184001,2020-04-02 07:26:19+00:00,Stay Home Notice; day nine. my brows are screaming SOS. 🆘🚨 https://t.co/5o5DCDv8Iy,1245613518365184001,QayyumMD,[],,[],
185,https://twitter.com/dendenkoh/status/1244849955153403905,2020-03-31 04:52:12+00:00,@sos_bruh2 @_bodybitch_ @chartdata @theweeknd @ArianaGrande in 9262,1244849955153403905,dendenkoh,[],,[],
186,https://twitter.com/qayyumzu/status/1244844953194262529,2020-03-31 04:32:19+00:00,"Dok tahu lah, tapi perah limau memang jadi sedap! Letak sos cili gaul2 makan!!! https://t.co/vRyEbKCfKv",1244844953194262529,qayyumzu,['https://twitter.com/ErenaTakeuchi/status/1244600412008660992'],https://twitter.com/ErenaTakeuchi/status/1244600412008660992,['https://t.co/vRyEbKCfKv'],https://t.co/vRyEbKCfKv
187,https://twitter.com/delleenna/status/1244676455881211905,2020-03-30 17:22:46+00:00,#help #sos #kawasanperindustriantebrau #tebrau #johorbahru #johor @ Kawasan Perindustrian Tebrau 2 https://t.co/noouMDqH6J,1244676455881211905,delleenna,['https://www.instagram.com/p/B-XbLbTp6ev/?igshid=1xkb3dffdovgh'],https://www.instagram.com/p/B-XbLbTp6ev/?igshid=1xkb3dffdovgh,['https://t.co/noouMDqH6J'],https://t.co/noouMDqH6J
188,https://twitter.com/marrkarim/status/1244622105703931911,2020-03-30 13:46:48+00:00,@ShaKhairil Hahaha. Rindu nak share megi dalam periuk nasi shaa. Rindu nak tengok kau tonggeng botol sos dekat megi kau,1244622105703931911,marrkarim,[],,[],
189,https://twitter.com/ianailano/status/1243904457835831296,2020-03-28 14:15:08+00:00,@ianrlyilt Is your paperwork done already? Homaigat. I need me sum TikTok refresher! #SOS,1243904457835831296,ianailano,[],,[],
190,https://twitter.com/teemakhul/status/1243051058995154944,2020-03-26 05:44:01+00:00,"@lieyaazliya part aku pulak, amat belanja bawak aku suruh kenal jenis sayur, jenis ikan. pastu keperluan lain tu aku pilih sebab aku yg tau aku nak pakai sos apa. skrg ni mudah je kalau dia pergi sendiri, semuanya betul.",1243051058995154944,teemakhul,[],,[],
191,https://twitter.com/alan_rocka/status/1242878415096524800,2020-03-25 18:18:00+00:00,boleh pulak pepagi ni terfikir sos prego nak buat spagetti ke roti sandwich esok 😭,1242878415096524800,alan_rocka,[],,[],
192,https://twitter.com/dhiyanazulkifli/status/1242376273512394753,2020-03-24 09:02:40+00:00,@qvensvjh Sos Yang mana tu ?,1242376273512394753,dhiyanazulkifli,[],,[],
193,https://twitter.com/alan_rocka/status/1241689150723506178,2020-03-22 11:32:17+00:00,@cuti_makan sos prego lupa beli @AriffVannes,1241689150723506178,alan_rocka,[],,[],
194,https://twitter.com/love3000x/status/1241363949624401921,2020-03-21 14:00:03+00:00,"Golek2 rase lapo maka trjadila murtabak megi+sos korea.. Padu bakhang
#day3
#quarantine
#dudukrumahdiamdiam @ Pasir Gudang, Johor, Malaysia https://t.co/mgmDyEl8R2",1241363949624401921,love3000x,['https://www.instagram.com/p/B9_40_QpK6u/?igshid=wp68ax6jqt3'],https://www.instagram.com/p/B9_40_QpK6u/?igshid=wp68ax6jqt3,['https://t.co/mgmDyEl8R2'],https://t.co/mgmDyEl8R2
195,https://twitter.com/yazbanz/status/1241270758355005441,2020-03-21 07:49:45+00:00,"@abearfromSEA Imagine if I write on SOS 2013.
Reach stadium, left tickets in car upon arrival at entrance.
Bummer.
Lazy to walk far, purchased new ones with no free cheap burgers.
Double bummer. 
And oh. The flares...
In MYfootball, it used to be popular. 
55555",1241270758355005441,yazbanz,[],,[],
196,https://twitter.com/edtvmalaysia/status/1241175589605736449,2020-03-21 01:31:35+00:00,#sembangedtv ED lebih suka guna sos spageti kimballmy berbanding dengan yang lain. Rasanya sedap dan secukup rasa. Jenama lain ada yang terlalu manis. #edmasak @ Johor Bahru https://t.co/6YtakdDjaP,1241175589605736449,edtvmalaysia,['https://www.instagram.com/p/B9-jLA1nhRh/?igshid=lfxih8ovlkyl'],https://www.instagram.com/p/B9-jLA1nhRh/?igshid=lfxih8ovlkyl,['https://t.co/6YtakdDjaP'],https://t.co/6YtakdDjaP
197,https://twitter.com/rnzlka/status/1241173388749459456,2020-03-21 01:22:50+00:00,@indah_burn Kannnn aku pun eh banyak dah buat delivery mcd rupanya sampai separuh balang sos dia 🤪🤭,1241173388749459456,rnzlka,[],,[],
198,https://twitter.com/rnzlka/status/1241171567100346369,2020-03-21 01:15:36+00:00,"Ada kebaikkan cuti ni,selama selalu beli Mcd,banyak sos dia dh expired rupanya 🤣🤣🤣🤣Aku pulak jenis beli letak je dalam bekas tu.Harini rajin nak kelebet bila exp diaaaaa.",1241171567100346369,rnzlka,[],,[],
199,https://twitter.com/SuhaimiS95/status/1240937554221780995,2020-03-20 09:45:43+00:00,"*BURGER ALA2 SPICY CHICKEN MCDELUXE MCD ISI TEBAL PEDASS JUICYYYY DENGAN SOS CILI THAI* 😋

*HARGA: RM 5*
*add cheese: RM1*

Whatsapp: https://t.co/UdY4YrFi2H https://t.co/vAilRR8uOE",1240937554221780995,SuhaimiS95,['http://Www.wasap.my/60178274599/burgerspicy'],http://Www.wasap.my/60178274599/burgerspicy,['https://t.co/UdY4YrFi2H'],https://t.co/UdY4YrFi2H
200,https://twitter.com/edtvmalaysia/status/1240802495170899968,2020-03-20 00:49:02+00:00,"Selamat pagi. Dulu kecik2, suka makan jemput2 bilis mak buat cicah sos cili Bumi Hijau. Pagi ni, ED nak kembalikan nostalgia dulu2. ED pulak buat jemput2 bilis cicah dengan sos cili Bumi Hijau. Sedapnya! #edmasak… https://t.co/xQxjkRJuAN",1240802495170899968,edtvmalaysia,['https://www.instagram.com/p/B975giEHvk7/?igshid=1113pmm0z9k5c'],https://www.instagram.com/p/B975giEHvk7/?igshid=1113pmm0z9k5c,['https://t.co/xQxjkRJuAN'],https://t.co/xQxjkRJuAN
201,https://twitter.com/marrkarim/status/1240610731499782144,2020-03-19 12:07:02+00:00,Harini aku gila craving telur masak sos cik amid. 😥,1240610731499782144,marrkarim,[],,[],
202,https://twitter.com/khimarhawari/status/1240460590256013312,2020-03-19 02:10:26+00:00,fk i woke up cause i was tryna snooze my alarm but i was actually spamming my lock button end up tercall sos and the sound was fking scary,1240460590256013312,khimarhawari,[],,[],
203,https://twitter.com/cthawajamari264/status/1239758008910925825,2020-03-17 03:38:37+00:00,Keropok lekor pun dia jual.. Baik yg belum goreng.. Smpai yg dah goreng siap ade sos cheesebomb..sbb dia pun jual cheesebomb... Jual product ANASCOSMETIC.. now jual MEERACLE.. sbb dia tgah pakai MEERACLE..,1239758008910925825,cthawajamari264,[],,[],
204,https://twitter.com/alsfarhan/status/1239571513923125248,2020-03-16 15:17:33+00:00,before announce tadi pun dah bersepah orang dekat supermarket. korang beli lah sardine and maggi dulu. esok aku nak pakai gloves pergi supermarket pastu beli spaghetti and sos prego. jangan nak sibuk ek,1239571513923125248,alsfarhan,[],,[],
205,https://twitter.com/alsfarhan/status/1239568111830855680,2020-03-16 15:04:02+00:00,"@ainnisanrdn sebab tu lah aku beli susu bodo. susu takde sangat orang nak beli. jangan lupa esok cari macaroni, spaggeti and sos prego",1239568111830855680,alsfarhan,[],,[],
206,https://twitter.com/Shah_Indra/status/1239475449715032064,2020-03-16 08:55:50+00:00,"@nora5hm Tumis bawang holland, chilli blend sampai pecah minyak then letak sos prego, cili sos, udang &amp; sotong, garam gula (sikit), serbuk perasa (optional) then letak spaghetti, last letak daun parsley &amp; cherry tomato. Gaulkan semua #campak2 tadaaa! Siap! 👌🏼",1239475449715032064,Shah_Indra,[],,[],
207,https://twitter.com/apissofmind/status/1239371493445758976,2020-03-16 02:02:45+00:00,SOS bring drugs into my house -,1239371493445758976,apissofmind,[],,[],
208,https://twitter.com/ftmore_/status/1238763097805840384,2020-03-14 09:45:12+00:00,"Abang comment liat tak cukup masak, pastu spoiled lg sbb sos salah belii hm",1238763097805840384,ftmore_,[],,[],
209,https://twitter.com/EnCABA_/status/1238675485703340032,2020-03-14 03:57:03+00:00,@MarceOzz @juariuok @ginesggarcia Q idiota q sos! Mientras el mundo cancela clases uds estan militando muertes!!!,1238675485703340032,EnCABA_,[],,[],
210,https://twitter.com/alejopaezsie7e/status/1238638763795873792,2020-03-14 01:31:08+00:00,"🦋GANA SEGUIDORES🦋

¿De donde sos?
🇻🇪Venezuela🇨🇴Colombia
🇦🇷Argentina🇨🇱Chile
🇲🇽México🇨🇷Costa Rica
🇪🇨Ecuador🇭🇳Honduras
🇳🇮Nicaragua🇵🇦Panamá
🇵🇪Perú🇵🇾Paraguay
🇨🇺Cuba🇩🇴R. Dom
🇺🇾Uruguay🇵🇷P. R.
🇪🇸España🇬🇹Guatemala
🇸🇻El Salvador🇺🇸E.E.U.U
🇧🇷brasil

🦋SIGUE A TODOS LOS MG🦋

🦋RETUITEA🦋",1238638763795873792,alejopaezsie7e,[],,[],
211,https://twitter.com/alejopaezsie7e/status/1238244962875183104,2020-03-12 23:26:19+00:00,"💞GANA SEGUIDORES💕

¿De donde sos?
🇻🇪Venezuela🇨🇴Colombia
🇦🇷Argentina🇨🇱Chile
🇲🇽México🇨🇷Costa Rica
🇪🇨Ecuador🇭🇳Honduras
🇳🇮Nicaragua🇵🇦Panamá
🇵🇪Perú🇵🇾Paraguay
🇨🇺Cuba🇩🇴R. Dom
🇺🇾Uruguay🇵🇷P. R.
🇪🇸España🇬🇹Guatemala
🇸🇻El Salvador🇺🇸E.E.U.U
🇧🇷brasil

💞SIGUE A TODOS LOS MG💕

💞RETUITEA💕 https://t.co/fjWpRnlhHo",1238244962875183104,alejopaezsie7e,[],,[],
212,https://twitter.com/4forkoo/status/1235493553440059392,2020-03-05 09:13:12+00:00,@whadduptaetae wei aku ingat ramai tak minat 🤩 sbb ramai suka makan dgn kari kan. tp sos bawang tu lagi pergh 🤩,1235493553440059392,4forkoo,[],,[],
213,https://twitter.com/4forkoo/status/1235493057190957056,2020-03-05 09:11:13+00:00,"@whadduptaetae ko imagine lah sha sos bawang dgn mertabak sekali gigit camner, dgn daging chewy so masam masam",1235493057190957056,4forkoo,[],,[],
214,https://twitter.com/4forkoo/status/1235491539792441344,2020-03-05 09:05:12+00:00,pastu mertabak dengan sos bawang ohmgeee 🥵,1235491539792441344,4forkoo,[],,[],
215,https://twitter.com/kojolss/status/1233275956816531457,2020-02-28 06:21:15+00:00,"Kedai makan skrg senang je fames. Buat portion besar lps tu cheese,mayo,sos nk kene trklua dri pinggan. Then bkn sedap mana pn. Sekian",1233275956816531457,kojolss,[],,[],
216,https://twitter.com/Ir_Khairulazwa/status/1232302682603282439,2020-02-25 13:53:49+00:00,Harini aku happy gila sbb berjaya design bangunan tahfiz yg mcm ketupat palas tu... Dah fikir2 nak makan sedap.. Pi order chicken chop.. Hurm... Sos dia tak rasa tak strong.. Ayam dan barter dia tasteless.. Coleslaw dia cuma hirisan lettuce dan mayo je..,1232302682603282439,Ir_Khairulazwa,[],,[],
217,https://twitter.com/HarirZharfan19/status/1232264676265754624,2020-02-25 11:22:47+00:00,"Serious ah? Sos plis. Kalau betul, mmg wow. https://t.co/OrLmNGBVkd",1232264676265754624,HarirZharfan19,['https://twitter.com/kamarul14/status/1232169599744921600'],https://twitter.com/kamarul14/status/1232169599744921600,['https://t.co/OrLmNGBVkd'],https://t.co/OrLmNGBVkd
218,https://twitter.com/selowbeud/status/1232091953589698562,2020-02-24 23:56:27+00:00,"@clumsyaphrodite Ya mau di dm, lu tlp, lu sms, mms, sos, gakan dibales hapenya kan ama lu hahaha",1232091953589698562,selowbeud,[],,[],
219,https://twitter.com/hiiimlissi/status/1231138211830718464,2020-02-22 08:46:37+00:00,It’s so fluffy @SoS_ForMarkJin ❤️ https://t.co/r3fbP5JZ43,1231138211830718464,hiiimlissi,[],,[],
220,https://twitter.com/meeraaaawr/status/1230149314522910721,2020-02-19 15:17:06+00:00,"""Fikir nak makan apa japgi""

*me sengih je 

""Mesti nak order nasi goreng cina telur mata. X de variasi. Cubalah order lain""

""Act, nak mi hailam tapi haritu makan rasa sos tiram🌚""

""Tu kedai lain, cer order kat kedai ni pulak""

Hmm lebih kurang je. Lain rasa dgn melaka punya😭 https://t.co/9lz9rTQta3",1230149314522910721,meeraaaawr,[],,[],
221,https://twitter.com/mrhis55/status/1229426121017479169,2020-02-17 15:23:23+00:00,"Dulu pernah travel ke penang, singgah beli goreng pisang ni tepi jalan.. Then makcik tu bagi sos. Mcm pelik la kami, then balik hotel beli kicap cili padi tumbuk buat sambal kicap.. Baru terangkat.. Fuhhh 😂 https://t.co/cGJ3cJfV5V",1229426121017479169,mrhis55,['https://twitter.com/twt_malaysia/status/1229335053659848704'],https://twitter.com/twt_malaysia/status/1229335053659848704,['https://t.co/cGJ3cJfV5V'],https://t.co/cGJ3cJfV5V
222,https://twitter.com/1five11/status/1229167732332978176,2020-02-16 22:16:38+00:00,SOS really. https://t.co/wCblrEZiWU,1229167732332978176,1five11,[],,[],
223,https://twitter.com/hafizithninlol/status/1229113381765824512,2020-02-16 18:40:40+00:00,@AnyssJack Aku bagi sos cili je,1229113381765824512,hafizithninlol,[],,[],
224,https://twitter.com/fiqahfiyy/status/1228900613318008832,2020-02-16 04:35:12+00:00,Teringat2 plak chicken wrap tepi jalan semalam . Lgi sedap dri kfc pnye . Yg ni tk kedekut sos langsung . 😋,1228900613318008832,fiqahfiyy,[],,[],
225,https://twitter.com/nysaa__/status/1228644674723708929,2020-02-15 11:38:12+00:00,Maggie kari + telur + limau  + sos cili 🤣 https://t.co/ppj44N6yt6,1228644674723708929,nysaa__,['https://twitter.com/haffsenpei/status/1228343623688671233'],https://twitter.com/haffsenpei/status/1228343623688671233,['https://t.co/ppj44N6yt6'],https://t.co/ppj44N6yt6
226,https://twitter.com/jaiyrhighness/status/1228354244266229765,2020-02-14 16:24:08+00:00,Tadi gi loklok sampai terlupa nak jadi customer 🥴 lupa sial ambik sos!!!,1228354244266229765,jaiyrhighness,[],,[],
227,https://twitter.com/mohnish_shelby/status/1227994676516409344,2020-02-13 16:35:20+00:00,Anybody know any good florists omg emergency SOS,1227994676516409344,mohnish_shelby,[],,[],
228,https://twitter.com/EnCABA_/status/1227227505615990786,2020-02-11 13:46:52+00:00,"@Gabrielpetenatt @elcancillercom @CFKArgentina Tuviste q googlear y copiar una foto! Si sera mamerto! Jajjajajajaja a falta de  asado tenes foto! ✌🏼🤣🤣🤣 #block pq aparte de esclavo sos acosador, buscate un chongo 🤷🏻‍♀️",1227227505615990786,EnCABA_,[],,[],
229,https://twitter.com/skwmal31/status/1226544982955134976,2020-02-09 16:34:46+00:00,Kalau tak suka tu tak payah lah letak sos tu masa nak makan nandos. Itu pun kau nak bising. Kau expect semua orang ada same taste dengan kau ke??? BODOH !!!,1226544982955134976,skwmal31,[],,[],
230,https://twitter.com/_acabellas/status/1226452041368821760,2020-02-09 10:25:27+00:00,@Nutcrxcker i tak pernah suka this vietnam roll so taktahu sedap ke tak haha tapi sos dia sedap.,1226452041368821760,_acabellas,[],,[],
231,https://twitter.com/Ridhwan_Razak/status/1226423493627002881,2020-02-09 08:32:01+00:00,"Damn, the disrespect, sos nandos sedap kot https://t.co/CcOS6XhHfc",1226423493627002881,Ridhwan_Razak,['https://twitter.com/myjoe_/status/1226399257311301632'],https://twitter.com/myjoe_/status/1226399257311301632,['https://t.co/CcOS6XhHfc'],https://t.co/CcOS6XhHfc
232,https://twitter.com/babyshima64/status/1226061284484927489,2020-02-08 08:32:43+00:00,Ayam sos korea...pedasss nakmatieee https://t.co/co4LG9gSLd,1226061284484927489,babyshima64,[],,[],
233,https://twitter.com/ahmadasshraf/status/1225732559130308608,2020-02-07 10:46:29+00:00,Kali nie sos die kedekut. X puas makan 😩😩😩 https://t.co/OrnNAiT3bS,1225732559130308608,ahmadasshraf,[],,[],
234,https://twitter.com/zakiloong/status/1225049519345164289,2020-02-05 13:32:20+00:00,@ate_kome Beli ni.  Layur atas api bagi dia panas hitam2.  Goreng ayam ke sosej. Buh sos. Siap. Amik yang garlic https://t.co/Zaku3HXuQ0,1225049519345164289,zakiloong,[],,[],
235,https://twitter.com/JAEMlNCEO/status/1224927854258876417,2020-02-05 05:28:53+00:00,aw man i miss him:”((((((((((((((( IM SOS ADDFFFFF MENTAL BREAKDOWN IN MATH CLASS https://t.co/DtCVm1J3qx,1224927854258876417,JAEMlNCEO,['https://twitter.com/OH_mes2/status/1223861341066153985'],https://twitter.com/OH_mes2/status/1223861341066153985,['https://t.co/DtCVm1J3qx'],https://t.co/DtCVm1J3qx
236,https://twitter.com/yumarahman/status/1223559288775270400,2020-02-01 10:50:41+00:00,Aku sorang jeke x suka taruk sos Chili dalam maggi goreng?,1223559288775270400,yumarahman,[],,[],
237,https://twitter.com/farhanarashid/status/1223221079163863040,2020-01-31 12:26:46+00:00,adik aku bawa balik sos samurai melaka tu. layan teruks wehh. bukan jadi sos ayam dah. cicah jemput jemput pun layan wehhh https://t.co/mktTEvNKdy,1223221079163863040,farhanarashid,['https://twitter.com/MalayFoodHunter/status/1223215346884042754'],https://twitter.com/MalayFoodHunter/status/1223215346884042754,['https://t.co/mktTEvNKdy'],https://t.co/mktTEvNKdy
238,https://twitter.com/Abigdoggo/status/1222454687162519552,2020-01-29 09:41:24+00:00,@4asy__ Well pernah mkn roti dgn sos cili tk,1222454687162519552,Abigdoggo,[],,[],
239,https://twitter.com/abglhfthlh/status/1222450144655757312,2020-01-29 09:23:21+00:00,"Beyoncé - Love on Top 
Taylor Swift - Last Kiss
Rihanna - SOS
Lady Gaga - You &amp; I
Nicki Minaj - Superbass
Ariana Grande - Honeymoon Avenue
Katy Perry - I Kissed a Girl https://t.co/EsibQAGHqs",1222450144655757312,abglhfthlh,['https://twitter.com/amahlsazwar/status/1222445929896144897'],https://twitter.com/amahlsazwar/status/1222445929896144897,['https://t.co/EsibQAGHqs'],https://t.co/EsibQAGHqs
240,https://twitter.com/nurulfarahida90/status/1222332945412820993,2020-01-29 01:37:38+00:00,"28.1.2020
Grill chicken + Mashed potato + Sos ala IKEA
10 PACK done!!!!! @ Kota Masai, Pasir Gudang. https://t.co/4nUGomIBnk",1222332945412820993,nurulfarahida90,['https://www.instagram.com/p/B74qhmepGQh/?igshid=li2kl69peitd'],https://www.instagram.com/p/B74qhmepGQh/?igshid=li2kl69peitd,['https://t.co/4nUGomIBnk'],https://t.co/4nUGomIBnk
241,https://twitter.com/HuaYong798/status/1221563042720182275,2020-01-26 22:38:19+00:00,"请朋友们关注这个武汉小伙子！

真相2.0 - 🆘SOS！武漢小伙冒死突破網路封鎖向外界求救 | Facebook https://t.co/JxpVjUPiPF… https://t.co/oSJKhxbiQP",1221563042720182275,HuaYong798,['http://facebook.com/10725827072574'],http://facebook.com/10725827072574,['https://t.co/JxpVjUPiPF'],https://t.co/JxpVjUPiPF
242,https://twitter.com/BosMeor/status/1220651682607951872,2020-01-24 10:16:54+00:00,At least goreng la dulu. Pastu letak sos cili. Lahanat https://t.co/PmAE9vDlha,1220651682607951872,BosMeor,['https://twitter.com/of_yarns/status/1220202173050408961'],https://twitter.com/of_yarns/status/1220202173050408961,['https://t.co/PmAE9vDlha'],https://t.co/PmAE9vDlha
243,https://twitter.com/iimikay/status/1220292504278335489,2020-01-23 10:29:39+00:00,@mrtnvpm SOS,1220292504278335489,iimikay,[],,[],
244,https://twitter.com/nurulfarahida90/status/1220203397669847040,2020-01-23 04:35:34+00:00,"Spicy chicken popcorn!!!!!
Dada ayam diperap 
Guna tepung bornchef
Sos cheese @ Pasir Gudang, Johor, Malaysia https://t.co/4uEfIdGzNc",1220203397669847040,nurulfarahida90,['https://www.instagram.com/p/B7piH4sJMV8/?igshid=ft2ft3mayy4r'],https://www.instagram.com/p/B7piH4sJMV8/?igshid=ft2ft3mayy4r,['https://t.co/4uEfIdGzNc'],https://t.co/4uEfIdGzNc
245,https://twitter.com/nurulfarahida90/status/1220199474951344130,2020-01-23 04:19:59+00:00,"Sweedish meatball 
23 Jan 2020
Apa yg korang dpt dlm set ni??? Jom tgk..
Mashed potato
Spring pasta
Meatball diperap semalam dgn sos perapan meletop(saya guna fusipim)
Sos gravy ala IKEA
Cheese slices
Oregano/chili… https://t.co/1MlqytvuZ5",1220199474951344130,nurulfarahida90,['https://www.instagram.com/p/B7pgVbtJG6A/?igshid=1e8ccgrhzbkef'],https://www.instagram.com/p/B7pgVbtJG6A/?igshid=1e8ccgrhzbkef,['https://t.co/1MlqytvuZ5'],https://t.co/1MlqytvuZ5
246,https://twitter.com/AqwaAsyraff/status/1219952576289857536,2020-01-22 11:58:54+00:00,"Nasi kosong, letak sos, telur sim kad, kacang sebiji setengah, ikan bilis sebelah. RM2.50 . Hahahahahaha https://t.co/6MiIwVIpfm",1219952576289857536,AqwaAsyraff,['https://twitter.com/si_rhys/status/1219788437437308928'],https://twitter.com/si_rhys/status/1219788437437308928,['https://t.co/6MiIwVIpfm'],https://t.co/6MiIwVIpfm
247,https://twitter.com/AlemYaacob/status/1219485932337844225,2020-01-21 05:04:37+00:00,@NNaniKadri @syazwani_edris Nak jgk siap sos,1219485932337844225,AlemYaacob,[],,[],
248,https://twitter.com/nananarniaah/status/1219316742054244354,2020-01-20 17:52:19+00:00,Tapi cilok makan dgn sos abc sedap gila njirrr 😭😭😭 https://t.co/5km33j4ZPH,1219316742054244354,nananarniaah,['https://twitter.com/WiraWir55057907/status/1218579071669391365'],https://twitter.com/WiraWir55057907/status/1218579071669391365,['https://t.co/5km33j4ZPH'],https://t.co/5km33j4ZPH
249,https://twitter.com/_yasothai/status/1219102562453864448,2020-01-20 03:41:15+00:00,SOS I WANT TO GET OUT OF HEREEHH,1219102562453864448,_yasothai,[],,[],
250,https://twitter.com/FariqAzwan1/status/1218954766832660480,2020-01-19 17:53:58+00:00,Art level: sos McD https://t.co/BGDPqRM03C,1218954766832660480,FariqAzwan1,['https://twitter.com/lyneids/status/1218887822045671425'],https://twitter.com/lyneids/status/1218887822045671425,['https://t.co/BGDPqRM03C'],https://t.co/BGDPqRM03C
251,https://twitter.com/babyshima64/status/1218511993537097728,2020-01-18 12:34:32+00:00,Padahal arini aku dh masak telur masak cili sos..Tp member dtg umh bgtau soh grgkan ayam dn btkn spagetti...Aku pon okla...Org nk makankan..So aku pon mskla... https://t.co/rsxZiep8pA,1218511993537097728,babyshima64,[],,[],
252,https://twitter.com/esther_akw/status/1218133335483936768,2020-01-17 11:29:53+00:00,2019 was record hot Year for Singapore.  2020 started with a few exceptionally hot days too.  A real urgency for action to contain continuous rise of temperature. SOS！ https://t.co/du4nWfpX6D,1218133335483936768,esther_akw,['https://twitter.com/JosephTeoSG/status/1217729217929998342'],https://twitter.com/JosephTeoSG/status/1217729217929998342,['https://t.co/du4nWfpX6D'],https://t.co/du4nWfpX6D
253,https://twitter.com/aeenzmohdghzli/status/1217676030686531585,2020-01-16 05:12:43+00:00,Aku beli bakso tp bukan ke bakso makan smbal mcm sambal belacan pstu ade sos cili kicap smua ? Ni bg aku sambl kicap. Hm hmpa.,1217676030686531585,aeenzmohdghzli,[],,[],
254,https://twitter.com/Marcus_Stampes/status/1217528735508746240,2020-01-15 19:27:25+00:00,I’m in love with an Instagram girl SOS,1217528735508746240,Marcus_Stampes,[],,[],
255,https://twitter.com/_CikOreo/status/1217331874227376128,2020-01-15 06:25:10+00:00,Sedap sangat2. Tapi 2r2 sos dia sapu calit atas sikit je. Tak full pun😂 https://t.co/VFtKprornU,1217331874227376128,_CikOreo,['https://twitter.com/ONEChampionship/status/1217008450892374016'],https://twitter.com/ONEChampionship/status/1217008450892374016,['https://t.co/VFtKprornU'],https://t.co/VFtKprornU
256,https://twitter.com/nurulfarahida90/status/1217278248922550272,2020-01-15 02:52:05+00:00,"Prosperity Burger ala MCD
- Daging oblong ramly + sos perapan meletop + sos ala IKEA + sos cheezy🥰🥰🥰🥰🥰🥰🥰.....
Done for today....
Tq semua @ Pasir Gudang, Johor, Malaysia https://t.co/8sDBOXlCoS",1217278248922550272,nurulfarahida90,['https://www.instagram.com/p/B7Uv6q4potO/?igshid=1e3q2em508366'],https://www.instagram.com/p/B7Uv6q4potO/?igshid=1e3q2em508366,['https://t.co/8sDBOXlCoS'],https://t.co/8sDBOXlCoS
257,https://twitter.com/stooky_design/status/1216972196461129729,2020-01-14 06:35:56+00:00,"Balik nanti makan ya cyg noreennurhidayahreman ...cian dia...abe dia tinggal 5 hari yaa...haha...

Siakap goreng bawang putih
Cendawan tiram masak sos tiram
Telur goreng sarang

#househusband @ Pontian, Johor, Malaysia https://t.co/ddlwMTGznt",1216972196461129729,stooky_design,['https://www.instagram.com/p/B7SkvVSBKlD/?igshid=zdqgydehed9'],https://www.instagram.com/p/B7SkvVSBKlD/?igshid=zdqgydehed9,['https://t.co/ddlwMTGznt'],https://t.co/ddlwMTGznt
258,https://twitter.com/nurulfarahida90/status/1216934501579800576,2020-01-14 04:06:09+00:00,"Spicy Chicken Korea + Sos Cheezy
Done for today..
Tq 😍😍 semua... @ Pasir Gudang, Johor, Malaysia https://t.co/GrkrgMsOk6",1216934501579800576,nurulfarahida90,['https://www.instagram.com/p/B7STmOjpgCw/?igshid=rgjmvj6xk2ka'],https://www.instagram.com/p/B7STmOjpgCw/?igshid=rgjmvj6xk2ka,['https://t.co/GrkrgMsOk6'],https://t.co/GrkrgMsOk6
259,https://twitter.com/nurulfarahida90/status/1216726945167220736,2020-01-13 14:21:24+00:00,"Malam2 br smpt nk up date!!!
Selesai utk hari ini!!!
Nanti kita open lg klu free n datang rajin lh kn..😂😂....
Hooollllddd leg + Sos perapan berapi + Sos ala IKEA + Mashed potato....
soooo sedapppp🤣🤣🤣.... @ Pasir… https://t.co/cpW76pcJAR",1216726945167220736,nurulfarahida90,['https://www.instagram.com/p/B7Q1NhQphAi/?igshid=16e834n17dywu'],https://www.instagram.com/p/B7Q1NhQphAi/?igshid=16e834n17dywu,['https://t.co/cpW76pcJAR'],https://t.co/cpW76pcJAR
260,https://twitter.com/WillametteMBA/status/1215395696758538240,2020-01-09 22:11:29+00:00,"Some MBA, MBA-P, and JD/MBA students are in Singapore and Vietnam for their Study Abroad trip! The companies they are visiting are...
•CS Singapore 
•TBWA
•International SOS
•Visa
•Nike Manufacturing
•CBRE Singapore
•Esquel Garment Manufacturing
•TRG International https://t.co/caKf2nwgGi",1215395696758538240,WillametteMBA,[],,[],
261,https://twitter.com/Manozinha/status/1215332979242885120,2020-01-09 18:02:16+00:00,vieira grelhada com arco íris de gergelim e purê de abóbora #sos https://t.co/dmtaw84mRq,1215332979242885120,Manozinha,[],,[],
262,https://twitter.com/_acabellas/status/1215267087695790080,2020-01-09 13:40:26+00:00,@twt_alia sedap the sos serious,1215267087695790080,_acabellas,[],,[],
263,https://twitter.com/dultimatesting/status/1214222017152638977,2020-01-06 16:27:42+00:00,"LETS CREATEMEMORIES TO LAST A LIFETIME @socaontheseas Book your cabins now use promo code DFRANCISPROMO when booking/inquiring and recieve a special discount. 
・・・
SOS Cruisers! Time to Soca onboard RoyalCaribbean ~… https://t.co/OuYhzZEo9r",1214222017152638977,dultimatesting,['https://www.instagram.com/p/B6_CEJpFiIu/?igshid=1oyu1zhd4cmd1'],https://www.instagram.com/p/B6_CEJpFiIu/?igshid=1oyu1zhd4cmd1,['https://t.co/OuYhzZEo9r'],https://t.co/OuYhzZEo9r
264,https://twitter.com/dultimatesting/status/1213834550616440832,2020-01-05 14:48:03+00:00,"MAKE 2020 THE YEAR TO TRAVEL!!
.
 Create memories to last a lifetime! Book your cabins now!!
@socaontheseas use promo code DFRANCISPROMO when booking/inquiring 
.
・・・
SOS Cruisers! Linkup your crew in 2020! J’ouvert… https://t.co/dso72D83XY",1213834550616440832,dultimatesting,['https://www.instagram.com/p/B68R3FVF8Ia/?igshid=wfsakao92n7x'],https://www.instagram.com/p/B68R3FVF8Ia/?igshid=wfsakao92n7x,['https://t.co/dso72D83XY'],https://t.co/dso72D83XY
265,https://twitter.com/syikinrshd/status/1213416426322776065,2020-01-04 11:06:34+00:00,@Borhanchehama die punye sos bbq buat aku tak terasa ayam langsung hahaha perit di tekak😂,1213416426322776065,syikinrshd,[],,[],
266,https://twitter.com/adilahsalim95/status/1213011403046449152,2020-01-03 08:17:09+00:00,"ayam dia ermm nampak gelap, sebab lebihkan sos tiram je masa perap tu",1213011403046449152,adilahsalim95,[],,[],
267,https://twitter.com/indax_/status/1212678585934204928,2020-01-02 10:14:40+00:00,@pacarhayabusa Sas sis sus ses sos,1212678585934204928,indax_,[],,[],
