,url,date,content,id,username,outlinks,outlinksss,tcooutlinks,tcooutlinksss
0,https://twitter.com/jimmytst/status/1287995549380050944,2020-07-28 06:17:23+00:00,"Day 11 of PTSD Awareness

275/625 push-up done 

I've been nominated to do 25 push-ups for 25 days to raise awareness for PTSD (Post Traumatic Stress Disorder), anxiety and depression that drive people to commit… https://t.co/bEboZHsc4w",1287995549380050944,jimmytst,['https://www.instagram.com/p/CDLOQ2SnYSk/?igshid=xc8599tn58ri'],https://www.instagram.com/p/CDLOQ2SnYSk/?igshid=xc8599tn58ri,['https://t.co/bEboZHsc4w'],https://t.co/bEboZHsc4w
1,https://twitter.com/jimmytst/status/1285751531183247360,2020-07-22 01:40:27+00:00,"Day 5 of PTSD Awareness

125/625 push-up done 

I've been nominated to do 25 push-ups for 25 days to raise awareness for PTSD (Post Traumatic Stress Disorder), anxiety and depression that drive people to commit… https://t.co/PCUoMPosCY",1285751531183247360,jimmytst,['https://www.instagram.com/p/CC7R3-sHrPh/?igshid=1vsiketb5lz09'],https://www.instagram.com/p/CC7R3-sHrPh/?igshid=1vsiketb5lz09,['https://t.co/PCUoMPosCY'],https://t.co/PCUoMPosCY
2,https://twitter.com/jimmytst/status/1285376120221847552,2020-07-21 00:48:42+00:00,"Day 4 of PTSD Awareness

100/625 push-up done 

I've been nominated to do 25 push-ups for 25 days to raise awareness for PTSD (Post Traumatic Stress Disorder), anxiety and depression that drive people to commit… https://t.co/FNoNR60qAh",1285376120221847552,jimmytst,['https://www.instagram.com/p/CC4m8QxHepG/?igshid=10eb2fn46vwwz'],https://www.instagram.com/p/CC4m8QxHepG/?igshid=10eb2fn46vwwz,['https://t.co/FNoNR60qAh'],https://t.co/FNoNR60qAh
3,https://twitter.com/jimmytst/status/1285132830939525120,2020-07-20 08:41:58+00:00,"Day 3 of PTSD Awareness

75/625 push-up done 

I've been nominated to do 25 push-ups for 25 days to raise awareness for PTSD (Post Traumatic Stress Disorder), anxiety and depression that drive people to commit… https://t.co/UHlQTZCW5y",1285132830939525120,jimmytst,['https://www.instagram.com/p/CC24eDRHtd6/?igshid=9l66fexgvuw3'],https://www.instagram.com/p/CC24eDRHtd6/?igshid=9l66fexgvuw3,['https://t.co/UHlQTZCW5y'],https://t.co/UHlQTZCW5y
4,https://twitter.com/jimmytst/status/1284742731315765249,2020-07-19 06:51:51+00:00,"Day 2 of PTSD Awareness

50/625 push-up done 

I've been nominated to do 25 push-ups for 25 days to raise awareness for PTSD (Post Traumatic Stress Disorder), anxiety and depression that drive people to commit… https://t.co/rFYB469cGF",1284742731315765249,jimmytst,['https://www.instagram.com/p/CC0HEw2H-lA/?igshid=hrbzqfy5anps'],https://www.instagram.com/p/CC0HEw2H-lA/?igshid=hrbzqfy5anps,['https://t.co/rFYB469cGF'],https://t.co/rFYB469cGF
5,https://twitter.com/jimmytst/status/1284433517976465410,2020-07-18 10:23:08+00:00,"Day 1 of PTSD Awareness

25/625 push-up done 

I've been nominated to do 25 push-ups for 25 days to raise awareness for PTSD (Post Traumatic Stress Disorder), anxiety and depression that drive people to commit… https://t.co/ySa1VkrYmh",1284433517976465410,jimmytst,['https://www.instagram.com/p/CCx6gvenLPT/?igshid=1c6oqatyfcrn8'],https://www.instagram.com/p/CCx6gvenLPT/?igshid=1c6oqatyfcrn8,['https://t.co/ySa1VkrYmh'],https://t.co/ySa1VkrYmh
6,https://twitter.com/remind_sg/status/1268074725659381760,2020-06-03 06:59:08+00:00,"💥Post-Traumatic Stress Disorder 💥

Inspired by Amy's story? Tag a friend below to help them learn more about PTSD! 💌

#ReMind #WellnessWednesdays #PTSD #PostTraumaticStressDisorder #MentalHealthIssues #MentalHealth #MentalHealthAwareness https://t.co/dP8bhgI2TG",1268074725659381760,remind_sg,[],,[],
