,url,date,content,id,username,outlinks,outlinksss,tcooutlinks,tcooutlinksss
0,https://twitter.com/eeqanoemi/status/1285568441944911872,2020-07-21 13:32:55+00:00,"🎁AMAZONIA GIVEAWAY🎁

I have 5 tickets to giveaway to 5 lucky winners! (1 tickets is 1 Child + 1 Adult)

officialamazoniasingapore is officially re-open and they are tighter with their health and safety measures now.… https://t.co/Qn9Jvkyq0H",1285568441944911872,eeqanoemi,['https://www.instagram.com/p/CC5-s4vsRgb/?igshid=123x5lyrqpd8w'],https://www.instagram.com/p/CC5-s4vsRgb/?igshid=123x5lyrqpd8w,['https://t.co/Qn9Jvkyq0H'],https://t.co/Qn9Jvkyq0H
1,https://twitter.com/JoseZzeluis/status/1255907373354381312,2020-04-30 17:10:26+00:00,More shame over @govsingapore and PM @leehsienloong . This should be their priority more than 40 days ago. But they opted to send everyone under increased  tighter measures for nothing on all of citizens who for sure knew much better how to protect themselves. Repression the mood https://t.co/NccE61PXVg,1255907373354381312,JoseZzeluis,['https://twitter.com/ChannelNewsAsia/status/1255885546594775040'],https://twitter.com/ChannelNewsAsia/status/1255885546594775040,['https://t.co/NccE61PXVg'],https://t.co/NccE61PXVg
2,https://twitter.com/himanshu2904/status/1249311067336925188,2020-04-12 12:19:04+00:00,"@archigoel @Swamy39 @sagarbm22 Used to be, that’s being Controlled by tighter checks and balances and stricter evaluation of performance. People are being fired as well, it’s changing but will take time to overhaul a system entirely too big rusted far too Long. Let’s give it time but measures must continue",1249311067336925188,himanshu2904,[],,[],
