,url,date,content,id,username,outlinks,outlinksss,tcooutlinks,tcooutlinksss
0,https://twitter.com/Nanithefxuck/status/1339989093527158784,2020-12-18 17:41:10+00:00,The loneliness and emptiness is something that I’m very accustomed to but why does it feel so hard to deal with whenever I’m all alone.,1339989093527158784,Nanithefxuck,[],,[],
1,https://twitter.com/PoeticEsther/status/1336671322408058883,2020-12-09 13:57:32+00:00,@MagooMonkyd Your words light up my night and warm my loneliness.Thank you my dear friend for your beautiful heart and lyrics🥰🌹,1336671322408058883,PoeticEsther,[],,[],
2,https://twitter.com/PoeticEsther/status/1336475481613352962,2020-12-09 00:59:19+00:00,@wendy6305 Thank you my dear professor! There is an aesthetic experience where there are few people and we enjoy each other's loneliness…That's another kind of joy！Ｉknow you know！🌹🥰💕,1336475481613352962,PoeticEsther,[],,[],
3,https://twitter.com/lkhsxc/status/1332240061870473216,2020-11-27 08:29:17+00:00,"A year ago you shattered my heart, I've never been more thankful that you did that, cause I finally have someone who loves me for who I am, and accepts that I'm looney. 

I still don't wish you well. May you suffer a life of loneliness. 

🤷🏽‍♀️",1332240061870473216,lkhsxc,[],,[],
4,https://twitter.com/PoeticEsther/status/1331794768301412352,2020-11-26 02:59:50+00:00,"How much rhetoric
hits the sensitive heart
to create ａlove story
How many words
are irresponsibly written into
our lives
laughter and tears
have different names

When loneliness coming
makes you afraid to touch the words
and erode your every character
all letters flee https://t.co/OTEnCULMEt",1331794768301412352,PoeticEsther,[],,[],
5,https://twitter.com/kennedesng/status/1329823345903247360,2020-11-20 16:26:07+00:00,Modern loneliness we love to get high but we don’t know how come down,1329823345903247360,kennedesng,[],,[],
6,https://twitter.com/PoeticEsther/status/1328904015283818496,2020-11-18 03:33:01+00:00,"A boat 
out of my heart
longly sailing 
in the night
no destination
Whose anxiety 
makes this sail

My bird singing 
on a deserted island
no one
even the wind
refuse to echo
Whose loneliness 
is flying

You stand 
in the shadow
darkness cut your light https://t.co/L8edkyG6Ta",1328904015283818496,PoeticEsther,[],,[],
7,https://twitter.com/PoeticEsther/status/1328220007885533186,2020-11-16 06:15:01+00:00,"@AradyAisaa @n6260 No matter where you go
you have me
no matter what you want
I am here 
waiting for you
loneliness is not yours
because you are so beautiful",1328220007885533186,PoeticEsther,[],,[],
8,https://twitter.com/PoeticEsther/status/1326547197358350338,2020-11-11 15:27:52+00:00,"@n6260 Is it tonight
you end my loneliness
our souls 
mingle
The sparks of love 
make the night
 sweet and intoxicated
you hold me tenderly
my feelings like water
flow into your heart
and there
is my whole world",1326547197358350338,PoeticEsther,[],,[],
9,https://twitter.com/MrJonn/status/1318220356138663937,2020-10-19 15:59:58+00:00,"This anime has touched on depression, loneliness, and even existential crisis. 🤯 https://t.co/irfzmYm3D3",1318220356138663937,MrJonn,[],,[],
10,https://twitter.com/JennHadii/status/1315961849775448064,2020-10-13 10:25:29+00:00,Aku dok umah je weh lonely the loneliness https://t.co/weaaggt6Vn,1315961849775448064,JennHadii,['https://twitter.com/donkcap/status/1315341756154560512'],https://twitter.com/donkcap/status/1315341756154560512,['https://t.co/weaaggt6Vn'],https://t.co/weaaggt6Vn
11,https://twitter.com/snurainnn/status/1315380993818152961,2020-10-11 19:57:22+00:00,the loneliness,1315380993818152961,snurainnn,[],,[],
12,https://twitter.com/speakerspushair/status/1284505436918439939,2020-07-18 15:08:55+00:00,"Ok ok turning a corner from decadent eating, that old friend of mine that saw me through loneliness, crazy work hours and most recently Circuit Breaker boredom.",1284505436918439939,speakerspushair,[],,[],
13,https://twitter.com/zailu/status/1282346915816804353,2020-07-12 16:11:44+00:00,The past couple of days has been tough.. Overwhelmed with sadness and loneliness that I felt like puking.. I just want to numb it all away,1282346915816804353,zailu,[],,[],
14,https://twitter.com/j3t_rex/status/1282340894159409153,2020-07-12 15:47:48+00:00,Had dinner alone today and was surprisingly feeling very fulfilled and content. Where did the loneliness feeling that plagued me last year go to?,1282340894159409153,j3t_rex,[],,[],
15,https://twitter.com/mihavoc07/status/1280797420520013824,2020-07-08 09:34:35+00:00,"Even ur at the top but loneliness still above that 50th floor.........haizzzzzzz
#thisislife
#lonely
#wtf https://t.co/8wROLyP80O",1280797420520013824,mihavoc07,[],,[],
16,https://twitter.com/rhuttera_ram/status/1279233667286491136,2020-07-04 02:00:47+00:00,"Loneliness is better than toxic.
Remember that, okay ?!",1279233667286491136,rhuttera_ram,[],,[],
17,https://twitter.com/officiallykumar/status/1278709162294181890,2020-07-02 15:16:36+00:00,"that constant feeling of loneliness,",1278709162294181890,officiallykumar,[],,[],
18,https://twitter.com/fdhljs/status/1276451131762171905,2020-06-26 09:43:59+00:00,"Seeping through the cracks of my thoughts 
Filling up with loneliness 
Drowning deep in my empty well 
Enslaved by misery, to think it comes with love and company 
I hold off better alone, for the war of my bitter soul",1276451131762171905,fdhljs,[],,[],
19,https://twitter.com/uibglobal/status/1273621276821684226,2020-06-18 14:19:09+00:00,"""Personal #AI” #chatbots serve as #digitalcompanions to help socially isolated people fight #loneliness by giving them what they need most, #conversation. “I know it’s an AI. I know it’s not a person"" - https://t.co/DmI62euXf6 /@cademetz. 💬🗣 #ConversationalAI #VirtualAssistants https://t.co/8QMvu3v5zQ",1273621276821684226,uibglobal,['https://www.nytimes.com/2020/06/16/technology/chatbots-quarantine-coronavirus.html'],https://www.nytimes.com/2020/06/16/technology/chatbots-quarantine-coronavirus.html,['https://t.co/DmI62euXf6'],https://t.co/DmI62euXf6
20,https://twitter.com/ageingasia/status/1271812524342513670,2020-06-13 14:31:49+00:00,"According to a 2017 AARP study, the costs to Medicare of social isolation and loneliness was estimated at US$6.7 billion annually #lonliness #socialisolation https://t.co/7KI9inbk8C",1271812524342513670,ageingasia,['https://twitter.com/rogerdoger991/status/1254558616192876545'],https://twitter.com/rogerdoger991/status/1254558616192876545,['https://t.co/7KI9inbk8C'],https://t.co/7KI9inbk8C
21,https://twitter.com/ageingasia/status/1271708422954561537,2020-06-13 07:38:09+00:00,COVID-19 has also shown the positive wellbeing effects of retirement villages in supporting elders and preventing loneliness and social isolation #retirementcommunities #seniorliving #fightlonliness https://t.co/IV7L3DfccM,1271708422954561537,ageingasia,['https://twitter.com/ARCOtweets/status/1268158616793755649'],https://twitter.com/ARCOtweets/status/1268158616793755649,['https://t.co/IV7L3DfccM'],https://t.co/IV7L3DfccM
22,https://twitter.com/sm0leo/status/1270550940332863489,2020-06-10 02:58:44+00:00,this is some next level of loneliness.,1270550940332863489,sm0leo,[],,[],
23,https://twitter.com/9d9m/status/1270288737394585600,2020-06-09 09:36:50+00:00,"Don't you just hate it when anxiety, and loneliness hits you at the same time? 🤮✈",1270288737394585600,9d9m,[],,[],
24,https://twitter.com/WeisongJi/status/1268232072948264962,2020-06-03 17:24:23+00:00,Loneliness. @ Singapore https://t.co/70vz1RXUME,1268232072948264962,WeisongJi,['https://www.instagram.com/p/CA-zCcGlh_0/?igshid=1ezff2gqbn6nr'],https://www.instagram.com/p/CA-zCcGlh_0/?igshid=1ezff2gqbn6nr,['https://t.co/70vz1RXUME'],https://t.co/70vz1RXUME
25,https://twitter.com/ashraf7almoner/status/1268147441884368896,2020-06-03 11:48:05+00:00,"My loneliness is killing me.... 
HAHAHAHAHAHAHAHAHAHA I KENNUT TAHAN 🤣😂 ACHAP SPEARS by @jibjab . Macam VAAAS gitewww 🤣
#jibjab #sexysiol #achapspears #hitmebabyonemoretime #dontHITspankCan #kinky #iLIKE… https://t.co/rnv6rfgW5z",1268147441884368896,ashraf7almoner,['https://www.instagram.com/p/CA-MMSuDre8/?igshid=143vdluiar1yz'],https://www.instagram.com/p/CA-MMSuDre8/?igshid=143vdluiar1yz,['https://t.co/rnv6rfgW5z'],https://t.co/rnv6rfgW5z
26,https://twitter.com/sm0leo/status/1265062978178564096,2020-05-25 23:31:32+00:00,"Sometimes I can’t stand the torture of emptiness because of my loneliness, but I would rather do it this way",1265062978178564096,sm0leo,[],,[],
27,https://twitter.com/music_dope/status/1264439595699023872,2020-05-24 06:14:26+00:00,Looping Song of the Weekend: Modern Loneliness - Lauv https://t.co/04autOl50K,1264439595699023872,music_dope,['https://youtu.be/WvgcwnqfAxI'],https://youtu.be/WvgcwnqfAxI,['https://t.co/04autOl50K'],https://t.co/04autOl50K
28,https://twitter.com/GenZGroup1/status/1256941891548876800,2020-05-03 13:41:14+00:00,"@FaheemYounus @UpperChesapeake Many #COVIDー19 patients develop emotions of regret, resentment, loneliness, depression, and anxiety. Psychological interventions are very needed during treatment. https://t.co/nkp7edTwT2 https://t.co/1HW8F2Asj2",1256941891548876800,GenZGroup1,['https://www.genzgroup.org/post/english_ep1_oneworldonefight'],https://www.genzgroup.org/post/english_ep1_oneworldonefight,['https://t.co/nkp7edTwT2'],https://t.co/nkp7edTwT2
29,https://twitter.com/eussellemiks/status/1256189803940454400,2020-05-01 11:52:42+00:00,"Analysis Paralysis (Photo 1 of 15)

Whenever she would think of taking the first step, thoughts of loneliness and anxiety would creep in. The questions of what if.

Maybe at one point in our lives, we were paralyzed… https://t.co/Uzi5HdCKxz",1256189803940454400,eussellemiks,['https://www.instagram.com/p/B_pO2L9n5s2/?igshid=ln5q5tyusrb2'],https://www.instagram.com/p/B_pO2L9n5s2/?igshid=ln5q5tyusrb2,['https://t.co/Uzi5HdCKxz'],https://t.co/Uzi5HdCKxz
30,https://twitter.com/MissFortuneCat/status/1254641150490578945,2020-04-27 05:18:55+00:00,Drinking is so much less fun when you're only doing it to numb the pains of loneliness and uncertainty.,1254641150490578945,MissFortuneCat,[],,[],
31,https://twitter.com/mohdsuh97216340/status/1253715810335338502,2020-04-24 16:01:56+00:00,I love loneliness because there's something about just being alone...but past few days...loneliness seems to be haunting me...for some reason...not sure why...maybe cause I'm overdoing something (past few days I've been working for madrasah quite a bit &amp; haven't been able to 🏃),1253715810335338502,mohdsuh97216340,[],,[],
32,https://twitter.com/JameelaJayden/status/1253242397774893057,2020-04-23 08:40:46+00:00,May HE send HIS love and peace to those who are quietly crying out of some company in time of difficulty and loneliness,1253242397774893057,JameelaJayden,[],,[],
33,https://twitter.com/hidyeyat/status/1249302956257636360,2020-04-12 11:46:50+00:00,@universalmusg Modern Loneliness- Lauv,1249302956257636360,hidyeyat,[],,[],
34,https://twitter.com/pauriahcarey/status/1248940070976909314,2020-04-11 11:44:51+00:00,"Okay but I’m actually sick of all the moralising going on, both on social media and on official messaging, around how elders should just stay at home and it’s not that difficult. Hardly do these account for elderly loneliness and all the other challenges that come along.",1248940070976909314,pauriahcarey,[],,[],
35,https://twitter.com/loprov/status/1246880124714102785,2020-04-05 19:19:22+00:00,How do you cope with loneliness?,1246880124714102785,loprov,[],,[],
36,https://twitter.com/Nehavarshney80/status/1244567344115879936,2020-03-30 10:09:12+00:00,"7️⃣ Have established end of work day 🚫 times so I FOCUS ON QUALITY TIME WITH  #family 
Remember to continue to #reinventyourself

Have you uncovered any #WorkFromHome tips to share ? 

Don't let isolation lead to loneliness. 

#Letsgetthroughthistogether https://t.co/I7xmxWod75",1244567344115879936,Nehavarshney80,[],,[],
37,https://twitter.com/nurliyana_k/status/1244024606484320257,2020-03-28 22:12:33+00:00,Loneliness is both physically and mentally damaging. I said physically too hm damn,1244024606484320257,nurliyana_k,[],,[],
38,https://twitter.com/hafizahcheese/status/1243041174438293504,2020-03-26 05:04:45+00:00,IM A LONELY IM A LONELY IM A LONELINESS,1243041174438293504,hafizahcheese,[],,[],
39,https://twitter.com/anindadewayanti/status/1239766617401085952,2020-03-17 04:12:49+00:00,"@wisnu_prasetya @guardian Then shall we all use it as a time to “focus on swiping-right” or “getting to know new people” instead?

Modern loneliness requires modern solutions, after all.",1239766617401085952,anindadewayanti,[],,[],
40,https://twitter.com/PatchouliW/status/1235728722101075968,2020-03-06 00:47:40+00:00,@infinity10 The screen does help to alleviate the loneliness.,1235728722101075968,PatchouliW,[],,[],
41,https://twitter.com/nasseramparna/status/1235095308490510336,2020-03-04 06:50:43+00:00,"What's your reason in getting into relationship? Loneliness? Status? Money? Peer pressure? Don't make those mistakes. 
Find somebody who makes an addition to your already whole life.",1235095308490510336,nasseramparna,[],,[],
42,https://twitter.com/HIGHON_LOVE/status/1232525262765428736,2020-02-26 04:38:16+00:00,i prefer loneliness over fake company.,1232525262765428736,HIGHON_LOVE,[],,[],
43,https://twitter.com/AhhJing/status/1231908026937831427,2020-02-24 11:45:36+00:00,"Modern loneliness, we love to get high, but we dont know how to come down.",1231908026937831427,AhhJing,[],,[],
44,https://twitter.com/AhhJing/status/1231907786650308613,2020-02-24 11:44:38+00:00,"MODERN LONELINESS, WE'RE NEVER ALONE BUT ALWAYS DEPRESSED.",1231907786650308613,AhhJing,[],,[],
45,https://twitter.com/AhhJing/status/1231907699509481472,2020-02-24 11:44:17+00:00,"Lauv ""modern loneliness""
Fucking good, fucking related to everyone of us here. All his lyrics fucking hit me in the heart so bad.",1231907699509481472,AhhJing,[],,[],
46,https://twitter.com/bisvitkejuenaq/status/1231566726493421574,2020-02-23 13:09:23+00:00,"Modern loneliness
We're never alone, but always depressed :)",1231566726493421574,bisvitkejuenaq,[],,[],
47,https://twitter.com/emsterdamn/status/1230860389736419329,2020-02-21 14:22:39+00:00,Loneliness kills,1230860389736419329,emsterdamn,[],,[],
48,https://twitter.com/nblfdzk_/status/1229770684491976705,2020-02-18 14:12:33+00:00,"Shout out to broken souls,

ALLAH KNOWS YOUR PAIN, every piece of broken dream, every disappointment, every sadness &amp; loneliness. He knows. He sees. And He cares. He loves you beyond measure. So be real with Allah about your struggles and He will comfort you. 

Trust Allah's plan",1229770684491976705,nblfdzk_,[],,[],
49,https://twitter.com/MissFortuneCat/status/1228886530497757184,2020-02-16 03:39:15+00:00,"Hope you like it when we text for 2 to 3 months, possibly have really great sex, and then I leave because I found someone else/only dated you out of loneliness/couldn't deal w all your emotions/got bored.",1228886530497757184,MissFortuneCat,[],,[],
50,https://twitter.com/dquickwhitefox/status/1225749458605887488,2020-02-07 11:53:38+00:00,"Orange alert in Singapore and my employer tells me no need for me to go to office, really. But I am already working remotely and like to be around people at the co-working office at times. 😕 The loneliness is killing me.",1225749458605887488,dquickwhitefox,[],,[],
51,https://twitter.com/thesiobak/status/1221479072129150976,2020-01-26 17:04:39+00:00,@dasrlysad Loneliness,1221479072129150976,thesiobak,[],,[],
52,https://twitter.com/yijunian/status/1219798097334657024,2020-01-22 01:45:03+00:00,"my 2nd uncle passed on from lymphoma cancer last night. he had such an up and down journey in life arguably characterised by loneliness. 

i always think i’ve time to find out about family/relatives but often, i only get a fuller picture at the end. 

i need to find out earlier. https://t.co/seHgTLjEq2",1219798097334657024,yijunian,[],,[],
53,https://twitter.com/pickleforyou/status/1217631995242528768,2020-01-16 02:17:44+00:00,"Loneliness is quietly crying in bed at 2 in the morning, inches away from someone else, and still feeling like I had lost everything I ever cared about",1217631995242528768,pickleforyou,[],,[],
54,https://twitter.com/AmeyKaer/status/1217447102948638723,2020-01-15 14:03:03+00:00,@AnneMarie How to cope with loneliness when loneliness is the only option?,1217447102948638723,AmeyKaer,[],,[],
55,https://twitter.com/AmeyKaer/status/1217283717044948993,2020-01-15 03:13:48+00:00,Only God knows the pain and loneliness I felt here.,1217283717044948993,AmeyKaer,[],,[],
