,url,date,content,id,username,outlinks,outlinksss,tcooutlinks,tcooutlinksss
0,https://twitter.com/remind_sg/status/1316302317637914625,2020-10-14 08:58:22+00:00,"It may not be easy but remember; there is no shame in seeking and asking for help when you need it! 

Tag a friend to remind them! 💌☀️

#ReMind #mentalhealth #mentalhealthawareness #covid19 #workfromhome #safemanagement #mentalhealthtips #mentalillness https://t.co/IGrTGf14Rb",1316302317637914625,remind_sg,[],,[],
1,https://twitter.com/remind_sg/status/1305471725178482689,2020-09-14 11:41:28+00:00,"💚𝙑𝙤𝙡𝙪𝙣𝙩𝙚𝙚𝙧 𝙬𝙞𝙩𝙝 𝙍𝙚:𝙈𝙞𝙣𝙙 💚

Applications for volunteers are open once again!

Check out this link to find out how: https://t.co/97OlREEQpN

#ReMind #singapore #volunteer #recruitment #joinus #mentalhealth #mentalhealthawareness #mentalillness #selfcare https://t.co/kGp41XHMjd",1305471725178482689,remind_sg,['https://www.instagram.com/p/CFHZNz-HKhm/?igshid=1tp551f1vhcu4'],https://www.instagram.com/p/CFHZNz-HKhm/?igshid=1tp551f1vhcu4,['https://t.co/97OlREEQpN'],https://t.co/97OlREEQpN
2,https://twitter.com/remind_sg/status/1297800697853825024,2020-08-24 07:39:32+00:00,"There are actually 100 trillion ways which you can practice self-care. Swipe and read about the importance, benefits and examples of self-care!

Have a good day ahead Re:Mind fam! ☀️

#ReMind #mentalhealth #mentalhealthawareness #anxiety #selfcare #selflove #health #mentalillness https://t.co/X0lomJCrlI",1297800697853825024,remind_sg,[],,[],
3,https://twitter.com/remind_sg/status/1297800435382681600,2020-08-24 07:38:30+00:00,"💆🏿‍♂️🌸𝙎𝙚𝙡𝙛-𝙘𝙖𝙧𝙚 🌸🙆🏼

The term self-care is used so commonly in the social media landscape today. Do you know what self-care is? ❤️

#ReMind #mentalhealth #mentalhealthawareness #anxiety #depression #selfcare #selflove #health #mentalillness #selfcare https://t.co/kuD985DXfD",1297800435382681600,remind_sg,[],,[],
4,https://twitter.com/remind_sg/status/1292318534232494082,2020-08-09 04:35:23+00:00,"We want to hear from you too! What are you grateful for the most this National Day? 💌

#ReMind #Singapore #NationalDay2020 #NDP2020 #celebrate #mentalhealth #mentalhealthawareness #selfcare #selflove #health #mentalillness https://t.co/uhGswEIWaT",1292318534232494082,remind_sg,[],,[],
5,https://twitter.com/remind_sg/status/1286564869316071431,2020-07-24 07:32:22+00:00,"From mindfulness to breathing exercises, these proven techniques will help you take control of anxious feelings, so you can get more out of life 😁💚

Retweet to share this wonderful book! 📚

#anxiety #mentalhealth #mentalhealthawareness #mentalillness #selflove #selfcare #tips",1286564869316071431,remind_sg,[],,[],
6,https://twitter.com/remind_sg/status/1283284905397346305,2020-07-15 06:18:58+00:00,"Good luck and have fun! 🤟🏿👾

#ReMind #ReMindQuiz #quiz #games #singapore #mentalhealth #mentalhealthawareness #mentalillness #mentalwellness #selflove #selfcare",1283284905397346305,remind_sg,[],,[],
7,https://twitter.com/remind_sg/status/1283284476550713345,2020-07-15 06:17:16+00:00,"And that’s not all! Participate in all of our 3 games on 12, 19 &amp; 26 July 2020 and stand a chance to be selected for our 𝙇𝙐𝘾𝙆𝙔 𝘿𝙍𝘼𝙒 💥🎰

#ReMind #ReMindQuiz #quiz #games #singapore #mentalhealth #mentalhealthawareness #mentalillness #mentalwellness #selflove #selfcare",1283284476550713345,remind_sg,[],,[],
8,https://twitter.com/remind_sg/status/1283284338927443970,2020-07-15 06:16:43+00:00,"Easy 3-step instructions:
1. Screenshot the quiz page in our IG story highlight
2. Circle your answers
3. Tag us @remind_sg &amp; 3 other friends!

#ReMind #ReMindQuiz #quiz #games #singapore #mentalhealth #mentalhealthawareness #mentalillness #mentalwellness #selflove #selfcare",1283284338927443970,remind_sg,[],,[],
9,https://twitter.com/remind_sg/status/1280748578944675840,2020-07-08 06:20:31+00:00,"And here are the last 3 quick and essential facts about mental health! 💚

Know more facts about mental health? Tweet us and let us know!

#ReMind #WellnessWednsdays #facts #mentalhealth #mentalhealthawareness #mentalillness #selfcare #selflove #anxiety #Singapore https://t.co/kfu41C9Riw",1280748578944675840,remind_sg,[],,[],
10,https://twitter.com/remind_sg/status/1280063960050356225,2020-07-06 09:00:05+00:00,"We can’t wait to welcome you into our wholesome team! 💚

Tag your friends who may be interested in joining as well! 💌
___
#ReMind #volunteer #marketing #marketers #recruitment #singapore #mentalhealth #mentalhealthmatters #mentalillness #selfcare #selflove #joinus",1280063960050356225,remind_sg,[],,[],
11,https://twitter.com/remind_sg/status/1280063413100531712,2020-07-06 08:57:54+00:00,"Here are our criteria:
•Be able to design and have an interest in marketing ✏️
•Be a final year university student or working in SG 🏫

#ReMind #volunteer #marketing #marketers #recruitment #singapore #mentalhealth #mentalhealthmatters #mentalillness #selfcare #selflove #joinus",1280063413100531712,remind_sg,[],,[],
12,https://twitter.com/remind_sg/status/1276396717559054336,2020-06-26 06:07:46+00:00,"We can’t wait to welcome you into our wholesome team!

Tag your friends who may be interested in joining as well! 💌

#ReMind #volunteer #recruitment #joinus #singapore #mentalhealth #mentalhealthawareness #mentalillness #selfcare #selflove",1276396717559054336,remind_sg,[],,[],
13,https://twitter.com/remind_sg/status/1273865171329400833,2020-06-19 06:28:18+00:00,"✅ Mental Health Checklist ✅

TGIF! Here's a friendly reminder to reaffirm yourself today 💪🏻

You are doing great! Tag a friend below to remind them too 💌

#ReMind #mentalhealth #mentalhealthawareness #anxiety #depression #selfcare #selflove #health #mentalillness #checklist https://t.co/IlpegByYla",1273865171329400833,remind_sg,[],,[],
14,https://twitter.com/remind_sg/status/1270582747975712769,2020-06-10 05:05:08+00:00,"👥 Dissociative Identity Disorder 👥 

Do you know other facts about DID❓Let us know by starting a thread here! 💬

#ReMind #singapore #mentalhealth #mentalhealthawareness #did #dissociativeidentitydisorder #multiplepersonalitydisorder #recovery #mentalillness #bpdawareness",1270582747975712769,remind_sg,[],,[],
15,https://twitter.com/remind_sg/status/1262979455934361602,2020-05-20 05:32:21+00:00,"🧐Borderline Personality Disorder☁️

Swipe for MORE FAQs about the topic ✨➡️

#WellnessWednesdays #remind #singapore #mentalhealth #mentalhealthawareness #bpd #borderlinepersonalitydisorder #recovery #anxiety #mentalillness #bpdawareness https://t.co/Oa9yxlVgSE",1262979455934361602,remind_sg,[],,[],
16,https://twitter.com/remind_sg/status/1252868669685686274,2020-04-22 07:55:42+00:00,"The Aviator (2004) | Director: Martin Scorsese | Studio: Miramax 

#remind #singapore #mentalhealth #mentalhealthawareness #anxiety #disorder #mentalillness #wellness #emotion #treatment #selfhelp #movies #films #accurate #comment #mentalhealthinfilms https://t.co/ptHrEvKjBp",1252868669685686274,remind_sg,[],,[],
17,https://twitter.com/remind_sg/status/1252867583516176385,2020-04-22 07:51:23+00:00,"Still Alice (2015) | Director: Richard Glatzer, Wash Westmoreland | Studio: Sony Pictures Classics

#remind #singapore #mentalhealth #mentalhealthawareness #anxiety #disorder #mentalillness #wellness #emotion #treatment #movies #films #accurate #comment #mentalhealthinfilms https://t.co/aDGqgNofQa",1252867583516176385,remind_sg,[],,[],
18,https://twitter.com/afnoor93/status/1250282621365411849,2020-04-15 04:39:40+00:00,@jadeseejw #mentalillness,1250282621365411849,afnoor93,[],,[],
