,url,date,content,id,username,outlinks,outlinksss,tcooutlinks,tcooutlinksss
0,https://twitter.com/MissFortuneCat/status/1342019368356438021,2020-12-24 08:08:45+00:00,Most countries are dealing with their 4th wave of covid outbreaks. So is America and UK technically still on their 1st wave since they didnt really fix it anyway,1342019368356438021,MissFortuneCat,[],,[],
1,https://twitter.com/yvngtortilla/status/1338867381309820932,2020-12-15 15:23:53+00:00,Hmm what if the vaccine turns out to be cause of a Zombie Outbreak,1338867381309820932,yvngtortilla,[],,[],
2,https://twitter.com/askchow/status/1337499194320293888,2020-12-11 20:47:12+00:00,COVID-19 measures for travellers from #HongKong tightened given 'deteriorating outbreak': MOH https://t.co/9o6LsRv3bR,1337499194320293888,askchow,['https://www.channelnewsasia.com/news/singapore/covid-19-hong-kong-travellers-stay-home-notice-pcr-test-13753286#.X9Pax-RbV88.twitter'],https://www.channelnewsasia.com/news/singapore/covid-19-hong-kong-travellers-stay-home-notice-pcr-test-13753286#.X9Pax-RbV88.twitter,['https://t.co/9o6LsRv3bR'],https://t.co/9o6LsRv3bR
3,https://twitter.com/MisterTechBlog/status/1332140023047618560,2020-11-27 01:51:46+00:00,"First physical trade show in #Singapore since Covid-19 outbreak

https://t.co/OJ3aSU88CU",1332140023047618560,MisterTechBlog,['https://www.straitstimes.com/business/industry-players-welcome-return-of-physical-trade-show-in-singapore-with-new-safety'],https://www.straitstimes.com/business/industry-players-welcome-return-of-physical-trade-show-in-singapore-with-new-safety,['https://t.co/OJ3aSU88CU'],https://t.co/OJ3aSU88CU
4,https://twitter.com/JacquiAlexis/status/1327667332890562560,2020-11-14 17:38:53+00:00,"The COVID-19 outbreak has impacted heavily on the global economy. Find out the impacts it has on the global outlook
 https://t.co/K664wwV7JC",1327667332890562560,JacquiAlexis,['https://bhp.co/7V'],https://bhp.co/7V,['https://t.co/K664wwV7JC'],https://t.co/K664wwV7JC
5,https://twitter.com/hafanzeee/status/1324610313715556355,2020-11-06 07:11:23+00:00,Another outbreak? This break gotta go out. https://t.co/2Gw39pjCjU,1324610313715556355,hafanzeee,['https://twitter.com/Reuters/status/1324609970118287363'],https://twitter.com/Reuters/status/1324609970118287363,['https://t.co/2Gw39pjCjU'],https://t.co/2Gw39pjCjU
6,https://twitter.com/tulunsokit/status/1318709436412645376,2020-10-21 00:23:24+00:00,Can we notify this ? I suspect an outbreak in our cabinet! https://t.co/q50vfuvetK,1318709436412645376,tulunsokit,['https://twitter.com/Abraham60373150/status/1318708941778374656'],https://twitter.com/Abraham60373150/status/1318708941778374656,['https://t.co/q50vfuvetK'],https://t.co/q50vfuvetK
7,https://twitter.com/ho_priya/status/1316768900332224513,2020-10-15 15:52:24+00:00,2020 is the outbreak Of COVID-19 ... no one expected such a bad year ... https://t.co/f3mYTlyYDv,1316768900332224513,ho_priya,['https://twitter.com/VasuBharat09/status/1316767644729573376'],https://twitter.com/VasuBharat09/status/1316767644729573376,['https://t.co/f3mYTlyYDv'],https://t.co/f3mYTlyYDv
8,https://twitter.com/tulunsokit/status/1316641336808751110,2020-10-15 07:25:31+00:00,"As you all know, #Sabah has a massive outbreak of #COVID19 .  Deaths  are a daily statistic for the past 7 days 
ICUs are filling up and equipment to protect staff from being infected is likely to run out.
Times are tough all around. If you could donate - it would help. https://t.co/c3WEwyDazd",1316641336808751110,tulunsokit,[],,[],
9,https://twitter.com/tulunsokit/status/1316554048443576320,2020-10-15 01:38:40+00:00,"@timothyaida @DrAmarMOH @boosulyn @azrulmohdkhalib @aidilarazak @melisa_idris Our ailing healthcare infrastructure makes Malaysia vulnerable to #COVID19
If we end up with an outbreak similar to some of the developed nations in the West, we will all have friends or family members who die.",1316554048443576320,tulunsokit,[],,[],
10,https://twitter.com/TutorPortuguese/status/1315619850568433664,2020-10-12 11:46:30+00:00,"The outbreak of the Liberal Revolution of 1820 in Lisbon compelled João VI to return to Portugal in April 1821, leaving Pedro to rule Brazil as regent. On 7 September 1822 he declared Brazil's independence from Portugal.",1315619850568433664,TutorPortuguese,[],,[],
11,https://twitter.com/PRO_FITS/status/1308812501421715459,2020-09-23 16:56:31+00:00,Rand Paul is asking why US (no 1 ranking in preparing for a major infectious disease outbreak) isn’t following the measures by countries which are number 9 &amp; 21 ranking when they should be leading in example. https://t.co/qwARHConwp,1308812501421715459,PRO_FITS,['https://twitter.com/PRO_FITS/status/1242475510455619588'],https://twitter.com/PRO_FITS/status/1242475510455619588,['https://t.co/qwARHConwp'],https://t.co/qwARHConwp
12,https://twitter.com/Div14837509/status/1303626356803031040,2020-09-09 09:28:38+00:00,PSG outbreak deepens as Kylian Mbappe becomes latest star to test positive for COVID-19 https://t.co/mKRTN0DgGE via @cgtnofficial,1303626356803031040,Div14837509,['https://news.cgtn.com/news/2020-09-08/PSG-outbreak-deepens-as-Kylian-Mbappe-tests-positive-for-COVID-19-TBZRCItLTq/index.html'],https://news.cgtn.com/news/2020-09-08/PSG-outbreak-deepens-as-Kylian-Mbappe-tests-positive-for-COVID-19-TBZRCItLTq/index.html,['https://t.co/mKRTN0DgGE'],https://t.co/mKRTN0DgGE
13,https://twitter.com/Haziqq_ramlee/status/1301077214528561152,2020-09-02 08:39:15+00:00,Ada sesiapa nak join aku beli tiket outbreak fest tak,1301077214528561152,Haziqq_ramlee,[],,[],
14,https://twitter.com/Haziqq_ramlee/status/1301073756455018496,2020-09-02 08:25:30+00:00,Somebody please buy my kidneys so i can buy outbreak fest tickets 😔,1301073756455018496,Haziqq_ramlee,[],,[],
15,https://twitter.com/fangirlatnight/status/1299027791770341377,2020-08-27 16:55:34+00:00,"@kinderlola Uu madami na. Kahit nung nagka outbreak ng Rona sa Daegu derecho sila.

KimHeeAe NetflixComeback 
#TheWorldoftheMarriedonNetflix",1299027791770341377,fangirlatnight,[],,[],
16,https://twitter.com/TuuliMccully/status/1293559511282855936,2020-08-12 14:46:35+00:00,Swift management of the virus outbreak combined with a speedy implementation of fiscal and monetary stimulus has helped South Korea’s economy weather the turmoil relatively well. My fresh report on South Korea: https://t.co/yt258EPgi4,1293559511282855936,TuuliMccully,['https://twitter.com/ScotiaEconomics/status/1293557294991581184'],https://twitter.com/ScotiaEconomics/status/1293557294991581184,['https://t.co/yt258EPgi4'],https://t.co/yt258EPgi4
17,https://twitter.com/deetzysyax/status/1293190803414630402,2020-08-11 14:21:28+00:00,outbreak of ww2 in europe 🔮🧿📿 manifesting 💆🏻‍♀️,1293190803414630402,deetzysyax,[],,[],
18,https://twitter.com/eddydaud/status/1293086399025971201,2020-08-11 07:26:36+00:00,"@ka_zack I think better let the law take its cause. Probably he will be summoned to the courts soon.

Klu nak sue better sue the PRC Gomen for not closing their borders when the covid19 outbreak started in December last year.",1293086399025971201,eddydaud,[],,[],
19,https://twitter.com/wearenico/status/1276527137806262278,2020-06-26 14:46:01+00:00,"Happy Dragon Boat festival (for yesterday!)
.
.
.
We were meant to be spending the weekend at the beach but unfortunately we are unable to travel again due to an outbreak here in Beijing. I'm back to working from… https://t.co/gqWDKsjWLO",1276527137806262278,wearenico,['https://www.instagram.com/p/CB5vMdOgjkb/?igshid=15l3cfd6a1nz9'],https://www.instagram.com/p/CB5vMdOgjkb/?igshid=15l3cfd6a1nz9,['https://t.co/gqWDKsjWLO'],https://t.co/gqWDKsjWLO
20,https://twitter.com/eugenioferrante/status/1274151754083389446,2020-06-20 01:27:05+00:00,"...its reputation has been damaged by a large-scale #outbreak within foreign-worker dormitories, which has prompted economically damaging #lockdown measures.",1274151754083389446,eugenioferrante,[],,[],
21,https://twitter.com/eykaaakechik/status/1273644460006469637,2020-06-18 15:51:17+00:00,"@nobisha The latest, right before the outbreak 😷 fuhh https://t.co/hV03TXunoG",1273644460006469637,eykaaakechik,[],,[],
22,https://twitter.com/rosse_tdl/status/1273055604337147907,2020-06-17 00:51:22+00:00,"#singapore #covid19 #16thjune #2020 update.. One of the lowest number so far after the #outbreak in #migrantworkers .. Let's continue to keep the numbers down.. ✌🏼☺️
.

#RoyaleClass 
#singapore🇸🇬 
#singaporelife… https://t.co/07vVWPfSfv",1273055604337147907,rosse_tdl,['https://www.instagram.com/p/CBhEhialyx9/?igshid=1xks98gm5logt'],https://www.instagram.com/p/CBhEhialyx9/?igshid=1xks98gm5logt,['https://t.co/07vVWPfSfv'],https://t.co/07vVWPfSfv
23,https://twitter.com/nellielim/status/1272866508050489347,2020-06-16 12:19:58+00:00,"I conceptualised and shot this back in February while I was in Milan before the pandemic outbreak. Even though I was scheduled to post this few months ago, the bulgariofficial team and I both thought it’d be wise to… https://t.co/A5KC9QKLjw",1272866508050489347,nellielim,['https://www.instagram.com/p/CBfuWtpl3zh/?igshid=5jod6wakj9x3'],https://www.instagram.com/p/CBfuWtpl3zh/?igshid=5jod6wakj9x3,['https://t.co/A5KC9QKLjw'],https://t.co/A5KC9QKLjw
24,https://twitter.com/gnaixwh/status/1272383479569715200,2020-06-15 04:20:35+00:00,@BBCWorld This time CCP is quick to act. They used gene analysis to claim “the source of current wave to be from Europe.” But just not long ago they destroyed first few samples which could be analyzed the same way and point us to the very beginning of corona outbreak.,1272383479569715200,gnaixwh,[],,[],
25,https://twitter.com/uibglobal/status/1271063361187430405,2020-06-11 12:54:55+00:00,"#DYK? According to @NPR and @edisonresearch’s ""Spring 2020 #Smart Audio Report,"" #COVID19 has increased people’s use of #voiceassistants. More people now use #voice #tech than before the outbreak - https://t.co/ImaR9F0Myq. 🗣 HT @agaralabs #Research #AI #IoT #AIoT #NLP #Chatbots https://t.co/eU1VjS6BbE",1271063361187430405,uibglobal,['https://www.nationalpublicmedia.com/uploads/2020/04/The-Smart-Audio-Report_Spring-2020.pdf'],https://www.nationalpublicmedia.com/uploads/2020/04/The-Smart-Audio-Report_Spring-2020.pdf,['https://t.co/ImaR9F0Myq'],https://t.co/ImaR9F0Myq
26,https://twitter.com/ahmadpaiq1610/status/1270915327791005697,2020-06-11 03:06:41+00:00,Settle Covid now dengue outbreaks pulekkkkk,1270915327791005697,ahmadpaiq1610,[],,[],
27,https://twitter.com/hafizahcheese/status/1270549191673049090,2020-06-10 02:51:47+00:00,"@ExScandinavia 'If you hear about it (an outbreak of plague) in a land, do not go to it; but if the plague breaks out in a country where you are staying, do not run away from it'.( Al Bukhari)",1270549191673049090,hafizahcheese,[],,[],
28,https://twitter.com/jennylee_2012/status/1270002907182751746,2020-06-08 14:41:03+00:00,"#covid19 created a new norm! First time in my life washing my hands and using hand sanitizers so frequently! 

Hand washing and usage of hand sanitizers is effective to prevent infectious outbreaks. However,… https://t.co/AkmVa3xI56",1270002907182751746,jennylee_2012,['https://www.instagram.com/p/CBLYUZwn6LT/?igshid=1pa600yao8rod'],https://www.instagram.com/p/CBLYUZwn6LT/?igshid=1pa600yao8rod,['https://t.co/AkmVa3xI56'],https://t.co/AkmVa3xI56
29,https://twitter.com/Rys5a_Gonzalez/status/1268263987478556672,2020-06-03 19:31:12+00:00,"So much unnice things been happening around the world &amp; I feel this epidemic coronavirus outbreak happens for a reason ... the world is giving us time to take a pause, take a look around us, learn &amp; reflect",1268263987478556672,Rys5a_Gonzalez,[],,[],
30,https://twitter.com/mariel_agnas/status/1268146671306731527,2020-06-03 11:45:02+00:00,Sumabay pa dengue outbreak dito. ANUNAAAA 2020????,1268146671306731527,mariel_agnas,[],,[],
31,https://twitter.com/slhnrzmi/status/1258036964734861312,2020-05-06 14:12:40+00:00,"Coverset not fully complete due to the COVID outbreak measures, still waiting to beautify Xalva.💛 #roadtobefullyyellow https://t.co/1i4IiMIk0w",1258036964734861312,slhnrzmi,[],,[],
32,https://twitter.com/LaurenSorkin18/status/1253882868759052288,2020-04-25 03:05:46+00:00,"@PunePmc is using data to tackle the #COVID outbreak. Mapping patients and protecting the most vulnerable, enabling the city to #FlattenTheCurve, shares @MHarhare #ChiefResilienceOfficer. 

@GlobalResCities #datasaveslives @RockefellerFdn @NIUA_India @rajshah @sgaidhani201 https://t.co/ALrYHShELG",1253882868759052288,LaurenSorkin18,['https://twitter.com/MHarhare/status/1253722990262411264'],https://twitter.com/MHarhare/status/1253722990262411264,['https://t.co/ALrYHShELG'],https://t.co/ALrYHShELG
33,https://twitter.com/chepcreates/status/1252132088238628864,2020-04-20 07:08:47+00:00,dude i didnt expect banyak americans bodo time outbreak ni,1252132088238628864,chepcreates,[],,[],
34,https://twitter.com/slhnrzmi/status/1249200872002916356,2020-04-12 05:01:11+00:00,"We stay out of home for you, you stay home for us. Together we can overcome this outbreak together. 🕊 #circuitbreaker #covi̇d19 https://t.co/KbloIkTlGh",1249200872002916356,slhnrzmi,[],,[],
35,https://twitter.com/yangjiofeng/status/1248818175384227840,2020-04-11 03:40:29+00:00,'Respiratory outbreak' being investigated at retirement community after 54 residents fall ill - ABC News via @ABC - https://t.co/zbQx4eS1y0 #coronavirus #COVID19 #greenspring #Coronavirustruth #TrumpVirusCoverup,1248818175384227840,yangjiofeng,['https://abcn.ws/2XKIA1i'],https://abcn.ws/2XKIA1i,['https://t.co/zbQx4eS1y0'],https://t.co/zbQx4eS1y0
36,https://twitter.com/loprov/status/1247078784395653121,2020-04-06 08:28:46+00:00,"Losing income due to isolation from the virus outbreak, watching friends texting me animal crossing stuff 24/7 is really some new torture method

I'm gonna go sleep in bed forever",1247078784395653121,loprov,[],,[],
37,https://twitter.com/thefat_engineer/status/1246622898447478785,2020-04-05 02:17:14+00:00,@aaronAcarr We paid our price in blood during the SARS Outbreak in 2003.,1246622898447478785,thefat_engineer,[],,[],
38,https://twitter.com/oscarjoshua69/status/1244160918159671297,2020-03-29 07:14:12+00:00,"@tankengliang I think you better shut up n start filling your heart with compassion n love. All this blame game wont chase the virus away, face it as it is now, its a pandemic. GLOBAL n not  just an outbreak in Malaysia. You may got ur point, but for humanity sake, wait till all this is over.",1244160918159671297,oscarjoshua69,[],,[],
39,https://twitter.com/haritzsan/status/1243849440307208192,2020-03-28 10:36:30+00:00,Time outbreak ni lh semua benda nk rosak😷,1243849440307208192,haritzsan,[],,[],
40,https://twitter.com/AdyAdyva/status/1243008109003456519,2020-03-26 02:53:21+00:00,"During the MCO period from the 18th March - 14th April 2020, we are giving an OPPORTUNITY for any individual or company to thank our Front Liner who are on duty during this outbreak by sponsoring a delicious hot meal as a token of appreciation.",1243008109003456519,AdyAdyva,[],,[],
41,https://twitter.com/jaysonberbasa/status/1242383900346683392,2020-03-24 09:32:58+00:00,this covid outbreak rekindles my purpose,1242383900346683392,jaysonberbasa,[],,[],
42,https://twitter.com/oscarjoshua69/status/1242330976614617088,2020-03-24 06:02:40+00:00,For future reference purposes. So we may stop blaming our fellow Malaysians for the outbreak of #COVID19 #COVIDー19 #coronavirus #COVIDIOTS #StayAtHome #KitaJagaKita https://t.co/1cJUghMJ1Y,1242330976614617088,oscarjoshua69,[],,[],
43,https://twitter.com/Pjong/status/1241548564980891648,2020-03-22 02:13:39+00:00,"Singapore, an example to the world in the way us islanders contain the #COVID19 outbreak - until there is a fire sale that is...🙃😷 https://t.co/Ns2lLbO3lN",1241548564980891648,Pjong,['https://twitter.com/straits_times/status/1241530030519435264'],https://twitter.com/straits_times/status/1241530030519435264,['https://t.co/Ns2lLbO3lN'],https://t.co/Ns2lLbO3lN
44,https://twitter.com/BogdziewiczM/status/1240644835066777601,2020-03-19 14:22:33+00:00,Privileged to participate in this insightful exchange on efforts to fight #COVID19 outbreak. All hands on deck to make @LOTdoDomu (#FlightBackHome) as smooth as possible! @MFAsg https://t.co/92FO3e8J3t,1240644835066777601,BogdziewiczM,['https://twitter.com/PolandMFA/status/1240602461892751361'],https://twitter.com/PolandMFA/status/1240602461892751361,['https://t.co/92FO3e8J3t'],https://t.co/92FO3e8J3t
45,https://twitter.com/Foochau/status/1239741138220662786,2020-03-17 02:31:35+00:00,"Malaysia under lockdown I suppose, good move from the gov. We do not have the infrastructure or manpower to deal with a severe outbreak. Contain it while we still can. The two weeks ban might be even longer imo",1239741138220662786,Foochau,[],,[],
46,https://twitter.com/dan_murphy/status/1239479626734473217,2020-03-16 09:12:26+00:00,"#Trump administration is weighing ""all options"" to curb the coronavirus outbreak in the U.S., including an outright halt to domestic air travel - @SeekingAlpha",1239479626734473217,dan_murphy,[],,[],
47,https://twitter.com/seketulbunga/status/1239395735541407744,2020-03-16 03:39:04+00:00,"Nanti bila dah outbreak,memang aku rasa..staf swasta pun jadi macam kerajaan..kerja bagai nak mampus..semua ward open untuk covid19",1239395735541407744,seketulbunga,[],,[],
48,https://twitter.com/thekfederation/status/1239194244599803905,2020-03-15 14:18:25+00:00,@rANNdoMe Drama rama. Hahaha! Miss you😘And stay safe and healthy amidst this troublesome outbreak!,1239194244599803905,thekfederation,[],,[],
49,https://twitter.com/rrampuria/status/1239038685732954112,2020-03-15 04:00:17+00:00,"And these very people from so called developed world are abusing, mocking and making extremely discriminating commentary about india which has so far handled the outbreak pretty decently without making and Hu ha on media or big claims &amp; media splashes like west and China. Shame. https://t.co/4d10HrywXq",1239038685732954112,rrampuria,['https://twitter.com/priyaakulkarni2/status/1238923177650032640'],https://twitter.com/priyaakulkarni2/status/1238923177650032640,['https://t.co/4d10HrywXq'],https://t.co/4d10HrywXq
50,https://twitter.com/danlimfl/status/1239037690462367744,2020-03-15 03:56:20+00:00,"Coronavirus outbreak 'likely to be an annual virus', says Government's chief scientific officer' | via @telegraph https://t.co/XDSyXEpeEx",1239037690462367744,danlimfl,['https://www.telegraph.co.uk/news/2020/03/13/coronavirus-outbreak-likely-annual-virus-says-governments-chief/'],https://www.telegraph.co.uk/news/2020/03/13/coronavirus-outbreak-likely-annual-virus-says-governments-chief/,['https://t.co/XDSyXEpeEx'],https://t.co/XDSyXEpeEx
51,https://twitter.com/wilverain/status/1238574480823214081,2020-03-13 21:15:42+00:00,"China has the most experience in battling COVID-19(obviously). They are now fast  recovering while the rest of the world are still on Outbreak! 

Pinoys who mocked Duterte's gratitude to China's aid offer should recover their wisdom😅

#COVID19 #CoViD19PH #covid19philippines",1238574480823214081,wilverain,[],,[],
52,https://twitter.com/yangjiofeng/status/1238424095525486626,2020-03-13 11:18:07+00:00,"China Is Now Sending Doctors, Masks and Hazmat Suits to Help Italy With Its Coronavirus Outbreak https://t.co/X9gmY4TyUX 来自 @vice",1238424095525486626,yangjiofeng,['https://www.vice.com/en_us/article/akwage/china-is-now-sending-doctors-masks-and-hazmat-suits-to-help-italy-with-its-coronavirus-outbreak?utm_campaign=sharebutton'],https://www.vice.com/en_us/article/akwage/china-is-now-sending-doctors-masks-and-hazmat-suits-to-help-italy-with-its-coronavirus-outbreak?utm_campaign=sharebutton,['https://t.co/X9gmY4TyUX'],https://t.co/X9gmY4TyUX
53,https://twitter.com/theshutterwhale/status/1237997406853226496,2020-03-12 07:02:37+00:00,IHG Rewards Club Reduces Point/Night Requirements for Elite Qualification due to Covid-19 Outbreak  https://t.co/qrZkr3EXeO  #news #ihgrewardsclub #points #hotel #covid19 #travel,1237997406853226496,theshutterwhale,['https://theshutterwhale.com/blog/2020/3/12/ihg-rewards-club-reduces-pointnight-requirements-for-elite-qualification-due-to-covid-19-outbreak'],https://theshutterwhale.com/blog/2020/3/12/ihg-rewards-club-reduces-pointnight-requirements-for-elite-qualification-due-to-covid-19-outbreak,['https://t.co/qrZkr3EXeO'],https://t.co/qrZkr3EXeO
54,https://twitter.com/simonkearney/status/1237319790978420737,2020-03-10 10:10:01+00:00,'Every ventilator becomes like gold' - doctors give emotional warnings from Italy's Coronavirus outbreak https://t.co/u7ImDCxUk9 via @wef,1237319790978420737,simonkearney,['https://www.weforum.org/agenda/2020/03/suddenly-the-er-is-collapsing-a-doctors-stark-warning-from-italys-coronavirus-epicentre/'],https://www.weforum.org/agenda/2020/03/suddenly-the-er-is-collapsing-a-doctors-stark-warning-from-italys-coronavirus-epicentre/,['https://t.co/u7ImDCxUk9'],https://t.co/u7ImDCxUk9
55,https://twitter.com/tansueechieh/status/1236700258077294592,2020-03-08 17:08:12+00:00,"This looks like a foregone conclusion. #COVID19 .@tansueechieh 

Singapore minister says coronavirus outbreak emerging as pandemic https://t.co/A4QL8W9zBZ",1236700258077294592,tansueechieh,['http://a.msn.com/01/en-sg/BB10OtDc?ocid=st'],http://a.msn.com/01/en-sg/BB10OtDc?ocid=st,['https://t.co/A4QL8W9zBZ'],https://t.co/A4QL8W9zBZ
56,https://twitter.com/cold_sherry/status/1236658282468499462,2020-03-08 14:21:25+00:00,"Corvic19 outbreak. 
Me, a touchy perason: ""Uh! """,1236658282468499462,cold_sherry,[],,[],
57,https://twitter.com/auntyweewee/status/1234746975817474048,2020-03-03 07:46:34+00:00,"💟 𝙻𝚘𝚟𝚎 𝚠𝚎𝚎𝚔𝚎𝚗𝚍𝚜 💟
•
In this season where fear and paranoia robs people due to this outbreak, there’s no stopping us from indulging our  favourite F words of all; Fun and Faith. Scary is… https://t.co/MqqDjkbu4Q",1234746975817474048,auntyweewee,['https://www.instagram.com/p/B9Q3xjblUiRZLZVEfPNWAnClWcVfbVluLLo_rk0/?igshid=1wi6xexnmdj3u'],https://www.instagram.com/p/B9Q3xjblUiRZLZVEfPNWAnClWcVfbVluLLo_rk0/?igshid=1wi6xexnmdj3u,['https://t.co/MqqDjkbu4Q'],https://t.co/MqqDjkbu4Q
58,https://twitter.com/Pjong/status/1234005153985880064,2020-03-01 06:38:50+00:00,"Second time to see @Foals in #singapore - great show, and glad all could go ahead despite the corona outbreak. Not as crowded as 3 years ago - people staying at home missed out 😉🎵🤘 #foals #gardenbeats2020 https://t.co/SddfQZu1UB",1234005153985880064,Pjong,[],,[],
59,https://twitter.com/Jer1dah/status/1233672752864739329,2020-02-29 08:37:59+00:00,"Sometimes it helps not to book before you arrive.

I had planned to spend most of my 2nd day morning and afternoon by the universal studios and later go to the beach.

I changed my plans after the virus outbreak. https://t.co/eXJqplAyo4",1233672752864739329,Jer1dah,[],,[],
60,https://twitter.com/ginavon/status/1233103608373055488,2020-02-27 18:56:24+00:00,"How we respond as a nation to the coronavirus is impt from a transmission &amp; humanitarian perspective.The Ebola outbreak taught us-when a nation responds to epidemics by stigmatizing immigrants, it misses opportunities to build strategic coalitions to preventing spread of viruses. https://t.co/y2TGGLQMbu",1233103608373055488,ginavon,[],,[],
61,https://twitter.com/henrychanesq/status/1229709607007731712,2020-02-18 10:09:51+00:00,The Coronavirus outbreak is really a test for the 4G leadership in Singapore. I wish them well.,1229709607007731712,henrychanesq,[],,[],
62,https://twitter.com/tulunsokit/status/1227592039040090112,2020-02-12 13:55:24+00:00,@FakkahFuzz How's the outbreak of mysophobia over in your side of the causeway?,1227592039040090112,tulunsokit,[],,[],
63,https://twitter.com/henrychanesq/status/1227080521089335296,2020-02-11 04:02:48+00:00,Some Chinese try to compare the outbreak of Coronavirus to the seasonal Influenza in the US. I don’t know how it can be compared. People know how the 2019-nCov started; but they have accepted flu being part of their lives in Winter. Some companies even pay for the jab.,1227080521089335296,henrychanesq,[],,[],
64,https://twitter.com/bxnlxxng/status/1226838017718943744,2020-02-10 11:59:11+00:00,@keeweeeee I ordered 3 last night via RedMart. After checkout I realised why it was so expensive at $13 each. One pack has 20 rolls. So I’ll likely live out this zombie outbreak on my toilet.,1226838017718943744,bxnlxxng,[],,[],
65,https://twitter.com/tulunsokit/status/1225791060057579531,2020-02-07 14:38:57+00:00,@huajern Didn't some TCM shop in Singapore end up with a mini outbreak?,1225791060057579531,tulunsokit,[],,[],
66,https://twitter.com/zulyadainishak/status/1225306012388708353,2020-02-06 06:31:33+00:00,"Kepala dah jammed cari contigency plan, suppliers banyak tak boleh deliver orders due to nCoV outbreak.

Maybe within 2-3 wks baru boleh recover. Harap jgn line stop je ni barang takde...",1225306012388708353,zulyadainishak,[],,[],
67,https://twitter.com/tulunsokit/status/1225227207603179520,2020-02-06 01:18:24+00:00,"@hswapnil @ASNKidney @ISNkidneycare @ISNWCN No CME for the ISN or EDTA livestreams. But it might make sense to allow for streaming to gain CME points given the present nCoV outbreak.
Could create an option as an ""online"" delegate.
Minimising air travel is good for the environment as well",1225227207603179520,tulunsokit,[],,[],
68,https://twitter.com/KhooBoocheang/status/1223825960413171713,2020-02-02 04:30:21+00:00,"This virus getting into Serious reprecations.🦂🦂🐙💫🙈🙈🙈South China Morning Post: Coronavirus: China reports 45 more deaths, 2,590 new cases in outbreak.
https://t.co/1CYQgh72sc

via @GoogleNews",1223825960413171713,KhooBoocheang,['https://www.scmp.com/news/china/society/article/3048575/coronavirus-45-more-deaths-1921-new-cases-reported-hubei'],https://www.scmp.com/news/china/society/article/3048575/coronavirus-45-more-deaths-1921-new-cases-reported-hubei,['https://t.co/1CYQgh72sc'],https://t.co/1CYQgh72sc
69,https://twitter.com/zeligdhilee/status/1223800797525209088,2020-02-02 02:50:21+00:00,"BMJ editorial highlighting how the world’s response to the ongoing outbreak reflects how economic, geopolitical and ideological perceptions of China may hinder global trust, coordination and cooperation to address the outbreak. https://t.co/vWMvqT0Z2Y",1223800797525209088,zeligdhilee,['https://twitter.com/bmj_latest/status/1223712756068757504'],https://twitter.com/bmj_latest/status/1223712756068757504,['https://t.co/vWMvqT0Z2Y'],https://t.co/vWMvqT0Z2Y
70,https://twitter.com/dxnisxz/status/1223254558303932416,2020-01-31 14:39:48+00:00,"Was planning to go overseas, then come the coronavirus outbreak.
It's OK.. Looking forward to May, June and August..",1223254558303932416,dxnisxz,[],,[],
71,https://twitter.com/tulunsokit/status/1222201072065712128,2020-01-28 16:53:37+00:00,"@dytiaaurinh @huajern Unlikely chronic carriers. Coronaviruses don't usually do that. 
Agree that testing capability was probably low initially. 
It was fortitutious the outbreak occurred in a city with a lab with the capacity to identify and come up with a kit this fast",1222201072065712128,tulunsokit,[],,[],
72,https://twitter.com/zeligdhilee/status/1222187207928119296,2020-01-28 15:58:32+00:00,"Very useful resource with the latest medical research on the ongoing outbreak, including predictive models https://t.co/OzZyu9Ur1F",1222187207928119296,zeligdhilee,['https://twitter.com/mugecevik/status/1221020657242333184'],https://twitter.com/mugecevik/status/1221020657242333184,['https://t.co/OzZyu9Ur1F'],https://t.co/OzZyu9Ur1F
73,https://twitter.com/henrychanesq/status/1221818790511398912,2020-01-27 15:34:34+00:00,"When China got a fever, the world is trembling. I don’t know why N. Korea is so clever this time in the face of China’s outbreak of Wuhan pneumonia-sealing the borders with China.",1221818790511398912,henrychanesq,[],,[],
74,https://twitter.com/Syedap/status/1221803958986887168,2020-01-27 14:35:38+00:00,Food Delivery Robot at Hotel in Hangzhou during outbreak https://t.co/SPknq0WztP via @YouTube #coronarvirus #robot,1221803958986887168,Syedap,['https://youtu.be/uejxz00f3eQ'],https://youtu.be/uejxz00f3eQ,['https://t.co/SPknq0WztP'],https://t.co/SPknq0WztP
75,https://twitter.com/tulunsokit/status/1221588540066189313,2020-01-27 00:19:38+00:00,Closing borders doesn't work. Countries are not isolated in terms of international trade. Close borders and your economy will crash and make the outbreak much more difficult to contain when it finally hits you,1221588540066189313,tulunsokit,[],,[],
76,https://twitter.com/SyahmelNazreen/status/1220971986819538944,2020-01-25 07:29:40+00:00,Influenza Outbreak 😷 https://t.co/7PWm7fnijT,1220971986819538944,SyahmelNazreen,[],,[],
77,https://twitter.com/yuiyui7o_o/status/1220348757134364672,2020-01-23 14:13:11+00:00,"春節直前でついに…！😱😱😱わーーん💦覚悟してたけど、明日MRT乗るの怖いな。。。機内感染してるだろうな。。。#coronavirus #singaporenews 
#シンガポール在住 #シンガポール生活
Wuhan coronavirus outbreak: 1st case confirmed in Singapore https://t.co/w9aEouKZ7I",1220348757134364672,yuiyui7o_o,['https://sg.news.yahoo.com/wuhan-coronavirus-confirmed-in-spore-130424302.html'],https://sg.news.yahoo.com/wuhan-coronavirus-confirmed-in-spore-130424302.html,['https://t.co/w9aEouKZ7I'],https://t.co/w9aEouKZ7I
78,https://twitter.com/tulunsokit/status/1220136172208345088,2020-01-23 00:08:27+00:00,@TijanTijan87 Nope. He doesn't want a nationwide outbreak as CNY is coming and many people will be travelling,1220136172208345088,tulunsokit,[],,[],
79,https://twitter.com/mtbr27/status/1219780959270137856,2020-01-22 00:36:57+00:00,"reminiscent 思い出させる
Chinese authorities confirmed that the infection could be transmitted directly between humans, a feature reminiscent of the 2002-03 SARS outbreak which killed almost 800 people. 
#英単語 #英語学習 #新聞英語",1219780959270137856,mtbr27,[],,[],
80,https://twitter.com/3rdeye_blind/status/1218354307701100544,2020-01-18 02:07:57+00:00,"In light of the trending 🇨🇳 Wuhan ☣ pneumonia outbreak, don't be alarmed if your relatives, friends, 🐲🐉dragon/🦁🐈 lion dance troupes show up in this fashion for the upcoming 🧧CNY
🍊🍊
Arm yourselves with 🧴disinfectant,… https://t.co/AsLp8NLMMG",1218354307701100544,3rdeye_blind,['https://www.instagram.com/p/B7cZQHHHvXz/?igshid=lapd1vw2l7k'],https://www.instagram.com/p/B7cZQHHHvXz/?igshid=lapd1vw2l7k,['https://t.co/AsLp8NLMMG'],https://t.co/AsLp8NLMMG
81,https://twitter.com/interchris/status/1217828355346579457,2020-01-16 15:18:00+00:00,No dengue fever outbreaks in my neighbourhood luckily https://t.co/h7HaBJgKml,1217828355346579457,interchris,[],,[],
82,https://twitter.com/haziqqqaaahzik/status/1215493940159188992,2020-01-10 04:41:52+00:00,"Kalau Aku Intern, Aneh Ada Outbreak Of Disease Or Viruses. Do My Intern Still Carry On Or Kita Kena Stop Eh?",1215493940159188992,haziqqqaaahzik,[],,[],
83,https://twitter.com/haziqqqaaahzik/status/1215493505008562176,2020-01-10 04:40:09+00:00,Pneumonia Outbreak Is Scary,1215493505008562176,haziqqqaaahzik,[],,[],
84,https://twitter.com/bentruscello/status/1213993699547348992,2020-01-06 01:20:27+00:00,Watching the mysterious respiratory outbreak in #Wuhan closely. Appears there’s a suspected case closer to home. https://t.co/wlHn9UcF5Z,1213993699547348992,bentruscello,['https://www.bloomberg.com/news/articles/2020-01-05/singapore-reports-first-suspected-pneumonia-case-linked-to-wuhan'],https://www.bloomberg.com/news/articles/2020-01-05/singapore-reports-first-suspected-pneumonia-case-linked-to-wuhan,['https://t.co/wlHn9UcF5Z'],https://t.co/wlHn9UcF5Z
85,https://twitter.com/AliIsBk1/status/1213740975308210177,2020-01-05 08:36:13+00:00,This is worrying ... brings back fears about SARS outbreak in 2003. https://t.co/ZoGybDbHpW,1213740975308210177,AliIsBk1,['https://twitter.com/straits_times/status/1213738798301007872'],https://twitter.com/straits_times/status/1213738798301007872,['https://t.co/ZoGybDbHpW'],https://t.co/ZoGybDbHpW
