,url,date,content,id,username,outlinks,outlinksss,tcooutlinks,tcooutlinksss
0,https://twitter.com/diniemaisyarah_/status/1412906214468460549,2021-07-07 22:47:46+00:00,"Kalau aku going through depression sebab kau, harap kau sedar, yang kau dah kehilangan someone yang sangat sayangkan kau. Aku cuba kuat untuk diri aku sendiri.",1412906214468460549,diniemaisyarah_,[],,[],
1,https://twitter.com/i12bd34d/status/1412888395425017860,2021-07-07 21:36:58+00:00,one problem with depression is that when good things happen u still have depression,1412888395425017860,i12bd34d,[],,[],
2,https://twitter.com/AChVoice/status/1412871608671391749,2021-07-07 20:30:16+00:00,"""Many who struggle with pain on a daily basis end up with #mentalhealth issues, which comes as no surprise. We often need to seek the help of a #psychologist, which isn’t always covered by insurance"": https://t.co/adohCv0CLN #healthcare #MentalIllness #depression https://t.co/F54fCz7UiN",1412871608671391749,AChVoice,['https://buff.ly/37dIr6i'],https://buff.ly/37dIr6i,['https://t.co/adohCv0CLN'],https://t.co/adohCv0CLN
3,https://twitter.com/AChVoice/status/1412750748677517315,2021-07-07 12:30:00+00:00,"[Issue 272] When You Keep Experiencing #MedicalGaslighting Where Symptoms are Brushed Off as Stress, Anxiety or Depression &amp; Is Your Life Overtaken by 'Careful' Habits, Due to the Invasion of the Monster That is #ChronicPain and #ChronicIllness? https://t.co/q8Z7NrspoO #awareness",1412750748677517315,AChVoice,['https://buff.ly/2SNhxRC'],https://buff.ly/2SNhxRC,['https://t.co/q8Z7NrspoO'],https://t.co/q8Z7NrspoO
4,https://twitter.com/JrMmuso/status/1412748166022242304,2021-07-07 12:19:45+00:00,"Finally!!! So many people “have depression “ time umuntu is just feeling sad and demotivated. Depression is a dark place, it’s something I wouldn’t even wish on my worst enemy 😔 https://t.co/ZV56ilR2s4",1412748166022242304,JrMmuso,['https://twitter.com/cupidhrt/status/1412425796992503821'],https://twitter.com/cupidhrt/status/1412425796992503821,['https://t.co/ZV56ilR2s4'],https://t.co/ZV56ilR2s4
5,https://twitter.com/Mpetu/status/1412719999324758020,2021-07-07 10:27:49+00:00,"@Africamunghana @Mathebuladp @Munghana Muhaxi, obsession ya ku vona Zuma ari jele yita siyela vanhu votala aka xiyimo xa depression. Constitution ya hina yi anamile ngopfu Zuma is taking us to the ride #AfricaWaVulavula",1412719999324758020,Mpetu,[],,[],
6,https://twitter.com/AChVoice/status/1412705544981434373,2021-07-07 09:30:23+00:00,"“When people speak out it does make it easier for others to speak out"": https://t.co/LatBmqH4lj @nikki_albert #depression #MentalHealthMatters #MentalIllness #advocates #StrongerTogether",1412705544981434373,AChVoice,['https://buff.ly/38RQlWJ'],https://buff.ly/38RQlWJ,['https://t.co/LatBmqH4lj'],https://t.co/LatBmqH4lj
7,https://twitter.com/Itz_Shiva7/status/1412692805223260160,2021-07-07 08:39:45+00:00,"Depression Guys ~

நாங்க ஒரு நாளைக்கு 
20 மணி நேரம் முழிச்சுருப்போம்.. நாலு மணி நேரம் தான் தூங்குவோம் https://t.co/ywOEDezAED",1412692805223260160,Itz_Shiva7,[],,[],
8,https://twitter.com/Francisnpm/status/1412692767138979842,2021-07-07 08:39:36+00:00,@Assburgersxbt @CryptoCapo_ +1. All these red days are giving me depression.,1412692767138979842,Francisnpm,[],,[],
9,https://twitter.com/Honeycombers/status/1412689599705452544,2021-07-07 08:27:01+00:00,"The truth about dating a rock star: From alcohol to depression to jail, my love story has it all

https://t.co/KQtj8ZPhzo

#honeycombers #honeycombersSG https://t.co/lpZPAWXUPk",1412689599705452544,Honeycombers,['https://thehoneycombers.com/singapore/dating-rock-star-love-story/'],https://thehoneycombers.com/singapore/dating-rock-star-love-story/,['https://t.co/KQtj8ZPhzo'],https://t.co/KQtj8ZPhzo
10,https://twitter.com/ceenaomi/status/1412683847679057921,2021-07-07 08:04:10+00:00,"So accurate... #mentalhealth
#depression #parenting https://t.co/ES0K3By6YX",1412683847679057921,ceenaomi,[],,[],
11,https://twitter.com/ceenaomi/status/1412669646336036867,2021-07-07 07:07:44+00:00,"Today is a notably good day...I feel good. The tricky part with depression, I might wake up tomorrow and it's the total opposite. For now, I will enjoy.",1412669646336036867,ceenaomi,[],,[],
12,https://twitter.com/puppyghoul/status/1412661852937461761,2021-07-07 06:36:46+00:00,@vneubronner thats interesting. i know tons of people dont brush their teeth in the morning usually because it gives them nausea or takes away their appetite. Do you think it's task related and therefore affected by depression like most tasks?,1412661852937461761,puppyghoul,[],,[],
13,https://twitter.com/kytalli/status/1412650105274998786,2021-07-07 05:50:05+00:00,each depression i sink into i flounder to return from,1412650105274998786,kytalli,[],,[],
14,https://twitter.com/iff4hibrahim/status/1412626233821564932,2021-07-07 04:15:14+00:00,dia kata aku depression 🤣🤣 lempang kang hahshshshhsjanakaksh,1412626233821564932,iff4hibrahim,[],,[],
15,https://twitter.com/neribeee/status/1412590691478241284,2021-07-07 01:54:00+00:00,"I wonder what the intention or goal of CJ was in #YouAreMySpring ? So he tried to find her and be close to her, and then he just ends himself...? Why? Was finding her n briefly being close his goal n once done, he gave up? Was it severe depression tgt w his sociopathic side?",1412590691478241284,neribeee,[],,[],
16,https://twitter.com/Cocoveda/status/1412586912322228225,2021-07-07 01:38:59+00:00,"Hi, you.
Things can get hard so we hope you can get through this week! Here are some #selfcare ideas you can do and remember: it’s okay to take a break

#cocoveda #mentalhealth #wednesdaywisdom #wellbeing #mentalhealthmatters #covid #covid19 #depression #isolation #anxiety #love https://t.co/7qg5yPeTM9",1412586912322228225,Cocoveda,[],,[],
17,https://twitter.com/Shah_Ashraf19/status/1412546604398047237,2021-07-06 22:58:48+00:00,Mohon siasatan segera! Tak patuh sop semua kluster kilang! Yg duduk rumah ni dpt apa? Depression!!! @PDRMsia @IsmailSabri60 @MuhyiddinYassin @501Awani @bernamadotcom @KKMPutrajaya @hmetromy @bharianmy  tolong lah! Pentakbiran dah gagal jgn makin gagal lagi. Im tired! https://t.co/2B3sbpDInk,1412546604398047237,Shah_Ashraf19,['https://twitter.com/AkeemSharyzal/status/1412416563790110722'],https://twitter.com/AkeemSharyzal/status/1412416563790110722,['https://t.co/2B3sbpDInk'],https://t.co/2B3sbpDInk
18,https://twitter.com/yuzuuucha/status/1412518098784047108,2021-07-06 21:05:32+00:00,"me talking to friend : lmao let me wallow in depression for like a week then i'll be fine!! going to be productive for the the next ~3 weeks of the holidays

depression :  sike u thought lmao 

me : 🤡🤡🤡",1412518098784047108,yuzuuucha,[],,[],
19,https://twitter.com/AFatElectron/status/1412509985485979652,2021-07-06 20:33:18+00:00,"Sing song today. I was glad cos one indicator of depression is lack of interest in most things..

So singing songs are often clear indicator of feeling at least ok. Other indicator include motivated to do your hobbies or chatting with people . Even using handphone can",1412509985485979652,AFatElectron,[],,[],
20,https://twitter.com/AFatElectron/status/1412509983896338437,2021-07-06 20:33:17+00:00,"Another thing is care about is my family mental state. 

Cos I have witness people with depression before . So most people are largely not depressed before for their lives so they dunno what is long period depression or clinical depression. 

 So when I hear my family member",1412509983896338437,AFatElectron,[],,[],
21,https://twitter.com/tisYaana/status/1412507529100337156,2021-07-06 20:23:32+00:00,Nah one thing about depression? It has hands.,1412507529100337156,tisYaana,[],,[],
22,https://twitter.com/Hyckaa/status/1412493309075992582,2021-07-06 19:27:02+00:00,Eh uma fic tao envolvente que deu uma depression quando eu terminei 🤧 #BelindaEPandora,1412493309075992582,Hyckaa,[],,[],
23,https://twitter.com/hurtfulknife/status/1412478055067439106,2021-07-06 18:26:25+00:00,and when i fall back into my depression era,1412478055067439106,hurtfulknife,[],,[],
24,https://twitter.com/fatihah_mutalib/status/1412432386885750793,2021-07-06 15:24:57+00:00,Depression anxiety semua ada 😌,1412432386885750793,fatihah_mutalib,[],,[],
25,https://twitter.com/hvsnvl0203/status/1412423537118285825,2021-07-06 14:49:47+00:00,@highonsynn u cured depression my friend 🥲,1412423537118285825,hvsnvl0203,[],,[],
26,https://twitter.com/Littlenewb14/status/1412420764247134216,2021-07-06 14:38:46+00:00,@OneHourGuy Sad... but good. Of course school's the cause of depression 🙄,1412420764247134216,Littlenewb14,[],,[],
27,https://twitter.com/neeetpicky/status/1412393986694676485,2021-07-06 12:52:22+00:00,need to learn to handle the depression that comes with returning to my toxic house after spending a blissful day out with the bf. lol i'm remembering how i cried on the ferry ride back from batam 2 years ago,1412393986694676485,neeetpicky,[],,[],
28,https://twitter.com/texan77581/status/1412393585434107913,2021-07-06 12:50:46+00:00,@NorthmanTrader If the US was on a gold standard last year where would the economy be now? In Bernanke’s book Essays on the Great Depression he claims the countries that were 1st to get off the gold standard were the 1st to recover during the depression in the 30’s,1412393585434107913,texan77581,[],,[],
29,https://twitter.com/muhd_syarizan/status/1412382104403410948,2021-07-06 12:05:09+00:00,anxiety/depression is real. Never take that for granted! Yang pernah lalui je tahu apa rasanya.,1412382104403410948,muhd_syarizan,[],,[],
30,https://twitter.com/supsabsub/status/1412376446660534281,2021-07-06 11:42:40+00:00,its so clear why my depression has been acting up lately i have been so off balance…spiritually physically emotionally…have been struggling a lot more than usual in my standing yoga poses,1412376446660534281,supsabsub,[],,[],
31,https://twitter.com/SyasyaRuzan/status/1412359005779894272,2021-07-06 10:33:21+00:00,@ctasiayahya tu lah. diorang tak rasa pun. diorg rumah besar banglo 2-3 tingkat. internet free. nak keluar negara sana sini tak perlu surat balai. gaji maintain 20-30 K per menteri. mana mungkin diorg kisah depression rakyat. sedihkan? cepat lah mampos semua yg zalim ni.,1412359005779894272,SyasyaRuzan,[],,[],
32,https://twitter.com/sapsonicinc/status/1412342087161454592,2021-07-06 09:26:08+00:00,"Depression is on the rise. Why does it so often go untreated? 

@RobertRoyBritt reports: 

https://t.co/BYkNC2Di9M",1412342087161454592,sapsonicinc,['http://read.medium.com/Pe5HSbD'],http://read.medium.com/Pe5HSbD,['https://t.co/BYkNC2Di9M'],https://t.co/BYkNC2Di9M
33,https://twitter.com/snazzagen/status/1412338827021094916,2021-07-06 09:13:11+00:00,@strixlight extreme depression and questioning,1412338827021094916,snazzagen,[],,[],
34,https://twitter.com/_lekapu/status/1412326428318879746,2021-07-06 08:23:54+00:00,"Job promotion without financial incentives is one of the causes of depression.

Always turn such promotions down. 🚮",1412326428318879746,_lekapu,[],,[],
35,https://twitter.com/NitroX72/status/1412323422613377032,2021-07-06 08:11:58+00:00,"did you know? 27 *children* committed suicide in a single year, due to the immense pressures of the education system and culture surrounding it. there is an unusually high rate of depression in teenagers.",1412323422613377032,NitroX72,[],,[],
36,https://twitter.com/Shah_Ashraf19/status/1412318523502723078,2021-07-06 07:52:30+00:00,"Good job malaysia! Kes tinggi x mustahil dari cluster kilang. Yg kerja terus dapat covid, yg terpaksa duduk rumah tanpa gaji terus depression, lantas bunuh diri. https://t.co/uAa7gDdQz5",1412318523502723078,Shah_Ashraf19,['https://twitter.com/KKMPutrajaya/status/1412315590979555329'],https://twitter.com/KKMPutrajaya/status/1412315590979555329,['https://t.co/uAa7gDdQz5'],https://t.co/uAa7gDdQz5
37,https://twitter.com/godspine/status/1412279342743265288,2021-07-06 05:16:48+00:00,"But sadly in this era, having an illness is cool..what is wrong with kids these days? Faking depression to get attention? You think depression is fun? Holy shit https://t.co/ZbiwFiBueS",1412279342743265288,godspine,[],,[],
38,https://twitter.com/godspine/status/1412276201310232578,2021-07-06 05:04:19+00:00,"Dressed up and ready with IKEA in my mind when I just stood infront if my bed for 10mins and the mood is gone. Guess, my depression is staying for a very long time.",1412276201310232578,godspine,[],,[],
39,https://twitter.com/mishbish19/status/1412268300931719178,2021-07-06 04:32:56+00:00,Ma’am I’m sorry I’ll try to un-broke myself. Sorry it’s the depression,1412268300931719178,mishbish19,[],,[],
40,https://twitter.com/MyAutoBlogging/status/1412265904197545985,2021-07-06 04:23:24+00:00,"Psychedelic Drug Psilocybin “Magic Mushrooms” Spurs Growth of Neural Connections Lost in Depression
#worldnew...
https://t.co/XpFWfNn3Fz",1412265904197545985,MyAutoBlogging,['https://automaticblogging.com/psychedelic-drug-psilocybin-magic-mushrooms-spurs-growth-of-neural-connections-lost-in-depression/?feed_id=31140&_unique_id=60e3dabcb838e'],https://automaticblogging.com/psychedelic-drug-psilocybin-magic-mushrooms-spurs-growth-of-neural-connections-lost-in-depression/?feed_id=31140&_unique_id=60e3dabcb838e,['https://t.co/XpFWfNn3Fz'],https://t.co/XpFWfNn3Fz
41,https://twitter.com/bilinair/status/1412252262802485259,2021-07-06 03:29:12+00:00,#Mentalhealth lost a colleague to it late last year. Reading an article on inquest to his death. He was diagnosed with #depression &amp; still something was missed. Pls seek help &amp; ensure those around you are there to support.,1412252262802485259,bilinair,[],,[],
42,https://twitter.com/danclarkie/status/1412228551806382080,2021-07-06 01:54:59+00:00,"Twitter is an unrelenting engine for depression, racism, and general human misery.

But on your birthday they put balloons on your profile page.

So we’re sort of looking at a glass half full scenario here I reckon. 🎈",1412228551806382080,danclarkie,[],,[],
43,https://twitter.com/TheSenkiv/status/1412214749249474573,2021-07-06 01:00:08+00:00,"No safety, no dignity, no light.
No justice, no future, no home.
And nowhere to go.
Their misery, frustration, anger.
Depression, sadness.
Madness will drown in hatred.",1412214749249474573,TheSenkiv,[],,[],
44,https://twitter.com/Ajib_Kacak/status/1412150807797977088,2021-07-05 20:46:03+00:00,"depression ni bukan main2, member sorg dah total lost, bila jd dekat member2 ni, risau lak aku, korg kalau rse stress ke ape please lah berubat cepat",1412150807797977088,Ajib_Kacak,[],,[],
45,https://twitter.com/dtlyee/status/1412087302193483779,2021-07-05 16:33:42+00:00,"⚠️TW:SUICIDAL⚠️ 

Sunday morning I was very close to ending my life. The pills were in my hands &amp; I’m one gulp away from sleeping and never waking up. Thankfully something pulled me back &amp; I immediately get help. Fast forward to today, I’m now diagnosed with “Reactive Depression”",1412087302193483779,dtlyee,[],,[],
46,https://twitter.com/ahgongjin/status/1412053736503922691,2021-07-05 14:20:20+00:00,fuck fuck fuck I think its the post camp depression but with post fort instead..... I miss fort so badly.... I wna hangout at fort everyday but sch is starting and life is getting realistic and I can't accept it that's why im feeling so sad,1412053736503922691,ahgongjin,[],,[],
47,https://twitter.com/orcldoug/status/1412051608985247747,2021-07-05 14:11:52+00:00,"I quite fancy not wearing a mask myself, but think I’ll stick with the 35 deaths here vs the 7000+ in similarly populated Scotland … and, last time I checked, SG isn’t exactly experiencing The Great Depression.",1412051608985247747,orcldoug,[],,[],
48,https://twitter.com/EyqaSyaf97/status/1412004320506105857,2021-07-05 11:03:58+00:00,Desperate vs Depression,1412004320506105857,EyqaSyaf97,[],,[],
49,https://twitter.com/VJ2909/status/1411962660560703490,2021-07-05 08:18:25+00:00,"@iTsoaeli What a totally kept my mind straight and reduced stress was knowing and hearing recovery stories from others. I probably would have spiralled into depression, destroying my immune system, giving the virus a better chance. It's important to know that recovery is possible.",1411962660560703490,VJ2909,[],,[],
50,https://twitter.com/nisabtrsya/status/1411960949364256769,2021-07-05 08:11:37+00:00,i'm just lying in bed and crying because of depression.,1411960949364256769,nisabtrsya,[],,[],
51,https://twitter.com/AU_JohnDw20/status/1411943528603684864,2021-07-05 07:02:24+00:00,"@pipms Education of the possible health impacts of menopause are needed. In terms of leave it should apply to specific symptoms not menopause, similar to other conditions like arthritis, depression, cancer and aging.",1411943528603684864,AU_JohnDw20,[],,[],
52,https://twitter.com/Najwaazerii/status/1411938725815148548,2021-07-05 06:43:19+00:00,Belum kahwin dah mcmtu . Lepas kahwin rasanya lagi payah . Silap haribulan si shuk yg bunuh diri sebab depression melayan org psiko mcm farah ni . Opsss,1411938725815148548,Najwaazerii,[],,[],
53,https://twitter.com/katy_angelique/status/1411910161552220168,2021-07-05 04:49:49+00:00,I must say CB was really a tough time for me. I learnt a lot abt myself and ppl ard me. Some regrets. depression. I broke the norm and tried a lot of new things. Dating apps - meet new ppl &amp; developing growth mindset. Tried reading the Quran &amp; performed Hari Raya Prayers!,1411910161552220168,katy_angelique,[],,[],
54,https://twitter.com/faizalpahmee/status/1411897609044647939,2021-07-05 03:59:56+00:00,"Seen so many colleagues suffer from burnout, anxiety and depression in the tech industry. Companies need to do more - engage a company therapist or offer mental health insurance. It’s not enough to just discuss it. Let’s be proactive in helping them, not penalise.",1411897609044647939,faizalpahmee,[],,[],
55,https://twitter.com/jhunnyz/status/1411897381474373637,2021-07-05 03:59:02+00:00,@RidzwanMahazan @jazmelur untunglah bang saya ni depression yang dapat,1411897381474373637,jhunnyz,[],,[],
56,https://twitter.com/phentmm/status/1411878283549941761,2021-07-05 02:43:08+00:00,Day 2 without bench press: depression has kicked in.,1411878283549941761,phentmm,[],,[],
57,https://twitter.com/hhelmyh/status/1411687917030760452,2021-07-04 14:06:41+00:00,@wirdasyaheera Depression is real 😭😭😭 my stress level 📈📈📈📈📈📈📈 ughhhhhhh,1411687917030760452,hhelmyh,[],,[],
58,https://twitter.com/ftynqt/status/1411686491907002370,2021-07-04 14:01:02+00:00,"@umobile @farzanaliciouss ni ha pengguna umobile, dh nk depression dh tiap kali kelas on9 line sangkut, kesian dia tau. Banyak tertinggal pelajaran,asyik terkeluar gm sbb umobile.",1411686491907002370,ftynqt,[],,[],
59,https://twitter.com/FrightLight1/status/1411673201684357120,2021-07-04 13:08:13+00:00,"AM I THAT BAD????

I didn't know this many people hated me ;-;
Like I know ~10 or so blocks me cuz I'm a minor but like bruh 
What did I do
Is it the depression?? https://t.co/JUmOXWzK5v",1411673201684357120,FrightLight1,[],,[],
60,https://twitter.com/eioem/status/1411669412873080833,2021-07-04 12:53:10+00:00,"Stress, anxiety and depression happen when we are living to please others.

@Barber_Edward_ 

FRESHTAKE EDWARD EP5",1411669412873080833,eioem,[],,[],
61,https://twitter.com/VinodxAshwam/status/1411666211029409795,2021-07-04 12:40:26+00:00,"It hurts when u gave  your all
To fix someone up, heal em
And they leave u with depression

Different level of betrayal",1411666211029409795,VinodxAshwam,[],,[],
62,https://twitter.com/issymiyake69/status/1411665904870506498,2021-07-04 12:39:13+00:00,envious of those who don’t know depression.,1411665904870506498,issymiyake69,[],,[],
63,https://twitter.com/MatosauceB3/status/1411655873240330247,2021-07-04 11:59:22+00:00,Bruh im not gonna let my depression over take me im gonna call you out for making me feel like my effort sucked.,1411655873240330247,MatosauceB3,[],,[],
64,https://twitter.com/RAMATHABATHE/status/1411634527756328964,2021-07-04 10:34:32+00:00,"@HermaineM 34years of my life bin told dt bullshit...dt God will make a plan.bin thru struggle,porverty, depression Al in hope.unemployment.but it's today dt I know dt prayer is for fools C's tmrw I'll be homeless with my daughter Al in the name of https://t.co/qXtJ2cBhMe broken.",1411634527756328964,RAMATHABATHE,['http://God.im'],http://God.im,['https://t.co/qXtJ2cBhMe'],https://t.co/qXtJ2cBhMe
65,https://twitter.com/sapsonicinc/status/1411587232926994433,2021-07-04 07:26:37+00:00,"Only about half of all people who need treatment for depression actually get it.

https://t.co/0e53tFWkVb",1411587232926994433,sapsonicinc,['http://read.medium.com/VgtVrYl'],http://read.medium.com/VgtVrYl,['https://t.co/0e53tFWkVb'],https://t.co/0e53tFWkVb
66,https://twitter.com/sapsonicinc/status/1411587225322655745,2021-07-04 07:26:35+00:00,"Depression can lead to withdrawal from family and friends, causing social isolation that only worsens the problem. 

https://t.co/QXzkP5MCHc",1411587225322655745,sapsonicinc,['http://read.medium.com/83fFWqu'],http://read.medium.com/83fFWqu,['https://t.co/QXzkP5MCHc'],https://t.co/QXzkP5MCHc
67,https://twitter.com/xierh/status/1411584616985620488,2021-07-04 07:16:13+00:00,"Hehe his comments on HW “i entered ishgard depressed but the city makes u forget ur heartache” this is how u know he is still in the first half of 3.0, HW is known for being the expansion that CAUSES depression",1411584616985620488,xierh,[],,[],
68,https://twitter.com/1337empire/status/1411555641693335553,2021-07-04 05:21:05+00:00,"@_natashahassan In the shadowplay, acting out your own death, knowing no more, Curtis suffered from epilepsy and depression and died by suicide on the eve of Joy Division's first North American tour and shortly before the release of Closer. His death led to the band's dissolution and the subsequ",1411555641693335553,1337empire,[],,[],
69,https://twitter.com/adindaristian/status/1411530462434971651,2021-07-04 03:41:01+00:00,"I remember he was sing this song before he decided to suicide. He looks so happy with his family. But in fact, we don't know what his feels. Depression everywhere… take care of those around you. https://t.co/1sKwQGKV3s",1411530462434971651,adindaristian,[],,[],
70,https://twitter.com/marcuswongjw/status/1411523094376640520,2021-07-04 03:11:45+00:00,"Impression without expression = depression

Came across this quote while flipping through some old records.

#QuoteOfTheDay",1411523094376640520,marcuswongjw,[],,[],
71,https://twitter.com/tony_macwan/status/1411518989805699078,2021-07-04 02:55:26+00:00,POWERFUL TESTIMONY FROM SATANISM WITCHCRAFT DRUGS DEPRESSION BROKENNESS TO JESUS CHRIST PROPHECY https://t.co/xW1jmdcDjL https://t.co/hz4od76YZi,1411518989805699078,tony_macwan,"['http://www.youtube.com/watch?feature=player_embedded&v=RpnVe-CCCSc', 'https://thechristian31.wordpress.com/2021/07/04/powerful-testimony-from-satanism-witchcraft-drugs-depression-brokenness-to-jesus-christ-prophecy/']",http://www.youtube.com/watch?feature=player_embedded&v=RpnVe-CCCSc https://thechristian31.wordpress.com/2021/07/04/powerful-testimony-from-satanism-witchcraft-drugs-depression-brokenness-to-jesus-christ-prophecy/,"['https://t.co/xW1jmdcDjL', 'https://t.co/hz4od76YZi']",https://t.co/xW1jmdcDjL https://t.co/hz4od76YZi
72,https://twitter.com/LocalMemeLad/status/1411507367368220675,2021-07-04 02:09:15+00:00,"Which d you want, dick or depression",1411507367368220675,LocalMemeLad,[],,[],
73,https://twitter.com/elouease/status/1411503727974830082,2021-07-04 01:54:47+00:00,"a shitty thing about trauma is that when your life is stable, it feels like the threshold of suffering is too low.  like heartbreak, anxiety, depression, are invalid, bc you've suffered worse. i keep forgetting that i deserve to live fully. i keep settling for less than i deserve",1411503727974830082,elouease,[],,[],
74,https://twitter.com/bildhover/status/1411337617367523333,2021-07-03 14:54:44+00:00,"@Walbaby_Kater Keine Depression mehr, danke Pfizer",1411337617367523333,bildhover,[],,[],
75,https://twitter.com/BadChoiceBro/status/1411326074407907329,2021-07-03 14:08:51+00:00,thinking about going back to school in 2 months gives me depression,1411326074407907329,BadChoiceBro,[],,[],
76,https://twitter.com/fooyinpeng/status/1411312522540380171,2021-07-03 13:15:00+00:00,@starheal Libra/Aquarius are not ideal signs for the sun according to ancient astrology. Sun in its fall and depression...,1411312522540380171,fooyinpeng,[],,[],
77,https://twitter.com/tumblrisabitch/status/1411275251548233731,2021-07-03 10:46:54+00:00,Post climax depression is a thing,1411275251548233731,tumblrisabitch,[],,[],
78,https://twitter.com/AChVoice/status/1411255948165910530,2021-07-03 09:30:12+00:00,"“I need to be her #advocate, her mouthpiece, her #support, her friend, her ally, until she steps fully into being her own (which she is beautifully and vulnerably beginning to do)"":  https://t.co/dz1AcECah4 @TheMightySite #MentalHealth #depression #parenting",1411255948165910530,AChVoice,['https://buff.ly/2SnRb8r'],https://buff.ly/2SnRb8r,['https://t.co/dz1AcECah4'],https://t.co/dz1AcECah4
79,https://twitter.com/Sive_N/status/1411231612717600768,2021-07-03 07:53:30+00:00,Men are such natural gas lighters!!! That guy was so quick to take the postpartum depression narrative  but not say shit about the cheating!!! Oh Lee-Ann 😕,1411231612717600768,Sive_N,[],,[],
80,https://twitter.com/Danish_arrow/status/1411215339543695361,2021-07-03 06:48:50+00:00,Is there a vaccine for depression,1411215339543695361,Danish_arrow,[],,[],
81,https://twitter.com/_narms/status/1411199821248045061,2021-07-03 05:47:10+00:00,"No Covid, No Quarantine, No Tik Tok No worries, No depression - Good times",1411199821248045061,_narms,[],,[],
82,https://twitter.com/Aten_Timah/status/1411158892495577094,2021-07-03 03:04:32+00:00,"Sampai kat radio pun dj bgtau kalau tgh betul2 susah boleh minta bantuan dari dorang.. tak dapat bayangkan apa yg org2 tgh susah tgh alami skrg.. sampai kes depression &amp; bunuh diri meningkat.. syukur walaupun tgh tak kerja tapi masih ok2 je, masih mampu beli mknan sedap2",1411158892495577094,Aten_Timah,[],,[],
83,https://twitter.com/AbangSyaft/status/1411154080945213442,2021-07-03 02:45:25+00:00,Sometimes I wonder if I'll ever be cured from depression.,1411154080945213442,AbangSyaft,[],,[],
84,https://twitter.com/rasmalaix/status/1411149364404183041,2021-07-03 02:26:41+00:00,@eashamx3 It’s me trying to cope with my depression leave me alone 😭,1411149364404183041,rasmalaix,[],,[],
85,https://twitter.com/SectsShop/status/1411131713011523585,2021-07-03 01:16:32+00:00,"Congrats @hippopobunz on your 10 year long service award at @depression_designs / @sects.shop 

#depressiondesigns
#sectsshop @ Orchard Road https://t.co/TjI0BUNGQQ",1411131713011523585,SectsShop,['https://www.instagram.com/p/CQ2KQ8Xhr67/?utm_medium=twitter'],https://www.instagram.com/p/CQ2KQ8Xhr67/?utm_medium=twitter,['https://t.co/TjI0BUNGQQ'],https://t.co/TjI0BUNGQQ
86,https://twitter.com/JohnpaulLow/status/1411130257633988610,2021-07-03 01:10:45+00:00,Are you an early morning riser? You may be at a lower risk of depression compared to night owls https://t.co/OaePmAeolZ,1411130257633988610,JohnpaulLow,['https://cnalifestyle.channelnewsasia.com/wellness/higher-risk-depression-night-owl-morning-people-15093744'],https://cnalifestyle.channelnewsasia.com/wellness/higher-risk-depression-night-owl-morning-people-15093744,['https://t.co/OaePmAeolZ'],https://t.co/OaePmAeolZ
87,https://twitter.com/kerisheenaa/status/1411117390142705667,2021-07-03 00:19:37+00:00,mental health doesn’t always mean depression there are various forms of mental health issue and has it own individual seriousness and symptoms and causes. And schizophrenia i also something you shouldn’t take lightly. 🥺,1411117390142705667,kerisheenaa,[],,[],
88,https://twitter.com/ChannelNewsAsia/status/1411097630784950272,2021-07-02 23:01:06+00:00,Are you an early morning riser? You may be at a lower risk of depression compared to night owls https://t.co/UGLLrIxKgK https://t.co/6LTjhyx2ww,1411097630784950272,ChannelNewsAsia,['https://cna.asia/2SIqDyP'],https://cna.asia/2SIqDyP,['https://t.co/UGLLrIxKgK'],https://t.co/UGLLrIxKgK
89,https://twitter.com/heherah/status/1411055766182666240,2021-07-02 20:14:45+00:00,"Angry again at the psych who heard how impacted I am by unmedicated ADHD, even after proof of meds by private psych that worked and decided I’m not ADHD cause I don’t fit into the hyperactive little boy template  😡😡. Also why are they so eager to medicate anxiety/depression.",1411055766182666240,heherah,[],,[],
90,https://twitter.com/a2sab6/status/1411048141210722305,2021-07-02 19:44:27+00:00,dépression https://t.co/3Pe20eVl91,1411048141210722305,a2sab6,['https://twitter.com/WebbedBat/status/1411044090964168707'],https://twitter.com/WebbedBat/status/1411044090964168707,['https://t.co/3Pe20eVl91'],https://t.co/3Pe20eVl91
91,https://twitter.com/LilLeftofNormal/status/1410993018094505985,2021-07-02 16:05:25+00:00,"@WhatTheADHD hello! i'm megan!
- undergrad in creative writing and psych, 22 years old
- currently obsessed with queen's gambit
- anxiety, depression, panic disorder (my brain is such a fun party)
- used to regularly do ballet &amp; contemporary, now i write poems",1410993018094505985,LilLeftofNormal,[],,[],
92,https://twitter.com/SGinsightful/status/1410992436223094784,2021-07-02 16:03:06+00:00,Psilocybin-Assisted Therapy May be 4x More Effective in Treating Major Depression in Patients https://t.co/t7Le06RKSp,1410992436223094784,SGinsightful,['https://app.quuu.co/r/01oeE'],https://app.quuu.co/r/01oeE,['https://t.co/t7Le06RKSp'],https://t.co/t7Le06RKSp
93,https://twitter.com/yatttt__/status/1410965137209446405,2021-07-02 14:14:37+00:00,"Jangan sedap mulut je.

Semua org tgh struggle, desperate, stress, depression... https://t.co/inybyLaKP3",1410965137209446405,yatttt__,['https://twitter.com/h4fiss/status/1410885536420548617'],https://twitter.com/h4fiss/status/1410885536420548617,['https://t.co/inybyLaKP3'],https://t.co/inybyLaKP3
94,https://twitter.com/dirkcryptodiggy/status/1410941819123208196,2021-07-02 12:41:58+00:00,"@DonCryptoDraper It's hard to say, many people are talking about an everything bubble and next great depression... what if all the fiat printing leads to the biggest meltup in history ever. Venezuela and Argentina stock markets are a good example?",1410941819123208196,dirkcryptodiggy,[],,[],
95,https://twitter.com/_lekapu/status/1410901347629776901,2021-07-02 10:01:09+00:00,"A man can get paid today, pay bills and buy groceries and be left with money for going to work, without going through depression.

On the other hand a woman will go into depression if the same were to happen to her.

We are indeed natural providers.",1410901347629776901,_lekapu,[],,[],
96,https://twitter.com/jolovanwham/status/1410862594508812288,2021-07-02 07:27:09+00:00,"CW: suicide, depression
Tying someone to the bed, leaving the lights on for 24 hours, in a hot and stuffy room, without mental health support, is not how you help someone who is suicidal. @SingaporePrison needs to change how it treats it's inmates
https://t.co/RXVIaSbWHJ",1410862594508812288,jolovanwham,['https://youtu.be/gbP7ZNygSYs'],https://youtu.be/gbP7ZNygSYs,['https://t.co/RXVIaSbWHJ'],https://t.co/RXVIaSbWHJ
97,https://twitter.com/_lekapu/status/1410861452462809092,2021-07-02 07:22:37+00:00,Depression started when you wanted an iphone o sa bereke. 🤞🏽,1410861452462809092,_lekapu,[],,[],
98,https://twitter.com/CryptoCaligh/status/1410857263665876995,2021-07-02 07:05:58+00:00,"Great Depression 2.0

Ala 1929-1932 https://t.co/CdVYHH6XXV",1410857263665876995,CryptoCaligh,['https://twitter.com/AltcoinPsycho/status/1410693936960598019'],https://twitter.com/AltcoinPsycho/status/1410693936960598019,['https://t.co/CdVYHH6XXV'],https://t.co/CdVYHH6XXV
99,https://twitter.com/nrmnnaa/status/1410841794384785415,2021-07-02 06:04:30+00:00,"Are you kidding me? Mcm mna rakyat nk tunjuk keadaan dyorg.. Tunggu korang datang..?Lambat lagi.. Bila kes bunuh diri, depression meningkat.. Katanya masalah peribadi.. Come on guys??! https://t.co/7ZgVwAvD5p",1410841794384785415,nrmnnaa,['https://twitter.com/MehmedAezhad/status/1410552639591313414'],https://twitter.com/MehmedAezhad/status/1410552639591313414,['https://t.co/7ZgVwAvD5p'],https://t.co/7ZgVwAvD5p
100,https://twitter.com/yunhaziq/status/1410840684680990723,2021-07-02 06:00:06+00:00,Aku tak kisah sia menteri nak mati anak beranak. Aku risau mental health family aku and sedara mara aku semua je. Duduk memerap kat rumah boleh walaupun ada duit pun boleh build anxiety and depression tau ak. #kerajaanbangsat apa tau dorang stress2 pergi holiday,1410840684680990723,yunhaziq,[],,[],
101,https://twitter.com/viiieeeraa/status/1410831547612024837,2021-07-02 05:23:47+00:00,"The most insensitive thing you can say to PhD students is “Lamanya buat PhD”. 

Please don’t ever say that to anyone that you know yg buat PhD. It’s not an easy journey. 

PhD depression, financial problems, relationship problem dgn SV. Yg dh berkeluarga lagi la.",1410831547612024837,viiieeeraa,[],,[],
102,https://twitter.com/sha_hamzzi/status/1410811001923149827,2021-07-02 04:02:09+00:00,"I focused so much on kpop nowadays bcs if i don't, I'd be crushed with depression and coping with the absence of my husband.",1410811001923149827,sha_hamzzi,[],,[],
103,https://twitter.com/NadiaDaeng/status/1410790196329676801,2021-07-02 02:39:28+00:00,"That said, with common symptoms of depression - I’ll have days where I just don’t have it in me to do the things I usually would love to or makes me happy.

Yes, some of those days include not wanting to exist.",1410790196329676801,NadiaDaeng,[],,[],
104,https://twitter.com/NadiaDaeng/status/1410788847365943303,2021-07-02 02:34:07+00:00,"I’ve had depression for some time now, as a result of family trauma and caregiver burnout. More recently formally diagnosed with MDD.

We talk about how the disease isn’t the person and I know I’m someone with the capacity to love but also generally just doesn’t take shit.",1410788847365943303,NadiaDaeng,[],,[],
105,https://twitter.com/Solar_Warlock/status/1410726601625534465,2021-07-01 22:26:46+00:00,@eunnieverse I didn't want to start the day with depression...,1410726601625534465,Solar_Warlock,[],,[],
106,https://twitter.com/Nsrllimn/status/1410704702874873857,2021-07-01 20:59:45+00:00,tapi lantak lah life kau kan ? aku nak amik port sangat buat apa hahah ikut la nak depression ke anxiety ke apa,1410704702874873857,Nsrllimn,[],,[],
107,https://twitter.com/Nsrllimn/status/1410703409213173766,2021-07-01 20:54:37+00:00,aik takkan ada bf pon still got depression ?? bf kau tak reti layan kau ke hahah,1410703409213173766,Nsrllimn,[],,[],
108,https://twitter.com/Nsrllimn/status/1410700223362392064,2021-07-01 20:41:57+00:00,aik kata ada bf ?? takkan ada bf pon still got depression ?,1410700223362392064,Nsrllimn,[],,[],
109,https://twitter.com/Raz_nsfw/status/1410632137473085444,2021-07-01 16:11:24+00:00,"tw // depression suicide

hey everyone

most of you guys would probably scroll past this tweet since this is nsfw twitter and you guys just come here to get off so it’s understandable 

but for those that do read through everything till the end i appreciate and love you a lot",1410632137473085444,Raz_nsfw,[],,[],
110,https://twitter.com/xxashyyyxx/status/1410601479707058196,2021-07-01 14:09:35+00:00,This depression nvr went away,1410601479707058196,xxashyyyxx,[],,[],
111,https://twitter.com/IzyanSyafiqah_/status/1410599132671070219,2021-07-01 14:00:15+00:00,How i miss my depression time . Can i get the time back ?,1410599132671070219,IzyanSyafiqah_,[],,[],
112,https://twitter.com/diniemaisyarah_/status/1410592937361108999,2021-07-01 13:35:38+00:00,Bahaya ke kalau dah ada simptom depression?,1410592937361108999,diniemaisyarah_,[],,[],
113,https://twitter.com/queeniemizuki/status/1410562779468079114,2021-07-01 11:35:48+00:00,i forgot about birthday depression,1410562779468079114,queeniemizuki,[],,[],
114,https://twitter.com/__JohnShelby__/status/1410542431460753411,2021-07-01 10:14:56+00:00,Fuck depression,1410542431460753411,__JohnShelby__,[],,[],
115,https://twitter.com/voniqq/status/1410534206904496128,2021-07-01 09:42:16+00:00,arena gives me stage 6 depression,1410534206904496128,voniqq,[],,[],
116,https://twitter.com/PrinceIrumi/status/1410524132639490051,2021-07-01 09:02:14+00:00,@NrGuuigz Dit il alors qu’il est en arret dépression,1410524132639490051,PrinceIrumi,[],,[],
117,https://twitter.com/SanCareAsia/status/1410419353263042567,2021-07-01 02:05:52+00:00,New #AI program could help screen #seniors for #depression and #anxiety through video calls. Read: https://t.co/R5TpO6c6Iq #eldercare #dementia #alzheimers #sancareasia https://t.co/tXfc7rA3zF,1410419353263042567,SanCareAsia,['http://tiny.cc/yvz2uz'],http://tiny.cc/yvz2uz,['https://t.co/R5TpO6c6Iq'],https://t.co/R5TpO6c6Iq
118,https://twitter.com/Void_Spectral/status/1410302132155265029,2021-06-30 18:20:05+00:00,"61006. Gurl why this number. But either way. You've been such a good boyfriend to me. Despite my depression, anxiety and BPD, you always tried to help me along the way. And ill do the same back. I always thought i'd be annoying to u but u stuck around. I love you very much ❤️",1410302132155265029,Void_Spectral,[],,[],
119,https://twitter.com/estoestacy/status/1410274750169976836,2021-06-30 16:31:16+00:00,How To Identify And Deal With Depression https://t.co/QEuc9P53fJ,1410274750169976836,estoestacy,['https://www.healthhub.sg/live-healthy/1296/how-to-identify-and-deal-with-depression'],https://www.healthhub.sg/live-healthy/1296/how-to-identify-and-deal-with-depression,['https://t.co/QEuc9P53fJ'],https://t.co/QEuc9P53fJ
120,https://twitter.com/remind_sg/status/1410250511735951361,2021-06-30 14:54:57+00:00,"Hey Re:Mind fam! Here are a few reminders for you ☀️ Send this to a friend who needs to see this!
#remind #mentalhealth #mentalhealthawareness #anxiety #depression #selfcare #selflove #health #mentalillness #reminder #motivationalquotes #inspirationalquotes #inspirational https://t.co/zRTbt7bHlG",1410250511735951361,remind_sg,[],,[],
121,https://twitter.com/ssammundiswary/status/1410228174877728778,2021-06-30 13:26:12+00:00,"ffs look at the status quo , the public are dying out of hunger , depression and so many unexplainable amount of problems &amp; this is what seems so important rn is it ? 

aven apdeh pogetumeh , irenteh matoh ennateh .... ?! https://t.co/c5Q8ANA0F6",1410228174877728778,ssammundiswary,['https://twitter.com/msianinsight/status/1410070484239011840'],https://twitter.com/msianinsight/status/1410070484239011840,['https://t.co/c5Q8ANA0F6'],https://t.co/c5Q8ANA0F6
122,https://twitter.com/syamilibrahim_/status/1410172463049150464,2021-06-30 09:44:49+00:00,"Org mati ramai, sebab covid, depression. Kau setakat sakit perut pun nk keluar statement. Apa jadah? https://t.co/7uN1uGyP0X",1410172463049150464,syamilibrahim_,['https://twitter.com/msianinsight/status/1410070484239011840'],https://twitter.com/msianinsight/status/1410070484239011840,['https://t.co/7uN1uGyP0X'],https://t.co/7uN1uGyP0X
123,https://twitter.com/Helsynelly/status/1409700187879051264,2021-06-29 02:28:10+00:00,@pemudabangsat Hahaha dorang ingat kau kuat tuh yat. Depression can comes to anyone kot.,1409700187879051264,Helsynelly,[],,[],
124,https://twitter.com/Helsynelly/status/1409684926958497792,2021-06-29 01:27:31+00:00,"@pemudabangsat Betul. Depression comes from various source. Burnout, stress, from families, people’s expectation. Tapi tula, “tak solat” jugak yg dorang nampak 😅",1409684926958497792,Helsynelly,[],,[],
125,https://twitter.com/eddydaud/status/1409645086757978113,2021-06-28 22:49:13+00:00,"@ULucq Something's happening Bro, for the 1st time in my life i am receiving recent pictures of people committing suicide in JB.The despair, the depression caused by ppl losing their jobs due to lockdowns is real.Its sad,will help where i can, but these lockdowns must be eased now lah.",1409645086757978113,eddydaud,[],,[],
126,https://twitter.com/_chiq/status/1409610463906734085,2021-06-28 20:31:38+00:00,Depression is not a joke.,1409610463906734085,_chiq,[],,[],
127,https://twitter.com/heyitspian/status/1409595509195505670,2021-06-28 19:32:13+00:00,"My depression is bad after I got my online test result. Might as well gonna go meet doctor when I’m back to sarawak. I push away marykay because I just can’t take the pressure right now with everything is going on. And now, before entering sarawak you must go for-",1409595509195505670,heyitspian,[],,[],
128,https://twitter.com/mohdazamansor/status/1409589375235592193,2021-06-28 19:07:50+00:00,"@hidayznl Lepas viral terus expose masalah diri sendiri nak bagi netizen kesian pale buto ! Masalah jantungla, depression dah ninggal hahahahahah",1409589375235592193,mohdazamansor,[],,[],
129,https://twitter.com/Helsynelly/status/1409536374412177411,2021-06-28 15:37:14+00:00,"Depression/anxiety not entirely bcs of you “tak solat” and “kurang iman”. Sometimes, things happened. They can turn to Allah to seek for calmness. But they need professional help also.",1409536374412177411,Helsynelly,[],,[],
130,https://twitter.com/_chiq/status/1408710316150517764,2021-06-26 08:54:46+00:00,Banyak nya kes suicide sebab depression.,1408710316150517764,_chiq,[],,[],
131,https://twitter.com/Vonbraun01/status/1408642247264915458,2021-06-26 04:24:17+00:00,"@julytalk It did not but what is really weird is the amount of people who went to my school who ended up taking their own life or having severe depression.
Read: MK-Ultra",1408642247264915458,Vonbraun01,[],,[],
132,https://twitter.com/nhidayahmzaini/status/1408586406113341440,2021-06-26 00:42:24+00:00,Kawan stress depression cari aku,1408586406113341440,nhidayahmzaini,[],,[],
133,https://twitter.com/RKMUKHERJEE4/status/1408470908134510596,2021-06-25 17:03:27+00:00,@whosthatmiss Aur bhi gham hain zamaane mein 50 shades of depression ke alaawa,1408470908134510596,RKMUKHERJEE4,[],,[],
134,https://twitter.com/repployy/status/1408316116858900482,2021-06-25 06:48:22+00:00,"@MuhyiddinYassin bang, dah sebulan dah saya terperap kat rumah ni. Takde perubahan drastik dalam total kes pun ? Pls clarify why should i keep staying at home and barely surviving my crippling depression ?",1408316116858900482,repployy,[],,[],
135,https://twitter.com/JiexiTay/status/1406924473895243777,2021-06-21 10:38:28+00:00,Depression was anger turned against the self,1406924473895243777,JiexiTay,[],,[],
136,https://twitter.com/SectsShop/status/1406773661521133568,2021-06-21 00:39:12+00:00,"SECTS SHOP MULTI-LABEL CONCEPT STORE BY DEPRESSION

📍 Orchard Gateway 04-14 Singapore 

📱 online https://t.co/Aot6TSXmat @ Singapore https://t.co/jEdnc4GrJs",1406773661521133568,SectsShop,"['http://sectsshop.com', 'https://www.instagram.com/p/CQXMdH1hIAX/?utm_medium=twitter']",http://sectsshop.com https://www.instagram.com/p/CQXMdH1hIAX/?utm_medium=twitter,"['https://t.co/Aot6TSXmat', 'https://t.co/jEdnc4GrJs']",https://t.co/Aot6TSXmat https://t.co/jEdnc4GrJs
137,https://twitter.com/ahmdkhld_/status/1405117288928354311,2021-06-16 10:57:22+00:00,"Alhamdulillah! Depression aku belum sampai tahap ni lagi. Nasib ada kawan yg baik baik, family yg sentiasa support aku, cuma single je skrg ni 💔 https://t.co/0oP3jLpt3P",1405117288928354311,ahmdkhld_,['https://twitter.com/jnmalaysia/status/1404746628678914052'],https://twitter.com/jnmalaysia/status/1404746628678914052,['https://t.co/0oP3jLpt3P'],https://t.co/0oP3jLpt3P
138,https://twitter.com/etherealsnowie/status/1404026510353199104,2021-06-13 10:43:00+00:00,"The only reason I’m holding back from dying is cause I don’t want the news to report as 【female 26, lost to depression or something】I don’t lose and won’t lose and I’m freaking sane. Why must suicidal thoughts always be linked with mental illness?",1404026510353199104,etherealsnowie,[],,[],
139,https://twitter.com/abluekindoflove/status/1403906525240848384,2021-06-13 02:46:13+00:00,"nothing feels better than sore arms, sore shoulders and depression",1403906525240848384,abluekindoflove,[],,[],
140,https://twitter.com/cwcchun/status/1403680176592986120,2021-06-12 11:46:47+00:00,"Mental health issues are things that we should talk about openly. High functioning depression is something that exists in our society. Talk about it, talk to someone, write about, get it out of your head. #Mentalhealth #staypositive #anxiety #MentalHealthMatters #depression",1403680176592986120,cwcchun,[],,[],
141,https://twitter.com/lady_aphrael/status/1403575027816042499,2021-06-12 04:48:58+00:00,@Iampsv1 Well. I had 2 besties &amp; I thought that one of them was my soulmate.. ended up I was wrong &amp; that all along I was the only one giving unconditional love &amp; not getting the same back. Only saw the truth when something happened. Let’s just say it triggered my depression hard.,1403575027816042499,lady_aphrael,[],,[],
142,https://twitter.com/hanakarsnan/status/1402931391868792834,2021-06-10 10:11:23+00:00,Thank god I’m not working today. The number of phone calls from all annoying uncle and aunties for a reservation I swear I’m not ready for another depression. I really don’t mind if they are nice but some can go to an extend to threaten or use vulgar just for 1 table! Pathetic,1402931391868792834,hanakarsnan,[],,[],
143,https://twitter.com/TKamot/status/1401940947148046340,2021-06-07 16:35:43+00:00,"Crypto guys who are mostly coming from the “London bridge is falling down and tomorrow the economy will be in depression, the gold guys” are really butt hurt… how can they now exult every tweet of Elon  as “I told you so Doge / BTC is going to the moon” @Falconwingsnj https://t.co/VOS1H6mVl3",1401940947148046340,TKamot,['https://twitter.com/Falconwingsnj/status/1401939676353662976'],https://twitter.com/Falconwingsnj/status/1401939676353662976,['https://t.co/VOS1H6mVl3'],https://t.co/VOS1H6mVl3
144,https://twitter.com/SyafiqMusa___/status/1401746501643083779,2021-06-07 03:43:03+00:00,"@saiflikwn Kakakakaak teruk betul, depression ka",1401746501643083779,SyafiqMusa___,[],,[],
145,https://twitter.com/fendy_ffcc/status/1401001308501397510,2021-06-05 02:21:55+00:00,😭😭😭 ape itu depression &amp; anxiety ? aku serabut la skrg. xnk jumpe sesiapa bole x buat masa skrg,1401001308501397510,fendy_ffcc,[],,[],
146,https://twitter.com/nasseramparna/status/1400943979722526720,2021-06-04 22:34:07+00:00,"If uou are having depression, no matter how dark it is... there is a thin light that will remind you not to end your life because of pain. We are with you fighting this. 🤗",1400943979722526720,nasseramparna,[],,[],
147,https://twitter.com/DEPRESSIONcomsg/status/1400245614131126273,2021-06-03 00:19:04+00:00,"DEPRESSION CONCEPT STORE 

@sects.shop

Orchard Gateway 04-14 Singapore 

12-10pm daily @ Singapore https://t.co/hxjTs4Fnzd",1400245614131126273,DEPRESSIONcomsg,['https://www.instagram.com/p/CPoz1_7NSBE/?utm_medium=twitter'],https://www.instagram.com/p/CPoz1_7NSBE/?utm_medium=twitter,['https://t.co/hxjTs4Fnzd'],https://t.co/hxjTs4Fnzd
148,https://twitter.com/DEPRESSIONcomsg/status/1400244450320863235,2021-06-03 00:14:26+00:00,"DEPRESSION CONCEPT STORE 

@sects.shop

Orchard Gateway 04-14 Singapore 

12-10pm daily @ Singapore https://t.co/HNlFBOtpel",1400244450320863235,DEPRESSIONcomsg,['https://www.instagram.com/p/CPozUKStt1V/?utm_medium=twitter'],https://www.instagram.com/p/CPozUKStt1V/?utm_medium=twitter,['https://t.co/HNlFBOtpel'],https://t.co/HNlFBOtpel
149,https://twitter.com/DEPRESSIONcomsg/status/1400244265951846400,2021-06-03 00:13:42+00:00,"DEPRESSION CONCEPT STORE 

@sects.shop

Orchard Gateway 04-14 Singapore 

12-10pm daily @ Singapore https://t.co/K0u3wpKpH5",1400244265951846400,DEPRESSIONcomsg,['https://www.instagram.com/p/CPozOw_NDMg/?utm_medium=twitter'],https://www.instagram.com/p/CPozOw_NDMg/?utm_medium=twitter,['https://t.co/K0u3wpKpH5'],https://t.co/K0u3wpKpH5
150,https://twitter.com/DEPRESSIONcomsg/status/1400243741231833088,2021-06-03 00:11:37+00:00,"DEPRESSION CONCEPT STORE 

@sects.shop

Orchard Gateway 04-14 Singapore 

12-10pm daily @ SECTS SHOP https://t.co/rZEIfVKKpB",1400243741231833088,DEPRESSIONcomsg,['https://www.instagram.com/p/CPoy_T9tgeE/?utm_medium=twitter'],https://www.instagram.com/p/CPoy_T9tgeE/?utm_medium=twitter,['https://t.co/rZEIfVKKpB'],https://t.co/rZEIfVKKpB
151,https://twitter.com/mouthgasmskudai/status/1399974208369676289,2021-06-02 06:20:36+00:00,"ANXIETY? DEPRESSION? 

Pkp ni asyik duduk kat rumah je. Serba tak kena dibuatnya😩 

Kita kena jaga mental dan fizikal juga tau. 

Enjoy every moment dengan orang tersayang, ada girlfriend call, rasa bosan tengok netflix, rasa nak snacking cari Mouthgasm 💋

Link order di bio 😉 https://t.co/G4Kr1BhVze",1399974208369676289,mouthgasmskudai,[],,[],
152,https://twitter.com/GlendaChongCNA/status/1399547634201731074,2021-06-01 02:05:32+00:00,"""The truth is that I have suffered long bouts of depression since the U.S. Open in 2018 and I have had a really hard time coping with that” Naomi Osaka https://t.co/wU62wOEO0j",1399547634201731074,GlendaChongCNA,['https://twitter.com/Reuters/status/1399539947279949827'],https://twitter.com/Reuters/status/1399539947279949827,['https://t.co/wU62wOEO0j'],https://t.co/wU62wOEO0j
153,https://twitter.com/missdayaah/status/1397598359888691202,2021-05-26 16:59:49+00:00,having depression was really killing me but i have to endure it,1397598359888691202,missdayaah,[],,[],
154,https://twitter.com/skinnylatte/status/1397466320019525633,2021-05-26 08:15:09+00:00,"Me: I get winter depression in San Francisco 

Also me: I get unreasonably grumpy when my Singapore hotel room is too dim and romantic and not bright enough",1397466320019525633,skinnylatte,[],,[],
155,https://twitter.com/DSanonymous27/status/1397191472714235905,2021-05-25 14:03:00+00:00,@rizee_chan @Eelllayyylaaaaa Can i join and just listen ?. I myself is suferring from anxieties (panic attavk disorder) and depression..,1397191472714235905,DSanonymous27,[],,[],
156,https://twitter.com/7Millionaire1/status/1395695676659359748,2021-05-21 10:59:14+00:00,@mr85394 @JessieJoeJacobs @AssistNetwork @Opti_Me @Durdy_Boy @wilkymike100 @HealOnPurpose @Courtney @WYP_JBradfield @ThePaintedBrain @boromancan @WYP_HBrear @bouncebackabil @MHBlogAwards @SusannahBirch @AngieLock50 @depression_yrna @connectablelife @neilhoultram @fabiand Thank you 🙏🏻,1395695676659359748,7Millionaire1,[],,[],
157,https://twitter.com/jasimuddin3133/status/1393597125783478276,2021-05-15 16:00:21+00:00,Depression 😱😱 https://t.co/iC42UaYj1u,1393597125783478276,jasimuddin3133,[],,[],
158,https://twitter.com/AliffDanielBlog/status/1393591676468293639,2021-05-15 15:38:42+00:00,"Nobody should take Demi Lovato seriously as their role model.

I have people on my feed glorifying depression and drugs, just to feel the same way as she does. That’s not how you idolise someone.",1393591676468293639,AliffDanielBlog,[],,[],
159,https://twitter.com/sawayamadoll/status/1391285898944286723,2021-05-09 06:56:21+00:00,why is my depression not going away like... the semester is over u can leave now https://t.co/gaAG1zN4PI,1391285898944286723,sawayamadoll,[],,[],
160,https://twitter.com/DEPRESSIONcomsg/status/1389742277514317824,2021-05-05 00:42:33+00:00,Depression Street Style https://t.co/O3m8UyNE16,1389742277514317824,DEPRESSIONcomsg,[],,[],
161,https://twitter.com/kurodatenshi/status/1389465050373525508,2021-05-04 06:20:57+00:00,"@quailpigeondove @bfdibound Reminds me of an ex bestfriend who said she’d support me (after I explained over email I have depression and what it’s like), then goes on to say she has no interest in befriending a coward when I did not respond to her email 3 days later 🙄",1389465050373525508,kurodatenshi,[],,[],
162,https://twitter.com/ZhengpingLiow/status/1388908657333530628,2021-05-02 17:30:03+00:00,"Optimism can only happen in the face of (slight?) depression. We’re all in a gloomy state. Why do we even smile? Perhaps, to trick our minds into believing that all will be alright. Is that optimism? I don’t know…",1388908657333530628,ZhengpingLiow,[],,[],
163,https://twitter.com/mxzzygxth/status/1388865703143378946,2021-05-02 14:39:22+00:00,"Instead of asking question via whatsapp, why not pay a visit... i think i will die of caregiver depression soon... and my thoughts seems to be getting more and more irrelevant...",1388865703143378946,mxzzygxth,[],,[],
164,https://twitter.com/Fit3_Ardilla/status/1388386963854565384,2021-05-01 06:57:01+00:00,Depression plus anxiety is no JOKE!,1388386963854565384,Fit3_Ardilla,[],,[],
165,https://twitter.com/bizarre_day_/status/1387199628429316097,2021-04-28 00:18:58+00:00,"Attachment is, therefore, a potential cause for suffering, because attachment brings about fear of loss and, with loss, we go back into apathy, depression, and grief
#psychologist #psychology #photography #singapore #ketolifestyle #ketolovers #keto #theself #mentalhealth https://t.co/BRuHDJItQi",1387199628429316097,bizarre_day_,[],,[],
166,https://twitter.com/xavtheworld/status/1385922439276765186,2021-04-24 11:43:53+00:00,"As somebody who suffers from anxiety and depression, I cannot accept that these disorders are completely my and my body's fault, and find cause in generations of class struggle, racism, anti-intellectualism, elitism, bureaucracy, colonialism &amp; corruption in the Philippines.",1385922439276765186,xavtheworld,[],,[],
167,https://twitter.com/rubyissoamazing/status/1384397716680167432,2021-04-20 06:45:11+00:00,I’m so sad rn #depression #faint,1384397716680167432,rubyissoamazing,[],,[],
168,https://twitter.com/salina_hamid/status/1383733457918984196,2021-04-18 10:45:39+00:00,"Yaa I never imagine I had depression, mber terdekat dh mintak aku ke kaunselor tpi aku tk gerak2 lg.",1383733457918984196,salina_hamid,[],,[],
169,https://twitter.com/salina_hamid/status/1383708374152278022,2021-04-18 09:05:59+00:00,Tahun ni paling banyak dugaan. Aku pun tk thu setabah mana aku boleh hadap sorang2. Paling tk sangka depression aku makin teruk. Cm tk caya tpi tu laa kenyataan,1383708374152278022,salina_hamid,[],,[],
170,https://twitter.com/____gh0st____/status/1383628996433256451,2021-04-18 03:50:33+00:00,"also bfr she came up i gotta admit that i was a misogynist, i don't blame anyone for it cuz I don't wanna start another cycle of hatred or arguments. Could imagine being person who suffering from depression + trust issue+ anxiety + being misogynist and in the same time..",1383628996433256451,____gh0st____,[],,[],
171,https://twitter.com/JMsLeftShoulder/status/1383416229918957582,2021-04-17 13:45:06+00:00,"And now for the PCD. Post-Concert Depression is very real when it comes to BTS. It’s been a blast #BTSARMY! @BTS_twt 
#BANGBANGCON2021",1383416229918957582,JMsLeftShoulder,[],,[],
172,https://twitter.com/DEPRESSIONcomsg/status/1382488201328152579,2021-04-15 00:17:27+00:00,Sects Shop by Depression - multi-label concept store in Singapore https://t.co/9h2bDuDR23,1382488201328152579,DEPRESSIONcomsg,[],,[],
173,https://twitter.com/DEPRESSIONcomsg/status/1381762367554420738,2021-04-13 00:13:14+00:00,Juntang in DEPRESSION https://t.co/Zz6jacyARj,1381762367554420738,DEPRESSIONcomsg,[],,[],
174,https://twitter.com/DEPRESSIONcomsg/status/1380677761296044034,2021-04-10 00:23:24+00:00,Wishing our Sects Shop / Depression co-founder ANDREW LOH a HAPPY BIRTHDAY(Birthday) May all your wishes come true @depressionloh https://t.co/yulJCWOaQB,1380677761296044034,DEPRESSIONcomsg,[],,[],
175,https://twitter.com/DEPRESSIONcomsg/status/1380319366009344006,2021-04-09 00:39:16+00:00,SECTS SHOP BY DEPRESSION - we are open everyday 12-10pm https://t.co/kjTBOyokDI,1380319366009344006,DEPRESSIONcomsg,[],,[],
176,https://twitter.com/DEPRESSIONcomsg/status/1379585803072860164,2021-04-07 00:04:21+00:00,SECTS SHOP BY DEPRESSION - we are open everyday 12-10pm https://t.co/tk5H2c4Yw6,1379585803072860164,DEPRESSIONcomsg,[],,[],
177,https://twitter.com/DEPRESSIONcomsg/status/1379227281114034176,2021-04-06 00:19:43+00:00,SECTS SHOP BY DEPRESSION - we are open everyday 12-10pm https://t.co/FK3aItLFse,1379227281114034176,DEPRESSIONcomsg,[],,[],
178,https://twitter.com/DEPRESSIONcomsg/status/1378862841566916609,2021-04-05 00:11:34+00:00,SECTS SHOP BY DEPRESSION - we are open everyday 12-10pm https://t.co/lsgAxUzzOl,1378862841566916609,DEPRESSIONcomsg,[],,[],
179,https://twitter.com/DathuRulz/status/1373499560161464322,2021-03-21 04:59:48+00:00,@atadakara @Gs__Vinod Haha Ade anna.. roju depression ki roju Mutton ante Inka ekkuva depression aipoddi ani 🏃🏃,1373499560161464322,DathuRulz,[],,[],
180,https://twitter.com/hyunpuuff/status/1373446214763442176,2021-03-21 01:27:49+00:00,jaebeom had depression ...,1373446214763442176,hyunpuuff,[],,[],
181,https://twitter.com/sayaterlalubaik/status/1373088404477419529,2021-03-20 01:46:01+00:00,Job + family + love + personal problems + loss of trust + loss of trust + failure + look down on + over thinking + stress = Depression,1373088404477419529,sayaterlalubaik,[],,[],
182,https://twitter.com/sawayamadoll/status/1372772687408361474,2021-03-19 04:51:28+00:00,why did my depression tiktok get 600 views i hate it here,1372772687408361474,sawayamadoll,[],,[],
183,https://twitter.com/eirrachipmunks/status/1372553032563499011,2021-03-18 14:18:38+00:00,Depression.,1372553032563499011,eirrachipmunks,[],,[],
184,https://twitter.com/ShaunDanish/status/1372050959044546563,2021-03-17 05:03:34+00:00,Every girl that I’ve ever liked has some sort of depression or family issue. Bruh. Next one gon have to be different,1372050959044546563,ShaunDanish,[],,[],
185,https://twitter.com/xavtheworld/status/1371757355575214081,2021-03-16 09:36:54+00:00,"I hate how my mental health has been so delicate lately, like I know for a fact that a job will get me out of this depression but I am also too depressed to find a job. Heeeeelp!",1371757355575214081,xavtheworld,[],,[],
186,https://twitter.com/ardiindhana/status/1371689681964855299,2021-03-16 05:07:59+00:00,"scrolling at instagram just make me feel depression and anxiety,, I can't handle my insecurity..",1371689681964855299,ardiindhana,[],,[],
187,https://twitter.com/3lly4fllh/status/1370760423503372291,2021-03-13 15:35:27+00:00,Depression dont leave. It lingers in you.,1370760423503372291,3lly4fllh,[],,[],
188,https://twitter.com/TrioShaa_Aziz/status/1368939804902055938,2021-03-08 15:00:57+00:00,"@l4l4l4_l4ili Kalau mampu, boleh rujuk pakar jika keadaan depression dah severe. Sorry kalau tersilap 😢",1368939804902055938,TrioShaa_Aziz,[],,[],
189,https://twitter.com/AdyAdyva/status/1366659335305105409,2021-03-02 07:59:11+00:00,Aku syak lama2 boleh depression!!,1366659335305105409,AdyAdyva,[],,[],
190,https://twitter.com/DEPRESSIONcomsg/status/1365474981040164865,2021-02-27 01:32:59+00:00,"Shop DEPRESSION VOL 5 

at Sects Shop Orchard Gateway Singapore or

Online https://t.co/AtLYOxhlcu https://t.co/QIZCdGzZgp",1365474981040164865,DEPRESSIONcomsg,['https://shopdepression.com/collections/vol5'],https://shopdepression.com/collections/vol5,['https://t.co/AtLYOxhlcu'],https://t.co/AtLYOxhlcu
191,https://twitter.com/dyeanasty/status/1364204038506442754,2021-02-23 13:22:43+00:00,"suffered from postpartum depression ok so? still deserves life imprisonment, she’s a murderer https://t.co/Tq0gT2yx8s",1364204038506442754,dyeanasty,['https://twitter.com/ChannelNewsAsia/status/1364162477353656322'],https://twitter.com/ChannelNewsAsia/status/1364162477353656322,['https://t.co/Tq0gT2yx8s'],https://t.co/Tq0gT2yx8s
192,https://twitter.com/DEPRESSIONcomsg/status/1364029049786392580,2021-02-23 01:47:22+00:00,"Shop DEPRESSION VOL 5 

at Sects Shop Orchard Gateway Singapore or

Online https://t.co/AtLYOxhlcu https://t.co/dnMA1B9odF",1364029049786392580,DEPRESSIONcomsg,['https://shopdepression.com/collections/vol5'],https://shopdepression.com/collections/vol5,['https://t.co/AtLYOxhlcu'],https://t.co/AtLYOxhlcu
193,https://twitter.com/lenatikah/status/1363829180501139456,2021-02-22 12:33:10+00:00,Skip breakfast sbb malam tak boleh tidur. Tp tidur dalam gelap pun still dulu ada anxiety dengan depression macam mana tu 😰 https://t.co/BqbvBfNR4t,1363829180501139456,lenatikah,['https://twitter.com/AkeemSharyzal/status/1363808429102391301'],https://twitter.com/AkeemSharyzal/status/1363808429102391301,['https://t.co/BqbvBfNR4t'],https://t.co/BqbvBfNR4t
194,https://twitter.com/DEPRESSIONcomsg/status/1363673427064754177,2021-02-22 02:14:15+00:00,"Shop DEPRESSION VOL 5 

at Sects Shop Orchard Gateway Singapore or

Online https://t.co/AtLYOxhlcu https://t.co/M802KHvz7C",1363673427064754177,DEPRESSIONcomsg,['https://shopdepression.com/collections/vol5'],https://shopdepression.com/collections/vol5,['https://t.co/AtLYOxhlcu'],https://t.co/AtLYOxhlcu
195,https://twitter.com/nurareefah/status/1363029009324367874,2021-02-20 07:33:34+00:00,"I just wonder, kalau ada postpartum blues dan postpartum depression, adakah ada jugak antenatal blues dan antenatal depression?

Jarang orang share about that",1363029009324367874,nurareefah,[],,[],
196,https://twitter.com/Versace1__/status/1362821627789123598,2021-02-19 17:49:30+00:00,"Ouais, mais après j'suis toujours en dépression quoi",1362821627789123598,Versace1__,[],,[],
197,https://twitter.com/Tatsuya24998806/status/1362474978642329601,2021-02-18 18:52:03+00:00,When some spoil.. anxiety &amp; depression attack at same time..i need sleeping pills..😭😭,1362474978642329601,Tatsuya24998806,[],,[],
198,https://twitter.com/DEPRESSIONcomsg/status/1362228875917357064,2021-02-18 02:34:07+00:00,"Shop DEPRESSION VOL 5 

at Sects Shop Orchard Gateway Singapore or

Online https://t.co/AtLYOxhlcu https://t.co/bDM29WIV4P",1362228875917357064,DEPRESSIONcomsg,['https://shopdepression.com/collections/vol5'],https://shopdepression.com/collections/vol5,['https://t.co/AtLYOxhlcu'],https://t.co/AtLYOxhlcu
199,https://twitter.com/DEPRESSIONcomsg/status/1361868482820775939,2021-02-17 02:42:03+00:00,"Shop DEPRESSION VOL 5 

at Sects Shop Orchard Gateway Singapore or

Online https://t.co/AtLYOxhlcu https://t.co/Gp4AUgLos6",1361868482820775939,DEPRESSIONcomsg,['https://shopdepression.com/collections/vol5'],https://shopdepression.com/collections/vol5,['https://t.co/AtLYOxhlcu'],https://t.co/AtLYOxhlcu
200,https://twitter.com/shaarkiess/status/1361055702907711488,2021-02-14 20:52:21+00:00,Welcome back depression,1361055702907711488,shaarkiess,[],,[],
201,https://twitter.com/HermanSpears/status/1360430245166260224,2021-02-13 03:27:00+00:00,I fell in love with @theelliottqueen  esp when she is talking about depression on national tv. Thanks for spreading awareness. I’m rooting for you queen. #DragRace,1360430245166260224,HermanSpears,[],,[],
202,https://twitter.com/SectsShop/status/1359343097029644290,2021-02-10 03:27:04+00:00,"SECTS SHOP [CNY RECOMMENDATIONS]

Hat - Depression   
Tee - Lion Dance by Sects   
Jacket - Julius  
Shorts - Rick Owens drkshdw 
Sneakers - Rick Owens drkshdw 

📍 all from Orchardgateway 04-14 Singapore https://t.co/18PfXlA9dY",1359343097029644290,SectsShop,[],,[],
203,https://twitter.com/SectsShop/status/1358620090699157505,2021-02-08 03:34:06+00:00,"SECTS SHOP [CNY RECOMMENDATIONS]

Chain - Gogo Philip 
Tee - Depression  
Mask - Depression
Jacket - Thom Krom 
Skorts - Depression 
Socks - Depression 
Boots - Raf Simons

📍 all from Orchardgateway 04-14 Singapore https://t.co/THTz9ozpFE",1358620090699157505,SectsShop,[],,[],
204,https://twitter.com/adamcylee/status/1358499976091848705,2021-02-07 19:36:48+00:00,"Oh, I was hopelessly depressed at the time. My depression lasted one and a half years. Poor me. Very fortunately my Mom redeemed my soul from the Abyss. https://t.co/dB6zTDVhwi",1358499976091848705,adamcylee,[],,[],
205,https://twitter.com/TheSyira/status/1352163001084755968,2021-01-21 07:55:56+00:00,Ramainya commit suicide sekarang. Aduh siapa siapa perlukan bahu carilah saya saya volunteer ni asalkan jangan diam sendiri. Sakit simpan sendiri #depression #anxiety #Berjuang Untuk Rakyat,1352163001084755968,TheSyira,[],,[],
206,https://twitter.com/SectsShop/status/1352088915432284164,2021-01-21 03:01:32+00:00,SECTS SHOP / DEPRESSION featured on lifestyle Asia https://t.co/sgNQLPdkAW,1352088915432284164,SectsShop,[],,[],
207,https://twitter.com/DEPRESSIONcomsg/status/1352088482718523393,2021-01-21 02:59:49+00:00,DEPRESSION / SECTS SHOP featured on Lifestyle Asia https://t.co/pm0Khv8s25,1352088482718523393,DEPRESSIONcomsg,[],,[],
208,https://twitter.com/DEPRESSIONcomsg/status/1350993423071932419,2021-01-18 02:28:26+00:00,DEPRESSION STREET STYLE https://t.co/5mCcuqmLHf,1350993423071932419,DEPRESSIONcomsg,[],,[],
209,https://twitter.com/SectsShop/status/1349557205943500803,2021-01-14 03:21:26+00:00,"Sweatshirt by Nilos 
Pants by AJO 
Cross Body Bag by Tobias Birk Nielsen 
Beret by Kangol 
Mask by Depression  
Sneakers by Nilos 

📍 everything from SectsShop Orchard Gateway Singapore 04-14

#sectsshopsale https://t.co/s78v17S6Z3",1349557205943500803,SectsShop,[],,[],
210,https://twitter.com/SectsShop/status/1349197583789350913,2021-01-13 03:32:25+00:00,"Hoodie by ZNY
Sweatpants by OY 
Vest by Tobias Birk Nielsen 
Bucket Hat by Depression  
Mask by Kangol  
Shoes by Rick Owens drkshdw 

📍 Everything from SECTS SHOP Orchard Gateway Singapore 04-14 https://t.co/XB4Imk2SPu",1349197583789350913,SectsShop,[],,[],
211,https://twitter.com/mfosgp/status/1349026204246896640,2021-01-12 16:11:25+00:00,"@jordanbpeterson “Having searched long and hard for something worse than depression, I finally found it in akathisia” Jordan B Munchausen",1349026204246896640,mfosgp,[],,[],
212,https://twitter.com/SectsShop/status/1348609833335853059,2021-01-11 12:36:54+00:00,"LS Tee by OY 
Pants by DEPRESSION   
Jacket by Rick Owens drkshdw 
Cap by takahiromiyashita x New Era
Mask by DEPRESSION 
Shoes by Raf Simons  

Everything from SECTS SHOP Orchard Gateway Singapore 04-14 #sectsshopsale https://t.co/YQBxmLCWyw",1348609833335853059,SectsShop,[],,[],
213,https://twitter.com/DEPRESSIONcomsg/status/1348609408998129666,2021-01-11 12:35:13+00:00,DEPRESSION ARCHIVE SALE - sects shop orchardgateway 04-14 now https://t.co/su7ALRjsXb,1348609408998129666,DEPRESSIONcomsg,[],,[],
214,https://twitter.com/mfosgp/status/1348123319178907649,2021-01-10 04:23:40+00:00,"@energyworx @jordanbpeterson His comment. Not mine. Who looks long and hard for something worse than depression? Baron Munchausen, that’s who...",1348123319178907649,mfosgp,[],,[],
215,https://twitter.com/SectsShop/status/1348109842875994113,2021-01-10 03:30:07+00:00,"𝐌𝐎𝐍𝐎𝐂𝐇𝐑𝐎𝐌𝐄 #SECTSSHOPSALE

Tee @takahiromiyashitathesoloist 

Pants @zny_worldwide 

Cardigan @depression.tribe 

Beanie @thomkrom_official 

Mask @depression.tribe 

Cross Body Bag @rickowensonline 

Sneakers @rafsimons 

📍 #SectsShop Orchard Gateway Singapore 04-14 https://t.co/Y4l1LVU4lv",1348109842875994113,SectsShop,[],,[],
216,https://twitter.com/SectsShop/status/1348105633560608770,2021-01-10 03:13:24+00:00,"LS Tee @oy_official 

Pants @depression.tribe 

Jacket @rickowensonline 

Cap @takahiromiyashitathesoloist @neweracap 

Mask @depression.tribe 

Shoes @rafsimons 

📍 #SectsShop Orchard Gateway Singapore 04-14 https://t.co/1s4d8VBmGp",1348105633560608770,SectsShop,['https://www.instagram.com/p/CJ2VU4KhYQx/?igshid=omeijfvy5llm'],https://www.instagram.com/p/CJ2VU4KhYQx/?igshid=omeijfvy5llm,['https://t.co/1s4d8VBmGp'],https://t.co/1s4d8VBmGp
217,https://twitter.com/mfosgp/status/1348082296457334787,2021-01-10 01:40:40+00:00,"@jordanbpeterson “Having searched long and hard for something worse than depression, I finally found it in akathisia” Jordan B Munchausen",1348082296457334787,mfosgp,[],,[],
218,https://twitter.com/SectsShop/status/1347740923426263040,2021-01-09 03:04:10+00:00,"Shades by @ziggy_chen @rigards 
Tee &amp; Mask by @depression.tribe 
Jacket by @ajo_ajobyajo_official 
Pants by @_julius7official 
Boots by @rickowensonline 

everything from sects shop https://t.co/JDsWaReXNh",1347740923426263040,SectsShop,[],,[],
219,https://twitter.com/DEPRESSIONcomsg/status/1347008367575797760,2021-01-07 02:33:15+00:00,DEPRESSION #ootd https://t.co/gs0m09Gcs9,1347008367575797760,DEPRESSIONcomsg,[],,[],
220,https://twitter.com/mfosgp/status/1346251058444603392,2021-01-05 00:23:59+00:00,"@jordanbpeterson @benshapiro “Having searched long and hard for something worse than depression, I finally found it in akathisia” Dr Jordan B Munchausen",1346251058444603392,mfosgp,[],,[],
221,https://twitter.com/aprilMT2/status/1345286320046841856,2021-01-02 08:30:27+00:00,"The sad truth is, going NS does NOT make them more mature or responsible. The only growth is their muscle and toxic masculinity....and prob depression",1345286320046841856,aprilMT2,[],,[],
222,https://twitter.com/MissFortuneCat/status/1344936642591670273,2021-01-01 09:20:57+00:00,Just had a 2h depression nap.,1344936642591670273,MissFortuneCat,[],,[],
223,https://twitter.com/vargaseous/status/1344882843575414785,2021-01-01 05:47:11+00:00,I'm ashamed to admit this but I started the year being nostalgic for The Chainsmokers...... why them..... but Closer somehow hits hard now that I haven't heard it for years after that point in my life where my depression peaked and the song was blaring EVERYWHERE,1344882843575414785,vargaseous,[],,[],
