,url,date,content,id,username,outlinks,outlinksss,tcooutlinks,tcooutlinksss
0,https://twitter.com/larryloh/status/1334338859165880320,2020-12-03 03:29:09+00:00,"Just received my #TwitterOwls block! Really glad and grateful for the support this year, and also being able to share and contribute in this crazy crazy year. #Gratitude #MentalHealthMatters @DoctorSchaefer https://t.co/bVYw7RHbGK",1334338859165880320,larryloh,[],,[],
1,https://twitter.com/larryloh/status/1316363551250903042,2020-10-14 13:01:42+00:00,"Doomscrolling or doomsurfing - the act of consuming an endless cycle of negative online news - is a real thing and I'm so guilty of it esp at night before I snooze. So much depressing news all the time is wearing me down now. #MentalHealthMatters
https://t.co/JqzmwRyAlW",1316363551250903042,larryloh,['https://www.wired.com/story/stop-doomscrolling'],https://www.wired.com/story/stop-doomscrolling,['https://t.co/JqzmwRyAlW'],https://t.co/JqzmwRyAlW
2,https://twitter.com/remind_sg/status/1280063960050356225,2020-07-06 09:00:05+00:00,"We can’t wait to welcome you into our wholesome team! 💚

Tag your friends who may be interested in joining as well! 💌
___
#ReMind #volunteer #marketing #marketers #recruitment #singapore #mentalhealth #mentalhealthmatters #mentalillness #selfcare #selflove #joinus",1280063960050356225,remind_sg,[],,[],
3,https://twitter.com/remind_sg/status/1280063413100531712,2020-07-06 08:57:54+00:00,"Here are our criteria:
•Be able to design and have an interest in marketing ✏️
•Be a final year university student or working in SG 🏫

#ReMind #volunteer #marketing #marketers #recruitment #singapore #mentalhealth #mentalhealthmatters #mentalillness #selfcare #selflove #joinus",1280063413100531712,remind_sg,[],,[],
4,https://twitter.com/inamirandaxx/status/1273085018844262400,2020-06-17 02:48:15+00:00,Finally taking a long leave!!! 😌 #MentalHealthMatters,1273085018844262400,inamirandaxx,[],,[],
5,https://twitter.com/teejayanu/status/1272382101984165888,2020-06-15 04:15:07+00:00,"As a teenager, I was the queen of fretting over ""fear of missing out"" even before #FOMO was a thing. But adulting has got to the other side of the spectrum. Joy of Missing Out. #JOMO 
#Mentalhealth #Peace #MentalHealthMatters #DoWhatYoyHaveTo",1272382101984165888,teejayanu,[],,[],
6,https://twitter.com/TrendsSingapore/status/1272153179421958144,2020-06-14 13:05:28+00:00,"#mentalhealthmatters is now trending in #Singapore

https://t.co/rCyih2Skp0 https://t.co/hiAMV7Ubwv",1272153179421958144,TrendsSingapore,['https://www.trendsmap.com/r/SG_SIN_pohabw'],https://www.trendsmap.com/r/SG_SIN_pohabw,['https://t.co/rCyih2Skp0'],https://t.co/rCyih2Skp0
7,https://twitter.com/yausophie_/status/1216622091740467200,2020-01-13 07:24:45+00:00,"Presented my abstract on our Mental Health Project, @CUHKMedicine first student-faculty collaboration on mental health at APMEC2020. The project still takes place annually, achieving our goal to be sustainable, approachable &amp; student centred
#MentalHealthMatters #MedEd https://t.co/W3So0BPOyD",1216622091740467200,yausophie_,[],,[],
