,url,date,content,id,username,outlinks,outlinksss,tcooutlinks,tcooutlinksss
0,https://twitter.com/DarthVet/status/1344220039369506817,2020-12-30 09:53:26+00:00,@AngryJoeShow  dude I agree with u... Suicide squad was wayyyy better then ww84,1344220039369506817,DarthVet,[],,[],
1,https://twitter.com/DarthVet/status/1344206617428955136,2020-12-30 09:00:06+00:00,I enjoyed suicide squad more than this rubbish .    Bloody hell #WW84,1344206617428955136,DarthVet,[],,[],
2,https://twitter.com/MissFortuneCat/status/1342519311127040000,2020-12-25 17:15:21+00:00,"My friends think my grandfather is cute. But he also has a history of being manipulative even in his youth. When my aunt was young, he would threaten to commit suicide if she didn't do what he wanted. I've always thought it was an Asian old people thing.",1342519311127040000,MissFortuneCat,[],,[],
3,https://twitter.com/fangirlatnight/status/1340859884498083842,2020-12-21 03:21:23+00:00,"they’re introducing her as well mannered, kind &amp; graceful. She has king 🤴cheoljong’s affection. 😏 but whether d  queen tried to commit suicide to frame her she’s there when it happened &amp; didnt ask help to save her. She got selfishness, jealousy and resentment inside. #MrQueen https://t.co/jeZAatVuEp",1340859884498083842,fangirlatnight,['https://twitter.com/Kdramalover96/status/1340645656407363585'],https://twitter.com/Kdramalover96/status/1340645656407363585,['https://t.co/jeZAatVuEp'],https://t.co/jeZAatVuEp
4,https://twitter.com/christsobs/status/1340549225617055744,2020-12-20 06:46:56+00:00,suicide seasonnnnnnnn https://t.co/iYXC6CClxJ,1340549225617055744,christsobs,['https://twitter.com/Shadowfaaax/status/1340027332946440192'],https://twitter.com/Shadowfaaax/status/1340027332946440192,['https://t.co/iYXC6CClxJ'],https://t.co/iYXC6CClxJ
5,https://twitter.com/Daniaru_/status/1339192589342261248,2020-12-16 12:56:08+00:00,"WHAT?! Brooklyn 99 suicide squad is the vulture, CJ &amp; captain wunch?! WHAAAAT NINE NINE!!!",1339192589342261248,Daniaru_,[],,[],
6,https://twitter.com/RENGOKU_SANN/status/1338501426234855427,2020-12-14 15:09:42+00:00,"cw: abuse, abortion, suicide. 

The fuck!! https://t.co/DmuKUDVYmm",1338501426234855427,RENGOKU_SANN,['https://twitter.com/dinghanbai/status/1338433391734054912'],https://twitter.com/dinghanbai/status/1338433391734054912,['https://t.co/DmuKUDVYmm'],https://t.co/DmuKUDVYmm
7,https://twitter.com/Vonbraun01/status/1338491537844359169,2020-12-14 14:30:25+00:00,@rabiasquared Wasn’t this solved ?  It was that dude who was released from prison and eventually committed suicide,1338491537844359169,Vonbraun01,[],,[],
8,https://twitter.com/MissFortuneCat/status/1338474546186178562,2020-12-14 13:22:54+00:00,"TW: Suicide 
.
.
.
.
.
.
.
.
.
.
Once someone I loved tried to take his own life in front of me. I stopped him. Sometimes I think about it because I always knew he loved me enough to die for me, but I didn't know if he loved me enough to live for me.",1338474546186178562,MissFortuneCat,[],,[],
9,https://twitter.com/gtfomal/status/1338137265512407040,2020-12-13 15:02:40+00:00,my adek is so obsessed w true beauty gawd she cried during ep1 when eunwoo lectured gayoung aft she tried to suicide ples this might be the start of her kdrama journey ive taught her well 🥺,1338137265512407040,gtfomal,[],,[],
10,https://twitter.com/Naran_YNWA/status/1336496751855878146,2020-12-09 02:23:51+00:00,too much young to commit suicide #pandianstore #vjchitu #ripmullai https://t.co/zOsAVXH66X,1336496751855878146,Naran_YNWA,[],,[],
11,https://twitter.com/aprilMT2/status/1336159430908375049,2020-12-08 04:03:27+00:00,"I think when u r on the edge of suicide, people telling u they care and sweet words from strangers don’t matter. (If it helps, you prob just needed attention) what you need is genuine feelings n affection from the people that matter n r close to you.",1336159430908375049,aprilMT2,[],,[],
12,https://twitter.com/a_dxniel/status/1335270929698439169,2020-12-05 17:12:52+00:00,Suicide drive. https://t.co/7QrFpUqmHB,1335270929698439169,a_dxniel,[],,[],
13,https://twitter.com/zaihanisme/status/1335089427031343105,2020-12-05 05:11:38+00:00,"It’s now expectedly on-brand of @MothershipSG to report on a suicide in HK involving juicy celeb goss, instead of treating the dead person with dignity. Putrid excuse for journalism.",1335089427031343105,zaihanisme,[],,[],
14,https://twitter.com/MisterTechBlog/status/1334672699541475330,2020-12-04 01:35:43+00:00,"Warner Bros to release 2021 movies with same-day streaming: Matrix 4, Dune, Suicide Squad, Godzilla, Space Jam

https://t.co/y32lm9O9RL",1334672699541475330,MisterTechBlog,['https://www.hollywoodreporter.com/news/warner-bros-smashes-box-office-windows-will-send-2021-slate-to-hbo-max-and-theaters'],https://www.hollywoodreporter.com/news/warner-bros-smashes-box-office-windows-will-send-2021-slate-to-hbo-max-and-theaters,['https://t.co/y32lm9O9RL'],https://t.co/y32lm9O9RL
15,https://twitter.com/_sufialcantara/status/1333949496833630209,2020-12-02 01:41:58+00:00,@Hamzah_yahzid Suicide threat,1333949496833630209,_sufialcantara,[],,[],
16,https://twitter.com/etherealsnowie/status/1330519905721085952,2020-11-22 14:34:00+00:00,I don’t want to suicide. But I don’t want to live as well.,1330519905721085952,etherealsnowie,[],,[],
17,https://twitter.com/kaiserfariz/status/1330316497311440896,2020-11-22 01:05:43+00:00,This is a disturbing suicide fact during PKP. Majoriti adalah lelaki. https://t.co/MJoieuxkdr,1330316497311440896,kaiserfariz,['https://twitter.com/MyFundAction/status/1330125216782094336'],https://twitter.com/MyFundAction/status/1330125216782094336,['https://t.co/MJoieuxkdr'],https://t.co/MJoieuxkdr
18,https://twitter.com/mxzzygxth/status/1328225750726578176,2020-11-16 06:37:50+00:00,"Euthanasia “Mercy Killing” -  physician-assisted suicide, where a person suffering from a terminal illness is legally(in some countries) allowed to end his or her life.",1328225750726578176,mxzzygxth,[],,[],
19,https://twitter.com/rakizahmat/status/1328215330213167105,2020-11-16 05:56:26+00:00,"parents: push child to suicide
parents: what nonsense is this, so weak you're a man move on",1328215330213167105,rakizahmat,[],,[],
20,https://twitter.com/homiliai/status/1327063426481352706,2020-11-13 01:39:11+00:00,"Suicide figures are up. Could 2 followers please copy and re-post this tweet? We’re trying to demonstrate that someone is always listening. 

Call 1800-221 4444 (Samaritans of Singapore hotline)

Just two. Any two. Copy, not retweet.",1327063426481352706,homiliai,[],,[],
21,https://twitter.com/adernny/status/1326903310947905536,2020-11-12 15:02:56+00:00,"PIECE OF ADVICE, HERE ARE THINGS U DONT FAKE: A PREGNANCY, DEATH ESPECIALLY SUICIDE, RAPE/SEXUAL ASSAULT, LITERALLY ANYTHING THAT BELONGS IN THESE CATEGORIES DONT FUCKING DO IT AND JUSTIFY YOUR ACTIONS AS A PRANK.",1326903310947905536,adernny,[],,[],
22,https://twitter.com/adernny/status/1326895573652410368,2020-11-12 14:32:11+00:00,"TW SUICIDE 

You damn fucking pathetic eh. I looked to you as a friend since we talked. I gave you advices on your fucking relationship and you come out and you pull this stunt. https://t.co/pIg0YMcMdr",1326895573652410368,adernny,[],,[],
23,https://twitter.com/adernny/status/1326894853435879430,2020-11-12 14:29:20+00:00,This motherfucker decided to go out here and fake a suicide and is now doing live smiling and removing people from his live. Fucking 18 years old. Bless your mom for giving birth to a fucking bitch like you.,1326894853435879430,adernny,[],,[],
24,https://twitter.com/PDesiraju/status/1324997869988835328,2020-11-07 08:51:24+00:00,"@RomeshSabharwal @ippatel How much stupidity u spill here. If not for Arnab, sushanths case would have closed by now like many others as a normal suicide case. It is a murder. If not for Arnab, India n world would not have come to know that Riah, her brother takes drugs n pedals drugs.",1324997869988835328,PDesiraju,[],,[],
25,https://twitter.com/kujangga_7/status/1324961160936845313,2020-11-07 06:25:32+00:00,Ni best part tido tak cukup . Lepas tu ade kes suicide plak . Memang kena makan kaki laa https://t.co/MxzcdtYsjB,1324961160936845313,kujangga_7,['https://twitter.com/yeetusfbaby/status/1324776327833112577'],https://twitter.com/yeetusfbaby/status/1324776327833112577,['https://t.co/MxzcdtYsjB'],https://t.co/MxzcdtYsjB
26,https://twitter.com/PDesiraju/status/1324608644890021888,2020-11-06 07:04:45+00:00,@beingtrolll @ishkarnBHANDARI How do you know that he wrote that suicide note willingly? What if somebody made him write n killed later? That case looks suspicious.,1324608644890021888,PDesiraju,[],,[],
27,https://twitter.com/IzzuddinSafuan/status/1324588264204820486,2020-11-06 05:43:46+00:00,"Finisar Malaysia is a racist company. Please take action on this company @DatukSaravanan . 

We need you to issue a statement that you will address this issue seriously before another worker commit suicide because of racist management.

Cc @MIC_Malaysia https://t.co/tX4drButXM",1324588264204820486,IzzuddinSafuan,['https://twitter.com/mokudesuka/status/1324520479516893185'],https://twitter.com/mokudesuka/status/1324520479516893185,['https://t.co/tX4drButXM'],https://t.co/tX4drButXM
28,https://twitter.com/PDesiraju/status/1324426948806811648,2020-11-05 19:02:45+00:00,"@MNageswarRaoIPS @Good74738318 @republic @CafeCoffeeDay @DgpKarnataka Sir, if financial troubles means,wife n husband might commit suicide together. But here, wife is living but man n his mother died. Something fishy. Is it really suicide or killed him after making him write the letter? Pl open the case know.",1324426948806811648,PDesiraju,[],,[],
29,https://twitter.com/PDesiraju/status/1324376849766477825,2020-11-05 15:43:41+00:00,"@barkhatrehan16 Yeah, how come her husband and his mother committed suicide? Generally if at all, it is like both wife n husband  know🤔.",1324376849766477825,PDesiraju,[],,[],
30,https://twitter.com/hafizzishakk/status/1324007611931353089,2020-11-04 15:16:28+00:00,@khairul_hafidz Kalau attempt suicide memang masuk jail eh?baru tau,1324007611931353089,hafizzishakk,[],,[],
31,https://twitter.com/MissFortuneCat/status/1323972649442111496,2020-11-04 12:57:32+00:00,Thinking about how a lot of lonely elderly commit suicide and here is my manipulative grandfather who threatens to commit suicide whenever he is upset at a family member.,1323972649442111496,MissFortuneCat,[],,[],
32,https://twitter.com/shddramr/status/1321353424223399938,2020-10-28 07:29:40+00:00,"Tengok statistic suicide case, Makin lama Makin tinggi. Tahu apa punca dia? Social Media. Suicidal rate Naik Tak pernah turun since dunia didedahkan dengan social media. Sayang lah orang sekeliling kau, Kita bukan dalam GTA.",1321353424223399938,shddramr,[],,[],
33,https://twitter.com/kosherjellyfish/status/1321341511854739456,2020-10-28 06:42:20+00:00,@_soliloqueer Suicide?,1321341511854739456,kosherjellyfish,[],,[],
34,https://twitter.com/haqxtanz/status/1321232037471289345,2020-10-27 23:27:19+00:00,"Nothing was strong enough to knock some sense into me that suicide is not an option. But I was talking to myself after zuhur prayer few days ago just asking for Him to send me sign, and he reminds me one of His verse that people always read it but I ignore it.",1321232037471289345,haqxtanz,[],,[],
35,https://twitter.com/mokayrhighness/status/1318504285647249410,2020-10-20 10:48:12+00:00,I think my brain just committed suicide. I can feel it bleeding,1318504285647249410,mokayrhighness,[],,[],
36,https://twitter.com/sxrxfxnxh/status/1317526437784481792,2020-10-17 18:02:35+00:00,"&amp; by far, the longest 90secs of my life. The ride had me by the plunge! Damn, thats what suicide feels like at high speed 😝😝",1317526437784481792,sxrxfxnxh,[],,[],
37,https://twitter.com/nicknotasimp/status/1316686660923396097,2020-10-15 10:25:37+00:00,The only thing I can commit is suicide,1316686660923396097,nicknotasimp,[],,[],
38,https://twitter.com/rajeevmusic007/status/1314606488137076736,2020-10-09 16:39:45+00:00,"@Rishabh97tweet @thevirdas Some times i wonder who Sponsored the high profile lawyer for Rhea and If it was suicide only how come so much discrepancy’s!! Why Cooper when there are several highly rated Hospitals, Why within 8 Mins declared suicide, why Protection and privilege for the case !!",1314606488137076736,rajeevmusic007,[],,[],
39,https://twitter.com/rajeevmusic007/status/1314203611660914691,2020-10-08 13:58:52+00:00,"@Rishabh97tweet @thevirdas Some times i wonder who Sponsored the high profile lawyer for Rhea and If it was suicide only how come so much discrepancy’s!! Why Cooper when there are several highly rated Hospitals, Why within 8 Mins declared suicide, why Protection and privilege for the case !!",1314203611660914691,rajeevmusic007,[],,[],
40,https://twitter.com/sitisurayasaleh/status/1314038103233921024,2020-10-08 03:01:12+00:00,"I start my day with help my friends..
As reward he treat me a breakfast.
.
Its 2 years form my last attempt for suicide.
.
Every morning I woke up to debate ownself for  my brain to stop plan how to die.
.",1314038103233921024,sitisurayasaleh,[],,[],
41,https://twitter.com/ainaanainaa/status/1311681293357256705,2020-10-01 14:56:04+00:00,I am mad. This means lots of people akan hilang kerja. Suicide increase due to pressure. Domestic violence increase. Allah. Allah. Allah.,1311681293357256705,ainaanainaa,[],,[],
42,https://twitter.com/mackismagic/status/1310873266274271232,2020-09-29 09:25:16+00:00,@JoyceePhillipe Kevin Morais or whoever his name was..ke kenak simen dalam tong yk...and that one chinese SPRM guy ke padah urang suicide but actully he might being murdered...,1310873266274271232,mackismagic,[],,[],
43,https://twitter.com/fl0millishit/status/1310858538072174598,2020-09-29 08:26:44+00:00,@shxncy planning my suicide,1310858538072174598,fl0millishit,[],,[],
44,https://twitter.com/heibeehiam/status/1310159020183887872,2020-09-27 10:07:06+00:00,????? i’m sure there are better ways?!?! THIS LOOKS LIKE A SUICIDE MISSION https://t.co/Aay5vGryQi,1310159020183887872,heibeehiam,['https://twitter.com/Complex/status/1309341507472830466'],https://twitter.com/Complex/status/1309341507472830466,['https://t.co/Aay5vGryQi'],https://t.co/Aay5vGryQi
45,https://twitter.com/pl0lolop/status/1309853515385171968,2020-09-26 13:53:08+00:00,Fuck MY LIFE I am DRENCHED FRM HEAD TO TOE and I am STUCK AT TIONG FUCKING BARHU Jesus fucking Christ home is too far away I just wanna commit suicide,1309853515385171968,pl0lolop,[],,[],
46,https://twitter.com/agrimsingh/status/1308028933653192705,2020-09-21 13:02:54+00:00,@jdeamattson Jordan you've lived long enough in sg to know how the parli functions hahaha mental health has never even been on the agenda - it wasn't even an essential service through most of lockdown. They're hashtagging suicide awareness when it's still a crime. Thus my point on lip service,1308028933653192705,agrimsingh,[],,[],
47,https://twitter.com/mickmassey11/status/1304743344912781313,2020-09-12 11:27:09+00:00,"Who ever did this is super talented, appeared in Bristol on world suicide prevention day. 
Be kind, it cost nothing!
@louisecgraham  @JonMasseyActor https://t.co/1ImvJmmISw",1304743344912781313,mickmassey11,[],,[],
48,https://twitter.com/abbaszafri_/status/1304333255353626624,2020-09-11 08:17:36+00:00,“Suicide sees no gender” https://t.co/gLh42px151,1304333255353626624,abbaszafri_,['https://twitter.com/straits_times/status/1304331536674807809'],https://twitter.com/straits_times/status/1304331536674807809,['https://t.co/gLh42px151'],https://t.co/gLh42px151
49,https://twitter.com/mickmassey11/status/1304023217732894720,2020-09-10 11:45:37+00:00,"💚 world suicide prevention day 
Every 90mins in the UK a life is lost to suicide 
Let’s raise awareness and lower that stat ✊🏻 
Talk, listen, be kind
@louisecgraham @JonMasseyActor",1304023217732894720,mickmassey11,[],,[],
50,https://twitter.com/1337empire/status/1303211336780800001,2020-09-08 05:59:29+00:00,Julia Brown! Starry Cat! Ricky Eat Acid! Teen Suicide! It’s Sam Ray time 😎😎😎🔥🔥🔥,1303211336780800001,1337empire,[],,[],
51,https://twitter.com/AliffDanielBlog/status/1303099354761162752,2020-09-07 22:34:31+00:00,Why do people commit suicide and live streamed it for people to watch? Gosh. https://t.co/m7dkuoYdu2,1303099354761162752,AliffDanielBlog,['https://twitter.com/sakuraxdream/status/1302837931124678656'],https://twitter.com/sakuraxdream/status/1302837931124678656,['https://t.co/m7dkuoYdu2'],https://t.co/m7dkuoYdu2
52,https://twitter.com/ohhumilahh_/status/1303018125944696832,2020-09-07 17:11:44+00:00,kes tgk org suicide tadi la ni.... terus pening kepala on the spot 😭😭😭😭😭😭😭😭😭😭😭,1303018125944696832,ohhumilahh_,[],,[],
53,https://twitter.com/ohhumilahh_/status/1302921799412269056,2020-09-07 10:48:58+00:00,@ainnjiha dekat bawah reply bella ada... but hati hati tau. its suicide video,1302921799412269056,ohhumilahh_,[],,[],
54,https://twitter.com/stateoeuphorbia/status/1302079401073483779,2020-09-05 03:01:35+00:00,"If we are what we eat, what do tell ourselves after driving off from the fast food drive thru?

There has gut to be a butter whey. 

Suicide should not exist and certainly never be unintentional. 

There are more… https://t.co/kE4XwpS2fj",1302079401073483779,stateoeuphorbia,['https://www.instagram.com/p/CEvTBLphrkL/?igshid=bc8abg7hfrit'],https://www.instagram.com/p/CEvTBLphrkL/?igshid=bc8abg7hfrit,['https://t.co/kE4XwpS2fj'],https://t.co/kE4XwpS2fj
55,https://twitter.com/miraclistbadru/status/1301027621522690048,2020-09-02 05:22:11+00:00,If I suicide..the reason would be the government..,1301027621522690048,miraclistbadru,[],,[],
56,https://twitter.com/cortisoh/status/1297813906300100610,2020-08-24 08:32:02+00:00,suicide is wearing your brand new docs 2 days before going outfield,1297813906300100610,cortisoh,[],,[],
57,https://twitter.com/yashasmitta/status/1297432677109264384,2020-08-23 07:17:10+00:00,@ViewsToConfuse Think they’re finally moving on from it. The Suicide Squad sneak peek and the WW trailers are proof too: https://t.co/HMHVleeFkY,1297432677109264384,yashasmitta,['https://twitter.com/GameSpot/status/1297234581091807232'],https://twitter.com/GameSpot/status/1297234581091807232,['https://t.co/HMHVleeFkY'],https://t.co/HMHVleeFkY
58,https://twitter.com/Idgafitri/status/1296706062066651139,2020-08-21 07:09:51+00:00,Suicide ahahahah bye https://t.co/qBP7WRxNFb,1296706062066651139,Idgafitri,[],,[],
59,https://twitter.com/AartiOlivia/status/1296588366721376256,2020-08-20 23:22:10+00:00,"A Rant. 
Trigger Warning : Suicide attempts, 
eating disorders, self harm, miscarriages. 

#trauma #traumarecovery 
#ptsd #mentalhealth #disabilityawareness #fatacceptance #fatwomenofcolor #fuckfatphobia 
#blm… https://t.co/TLNESXhg6h",1296588366721376256,AartiOlivia,['https://www.instagram.com/p/CEIR-50ldP6/?igshid=mwn2e2h5uw5e'],https://www.instagram.com/p/CEIR-50ldP6/?igshid=mwn2e2h5uw5e,['https://t.co/TLNESXhg6h'],https://t.co/TLNESXhg6h
60,https://twitter.com/PDesiraju/status/1294293887792500742,2020-08-14 15:24:44+00:00,@Anishthomas1234 @Seems3r @MahimaShastri Yaa he told you that he is committing suicide.,1294293887792500742,PDesiraju,[],,[],
61,https://twitter.com/mr_strugglez/status/1293998298060083201,2020-08-13 19:50:10+00:00,it's almost as though male suicide rates are 2 times higher than female suicide rates but go on https://t.co/X7EKkuhfyu,1293998298060083201,mr_strugglez,['https://twitter.com/almondtiddies/status/1293648577281982464'],https://twitter.com/almondtiddies/status/1293648577281982464,['https://t.co/X7EKkuhfyu'],https://t.co/X7EKkuhfyu
62,https://twitter.com/biatcht21/status/1293875252292796417,2020-08-13 11:41:13+00:00,@EthelBooba6 This should be reported. Suicide is not a joke,1293875252292796417,biatcht21,[],,[],
63,https://twitter.com/izatyazmann/status/1293458319420481536,2020-08-12 08:04:29+00:00,They tot i was joking. So i just laugh at it too. And some of my kwn saw my hand ada luka sikit (not suicide attempt. Just not thinking straight tht time) and dia called me bodoh and told my other friends bout it. Shit thts hurt siakkkkk 😅,1293458319420481536,izatyazmann,[],,[],
64,https://twitter.com/hafanzeee/status/1293406338324631553,2020-08-12 04:37:56+00:00,"@falsahara @wesleyagustian @allsgstuff I don't think he's committing suicide. If he does he would have still gone ahead despite getting shouted at. Also he wouldn't have walked so casually.

What I understand about suicide is that you'll just rush for it despite people stopping you.",1293406338324631553,hafanzeee,[],,[],
65,https://twitter.com/abdmuhaiminrazm/status/1292877101658329088,2020-08-10 17:34:56+00:00,Hari hari fikir pasal suicide ni bahaya jugak...,1292877101658329088,abdmuhaiminrazm,[],,[],
66,https://twitter.com/eddydaud/status/1291238386854801409,2020-08-06 05:03:16+00:00,"People who attempt suicide must not be treated as a criminal, they need help. https://t.co/5axqByufXb",1291238386854801409,eddydaud,['https://twitter.com/malaymail/status/1291019960089825280'],https://twitter.com/malaymail/status/1291019960089825280,['https://t.co/5axqByufXb'],https://t.co/5axqByufXb
67,https://twitter.com/ellszkay/status/1291080020224438272,2020-08-05 18:33:58+00:00,AG Tan Sri Idrus Harun: Decriminalise suicide in Malaysia - Sign the Petition! https://t.co/3DDrtpn99J via @Change,1291080020224438272,ellszkay,['http://chng.it/s7CjnqDn'],http://chng.it/s7CjnqDn,['https://t.co/3DDrtpn99J'],https://t.co/3DDrtpn99J
68,https://twitter.com/PDesiraju/status/1290317796786634757,2020-08-03 16:05:10+00:00,@Vatsa1989 @OpIndia_com U are still thinking it is suicide?😳,1290317796786634757,PDesiraju,[],,[],
69,https://twitter.com/PDesiraju/status/1289912612931567616,2020-08-02 13:15:06+00:00,"@ishkarnBHANDARI Pl notice people those who were close to him denied it as a suicide at the beginning and now slowly changing their tune a lil bit saying may be it is a suicide. So, are the threatened or bribed to change their version?  Surely BIG hand behind sushanths murder.",1289912612931567616,PDesiraju,[],,[],
70,https://twitter.com/sawayamadoll/status/1287616776545505280,2020-07-27 05:12:16+00:00,"tw // death; suicide

thinking about the time my grandma died last year and how my mom pulled me aside during her funeral to tell me that she doesn’t want me to end up like the guy in the next room (the college student who took his own life) when she knew i was suicidal asf 🤩",1287616776545505280,sawayamadoll,[],,[],
71,https://twitter.com/PDesiraju/status/1286102488773349376,2020-07-23 00:55:02+00:00,"@blsanthosh How come you too are concluding it as suicide? If it is so, don’t you think sushanth would have written a very long suicide note not only for his family but for every young aspiring actor . Know about his personality before say anything pl.",1286102488773349376,PDesiraju,[],,[],
72,https://twitter.com/anakadnan/status/1285395405467824128,2020-07-21 02:05:20+00:00,Do you think it’s funny huh people2 yang making fun of the person suicide telan panadol tu? https://t.co/nAeRzn5vbW,1285395405467824128,anakadnan,[],,[],
73,https://twitter.com/mirambok/status/1284424355825348608,2020-07-18 09:46:44+00:00,@haisayenani Adui suicide ke? Koizora rambut putihhh 💆🏻‍♀️,1284424355825348608,mirambok,[],,[],
74,https://twitter.com/cmotsteve/status/1283328863871700994,2020-07-15 09:13:38+00:00,I think she will commit ‘suicide’ in jail https://t.co/vGTD3zPKzR,1283328863871700994,cmotsteve,['https://twitter.com/KirbySommers/status/1283308902193475584'],https://twitter.com/KirbySommers/status/1283308902193475584,['https://t.co/vGTD3zPKzR'],https://t.co/vGTD3zPKzR
75,https://twitter.com/ramraxr/status/1281605053308997633,2020-07-10 15:03:50+00:00,hi guys u shld listen to “everyth is going t0 hell”-teen suicide if ur sad:),1281605053308997633,ramraxr,[],,[],
76,https://twitter.com/indroburito/status/1279419974143086593,2020-07-04 14:21:06+00:00,"“If suicide is halal” ?!!?! 
 
IF. **SUICIDE** .IS.**HALAL**!?!?

Confirm confirm the syaitans will be as confuse the fuck out as much as me.",1279419974143086593,indroburito,[],,[],
77,https://twitter.com/AartiOlivia/status/1272680720243109888,2020-06-16 00:01:43+00:00,"TW: Suicide 
Sharing this in the hopes that it might be helpful 💙. 

#suicideprevention #mentalhealth #mentalhealthindia #igsg #dysthymia #staysafe #poc #sushantsinghrajput @ Singapore https://t.co/aasad1t96R",1272680720243109888,AartiOlivia,['https://www.instagram.com/p/CBeaC2ajia6/?igshid=16zhrc2eoywga'],https://www.instagram.com/p/CBeaC2ajia6/?igshid=16zhrc2eoywga,['https://t.co/aasad1t96R'],https://t.co/aasad1t96R
78,https://twitter.com/sawayamadoll/status/1272519066834530312,2020-06-15 13:19:22+00:00,nicky performing MMWD during her drag suicide mix lives in my head rent free,1272519066834530312,sawayamadoll,[],,[],
79,https://twitter.com/Qaffeinated_/status/1272471023246405632,2020-06-15 10:08:27+00:00,"Do you even care if I die bleeding?
Would it be wrong?, would it be right?
If I took my life tonight
Chances are that I might
Mutilation outta sight
And I'm contemplating suicide",1272471023246405632,Qaffeinated_,[],,[],
80,https://twitter.com/rajeevmusic007/status/1272230365894111233,2020-06-14 18:12:10+00:00,@knockknockhell @priyankachopra @deepikapadukone ignore typos as i am as sad as others but calling him he committed suicide because of failure is like making a joke out of such talented young lad who have given remarkable films even in current times !!!!,1272230365894111233,rajeevmusic007,[],,[],
81,https://twitter.com/chef_sathya/status/1272167026920812544,2020-06-14 14:00:29+00:00,"It’s really shocking and unbelievable news  of sudden demises or actor #SushantSingh May his soul Rest in heaven and I pray for his family to handle and overcome, suicide is a solution #ripsushant #Rip #SuicideAwareness #actor #actordeath",1272167026920812544,chef_sathya,[],,[],
82,https://twitter.com/afiqron_/status/1272140961821241347,2020-06-14 12:16:55+00:00,i need a time machine so i could go to another timeline and kill myself in that time so it doesn’t count as suicide,1272140961821241347,afiqron_,[],,[],
83,https://twitter.com/amitmathur31/status/1272137197513138180,2020-06-14 12:01:57+00:00,Life is so unfair. Just heard the news of #SushantSinghRajput commiting suicide. I am not sure what was he going through but whatever it is suicide is not the solution of our problems.,1272137197513138180,amitmathur31,[],,[],
84,https://twitter.com/OfficiallyEzaad/status/1272111155251535873,2020-06-14 10:18:28+00:00,"Oh man.. 
Always felt that no matter the situation, suicide is NEVER the solution. RIP #SushanthSinghRajput 

On a side note: Gotta say that it doesn't seem like something a Rajput would do. But that's just my personal feeling. Perhaps I'm wrong. https://t.co/B3rGUjuOHH",1272111155251535873,OfficiallyEzaad,['https://twitter.com/filmfare/status/1272109158326611969'],https://twitter.com/filmfare/status/1272109158326611969,['https://t.co/B3rGUjuOHH'],https://t.co/B3rGUjuOHH
85,https://twitter.com/Rocky56284169/status/1272110270664462337,2020-06-14 10:14:57+00:00,"This 2020 just fucked up year ever... Here is one more shocking news,   One more young star (Died) REST IN PEACE....   home

Actor Sushant Singh Rajput, 34, has committed suicide, he was found hanging at his Bandra home in Mumbai. Police have confirmed this news.... 😭😭😭 https://t.co/5QasXz7TwA",1272110270664462337,Rocky56284169,[],,[],
86,https://twitter.com/OfficiallyEzaad/status/1272107894696062976,2020-06-14 10:05:31+00:00,"@BiggBossLov No matter the situation, Suicide is NEVER the solution.",1272107894696062976,OfficiallyEzaad,[],,[],
87,https://twitter.com/SajidTweetsBD/status/1272101823675957249,2020-06-14 09:41:23+00:00,"Sushant Singh Rajput commit Suicide 
#SushantSinghRajput",1272101823675957249,SajidTweetsBD,[],,[],
88,https://twitter.com/YesamZay/status/1265095658878513157,2020-05-26 01:41:24+00:00,@halleluhellyeah @DanielMunadi Awas suicide ngab,1265095658878513157,YesamZay,[],,[],
89,https://twitter.com/FanaHanaaa/status/1252546787115560962,2020-04-21 10:36:39+00:00,Of course jared leto - suicide squad. https://t.co/aAEJueF4rV,1252546787115560962,FanaHanaaa,['https://twitter.com/itsmegdre/status/1251894976092356608'],https://twitter.com/itsmegdre/status/1251894976092356608,['https://t.co/aAEJueF4rV'],https://t.co/aAEJueF4rV
90,https://twitter.com/adaptalis/status/1250239160260034561,2020-04-15 01:46:58+00:00,@yokey017 Suicide implies they had a choice. Sacrificial Lambs.,1250239160260034561,adaptalis,[],,[],
91,https://twitter.com/M4lev0lent/status/1247083405436583937,2020-04-06 08:47:08+00:00,"2 songs written
1 police report
3 suicide threats
2 begging me to be single forever https://t.co/XStaz6TK7k",1247083405436583937,M4lev0lent,['https://twitter.com/venusianbabie/status/1246959721162178567'],https://twitter.com/venusianbabie/status/1246959721162178567,['https://t.co/XStaz6TK7k'],https://t.co/XStaz6TK7k
92,https://twitter.com/hanakarsnan/status/1245421185782779905,2020-04-01 18:42:04+00:00,Sometimes I feel I even if I suicide nobody is gonna bother about it.,1245421185782779905,hanakarsnan,[],,[],
93,https://twitter.com/PatchouliW/status/1243791747630510080,2020-03-28 06:47:15+00:00,"@MagaWheels @embraceemoiq @footankle @DavidZodda Your constitution is not a suicide pact. Where individual rights must be briefly suspended to guarantee the safety of the people as a whole on pain of severe damage or death, there is no shame in doing so briefly.",1243791747630510080,PatchouliW,[],,[],
94,https://twitter.com/AtiyaahDollfie/status/1239506570657980417,2020-03-16 10:59:30+00:00,"@BrazilBrian @xeni *grabs megaphone, yells the same thing she's been saying for the 8312th time* Your religion is not a suicide pact!!.m ... unless you're a Follower of Nurgle in which case go wild, spread the Covid love. Okay.",1239506570657980417,AtiyaahDollfie,[],,[],
95,https://twitter.com/johannludwiguy/status/1236965964035440641,2020-03-09 10:44:02+00:00,"TRIGGER WARNING: SELF-HARM AND SUICIDE

Naalala ko yung nurse sa Health Service nung nakita yung wrist cuts ko, tinanong ba naman ako ""May tililing ka ba?"" Tangina isa yon sa mga reason kung bat ako umalis ng UST and Ph kase putangina ng UST health service https://t.co/T8fqqlUgPI",1236965964035440641,johannludwiguy,['https://twitter.com/gaibautista/status/1236905027140120578'],https://twitter.com/gaibautista/status/1236905027140120578,['https://t.co/T8fqqlUgPI'],https://t.co/T8fqqlUgPI
96,https://twitter.com/AtiyaahDollfie/status/1227400460794941441,2020-02-12 01:14:08+00:00,"@GaryRayBetz Not directly. But man, driving a man mad with childhood shame for a lifetime leading to their suicide is close!",1227400460794941441,AtiyaahDollfie,[],,[],
97,https://twitter.com/yatttt__/status/1220015375800094726,2020-01-22 16:08:27+00:00,"Suicide Door by Mona Haydar ft Drea D'Nur 

😔 https://t.co/N5150YHJXT",1220015375800094726,yatttt__,['https://twitter.com/laa1a/status/1219949927788232704'],https://twitter.com/laa1a/status/1219949927788232704,['https://t.co/N5150YHJXT'],https://t.co/N5150YHJXT
98,https://twitter.com/TeamSpectrum__/status/1220009694355283969,2020-01-22 15:45:52+00:00,"Ace The Place Tournament!
Knockouts against Suicide Squad.

Tournament ended with us taking the gold! 🥇 https://t.co/Sph60ha5MF",1220009694355283969,TeamSpectrum__,[],,[],
99,https://twitter.com/Alcatraz2048/status/1219450835995787266,2020-01-21 02:45:10+00:00,"@NoLimitNickB @Braku_Notch @PrinceVegeta126 @ichigoisyaboi If they aint, then not even the rinnegan can see the shinigamim so they can just attack the soul and make sasuke soul suicide",1219450835995787266,Alcatraz2048,[],,[],
100,https://twitter.com/artyaryanty/status/1217073904608399362,2020-01-14 13:20:05+00:00,Goodness..enuf abt exo member..hes human &amp; entitled to hav family &amp; love..who says idol cant be an idol &amp; family man..seriously ridiculous-do they want more idol to commit suicide bcos they cant have love and family? Poor Idols.,1217073904608399362,artyaryanty,[],,[],
101,https://twitter.com/kyleshawwww/status/1216218701176791040,2020-01-12 04:41:49+00:00,@Ohmyshafiq_ @izzdanishcarrot suicide dah legal so no worries,1216218701176791040,kyleshawwww,[],,[],
102,https://twitter.com/wawxyyn/status/1215313657891938305,2020-01-09 16:45:30+00:00,"@sxrxhlisx sarah, why? kenapa ni? tolong jangan fikir pasal suicide. benda tu tak elok. pls",1215313657891938305,wawxyyn,[],,[],
103,https://twitter.com/wawxyyn/status/1215313040700129280,2020-01-09 16:43:02+00:00,@sxrxhlisx dont ever think about suicide 😢 you deserves better. appreciate yourself 😔,1215313040700129280,wawxyyn,[],,[],
104,https://twitter.com/iamblackduck/status/1215104196640301057,2020-01-09 02:53:10+00:00,no no no.... suicide is for the weak? get outta here. who taught you that?,1215104196640301057,iamblackduck,[],,[],
105,https://twitter.com/elfxyyyy/status/1214968806994370560,2020-01-08 17:55:11+00:00,Lol wtf does that even mean...have u EVER live the lives of people that commited suicide??Then stfu and dont talk as if u really know...’WEAK’ lol...tf? https://t.co/J2IlTrO3ew,1214968806994370560,elfxyyyy,[],,[],
106,https://twitter.com/nellyasleigh/status/1214617300931772417,2020-01-07 18:38:25+00:00,"I just went to see Danfosho live coz I saw tweet about him saying some ppl will commit suicide when they go through what his gg through, someone in his said to him, “go and die bro allah loves it” , don’t you think it’s too much ? To be saying that kind of shit",1214617300931772417,nellyasleigh,[],,[],
107,https://twitter.com/whosmiraaa/status/1214548450462748672,2020-01-07 14:04:50+00:00,"“have u ever in yr life had a thought abt suicide?” 

“yes”
“hell yes”",1214548450462748672,whosmiraaa,[],,[],
