,url,date,content,id,username,outlinks,outlinksss,tcooutlinks,tcooutlinksss
0,https://twitter.com/paraparazi/status/1333946582408970240,2020-12-02 01:30:23+00:00,"More angst ,more sell
Sales technique .",1333946582408970240,paraparazi,[],,[],
1,https://twitter.com/mikhailhaque/status/1321041906952933376,2020-10-27 10:51:49+00:00,cb angst bodo,1321041906952933376,mikhailhaque,[],,[],
2,https://twitter.com/mikhailhaque/status/1306933142511476737,2020-09-18 12:28:37+00:00,@qvistina why so angst cha,1306933142511476737,mikhailhaque,[],,[],
3,https://twitter.com/loequalitae/status/1305197906933161984,2020-09-13 17:33:25+00:00,"omg this is why I only let like,,, 5 irl friends on my twitter,,, damn this friend going off like it’s a trait of hers to be really extreme in her views of other people,, not saying I’m not on her side but she can be very blinded with angst sometimes",1305197906933161984,loequalitae,[],,[],
4,https://twitter.com/_shhhaafffiqqqq/status/1303690298548129792,2020-09-09 13:42:43+00:00,@RonaldoTakPerlu angst monster https://t.co/rhzCqC3ti4,1303690298548129792,_shhhaafffiqqqq,[],,[],
5,https://twitter.com/aubsy_daisy/status/1301195297998004224,2020-09-02 16:28:28+00:00,It's me being unable to be aesthetic with my journals because I'm just a ball of angst.,1301195297998004224,aubsy_daisy,[],,[],
6,https://twitter.com/renemichau/status/1299593962718597121,2020-08-29 06:25:20+00:00,@andrewhunterm level of angst seems right... we have a match!,1299593962718597121,renemichau,[],,[],
7,https://twitter.com/Eeeerfunn/status/1294259914840268802,2020-08-14 13:09:44+00:00,so fokin anGST,1294259914840268802,Eeeerfunn,[],,[],
8,https://twitter.com/Eeeerfunn/status/1287385660299464704,2020-07-26 13:53:54+00:00,then this cb place prepare food so long ARGHHH ANGST ANGST,1287385660299464704,Eeeerfunn,[],,[],
9,https://twitter.com/GreenMargiela/status/1287351196789989377,2020-07-26 11:36:57+00:00,"@HotShalRae A history of bad decisions, more angst than newer stuff",1287351196789989377,GreenMargiela,[],,[],
10,https://twitter.com/jungjessicats/status/1282385458744274944,2020-07-12 18:44:53+00:00,I really like Given anime BUT i absolutely refuse to reas the manga. Bc its still ongoing... And angst af,1282385458744274944,jungjessicats,[],,[],
11,https://twitter.com/xiklord/status/1280110868567646209,2020-07-06 12:06:29+00:00,"101% on stage! Angst and destruction!

#bassist #bassplayer #warwickbass #warwicktaranis #deathmetalband #thrashmetal #metalhead #headband #punk #oppositionparty @ Singapore https://t.co/AcuYCTLnWA",1280110868567646209,xiklord,['https://www.instagram.com/p/CCTM4o4B3Pn/?igshid=12q7y3fx2k2o7'],https://www.instagram.com/p/CCTM4o4B3Pn/?igshid=12q7y3fx2k2o7,['https://t.co/AcuYCTLnWA'],https://t.co/AcuYCTLnWA
12,https://twitter.com/lZZYSAMA/status/1271655065430835201,2020-06-13 04:06:08+00:00,i need angst off of my tl and out of my life i hate it https://t.co/sJYdwcPCB9,1271655065430835201,lZZYSAMA,[],,[],
13,https://twitter.com/UdiBenson/status/1265950950591610880,2020-05-28 10:20:01+00:00,@sawruuh Honestly ya. think the writer stressed alrd he wrote too much then the boss angst cause too long and not enough memory space in the computer to edit all,1265950950591610880,UdiBenson,[],,[],
14,https://twitter.com/xinyu27star/status/1265892989152321537,2020-05-28 06:29:42+00:00,@thornroses Why so angst bro... 😯,1265892989152321537,xinyu27star,[],,[],
15,https://twitter.com/minejoonies/status/1259732117933694977,2020-05-11 06:28:36+00:00,@HalfmoonDf jadi mau angst beneran?,1259732117933694977,minejoonies,[],,[],
16,https://twitter.com/minejoonies/status/1257315788521762816,2020-05-04 14:26:58+00:00,"udah dulu ya guys, mau nonton film ily 38.000ft. siapa tau ada inspirasi AUnya pilot namjoon w jadiin angst sekalian 😂

bye guys ♡ https://t.co/EQ3tgNEPFF",1257315788521762816,minejoonies,[],,[],
17,https://twitter.com/_sgcsj_/status/1255864456417996802,2020-04-30 14:19:53+00:00,I havent had my Pokka green tea. Angst level is very high now.,1255864456417996802,_sgcsj_,[],,[],
18,https://twitter.com/hwngslattes/status/1246096097807716355,2020-04-03 15:23:55+00:00,@sftforyji we love an enemies to lovers slow burn angst au,1246096097807716355,hwngslattes,[],,[],
19,https://twitter.com/VandanaHari_SG/status/1244571032897204225,2020-03-30 10:23:51+00:00,@chigrl Agreed. There are veiled insults and there are open barbs. Everyone's stressed but venting one's angst at a stranger using the anonymity of social media - that's shameful.,1244571032897204225,VandanaHari_SG,[],,[],
20,https://twitter.com/west_repeat/status/1243577093138477056,2020-03-27 16:34:18+00:00,"I easily get so angst about...ugh!
Pissed off!
😡 😡 😡
.
.
.",1243577093138477056,west_repeat,[],,[],
21,https://twitter.com/homiliai/status/1241286601948323840,2020-03-21 08:52:42+00:00,These times are taking me back 12 years ago to the 2008 crash and existential angst blah blah listen to some metal https://t.co/2OiPKr5MNZ,1241286601948323840,homiliai,['https://twitter.com/madplatt/status/1240993383453200385'],https://twitter.com/madplatt/status/1240993383453200385,['https://t.co/2OiPKr5MNZ'],https://t.co/2OiPKr5MNZ
22,https://twitter.com/f3ndy15/status/1240842419580497920,2020-03-20 03:27:41+00:00,"&lt;🇩🇪&gt; Angst vor den Coronavirus habe ich, trotzdem unterstütze ich gern die lokale Geschäfte!
&lt;🇬🇧&gt; Despite fearing the novel Coronavirus, I would still be supporting local businesses!
•
🍔: Sizzling Singaporean -… https://t.co/imcalcIACA",1240842419580497920,f3ndy15,['https://www.instagram.com/p/B98Lqi-FnOi/?igshid=u78o7xcy9zqh'],https://www.instagram.com/p/B98Lqi-FnOi/?igshid=u78o7xcy9zqh,['https://t.co/imcalcIACA'],https://t.co/imcalcIACA
23,https://twitter.com/boyshawn89/status/1236981490904268800,2020-03-09 11:45:44+00:00,"Received an angst message from a recruiter when I told him that I can only reply by tomorrow.
Took me 5 seconds to decide not to reply to him. No point quarrelling, or to clarify.",1236981490904268800,boyshawn89,[],,[],
24,https://twitter.com/eddydaud/status/1231071252648906752,2020-02-22 04:20:33+00:00,@Edwinwkf Cool bro... just block...not worth the angst.,1231071252648906752,eddydaud,[],,[],
25,https://twitter.com/SandraRatzow/status/1221607009012699136,2020-01-27 01:33:01+00:00,#coronarovirus Die Angst geht um. Auch in #Singapore gibt es bereits Erkrankte und Dutzende Verdachtsfälle. Manche Taxifahrer tragen vorsorglich Chirurgie-Maske und halten Handsanitizer für die Kunden bereit. @Weltspiegel_ARD https://t.co/TkBjxdmeTN,1221607009012699136,SandraRatzow,[],,[],
26,https://twitter.com/enzoticaaa/status/1218104671979524096,2020-01-17 09:35:59+00:00,Ooof! I’m filled with so much angst today. K imma have a good dinner n grab one drink.... just one drink later. Bae isnt arnd tonight for my rants. I pity my frn later. HAHAHA.,1218104671979524096,enzoticaaa,[],,[],
