,url,date,content,id,username,outlinks,outlinksss,tcooutlinks,tcooutlinksss
0,https://twitter.com/naqiuddein/status/1343192021779980292,2020-12-27 13:48:27+00:00,@danialzamri10 Kiasu tu kalau hoarding disorder bitch,1343192021779980292,naqiuddein,[],,[],
1,https://twitter.com/NamSuzy_NamSuji/status/1342373772750331904,2020-12-25 07:37:02+00:00,"Puro kayo topless scene 😏.but No one talks about suho’s posttraumatic stress disorder (PTSD ), everytime he hears a phone ring 😭😭😭. 
#LeeDongMin
#Suho
#Sukyung https://t.co/Jrj4crn3WP",1342373772750331904,NamSuzy_NamSuji,[],,[],
2,https://twitter.com/lionsforgesg/status/1342282727807012864,2020-12-25 01:35:15+00:00,"A great conclusion to the “Little Hands, Big Heart” project.

This is for all the volunteers that have given their time for the children in Autism Association SIngapore and Rare Disorder Society.

https://t.co/YCCg4gcQdw

#lionsforge_sg #craftlaser #blessedtobeablessing https://t.co/mvSeTvfvcG",1342282727807012864,lionsforgesg,['https://youtu.be/R0uAm99daaY'],https://youtu.be/R0uAm99daaY,['https://t.co/YCCg4gcQdw'],https://t.co/YCCg4gcQdw
3,https://twitter.com/ardiindhana/status/1340497298623623169,2020-12-20 03:20:35+00:00,"@Bimahendra_exe 🤣🤣🤣 kita berdua ternyata eating disorder with our own way.. Makanan nasi kucing bim, lebih murah dari nasi ayam 😁",1340497298623623169,ardiindhana,[],,[],
4,https://twitter.com/PykaAsraf/status/1339042181265297409,2020-12-16 02:58:28+00:00,"Since Ayah been diagnosed positive covid, Mama were been attack with anxiety and panic disorder yang tahap 1 hari kena makan 3-5 capsules of anxiety pills to comfort her. Orang faham ke? Were you guys really on our shoes?",1339042181265297409,PykaAsraf,[],,[],
5,https://twitter.com/ardiindhana/status/1338180940783255552,2020-12-13 17:56:13+00:00,Nobody knows that I have eating disorder until right now.,1338180940783255552,ardiindhana,[],,[],
6,https://twitter.com/_badrool/status/1335863139032735745,2020-12-07 08:26:06+00:00,Hulk got bipolar disorder,1335863139032735745,_badrool,[],,[],
7,https://twitter.com/1337empire/status/1330739761594601474,2020-11-23 05:07:37+00:00,"“You don’t graduate from SOTA without developing a mental disorder or two” - Jamie Lee, SOTA alumnus",1330739761594601474,1337empire,[],,[],
8,https://twitter.com/UcupCarrick/status/1330040415018504193,2020-11-21 06:48:40+00:00,Dan gw pajam eating disorder itu kayak mana...diana kalo lagi stress bawaannya makan mengarah barbar...tapi diana abis itu dimuntahin lagi...,1330040415018504193,UcupCarrick,[],,[],
9,https://twitter.com/velorunsdeworld/status/1325203290913529856,2020-11-07 22:27:40+00:00,@TrinityTraveler finally The US punya wakil President Wanita. Dan kita gak Denger Narcissistic personality disorder president  lagi https://t.co/ZF8fKQKpNw,1325203290913529856,velorunsdeworld,['https://www.instagram.com/tv/CHTK_94pJJF/?igshid=alppc7z0fi67'],https://www.instagram.com/tv/CHTK_94pJJF/?igshid=alppc7z0fi67,['https://t.co/ZF8fKQKpNw'],https://t.co/ZF8fKQKpNw
10,https://twitter.com/bentruscello/status/1325115974861795328,2020-11-07 16:40:42+00:00,What’s the cure for PTSD? Post-Trumpmatic Stress Disorder #Election2020 https://t.co/0tcCnt9UbS,1325115974861795328,bentruscello,[],,[],
11,https://twitter.com/justcallmebard/status/1323102679644532738,2020-11-02 03:20:35+00:00,So he said I'm chronic mental disorder 🤔🤔,1323102679644532738,justcallmebard,[],,[],
12,https://twitter.com/_________syamin/status/1320531900990066688,2020-10-26 01:05:14+00:00,"@http__mimi It also leads to eating disorder(for me,i overeat everything), unusual period cycle, and skin breakout like mf hell 😭😭😭😭😭",1320531900990066688,_________syamin,[],,[],
13,https://twitter.com/kennedesng/status/1319584149443801089,2020-10-23 10:19:12+00:00,"Thinking how different I would be if I didn’t have instructors screaming “you are NOTHING” to me when I couldn’t play the correct notes. A little twisted to be grateful for all the tears I was made to cry, but I am. Probably a disorder and there’s a name to it. Fuck it. 🥴 https://t.co/xarBeoIcDz",1319584149443801089,kennedesng,[],,[],
14,https://twitter.com/jwalantudesai/status/1312797953837285377,2020-10-04 16:53:17+00:00,Intermitent explosive disorder- a psychiatric condition when a person becomes angry in absence of an apartment reason @Psych_Studies https://t.co/NELLquFHHR,1312797953837285377,jwalantudesai,['https://www.valleybehavioral.com/disorders/ied/signs-symptoms-causes/'],https://www.valleybehavioral.com/disorders/ied/signs-symptoms-causes/,['https://t.co/NELLquFHHR'],https://t.co/NELLquFHHR
15,https://twitter.com/RGSpore/status/1307896518255366144,2020-09-21 04:16:44+00:00,@peterframpton @RareDiseases British is a disorder in L.A.,1307896518255366144,RGSpore,[],,[],
16,https://twitter.com/isbandi_ben/status/1305914014413717505,2020-09-15 16:58:58+00:00,@SHASACI Baru kmrn abis nonton... seketika mental disorder,1305914014413717505,isbandi_ben,[],,[],
17,https://twitter.com/1337empire/status/1305438031428501504,2020-09-14 09:27:35+00:00,It’s never too late to become and grow into the person you are meant to be unless you are Russell Seow then all you can do is form The Mental Disorder with Leroy and hope for the best,1305438031428501504,1337empire,[],,[],
18,https://twitter.com/taylorarianne16/status/1305113775968665606,2020-09-13 11:59:06+00:00,@kristytelle Naol disorder ☹️,1305113775968665606,taylorarianne16,[],,[],
19,https://twitter.com/danibogo/status/1303209629610962950,2020-09-08 05:52:42+00:00,"@rubeell Sorry to hear that. Same for me, so at 23 I had an eating disorder that took me a while to recover. W/ my niece I change the convo away from bad vs good. ""I am a strong"" and ""I am full of good things”. 
I 🏃🏻‍♀️, 🏊‍♀️, 🏄‍♀️ w/ her the same way (or more) than a thin adult can/would.",1303209629610962950,danibogo,[],,[],
20,https://twitter.com/ssyahrulnizamm/status/1296680459905069057,2020-08-21 05:28:07+00:00,My guy either has a mental disorder or is on drugs because what the FUCK was that,1296680459905069057,ssyahrulnizamm,[],,[],
21,https://twitter.com/iGeneLaboratory/status/1293518129595916289,2020-08-12 12:02:09+00:00,"What is Edwards Syndrome?

Edwards Syndrome, also known as Trisomy 18 is a common chromosomal disorder due to the presence of an extra chromosome 18. Babies born with with Edwards Syndrome have developmental… https://t.co/Wgq3Crua9w",1293518129595916289,iGeneLaboratory,['https://www.instagram.com/p/CDydzOLDxda/?igshid=1rn7x6a2gbbsw'],https://www.instagram.com/p/CDydzOLDxda/?igshid=1rn7x6a2gbbsw,['https://t.co/Wgq3Crua9w'],https://t.co/Wgq3Crua9w
22,https://twitter.com/ohreallyx_/status/1292349020975710209,2020-08-09 06:36:31+00:00,"Why you guys put so much hate kat JOHOR ni , mental disorder 👁👄👁 https://t.co/8RjSNV7m0K",1292349020975710209,ohreallyx_,['https://twitter.com/HafizolHakami/status/1292142926093410305'],https://twitter.com/HafizolHakami/status/1292142926093410305,['https://t.co/8RjSNV7m0K'],https://t.co/8RjSNV7m0K
23,https://twitter.com/kairin/status/1291288652769878016,2020-08-06 08:23:00+00:00,I honestly do not know how this information might benefit me... But I was chuckling to myself as I was reading it... Please gawd don't make it like some genetic disorder that's gonna kill me before I turn 50 or… https://t.co/8WlDXP1PoD,1291288652769878016,kairin,['https://www.instagram.com/p/CDin9CcAS3Y/?igshid=1v9mathywf69i'],https://www.instagram.com/p/CDin9CcAS3Y/?igshid=1v9mathywf69i,['https://t.co/8WlDXP1PoD'],https://t.co/8WlDXP1PoD
24,https://twitter.com/paraparazi/status/1288468426285932547,2020-07-29 13:36:26+00:00,We are not locking any of you..But we saw the stealing disorder couple being wall together with Mahathir ..meaning that it's complicated to explain it..We saw that they have to be block from anywhere..since 4 years ago...We saw them as a wall instead of tourist..,1288468426285932547,paraparazi,[],,[],
25,https://twitter.com/paraparazi/status/1288467211611324416,2020-07-29 13:31:36+00:00,..insulting you as the old people who taught young people to steal and become obsessive compulsive stealing disorder patient..We know you cannot stop stealing and we will think about the solutions to your stealing disorder ..,1288467211611324416,paraparazi,[],,[],
26,https://twitter.com/paraparazi/status/1288466924452503552,2020-07-29 13:30:28+00:00,The Monopoly was just a song and you become insane because you have been chasing after a wrong person..The Monopoly was a song about asses and money but we have been deceived by criminals of obsessive compulsive stealing disorders now..Stealing disorder asking me to be https://t.co/pzxwuCkY7R,1288466924452503552,paraparazi,['https://twitter.com/paraparazi/status/1288377821258104832'],https://twitter.com/paraparazi/status/1288377821258104832,['https://t.co/pzxwuCkY7R'],https://t.co/pzxwuCkY7R
27,https://twitter.com/jimmytst/status/1287995549380050944,2020-07-28 06:17:23+00:00,"Day 11 of PTSD Awareness

275/625 push-up done 

I've been nominated to do 25 push-ups for 25 days to raise awareness for PTSD (Post Traumatic Stress Disorder), anxiety and depression that drive people to commit… https://t.co/bEboZHsc4w",1287995549380050944,jimmytst,['https://www.instagram.com/p/CDLOQ2SnYSk/?igshid=xc8599tn58ri'],https://www.instagram.com/p/CDLOQ2SnYSk/?igshid=xc8599tn58ri,['https://t.co/bEboZHsc4w'],https://t.co/bEboZHsc4w
28,https://twitter.com/Ganeshspeaks/status/1286230667911499777,2020-07-23 09:24:22+00:00,@Pratip_8 Man’s suffering from Bipolar disorder bro. Look it up.,1286230667911499777,Ganeshspeaks,[],,[],
29,https://twitter.com/jimmytst/status/1285751531183247360,2020-07-22 01:40:27+00:00,"Day 5 of PTSD Awareness

125/625 push-up done 

I've been nominated to do 25 push-ups for 25 days to raise awareness for PTSD (Post Traumatic Stress Disorder), anxiety and depression that drive people to commit… https://t.co/PCUoMPosCY",1285751531183247360,jimmytst,['https://www.instagram.com/p/CC7R3-sHrPh/?igshid=1vsiketb5lz09'],https://www.instagram.com/p/CC7R3-sHrPh/?igshid=1vsiketb5lz09,['https://t.co/PCUoMPosCY'],https://t.co/PCUoMPosCY
30,https://twitter.com/jimmytst/status/1285376120221847552,2020-07-21 00:48:42+00:00,"Day 4 of PTSD Awareness

100/625 push-up done 

I've been nominated to do 25 push-ups for 25 days to raise awareness for PTSD (Post Traumatic Stress Disorder), anxiety and depression that drive people to commit… https://t.co/FNoNR60qAh",1285376120221847552,jimmytst,['https://www.instagram.com/p/CC4m8QxHepG/?igshid=10eb2fn46vwwz'],https://www.instagram.com/p/CC4m8QxHepG/?igshid=10eb2fn46vwwz,['https://t.co/FNoNR60qAh'],https://t.co/FNoNR60qAh
31,https://twitter.com/jimmytst/status/1285132830939525120,2020-07-20 08:41:58+00:00,"Day 3 of PTSD Awareness

75/625 push-up done 

I've been nominated to do 25 push-ups for 25 days to raise awareness for PTSD (Post Traumatic Stress Disorder), anxiety and depression that drive people to commit… https://t.co/UHlQTZCW5y",1285132830939525120,jimmytst,['https://www.instagram.com/p/CC24eDRHtd6/?igshid=9l66fexgvuw3'],https://www.instagram.com/p/CC24eDRHtd6/?igshid=9l66fexgvuw3,['https://t.co/UHlQTZCW5y'],https://t.co/UHlQTZCW5y
32,https://twitter.com/jimmytst/status/1284742731315765249,2020-07-19 06:51:51+00:00,"Day 2 of PTSD Awareness

50/625 push-up done 

I've been nominated to do 25 push-ups for 25 days to raise awareness for PTSD (Post Traumatic Stress Disorder), anxiety and depression that drive people to commit… https://t.co/rFYB469cGF",1284742731315765249,jimmytst,['https://www.instagram.com/p/CC0HEw2H-lA/?igshid=hrbzqfy5anps'],https://www.instagram.com/p/CC0HEw2H-lA/?igshid=hrbzqfy5anps,['https://t.co/rFYB469cGF'],https://t.co/rFYB469cGF
33,https://twitter.com/jimmytst/status/1284433517976465410,2020-07-18 10:23:08+00:00,"Day 1 of PTSD Awareness

25/625 push-up done 

I've been nominated to do 25 push-ups for 25 days to raise awareness for PTSD (Post Traumatic Stress Disorder), anxiety and depression that drive people to commit… https://t.co/ySa1VkrYmh",1284433517976465410,jimmytst,['https://www.instagram.com/p/CCx6gvenLPT/?igshid=1c6oqatyfcrn8'],https://www.instagram.com/p/CCx6gvenLPT/?igshid=1c6oqatyfcrn8,['https://t.co/ySa1VkrYmh'],https://t.co/ySa1VkrYmh
34,https://twitter.com/EiqaSuzie/status/1280745398479380480,2020-07-08 06:07:52+00:00,"Macam cerita korea Hyde jekyll me. 
Penyakit mutiple disorder tu https://t.co/RQqNgf6TW2",1280745398479380480,EiqaSuzie,['https://twitter.com/chaablqis/status/1280459473912344578'],https://twitter.com/chaablqis/status/1280459473912344578,['https://t.co/RQqNgf6TW2'],https://t.co/RQqNgf6TW2
35,https://twitter.com/thesiobak/status/1279006311850491906,2020-07-03 10:57:22+00:00,"@dommyseesyou You try then you know already, the second law of thermodynamics dictates an isolated system always tends towards disorder (i.e., an infinity loop is physically impossible because less energy becomes available for use as work over time)",1279006311850491906,thesiobak,[],,[],
36,https://twitter.com/rhuttera_ram/status/1275383925674672129,2020-06-23 11:03:18+00:00,Social anxiety disorder.,1275383925674672129,rhuttera_ram,[],,[],
37,https://twitter.com/nnurisrafariza/status/1275065167986880514,2020-06-22 13:56:40+00:00,first time dgr penyakit antisocial personality disorder.,1275065167986880514,nnurisrafariza,[],,[],
38,https://twitter.com/FanaHanaaa/status/1273089887760052224,2020-06-17 03:07:36+00:00,"Met a girl with bipolar disorder last night.  Few time hospitalized, consume meds and need continuous consultation. I heard her. And it wasnt easy.",1273089887760052224,FanaHanaaa,[],,[],
39,https://twitter.com/skwmal31/status/1271319561099341830,2020-06-12 05:52:57+00:00,"In 1973, APA removed homosexuality from list of mental illnesses. In 1990, WHO states that “sexual orientation by itself is not to be considered a disorder"" in the ICD-10. But this one bitch is still stuck in the 20th century. STODGY bitch🥴🥴🥴",1271319561099341830,skwmal31,[],,[],
40,https://twitter.com/remind_sg/status/1270582747975712769,2020-06-10 05:05:08+00:00,"👥 Dissociative Identity Disorder 👥 

Do you know other facts about DID❓Let us know by starting a thread here! 💬

#ReMind #singapore #mentalhealth #mentalhealthawareness #did #dissociativeidentitydisorder #multiplepersonalitydisorder #recovery #mentalillness #bpdawareness",1270582747975712769,remind_sg,[],,[],
41,https://twitter.com/remind_sg/status/1270582318705471488,2020-06-10 05:03:25+00:00,"👥 Dissociative Identity Disorder 👥

This week on #WellnessWednesdays, we share some facts about Dissociative Identity Disorder❗️Is it a possession? Or are people really more than who they are?

#ReMind #singapore #mentalhealthawareness #did #dissociativeidentitydisorder https://t.co/MrGizhloXy",1270582318705471488,remind_sg,[],,[],
42,https://twitter.com/Rys5a_Gonzalez/status/1268998310393556993,2020-06-05 20:09:08+00:00,"@MarkReadMusic Heartwrenching💔!Officers like him Shld be ripped off his uniform! 1stly, A shame to use his force &amp; power on a lady, 2ndly for being racist &amp; 3rdly for spreading disorder!😡 As people of d world, we stands as 1 human race &amp; shld let our voice be louder than d voices of hate💗🌍",1268998310393556993,Rys5a_Gonzalez,[],,[],
43,https://twitter.com/remind_sg/status/1268074725659381760,2020-06-03 06:59:08+00:00,"💥Post-Traumatic Stress Disorder 💥

Inspired by Amy's story? Tag a friend below to help them learn more about PTSD! 💌

#ReMind #WellnessWednesdays #PTSD #PostTraumaticStressDisorder #MentalHealthIssues #MentalHealth #MentalHealthAwareness https://t.co/dP8bhgI2TG",1268074725659381760,remind_sg,[],,[],
44,https://twitter.com/NickMarsh6/status/1267796320376418305,2020-06-02 12:32:51+00:00,"When police would lose control like this in HK, it was often blamed on overwhelmed, inexperienced officers unused to public disorder scenarios. Maybe that’s what’s happened here. Or maybe some officers just think they’ll behave however they like whenever there’s a hint of trouble https://t.co/an9Xv8xx8o",1267796320376418305,NickMarsh6,['https://twitter.com/MLevineReports/status/1267588759794716677'],https://twitter.com/MLevineReports/status/1267588759794716677,['https://t.co/an9Xv8xx8o'],https://t.co/an9Xv8xx8o
45,https://twitter.com/Rys5a_Gonzalez/status/1267451271570616321,2020-06-01 13:41:45+00:00,"@roshalle @ShanfirePriya @maryghek @benadamsuk @A1Official @MarkReadMusic @a1christian @mazzratazz Like all sensibility going disorder haha i love that feeling of being disorder ... 
12 June certainly we will all feel that too ... 🤣🤣🤣",1267451271570616321,Rys5a_Gonzalez,[],,[],
46,https://twitter.com/Bunk_Ipan/status/1265255228145676293,2020-05-26 12:15:28+00:00,Annoyed dengan manusia yang ada Histrionic Personality Disorder atau dikenali sebagai Attention Seeker ni😌,1265255228145676293,Bunk_Ipan,[],,[],
47,https://twitter.com/remind_sg/status/1262979455934361602,2020-05-20 05:32:21+00:00,"🧐Borderline Personality Disorder☁️

Swipe for MORE FAQs about the topic ✨➡️

#WellnessWednesdays #remind #singapore #mentalhealth #mentalhealthawareness #bpd #borderlinepersonalitydisorder #recovery #anxiety #mentalillness #bpdawareness https://t.co/Oa9yxlVgSE",1262979455934361602,remind_sg,[],,[],
48,https://twitter.com/remind_sg/status/1262978766260719616,2020-05-20 05:29:37+00:00,"🧐Borderline Personality Disorder☁️

This week on #WellnessWednesdays, we uncover Borderline Personality Disorder! Think you know what it’s all about? Swipe for FAQs about the topic ✨➡️

#remind #singapore #mentalhealth #mentalhealthawareness #bpd #borderlinepersonalitydisorder https://t.co/gXYkkoZA5m",1262978766260719616,remind_sg,[],,[],
49,https://twitter.com/_bilav/status/1260898364251463683,2020-05-14 11:42:51+00:00,"I've been clinically diagnosed with Generalised and Social Anxiety Disorder, with Depression. I believe I have undiagnosed ADHD. I am excused from handling firearms due to my suicidal tendencies. LOONA was talking about reinvention, not self-harm. Do not trivialise mental health. https://t.co/v2XmzWzNiB",1260898364251463683,_bilav,['https://twitter.com/SkinnyOpinions/status/1260893914707316736'],https://twitter.com/SkinnyOpinions/status/1260893914707316736,['https://t.co/v2XmzWzNiB'],https://t.co/v2XmzWzNiB
50,https://twitter.com/remind_sg/status/1260484791151058950,2020-05-13 08:19:27+00:00,"👥 Facts &amp; Myths: Bipolar Disorder 👥

This #WellnessWednesdays, we’re going to bust some myths on our 2nd instalment of Facts &amp; Myths! Read on below.  
___
#remind #singapore #mentalhealth #mentalhealthawareness #bipolar #disorder #facts #myths https://t.co/GjCGHHnOC9",1260484791151058950,remind_sg,[],,[],
51,https://twitter.com/remind_sg/status/1260484199682801666,2020-05-13 08:17:06+00:00,"👥 Facts &amp; Myths: Bipolar Disorder 👥

Some time ago on our #WellnessWednesdays post we covered Bipolar Disorder! But do you know there are some misconceptions regarding this mental health condition?
___
#remind #singapore #mentalhealth  #bipolar #disorder https://t.co/BnWSjmtMxM",1260484199682801666,remind_sg,[],,[],
52,https://twitter.com/kent76934124/status/1259842259756990465,2020-05-11 13:46:16+00:00,The priniples are clear. Trump is unfit to lead because of his severe and worsening malignant narcissism combined with psychopathic personality disorder. Dr Bandy Lee is performing the vital function of keeping us informed of what to expect as his condition progresses. https://t.co/LSc9YMV0OD,1259842259756990465,kent76934124,['https://twitter.com/BandyXLee1/status/1259823865368322049'],https://twitter.com/BandyXLee1/status/1259823865368322049,['https://t.co/LSc9YMV0OD'],https://t.co/LSc9YMV0OD
53,https://twitter.com/NgBin2/status/1259131807091445763,2020-05-09 14:43:11+00:00,"Me: Hi I major in Philosophy in Uni
Almost everyone: Oh so the study brain and mental disorder one ah 
...
😤 That’s the second major I’m taking but I guess you can say that

One studies what we could have been
The other studies what we have become",1259131807091445763,NgBin2,[],,[],
54,https://twitter.com/FarieRose/status/1257503337013886976,2020-05-05 02:52:13+00:00,"A colleague admits publicly she thinks there's some link between vaccinations and ASD. My heart broke. That someone who works with ASD children everyday still feels the need to blame their ""disorder"" on something. What is there left to say... To each his own.",1257503337013886976,FarieRose,[],,[],
55,https://twitter.com/malingkatbaiyan/status/1256192850007666689,2020-05-01 12:04:49+00:00,@tensionnakharam Cite pasal mental disorder. Traumatic event masa kecik buat dia bunuh org.,1256192850007666689,malingkatbaiyan,[],,[],
56,https://twitter.com/remind_sg/status/1255379421982326784,2020-04-29 06:12:32+00:00,"👥 Bipolar Disorder👥

Another Wednesday, another #WellnessWednesdays! This week we’re going to discuss about Bipolar Disorder, a mental illness that brings severe high and low moods.

#remind #singapore #mentalhealth #mentalhealthawareness #bipolar #disorder #selfcare #health https://t.co/6HAKspIApQ",1255379421982326784,remind_sg,[],,[],
57,https://twitter.com/remind_sg/status/1255378585281531905,2020-04-29 06:09:13+00:00,"👥 Bipolar Disorder👥

Another Wednesday, another #WellnessWednesdays! This week we’re going to discuss about Bipolar Disorder, a mental illness that brings severe high and low moods and changes in sleep, energy,… https://t.co/lhdqLiZhjv",1255378585281531905,remind_sg,['https://www.instagram.com/p/B_jd8ZZnhFX/?igshid=1fc0awh48auvl'],https://www.instagram.com/p/B_jd8ZZnhFX/?igshid=1fc0awh48auvl,['https://t.co/lhdqLiZhjv'],https://t.co/lhdqLiZhjv
58,https://twitter.com/malingkatbaiyan/status/1254439821356838915,2020-04-26 15:58:54+00:00,"Nope, mmg suka tweeting. Xtahu la knp. Rasa mcm ad mental disorder. Haha. Bila bole deactivated ntah.",1254439821356838915,malingkatbaiyan,[],,[],
59,https://twitter.com/S_Fanboyy/status/1252931275117084672,2020-04-22 12:04:28+00:00,"Well said man👏👏👏

Having #Casteophobia disorder 💯 https://t.co/qflXrCF68c",1252931275117084672,S_Fanboyy,['https://twitter.com/Imshawarmanand/status/1252921531463696386'],https://twitter.com/Imshawarmanand/status/1252921531463696386,['https://t.co/qflXrCF68c'],https://t.co/qflXrCF68c
60,https://twitter.com/remind_sg/status/1252868669685686274,2020-04-22 07:55:42+00:00,"The Aviator (2004) | Director: Martin Scorsese | Studio: Miramax 

#remind #singapore #mentalhealth #mentalhealthawareness #anxiety #disorder #mentalillness #wellness #emotion #treatment #selfhelp #movies #films #accurate #comment #mentalhealthinfilms https://t.co/ptHrEvKjBp",1252868669685686274,remind_sg,[],,[],
61,https://twitter.com/remind_sg/status/1252867583516176385,2020-04-22 07:51:23+00:00,"Still Alice (2015) | Director: Richard Glatzer, Wash Westmoreland | Studio: Sony Pictures Classics

#remind #singapore #mentalhealth #mentalhealthawareness #anxiety #disorder #mentalillness #wellness #emotion #treatment #movies #films #accurate #comment #mentalhealthinfilms https://t.co/aDGqgNofQa",1252867583516176385,remind_sg,[],,[],
62,https://twitter.com/SyahmelNazreen/status/1252540184970670080,2020-04-21 10:10:25+00:00,"@me2youIU Dia lalang. Kejap dia keji, kejap dia puji. Mental disorder kot. Hshaha",1252540184970670080,SyahmelNazreen,[],,[],
63,https://twitter.com/TannnSiewMei/status/1251860820855685120,2020-04-19 13:10:52+00:00,"@feeghaaa Crash landing on you 
Doctor john 
Kill me heal me - personality disorder 
Cinderella &amp; 4 knight 
Apa lagi aku tak ingat. Plg lama kill me heal tahun 2015 tak silap",1251860820855685120,TannnSiewMei,[],,[],
64,https://twitter.com/tapiulek/status/1248870775240585216,2020-04-11 07:09:30+00:00,"Insecure? Banget.
Anxiety disorder? Maybe 
Mentall illness? InsyaAllah belum sampe begitu:’)",1248870775240585216,tapiulek,[],,[],
65,https://twitter.com/tapiulek/status/1248869771770122242,2020-04-11 07:05:31+00:00,"Obsessive-compulsive disorder (OCD)?
Hmm....",1248869771770122242,tapiulek,[],,[],
66,https://twitter.com/isabelleebean/status/1247990650781356032,2020-04-08 20:52:12+00:00,Genuinely think I have a binge eating disorder https://t.co/fKWi36JVts,1247990650781356032,isabelleebean,[],,[],
67,https://twitter.com/kent76934124/status/1244907282418110475,2020-03-31 08:40:00+00:00,"This is a n urgent discussion to have. Triumph is a malignant narcissist combined with psychopathic personality disorder, a personality extremely dangerous in a political leader. Hitler has this personality type. Once WW2 was coming to an end Hitler tried to destroy Germany. https://t.co/vVfK9DPNyo",1244907282418110475,kent76934124,['https://twitter.com/gtconway3d/status/1243902235391688705'],https://twitter.com/gtconway3d/status/1243902235391688705,['https://t.co/vVfK9DPNyo'],https://t.co/vVfK9DPNyo
68,https://twitter.com/qal_omar/status/1243137433220210689,2020-03-26 11:27:15+00:00,"@areennnnnnnnn Its not just toxic family je , its actually the surroundings . All of the shits thats happening is just the same . So how can we escape ? Theres no other way only by going through it and not run from it . 

Ive been getting my anxiety disorder since i was 9, what could be worse😊",1243137433220210689,qal_omar,[],,[],
69,https://twitter.com/skwmal31/status/1240842582508240898,2020-03-20 03:28:20+00:00,@AizatSays Narcissistic personality disorder ke? 🤔,1240842582508240898,skwmal31,[],,[],
70,https://twitter.com/adscoffield/status/1240504563523702784,2020-03-19 05:05:10+00:00,i bet my gf has a personality disorder sometimes she can be a very reliable source and sometimes she is a forgetful bij,1240504563523702784,adscoffield,[],,[],
71,https://twitter.com/PatchouliW/status/1239578723243843585,2020-03-16 15:46:12+00:00,@pfanderson The cause is primarily a autoimmune disorder attacking the ligaments.,1239578723243843585,PatchouliW,[],,[],
72,https://twitter.com/Dang_abd/status/1239349654979936256,2020-03-16 00:35:58+00:00,I’m having eating disorder.,1239349654979936256,Dang_abd,[],,[],
73,https://twitter.com/iameafy/status/1237203534489063424,2020-03-10 02:28:03+00:00,"LIFE: Here’s #reTREAT2020 as your reward

Also LIFE: *day 1 after retreat* here’s sleep disorder, waking up late, no bus available, got stopped at immigration checkpoint, late for work. https://t.co/wOpWF9oXG2",1237203534489063424,iameafy,[],,[],
74,https://twitter.com/sonxez/status/1235414073384341506,2020-03-05 03:57:22+00:00,"You think I’m crazy? 😝😝😆  finding a friend with a same mental disorder. 😆 priceless! 😆😆 prita.christiana 
#crazymommies 
#annakoh
#sonyakam 💕 @ 583 Orchard Road, Forum the Shopping Mall. https://t.co/4CqpXigjLk",1235414073384341506,sonxez,['https://www.instagram.com/p/B9VnIijnn-Y/?igshid=1rkudjqgzwd5m'],https://www.instagram.com/p/B9VnIijnn-Y/?igshid=1rkudjqgzwd5m,['https://t.co/4CqpXigjLk'],https://t.co/4CqpXigjLk
75,https://twitter.com/bintmohari/status/1234755129657577472,2020-03-03 08:18:58+00:00,"Glad I had this fixed. It was so bad that I had to see the dentist several times bcz it caused me to have TMD. After that, I fixed my sleeping disorder. The stress... is always there just coping better now I guess. https://t.co/F8rYxHoDBm",1234755129657577472,bintmohari,['https://twitter.com/ChannelNewsAsia/status/1234614487690305537'],https://twitter.com/ChannelNewsAsia/status/1234614487690305537,['https://t.co/F8rYxHoDBm'],https://t.co/F8rYxHoDBm
76,https://twitter.com/TerapiAsSham/status/1234339915703312384,2020-03-02 04:49:03+00:00,"Anda ada sign NPD ke?
“Narcissistic Personality Disorder”(NPD) atau “Gangguan Personaliti Narcissistic” adlh suatu keadaan di mana org yg mempunyai perasaan yg berlebihan dgn kepentingan diri,keasyikan melampau dengan diri mereka sendiri &amp; kekurangan perasaan empati utk org lain. https://t.co/KGNye3Nypj",1234339915703312384,TerapiAsSham,[],,[],
77,https://twitter.com/simonkearney/status/1233369282668453890,2020-02-28 12:32:06+00:00,@hodgeamanda Malaysia has a self-destructive personality disorder,1233369282668453890,simonkearney,[],,[],
78,https://twitter.com/velorunsdeworld/status/1230674332826755072,2020-02-21 02:03:20+00:00,Is Narcissistic Personality Disorder a Mental Illness? https://t.co/zNQDXXdUvC via @recoveryvillage #NPD,1230674332826755072,velorunsdeworld,['https://www.therecoveryvillage.com/mental-health/narcissistic-personality-disorder/faq/is-npd-a-mental-illness/?utm_source=twitter&utm_medium=social&utm_campaign=SocialWarfare'],https://www.therecoveryvillage.com/mental-health/narcissistic-personality-disorder/faq/is-npd-a-mental-illness/?utm_source=twitter&utm_medium=social&utm_campaign=SocialWarfare,['https://t.co/zNQDXXdUvC'],https://t.co/zNQDXXdUvC
79,https://twitter.com/velorunsdeworld/status/1229726493602746369,2020-02-18 11:16:57+00:00,"If you dealt with narcissistic personality disorder people, the best thing to do is just stay away. Once they don’t need you anymore, they will discard and humiliate you, they are evil, immature and ridiculous. Stay away and stay away, is the best thing we can do.",1229726493602746369,velorunsdeworld,[],,[],
80,https://twitter.com/velorunsdeworld/status/1229725807007780864,2020-02-18 11:14:14+00:00,"#NPD (narcissistic personality disorder) is not taking selfie and post them on social media, this NPD is very manipulative, charming, pathological liar, he thinks he is very important people, loved to be admired, drama king/Queen, lack of empathy, but insecure &amp; fragile inside.",1229725807007780864,velorunsdeworld,[],,[],
81,https://twitter.com/velorunsdeworld/status/1229724176820260866,2020-02-18 11:07:45+00:00,"Have you dealt with a narcissistic personality disorder aka #NPD, I write a 17 page of ‘journal’ about this, I’m not kidding, maybe I need to document this visually with eye catchy motion graphic, but wait.. I need to manage my time for this. NPD is not curable but treatable",1229724176820260866,velorunsdeworld,[],,[],
82,https://twitter.com/velorunsdeworld/status/1229722271809323008,2020-02-18 11:00:11+00:00,"@Omnduut I dealt with a Narcissistic personality disorder for two years and it’s full of drama. Just stay away from these toxic people - focus on yourself, the best revenge is massive success",1229722271809323008,velorunsdeworld,[],,[],
83,https://twitter.com/dafugly_prince/status/1227994051481198592,2020-02-13 16:32:51+00:00,I think everyone has different beauty standards. Or some don’t have that much interest. I really don’t comprehend and see what others see. I look at myself differently. I don’t think its body dysmorphic disorder.,1227994051481198592,dafugly_prince,[],,[],
84,https://twitter.com/vincentrcrd/status/1224701685530071046,2020-02-04 14:30:10+00:00,"@ales___ @ElgarLouee Not everyone with ADHD would believe that they have special powers, biasanya diafirmasi oleh orang tua yang menekankan anaknya special, instead of punya disorder. Terus si anak ikutan mempercayai itu. But again, further investigation is needed though.",1224701685530071046,vincentrcrd,[],,[],
85,https://twitter.com/nurareefah/status/1219803248577536000,2020-01-22 02:05:31+00:00,"@DrRozanizam Doktor, apa beza borderline personality disorder dan borderline personality trait? Terima kasih.",1219803248577536000,nurareefah,[],,[],
86,https://twitter.com/UcupCarrick/status/1218845521449603078,2020-01-19 10:39:52+00:00,@m_fu4d @yr_begundal @7abrik @PorosHalangID Jujur...kadang gw ada sedikit ngalami nervours breakdown atau panic disorder gitulah...apalagi liat tren liverpool dan fansnya...padahal udah terbiasa liat emyu bapuk gini...hehe...akhirnya bang fu dan diskusi kalian di @PorosHalangID bisa bikin stabil lagi gw...hehe,1218845521449603078,UcupCarrick,[],,[],
87,https://twitter.com/CYingxuan/status/1215673930964299778,2020-01-10 16:37:05+00:00,I have to stop eating so much if not I’m gonna have binge eating disorder 😭,1215673930964299778,CYingxuan,[],,[],
88,https://twitter.com/AartiOlivia/status/1212859898574196736,2020-01-02 22:15:08+00:00,"My friend @angelabethcan made this beautiful post on my birthday and it’s perfect as my first proper post of the new year! Check out her work loves! 
Here is what you can expect from my account in 2020: more fat positivity, eating disorder awareness, mental health awareness, https://t.co/e2wQjOGten",1212859898574196736,AartiOlivia,[],,[],
