,url,date,content,id,username,outlinks,outlinksss,tcooutlinks,tcooutlinksss
0,https://twitter.com/SheerSecretSG/status/1322063256064839680,2020-10-30 06:30:17+00:00,#sheersecret #health #beauty supplement #facial treatment #free #gifts with purchase #therapy #london trained #bb cream additional free gifts #bugiscube @ BUGIS CUBE https://t.co/M42vqCgOle,1322063256064839680,SheerSecretSG,['https://www.instagram.com/p/CG9Sn47nqjF/?igshid=i0itwc03v6ge'],https://www.instagram.com/p/CG9Sn47nqjF/?igshid=i0itwc03v6ge,['https://t.co/M42vqCgOle'],https://t.co/M42vqCgOle
1,https://twitter.com/roza_willis/status/1319855125784104961,2020-10-24 04:15:58+00:00,"Good to be back here 💃🏻
#therapy #bespoke #throwbacktuesday @ Chez Vous Hair https://t.co/83yEguu4RN",1319855125784104961,roza_willis,['https://www.instagram.com/p/CGtme_YnafbHaG92w-HSDvtEhGFbusjzlHmKPA0/?igshid=wi6jiklozfjv'],https://www.instagram.com/p/CGtme_YnafbHaG92w-HSDvtEhGFbusjzlHmKPA0/?igshid=wi6jiklozfjv,['https://t.co/83yEguu4RN'],https://t.co/83yEguu4RN
2,https://twitter.com/JaneTok80/status/1249617621462339585,2020-04-13 08:37:12+00:00,"2.5 hours later, 40% decluttering done! This is the most inexpensive form of therapy ever! #CBday6 #declutter #therapy #whatnow",1249617621462339585,JaneTok80,[],,[],
3,https://twitter.com/SyuhailiY/status/1244639250827575296,2020-03-30 14:54:56+00:00,"Assalammualaikum

Insyallah jika diizinkan Allah SWT

Selepas #QIF19 reda dan kembali normal,

Saya ingin menawarkan perkhidmatan #massage #therapy kepada #Frontliners wanita

Jika ada Yang berminat, boleh hubungi saya 😍",1244639250827575296,SyuhailiY,[],,[],
4,https://twitter.com/DanspireVy/status/1237336004220137472,2020-03-10 11:14:26+00:00,"Dance sets you free.
Do you wana be free?

#dancewithoutjudgment #danspire #vincentyong #somaticsg #somatics #dance #therapy #movement #somaticmovement @ Singapore https://t.co/1D8LvpVqso",1237336004220137472,DanspireVy,['https://www.instagram.com/p/B9jRGO5HB-K/?igshid=1ny48tlgy51g2'],https://www.instagram.com/p/B9jRGO5HB-K/?igshid=1ny48tlgy51g2,['https://t.co/1D8LvpVqso'],https://t.co/1D8LvpVqso
5,https://twitter.com/DanspireVy/status/1232166187422883842,2020-02-25 04:51:26+00:00,"""Knowing others is intelligence;
knowing yourself is true wisdom.
Mastering others is strength;
mastering yourself is true power.""

#laotzu #iching #somatics #somaticmovementtherapy #somatic #therapy #somaticsg @… https://t.co/eHAdXdA8jD",1232166187422883842,DanspireVy,['https://www.instagram.com/p/B8-iK1WnTcB/?igshid=1m65li0eco8ax'],https://www.instagram.com/p/B8-iK1WnTcB/?igshid=1m65li0eco8ax,['https://t.co/eHAdXdA8jD'],https://t.co/eHAdXdA8jD
6,https://twitter.com/iamdjsathiya/status/1228597962000846850,2020-02-15 08:32:35+00:00,"There are 2 words in this tattoo! 
Make a guess! Many don't have these 2! #therapy #tattoo #ambigram https://t.co/VMjJ44XUB1",1228597962000846850,iamdjsathiya,[],,[],
7,https://twitter.com/butterfly_sg_/status/1228168062534217730,2020-02-14 04:04:19+00:00,"Happy Valentine's Day to all of you and your loved ones! Special shout-out to our volunteers and healthcare workers still braving the frontline! Send our love and support to them.

#workshop #colouring #therapy #art #valentinesday #loveisintheair #supportoneanother https://t.co/a4p2Bpesmc",1228168062534217730,butterfly_sg_,[],,[],
8,https://twitter.com/butterfly_sg_/status/1219952379925159936,2020-01-22 11:58:07+00:00,"Little Butterfly wishes everyone a Prosperous Chinese New Year! May everyone be prosperous in every way, health, body and mind.

#workshop #colouring #therapy #art #cny #gongxifacai #chinesenewyear #yearoftherat https://t.co/EEISDSrycU",1219952379925159936,butterfly_sg_,[],,[],
9,https://twitter.com/butterfly_sg_/status/1217281363012767744,2020-01-15 03:04:27+00:00,"First workshop of the year! Full house with 2 participants from the previous workshop!

#workshop #colouring #therapy #art https://t.co/dVsqu4rEOg",1217281363012767744,butterfly_sg_,[],,[],
