,url,date,content,id,username,outlinks,outlinksss,tcooutlinks,tcooutlinksss
0,https://twitter.com/SGinsightful/status/1412742521659138052,2021-07-07 11:57:19+00:00,#history #conflict #arguments #bond,1412742521659138052,SGinsightful,[],,[],
1,https://twitter.com/SGinsightful/status/1412742374434893836,2021-07-07 11:56:44+00:00,"4. Strengthens the bond between the two partners.
 #selflove #youarewhatyouthink #anxietysupport #keepgoing #keeptrying #youareloved #mentalhealthsupport #counsellingservices #itsokaytonotbeokay 
#marriage #therapy #marriagecounselling #benefits #relationships #communication",1412742374434893836,SGinsightful,[],,[],
2,https://twitter.com/SGinsightful/status/1412741998285524993,2021-07-07 11:55:14+00:00,"2. It helps you manage your conflicts, arguments and disagreement by attending to the triggers.
3. Each partner gets an opportunity to table their views, opinions, beliefs and thoughts without judgement from the therapist.
 #talkaboutit #therapyiscool #selftalk #depressionhelp",1412741998285524993,SGinsightful,[],,[],
3,https://twitter.com/SGinsightful/status/1412741786968104969,2021-07-07 11:54:24+00:00,"Here are some benefits of marriage counselling: 
1. It helps get to the root of the problem and find a way to tend to your relationship’s unique patterns and history.
#insightfulcounselling #psychotherapist  #counselling  #therapist #mentalhealthawareness #mentalhealthadvocate https://t.co/NTANvnnPw5",1412741786968104969,SGinsightful,[],,[],
4,https://twitter.com/SGinsightful/status/1412373077481037828,2021-07-06 11:29:16+00:00,#important,1412373077481037828,SGinsightful,[],,[],
5,https://twitter.com/SGinsightful/status/1412372929078345728,2021-07-06 11:28:41+00:00,"It's easy to give this advice but it takes practice to get into the right mindset!
#keepgoing #keeptrying #youareloved #mentalhealthsupport #counsellingservices #itsokaytonotbeokay
#quote #qotd #quoteoftheday #mentalhealthquotes #thoughts #control #tough #impact #thinking",1412372929078345728,SGinsightful,[],,[],
6,https://twitter.com/SGinsightful/status/1412372632280788993,2021-07-06 11:27:30+00:00,"Instead of getting overly stressed by your on-going to-do list, plan out what's the most important, what needs urgent attention and what can be looked at at a later date.
 #talkaboutit #therapyiscool #selftalk #depressionhelp #selflove #youarewhatyouthink #anxietysupport",1412372632280788993,SGinsightful,[],,[],
7,https://twitter.com/SGinsightful/status/1412371847937626116,2021-07-06 11:24:23+00:00,"We have countless thoughts every single day, it's tough to control what we think about! What we can do is change the way these thoughts impact us
#insightfulcounselling #therapistofinstagram #psychotherapist  #counselling  #therapist #mentalhealthawareness #mentalhealthadvocate https://t.co/xN3AwWsqEt",1412371847937626116,SGinsightful,[],,[],
8,https://twitter.com/SGinsightful/status/1412350914564866054,2021-07-06 10:01:12+00:00,15 Antioxidant Rich food boosters via @DermaEssentia https://t.co/WtqgX9y8KT,1412350914564866054,SGinsightful,['https://app.quuu.co/r/oZegw'],https://app.quuu.co/r/oZegw,['https://t.co/WtqgX9y8KT'],https://t.co/WtqgX9y8KT
9,https://twitter.com/SGinsightful/status/1412320779799252993,2021-07-06 08:01:28+00:00,4 Eating Habits That Might Mess With Mental Well-Being + What To Do https://t.co/fdP1KI7fQd,1412320779799252993,SGinsightful,['https://app.quuu.co/r/j5zky'],https://app.quuu.co/r/j5zky,['https://t.co/fdP1KI7fQd'],https://t.co/fdP1KI7fQd
10,https://twitter.com/SGinsightful/status/1412109538543779840,2021-07-05 18:02:04+00:00,7 Best Squats To Build Strong Legs &amp; Bulletproof Knees https://t.co/yH7N54lBAx,1412109538543779840,SGinsightful,['https://app.quuu.co/r/pnybpbl'],https://app.quuu.co/r/pnybpbl,['https://t.co/yH7N54lBAx'],https://t.co/yH7N54lBAx
11,https://twitter.com/SGinsightful/status/1412079873158430720,2021-07-05 16:04:11+00:00,10 Tips for Rapid Weight Loss (Plus Free Diet Plan Ideas!) - Adriana Albritton via @adrianafitnall https://t.co/GgZ9aktRW4,1412079873158430720,SGinsightful,['https://app.quuu.co/r/6vKjJ'],https://app.quuu.co/r/6vKjJ,['https://t.co/GgZ9aktRW4'],https://t.co/GgZ9aktRW4
12,https://twitter.com/SGinsightful/status/1412018904495542273,2021-07-05 12:01:55+00:00,3 Proven Mental Health Benefits of Songwriting via @Tunedly https://t.co/qGAcowLQp9,1412018904495542273,SGinsightful,['https://app.quuu.co/r/XDEG0'],https://app.quuu.co/r/XDEG0,['https://t.co/qGAcowLQp9'],https://t.co/qGAcowLQp9
13,https://twitter.com/SGinsightful/status/1411970781987282944,2021-07-05 08:50:42+00:00,"https://t.co/zkqC1J8g6S

#relationships #conflict #communication #trust #safespace",1411970781987282944,SGinsightful,['https://insightfulcounselling.com/all-you-should-know-about-couples-therapy/'],https://insightfulcounselling.com/all-you-should-know-about-couples-therapy/,['https://t.co/zkqC1J8g6S'],https://t.co/zkqC1J8g6S
14,https://twitter.com/SGinsightful/status/1411970630535114756,2021-07-05 08:50:06+00:00,"To understand what couples therapy is, what to expect, and how this therapy helps, click the link in our bio to read the blog - ""All You Should Know About Couples Therapy"" 

#counsellingservices #itsokaytonotbeokay
#blog #therapyblog #couplestherapy #couplescounselling #therapy",1411970630535114756,SGinsightful,[],,[],
15,https://twitter.com/SGinsightful/status/1411970415673548803,2021-07-05 08:49:14+00:00,"Couples who have - lost trust, face constant arguments, lack proper communication or have experienced a tough time together should consider couples therapy. 

#depressionhelp #selflove #youarewhatyouthink #anxietysupport #keepgoing #keeptrying #youareloved #mentalhealthsupport",1411970415673548803,SGinsightful,[],,[],
16,https://twitter.com/SGinsightful/status/1411970287600422915,2021-07-05 08:48:44+00:00,"Couples therapy provides a safe space for both parties to air their issues, devoid of your old ways of communicating.

#insightfulcounselling #psychotherapist  #counselling  #therapist #mentalhealthawareness #mentalhealthadvocate  #talkaboutit #therapyiscool #selftalk https://t.co/QI8lOax7tm",1411970287600422915,SGinsightful,[],,[],
17,https://twitter.com/SGinsightful/status/1411747205707440131,2021-07-04 18:02:17+00:00,7 Anterior Core Exercises That Are Better Than the Plank https://t.co/mBv8JaXv8Y,1411747205707440131,SGinsightful,['https://app.quuu.co/r/8nO5o'],https://app.quuu.co/r/8nO5o,['https://t.co/mBv8JaXv8Y'],https://t.co/mBv8JaXv8Y
18,https://twitter.com/SGinsightful/status/1411717105041428481,2021-07-04 16:02:40+00:00,Signs You Might Need Physical Therapy - Adriana Albritton via @adrianafitnall https://t.co/3uEbiy7gaU,1411717105041428481,SGinsightful,['https://app.quuu.co/r/kDPk0'],https://app.quuu.co/r/kDPk0,['https://t.co/3uEbiy7gaU'],https://t.co/3uEbiy7gaU
19,https://twitter.com/SGinsightful/status/1411686932430610433,2021-07-04 14:02:47+00:00,504 Plan Accommodation Ideas for ADHD | IEP Goals via @DontIEPalone https://t.co/OartL9xbyT,1411686932430610433,SGinsightful,['https://app.quuu.co/r/MkJnB'],https://app.quuu.co/r/MkJnB,['https://t.co/OartL9xbyT'],https://t.co/OartL9xbyT
20,https://twitter.com/SGinsightful/status/1411611817822986244,2021-07-04 09:04:18+00:00,#selfreflection #reflections #thinking #mind #smile #life #worrying,1411611817822986244,SGinsightful,[],,[],
21,https://twitter.com/SGinsightful/status/1411611793131143172,2021-07-04 09:04:12+00:00,"#mentalhealthawareness #mentalhealthadvocate  #talkaboutit #therapyiscool #selftalk #depressionhelp #selflove #youarewhatyouthink #anxietysupport #keepgoing #keeptrying #youareloved #mentalhealthsupport #counsellingservices #itsokaytonotbeokay 
#checkin #questions #mentalhealth",1411611793131143172,SGinsightful,[],,[],
22,https://twitter.com/SGinsightful/status/1411611678983159808,2021-07-04 09:03:45+00:00,"It's a good practice to have regular check-ins with yourself. These questions can be seen as guiding questions to get yourself thinking about your mental state and to begin a self-reflection process. 

#insightfulcounselling #psychotherapist  #counselling  #therapist https://t.co/luCRM2Oj4r",1411611678983159808,SGinsightful,[],,[],
23,https://twitter.com/SGinsightful/status/1411596373896671232,2021-07-04 08:02:56+00:00,"Why Are Americans Illiterate When It Comes to Mental Health, and How Can We Change That? https://t.co/H1aSOXn6wB",1411596373896671232,SGinsightful,['https://app.quuu.co/r/EPxWm'],https://app.quuu.co/r/EPxWm,['https://t.co/H1aSOXn6wB'],https://t.co/H1aSOXn6wB
24,https://twitter.com/SGinsightful/status/1411384899488129027,2021-07-03 18:02:36+00:00,I'm Having a Mid-Life Crisis - These Are 6 Ways I'm Coping With It via @shesaMonet https://t.co/hisF9c6wey,1411384899488129027,SGinsightful,['https://app.quuu.co/r/wkr0R'],https://app.quuu.co/r/wkr0R,['https://t.co/hisF9c6wey'],https://t.co/hisF9c6wey
25,https://twitter.com/SGinsightful/status/1411354935397076993,2021-07-03 16:03:32+00:00,Low-Impact Exercises for Seniors Videos 1 - 5 via @fruitadvantage https://t.co/UKCAnpe2Df,1411354935397076993,SGinsightful,['https://app.quuu.co/r/gxzgo'],https://app.quuu.co/r/gxzgo,['https://t.co/UKCAnpe2Df'],https://t.co/UKCAnpe2Df
26,https://twitter.com/SGinsightful/status/1411324800623169540,2021-07-03 14:03:48+00:00,Home 1 - Orchard of Health via @fruitadvantage https://t.co/vt4lUgjEDn,1411324800623169540,SGinsightful,['https://app.quuu.co/r/DkkVa'],https://app.quuu.co/r/DkkVa,['https://t.co/vt4lUgjEDn'],https://t.co/vt4lUgjEDn
27,https://twitter.com/SGinsightful/status/1411307577569206274,2021-07-03 12:55:21+00:00,#relationships #friendship #healthyboundaries #selfcare #space #boundariesarehealthy #setboundaries #mentalhealth #mindset,1411307577569206274,SGinsightful,[],,[],
28,https://twitter.com/SGinsightful/status/1411307553632309255,2021-07-03 12:55:16+00:00,"Don't be afraid to set your own boundaries! 

#mentalhealthadvocate  #talkaboutit #therapyiscool #selftalk #depressionhelp #selflove #youarewhatyouthink #anxietysupport #keepgoing #keeptrying #youareloved #mentalhealthsupport #counsellingservices #itsokaytonotbeokay 
#boundaries",1411307553632309255,SGinsightful,[],,[],
29,https://twitter.com/SGinsightful/status/1411307408404611073,2021-07-03 12:54:41+00:00,"Healthy boundaries are a crucial component of self-care. While we may feel it sounds unfriendly, boundaries are necessary and should be clearly defined in all relationships.

#insightfulcounselling #psychotherapist  #counselling  #therapist #mentalhealthawareness https://t.co/q0CfON1CGo",1411307408404611073,SGinsightful,[],,[],
30,https://twitter.com/SGinsightful/status/1411294750288777221,2021-07-03 12:04:23+00:00,"If you go back to the office, the colder temperature could cause you to gain weight https://t.co/VoHFC3z6hu",1411294750288777221,SGinsightful,['https://app.quuu.co/r/19woo'],https://app.quuu.co/r/19woo,['https://t.co/VoHFC3z6hu'],https://t.co/VoHFC3z6hu
31,https://twitter.com/youcancallmepig/status/1411259872318955521,2021-07-03 09:45:48+00:00,Counselling books can be super triggering https://t.co/hM75AZQrxO,1411259872318955521,youcancallmepig,[],,[],
32,https://twitter.com/SGinsightful/status/1411233810910416902,2021-07-03 08:02:14+00:00,Over-the-Counter or Custom Orthotics: Which Is Better? https://t.co/qQPkkFrjsI,1411233810910416902,SGinsightful,['https://app.quuu.co/r/N3KoR'],https://app.quuu.co/r/N3KoR,['https://t.co/qQPkkFrjsI'],https://t.co/qQPkkFrjsI
33,https://twitter.com/SGinsightful/status/1411022496032296960,2021-07-02 18:02:33+00:00,How to stop bad breath – 7 ways to keep your breath fresh via @wiselivingmagmenopause https://t.co/jG8qgogcQg,1411022496032296960,SGinsightful,['https://app.quuu.co/r/nvK7K'],https://app.quuu.co/r/nvK7K,['https://t.co/jG8qgogcQg'],https://t.co/jG8qgogcQg
34,https://twitter.com/SGinsightful/status/1410992436223094784,2021-07-02 16:03:06+00:00,Psilocybin-Assisted Therapy May be 4x More Effective in Treating Major Depression in Patients https://t.co/t7Le06RKSp,1410992436223094784,SGinsightful,['https://app.quuu.co/r/01oeE'],https://app.quuu.co/r/01oeE,['https://t.co/t7Le06RKSp'],https://t.co/t7Le06RKSp
35,https://twitter.com/SGinsightful/status/1410962183232630790,2021-07-02 14:02:53+00:00,Understanding the Factors That Cause Metabolic Syndrome https://t.co/4phw75AmXV,1410962183232630790,SGinsightful,['https://app.quuu.co/r/ykPj3'],https://app.quuu.co/r/ykPj3,['https://t.co/4phw75AmXV'],https://t.co/4phw75AmXV
36,https://twitter.com/SGinsightful/status/1410932238758420483,2021-07-02 12:03:54+00:00,20 Easy Food &amp; Drink Ideas To Add To Your Spring Flings https://t.co/nFIlKqV7PM,1410932238758420483,SGinsightful,['https://app.quuu.co/r/A1Wm1'],https://app.quuu.co/r/A1Wm1,['https://t.co/nFIlKqV7PM'],https://t.co/nFIlKqV7PM
37,https://twitter.com/SGinsightful/status/1410902188180791299,2021-07-02 10:04:29+00:00,20 Parent Communication Log Templates |  Free Parent-Teacher Daily Communication Sheets via @DontIEPalone https://t.co/fciW8oMqjX,1410902188180791299,SGinsightful,['https://app.quuu.co/r/r9vP4'],https://app.quuu.co/r/r9vP4,['https://t.co/fciW8oMqjX'],https://t.co/fciW8oMqjX
38,https://twitter.com/SGinsightful/status/1410879282507776001,2021-07-02 08:33:28+00:00,"#selftalk #depressionhelp #selflove #youarewhatyouthink #anxietysupport #keepgoing #keeptrying #youareloved #mentalhealthsupport #counsellingservices #itsokaytonotbeokay
#qotd #quoteoftheday #quote #mentalhealthquote #courage #help #healing #therapy #brave #journey",1410879282507776001,SGinsightful,[],,[],
39,https://twitter.com/SGinsightful/status/1410879226878730240,2021-07-02 08:33:15+00:00,"Taking the first step to ask for help may seem confusing &amp; scary, but it is an extremely brave step. Your healing journey begins with you! 

#insightfulcounselling #psychotherapist  #counselling  #therapist #mentalhealthawareness #mentalhealthadvocate  #talkaboutit #therapyiscool https://t.co/g3VJ1WFeRr",1410879226878730240,SGinsightful,[],,[],
40,https://twitter.com/stephanuswidja1/status/1410855171492507650,2021-07-02 06:57:39+00:00,"BISA Online Networking

Counselling with Holistic Aaproach
Speaker: Ana Jeremiah
Time: Jul 2, 04.00 - 05.00 PM Singapore Time

Join Zoom Meeting
https://t.co/dxuMOq3fBB
Meeting ID: 82387596546

More Info &amp; RSVP:
https://t.co/98Xl1Rfte1 https://t.co/tGoNYBTqLT",1410855171492507650,stephanuswidja1,"['https://lnkd.in/gm9NdXJ', 'https://www.meetup.com/BISAKITA/events/279143910/']",https://lnkd.in/gm9NdXJ https://www.meetup.com/BISAKITA/events/279143910/,"['https://t.co/dxuMOq3fBB', 'https://t.co/98Xl1Rfte1']",https://t.co/dxuMOq3fBB https://t.co/98Xl1Rfte1
41,https://twitter.com/SGinsightful/status/1410527758682259462,2021-07-01 09:16:38+00:00,"#youarewhatyouthink #anxietysupport #keepgoing #keeptrying #youareloved #mentalhealthsupport #counsellingservices #itsokaytonotbeokay 
#mentalhealth #selfesteem #change #sensitive #lowselfesteem #problems #socialwithdrawal #selfcare #life #waves",1410527758682259462,SGinsightful,[],,[],
42,https://twitter.com/SGinsightful/status/1410527664788574211,2021-07-01 09:16:16+00:00,"Although it can be a challenge, the more situations we experience, the more we learn about ourselves, and the better we know our identity as a person, our purpose, what we don’t want to go back to, and what we want our lives to shape up to.

#selftalk #depressionhelp #selflove",1410527664788574211,SGinsightful,[],,[],
43,https://twitter.com/SGinsightful/status/1410527491010138116,2021-07-01 09:15:34+00:00,"Self-esteem constantly changes its flow and intensity like waves in the ocean, by people we meet along the way and our life experiences.

#insightfulcounselling #psychotherapist  #counselling  #therapist #mentalhealthawareness #mentalhealthadvocate  #talkaboutit #therapyiscool https://t.co/sNej3XSFch",1410527491010138116,SGinsightful,[],,[],
44,https://twitter.com/___aal1yah/status/1410243499086159876,2021-06-30 14:27:05+00:00,gi counselling pon takle harap,1410243499086159876,___aal1yah,[],,[],
45,https://twitter.com/sitizarizza/status/1409710595973160971,2021-06-29 03:09:31+00:00,Tak faham aku kolej aku ni dia buat counselling week. Lecturer kene jadi counselor pulak tetibe untuk students lemah.,1409710595973160971,sitizarizza,[],,[],
46,https://twitter.com/Sukhveer_Sandhu/status/1389367322603778048,2021-05-03 23:52:37+00:00,"@alipomustaqimo Does your nafsu gets triggered everytime you see a female in tight clothes doing the simplest thing on a daily basis ? If it does, then sorry bro, you need counselling and help cause that isn’t normal.",1389367322603778048,Sukhveer_Sandhu,[],,[],
47,https://twitter.com/animefolyf/status/1381619039290593284,2021-04-12 14:43:42+00:00,"Ngl I wasn't expecting anything when I meet my counselling doctor last year, I was just too broken stressed and was at the verge of switching my lights off, I may have looked happy at the outside maybe some would even say calm and collected and stress free",1381619039290593284,animefolyf,[],,[],
48,https://twitter.com/mkclodiagmailc1/status/1375646009649360896,2021-03-27 03:09:01+00:00,@MrsSOsbourne @piersmorgan If she was so suicidal where was the husband? Harry has plenty connections with mental health professionals. He went for counselling himself. Where were her obstetrytians? Her midwives? She chose them herself ?,1375646009649360896,mkclodiagmailc1,[],,[],
49,https://twitter.com/Diahzqh/status/1373458645145423872,2021-03-21 02:17:13+00:00,"@anissnabiha @ametbakaq @mohamed_fittri We both agree to go separate ways sbb dah tak sefahaman, after a few counselling of course. We thought that we can learn to accept each other, but we can't.",1373458645145423872,Diahzqh,[],,[],
50,https://twitter.com/eddydaud/status/1373177369930862595,2021-03-20 07:39:32+00:00,@terrencedass @shamsul__kamal @malaymail Authorities shd use their limited resources to catch real crooks who harm society. Nak tangkap transgender sampai gini sekali?...Sajat needs help and counselling not this.,1373177369930862595,eddydaud,[],,[],
51,https://twitter.com/Shuraim_Basir/status/1366699886192644098,2021-03-02 10:40:19+00:00,"Had another counselling session today. Honestly, I don’t get the stereotype why men don’t go to talk about their emotions. We should go guys. Bottling it in isn’t healthy.",1366699886192644098,Shuraim_Basir,[],,[],
52,https://twitter.com/sitizarizza/status/1366308002894991365,2021-03-01 08:43:07+00:00,"This week im gonna be a counsellor. Suddenly, this semester, my management implement for counselling week. Tetibe lecturer jadi counsellor 😅",1366308002894991365,sitizarizza,[],,[],
53,https://twitter.com/Shuraim_Basir/status/1357543743310602244,2021-02-05 04:17:05+00:00,"Just wanna ask for those who have been for counselling, is it normal for the per hour prices to be between $120-$200?",1357543743310602244,Shuraim_Basir,[],,[],
54,https://twitter.com/aqiramdzain/status/1353320201018728448,2021-01-24 12:34:14+00:00,kene oncall counselling after soooooo long tak oncall counselling ahahahahhaha,1353320201018728448,aqiramdzain,[],,[],
55,https://twitter.com/Huan_Olivia/status/1349713163160178695,2021-01-14 13:41:09+00:00,今天counselling的时候奇妙的come out了……,1349713163160178695,Huan_Olivia,[],,[],
56,https://twitter.com/nrateeqah___/status/1347232586695729154,2021-01-07 17:24:13+00:00,I learn alot frm marriage counselling,1347232586695729154,nrateeqah___,[],,[],
