,url,date,content,id,username,outlinks,outlinksss,tcooutlinks,tcooutlinksss
0,https://twitter.com/nnliyy/status/1412914340651429892,2021-07-07 23:20:04+00:00,"all i want to see is Allah in whatever pain i’m going through &amp; that it happens by His will &amp; His decree but i can’t deny that as much as i see Him as the Mover, i can’t not see the evil acts &amp; the people who commit them &amp; find it okay. the impact &amp; trauma that one has to deal w.",1412914340651429892,nnliyy,[],,[],
1,https://twitter.com/AdamWayneExe/status/1412867898377342979,2021-07-07 20:15:31+00:00,"@Mechagaikotsu I hope you use the first ep of Gundam seed destiny 
when shinn got trauma because of this mobile suit~",1412867898377342979,AdamWayneExe,[],,[],
2,https://twitter.com/khadijahfadzir/status/1412837477107191809,2021-07-07 18:14:38+00:00,"Kawan aku sejak dpt call dia +ve covid. N then sekarang dia covid survivor. Dia jadi trauma kalau dapat call dari no yg dia tk save. Sbb dia fikir tuh no KKM

Gais selain jaga diri jaga kesihatan. Our mental health pun penting",1412837477107191809,khadijahfadzir,[],,[],
3,https://twitter.com/thatpassingshot/status/1412825074407665664,2021-07-07 17:25:21+00:00,"i'll admit - deep inside, some part of me is hella relieved that i won't need to sit through a djokerer final. the trauma just is buried deep",1412825074407665664,thatpassingshot,[],,[],
4,https://twitter.com/minnowalbertron/status/1412821253597978631,2021-07-07 17:10:10+00:00,Pengalaman buatkan kita trauma,1412821253597978631,minnowalbertron,[],,[],
5,https://twitter.com/judicarlee_/status/1412740201995116545,2021-07-07 11:48:06+00:00,"@C0IdWhisky That's honestly their choice tbh, doubt he made the other guy not wear headgear. Besides, as far as I know headgear doesn't stop trauma to the head, only cuts and in certain types, nose/cheek fractures.",1412740201995116545,judicarlee_,[],,[],
6,https://twitter.com/FrightLight1/status/1412684462144430082,2021-07-07 08:06:36+00:00,You know I feel like people who say something isn't abuse it's because they experience it as a childhood and they don't recognize it as abuse even when they have facts in front of them that's called trauma,1412684462144430082,FrightLight1,[],,[],
7,https://twitter.com/hisayabungaaa/status/1412662862040891397,2021-07-07 06:40:46+00:00,setiap malam macam ni. lagi lagi bila orang kejut secara mengejut waktu kita tidur &amp; mimpi trauma https://t.co/Y1NAzySdkF,1412662862040891397,hisayabungaaa,['https://twitter.com/funnygirlw/status/1412328634061246465'],https://twitter.com/funnygirlw/status/1412328634061246465,['https://t.co/Y1NAzySdkF'],https://t.co/Y1NAzySdkF
8,https://twitter.com/fuwhatweets/status/1412648899060195328,2021-07-07 05:45:17+00:00,"Studying about Stroke Manifestations… 

Had to take a short break because the topics reminded me of how my mom went through a stroke 

That trauma and remembering every detail…",1412648899060195328,fuwhatweets,[],,[],
9,https://twitter.com/billm9/status/1412593231775293440,2021-07-07 02:04:05+00:00,‘Won't go back into the building’: Reporters who ‘SURVIVED’ Capitol riot mocked as Vice says they’re still struggling with trauma https://t.co/VsZzWq6LFZ #,1412593231775293440,billm9,['https://www.rt.com/usa/528535-media-capitol-riot-survivors-ptsd/'],https://www.rt.com/usa/528535-media-capitol-riot-survivors-ptsd/,['https://t.co/VsZzWq6LFZ'],https://t.co/VsZzWq6LFZ
10,https://twitter.com/rasath11/status/1412589333517721601,2021-07-07 01:48:36+00:00,"What I see: an unconditional acceptance and commitment to love someone - flaws, strengths, mistakes, potential, history, trauma and all. Can you look in the mirror truly say you love yourself? That is the priority in this life... https://t.co/43VuTekfve",1412589333517721601,rasath11,[],,[],
11,https://twitter.com/needsleepby/status/1412587154698498052,2021-07-07 01:39:56+00:00,"hahaha aku banget ya allah. Ya gimana trauma soalnya ntar pas kumakan eh bukan lauk untuk saya:"") https://t.co/4DDvCHK7xN",1412587154698498052,needsleepby,['https://twitter.com/bertanyarl/status/1412473922574979078'],https://twitter.com/bertanyarl/status/1412473922574979078,['https://t.co/4DDvCHK7xN'],https://t.co/4DDvCHK7xN
12,https://twitter.com/deemsumnn/status/1412503749851959297,2021-07-06 20:08:31+00:00,Ig the trauma is still here,1412503749851959297,deemsumnn,[],,[],
13,https://twitter.com/naajahhhh/status/1412465303833907202,2021-07-06 17:35:45+00:00,"One sentence that brings trauma to me is ""I busy kerja sayang, takde masa nak cari perempuan lain. Jaga you sorang pon dh cukup"" Everytime I hear this from a guy I just burst out laughing. Because I know damn well it's not true",1412465303833907202,naajahhhh,[],,[],
14,https://twitter.com/IrhamIbrahim_/status/1412460122987655170,2021-07-06 17:15:10+00:00,Arwah kawan kerja aku yg meninggal sebab renjatan. Bila tengok gini trauma jadi dia. https://t.co/GngH4W23qP,1412460122987655170,IrhamIbrahim_,['https://twitter.com/kindanotwell/status/1412316230963191809'],https://twitter.com/kindanotwell/status/1412316230963191809,['https://t.co/GngH4W23qP'],https://t.co/GngH4W23qP
15,https://twitter.com/zellwk/status/1412441497002147840,2021-07-06 16:01:09+00:00,"@cliener I’m gonna blame all adult trauma issues on you, Chris :p

That said, RE2 Remake looks really life-like. Worse: I have a 31.5 inch screen that immerses me so much I can’t see the whole screen &gt;&lt; 

Can be scary shit haha.",1412441497002147840,zellwk,[],,[],
16,https://twitter.com/nadiasyazwani_/status/1412437037303484417,2021-07-06 15:43:26+00:00,"Bila dah terbiasa spam ni jadi masalah tau. Sebab pernah trauma taip panjang dan pendek2 kena compile terus 1 paragraph. Masalah betul aku ni 😭😂

Pastu dh kenapa sikit-sikit nak minta maaf ei. Ketuk kepala ni!",1412437037303484417,nadiasyazwani_,[],,[],
17,https://twitter.com/nanahoshiren/status/1412424358002413580,2021-07-06 14:53:03+00:00,"@kien_gbf for example, my family literally only has 1 NT, my mum. my dad is ND but adult diagnoses don't exist. 

I had a suspected autism diagnosis that didn't get followed up when I started speaking. My genius little brother got one after getting trauma at national service.

+",1412424358002413580,nanahoshiren,[],,[],
18,https://twitter.com/rotigardeniaa/status/1412415546184851461,2021-07-06 14:18:02+00:00,First they’ll give you butterflies then mental trauma for entire life,1412415546184851461,rotigardeniaa,[],,[],
19,https://twitter.com/_babymochibear_/status/1412409244310282250,2021-07-06 13:52:59+00:00,@taeddaenggg Pls… on:e mini is trauma ehh I still have so many repeated packs with me kns,1412409244310282250,_babymochibear_,[],,[],
20,https://twitter.com/Ainipipit22/status/1412356791279648774,2021-07-06 10:24:34+00:00,"Trauma dekat sama cowok yg pendiam, yg gbanyak omongnya, ibarat kata siapa sih yg paham masud org bisu kalo dia gk ngasih aba2 :)
Aku pernah nulis kata2 d tahun 2019 kurang lbh spt ini ""kalo tak ada usaha untuk mendekat maka akan selalu terbentang sekat"" jd bgt :)",1412356791279648774,Ainipipit22,[],,[],
21,https://twitter.com/NewPL2021/status/1412340888164990977,2021-07-06 09:21:22+00:00,"Ingatkan injection Sifilis Tu macam injection biasa,rupanya sakit dia,fuhhhhh...Aku Yang tak Takut jarum pun boleh trauma,apakan lagi orang yang anti-jarum😂",1412340888164990977,NewPL2021,[],,[],
22,https://twitter.com/ddamzar/status/1412314345753567241,2021-07-06 07:35:54+00:00,"Since mid-2020, I've been personally exploring the area of mental health &amp; ways in which to cope with my own anxieties &amp; trauma, owning the journey that I've been on. 

However, as someone in the RRH scene since 2019, I noticed that mental wellness is often overlooked. (1/3) https://t.co/uQMFMzj4qr",1412314345753567241,ddamzar,['https://twitter.com/hashpeace_/status/1411223733272944642'],https://twitter.com/hashpeace_/status/1411223733272944642,['https://t.co/uQMFMzj4qr'],https://t.co/uQMFMzj4qr
23,https://twitter.com/ShamMcweirdston/status/1412303594678755342,2021-07-06 06:53:10+00:00,Its trauma bond,1412303594678755342,ShamMcweirdston,[],,[],
24,https://twitter.com/furq4n__/status/1412300470752747554,2021-07-06 06:40:46+00:00,Puki trauma jek tengok tu video HAHAHA @fychuloo,1412300470752747554,furq4n__,[],,[],
25,https://twitter.com/ndzrh__/status/1412299761269440512,2021-07-06 06:37:57+00:00,u left me &amp; i’m trauma,1412299761269440512,ndzrh__,[],,[],
26,https://twitter.com/rakuraiwielder/status/1412285630868987905,2021-07-06 05:41:48+00:00,the irony of leona-self destructive tendencies-kingscholar self improving in subtle ways that does/doesn't relate to his core problems and trauma really makes you think,1412285630868987905,rakuraiwielder,[],,[],
27,https://twitter.com/teyyayos/status/1412244449648803843,2021-07-06 02:58:09+00:00,"i thought bila aku cerita past aku, kau tak buat benda yang aku paling trauma tapi tak haha",1412244449648803843,teyyayos,[],,[],
28,https://twitter.com/Nvdante69/status/1412204194153435145,2021-07-06 00:18:12+00:00,"@JeanJaq37285769 I really wanted to watch it,but the first episode already make me trauma of bloods.perhaps someone could link me to the uncensored ver.🥺",1412204194153435145,Nvdante69,[],,[],
29,https://twitter.com/christi14876077/status/1412088290761605124,2021-07-05 16:37:38+00:00,"You should NEVER share someone’s trauma online, even if it paints you in a better light. Because just by doing that (sharing trauma), you are NO LONGER IN GOOD LIGHT. I don’t know how people are happy with posting shit like that #deplatformgabbiehanna",1412088290761605124,christi14876077,[],,[],
30,https://twitter.com/RShankarRK/status/1412080471610036224,2021-07-05 16:06:34+00:00,Nobody should go through this kinda trauma.,1412080471610036224,RShankarRK,[],,[],
31,https://twitter.com/mulberrybrown/status/1412074743776219141,2021-07-05 15:43:48+00:00,Kena kejar Hanjing!! Dasar haiwan berkaki 4! trauma lah wey dengan 🐕 ni 😩,1412074743776219141,mulberrybrown,[],,[],
32,https://twitter.com/zellwk/status/1412064703329705990,2021-07-05 15:03:54+00:00,"After a loooong time, I finally played Resident Evil. Good to clear out some childhood horror trauma issues.",1412064703329705990,zellwk,[],,[],
33,https://twitter.com/spaceofhippop/status/1412025880939941888,2021-07-05 12:29:38+00:00,Trauma has the power to turn some people into phenomenal comedians. I’m glad some of y’all suffered.,1412025880939941888,spaceofhippop,[],,[],
34,https://twitter.com/syeeraliyana/status/1412017840006209540,2021-07-05 11:57:41+00:00,@syfqhismail_ Setakat harini cuma bengkak dkt tmpt jab tu jela. Lain tkde. Sampai hari jumaat haritu gi klinik sbb sakit sgt kepala. Tk gi keje pun. Almost nk kena drip air. Trauma nk 2nd dose.,1412017840006209540,syeeraliyana,[],,[],
35,https://twitter.com/elouease/status/1412002207004725248,2021-07-05 10:55:34+00:00,sorry if you didn't expect trauma unloading here but i'm gonna be fine at some point i promise.,1412002207004725248,elouease,[],,[],
36,https://twitter.com/mark_pritam/status/1411992376059387907,2021-07-05 10:16:30+00:00,"i’ve reached the point where if i get sad, angry or happy i just laugh. laughter y’all. humour masks all the trauma 🤪",1411992376059387907,mark_pritam,[],,[],
37,https://twitter.com/AbdAzeem11/status/1411962550074310657,2021-07-05 08:17:59+00:00,"Ni trauma yg tukang edit video, client minta demand bukan2, bayo ribu riban katanya 🤣 https://t.co/k38KWvoEox",1411962550074310657,AbdAzeem11,['https://twitter.com/ijaicool/status/1411901817785491457'],https://twitter.com/ijaicool/status/1411901817785491457,['https://t.co/k38KWvoEox'],https://t.co/k38KWvoEox
38,https://twitter.com/iewezontherocks/status/1411937728095129603,2021-07-05 06:39:21+00:00,does being forced to read ayn rand at the age of 14 by my dad count as childhood trauma?,1411937728095129603,iewezontherocks,[],,[],
39,https://twitter.com/AinFifah/status/1411933328156938240,2021-07-05 06:21:52+00:00,"Trauma really works differently. Even communicating through texts, I could still be having shivers and panic attacks. 

Trauma triggers, you difficult thing to overcome lahhhh.",1411933328156938240,AinFifah,[],,[],
40,https://twitter.com/f3rosa/status/1411925077441003520,2021-07-05 05:49:05+00:00,"Since finding out my moon and rising starsigns ... I understand myself more fully.
On the quest to find out more on my chart.
No, nothing to do with life trauma and human experience, duh...lol!",1411925077441003520,f3rosa,[],,[],
41,https://twitter.com/disloyalbuffal0/status/1411903164836577282,2021-07-05 04:22:01+00:00,That line in regeneration about how trauma is not sudden but instead due to erosion over time is so applicable here,1411903164836577282,disloyalbuffal0,[],,[],
42,https://twitter.com/Makupurata/status/1411894085858729987,2021-07-05 03:45:56+00:00,"https://t.co/OfV3QujQ8Q

This is my favourite battle music now. It definitely didn't give me trauma",1411894085858729987,Makupurata,['https://www.youtube.com/watch?v=A1WeimmTGF4'],https://www.youtube.com/watch?v=A1WeimmTGF4,['https://t.co/OfV3QujQ8Q'],https://t.co/OfV3QujQ8Q
43,https://twitter.com/heyzahir/status/1411873741462593537,2021-07-05 02:25:05+00:00,"Taking mc today. I am experiencing ""tattoo flu"". Basically too much skin trauma over the past few days 😬 https://t.co/t5F4PQzbMH",1411873741462593537,heyzahir,['https://www.inkedmind.com/is-it-normal-to-feel-sick-after-getting-a-tattoo/'],https://www.inkedmind.com/is-it-normal-to-feel-sick-after-getting-a-tattoo/,['https://t.co/t5F4PQzbMH'],https://t.co/t5F4PQzbMH
44,https://twitter.com/NrlIzzahAtirah/status/1411857491307102208,2021-07-05 01:20:31+00:00,Trauma dh ni nk bawak moto even xde luka cuma sakit pinggang je 😭😭,1411857491307102208,NrlIzzahAtirah,[],,[],
45,https://twitter.com/rahmaanifa1/status/1411855799266148353,2021-07-05 01:13:48+00:00,"Whatever you are, please don’t be a source of someone’s trauma.",1411855799266148353,rahmaanifa1,[],,[],
46,https://twitter.com/aainnatasya/status/1411852204412076032,2021-07-05 00:59:31+00:00,paling seram malam tadi la tau sampai nangis teresak2 . takutnya ya Allah mesti malam kang trauma nak tidur 😌,1411852204412076032,aainnatasya,[],,[],
47,https://twitter.com/kenziegtay/status/1411815267261288450,2021-07-04 22:32:44+00:00,"judau: *dealing with the trauma of losing his younger sister and suffering from intense psychological shock*
roux: omg get over it judau 🙄, we still have a lot more war left in the tank!",1411815267261288450,kenziegtay,[],,[],
48,https://twitter.com/FrightLight1/status/1411794545998581760,2021-07-04 21:10:24+00:00,"// trauma ment

is it normal to have violent reactions to certain things or act a certain way a traumatized person would despite never having trauma at all
im pretty sure i dont have any repressed memories",1411794545998581760,FrightLight1,[],,[],
49,https://twitter.com/Nsrllimn/status/1411775792967610373,2021-07-04 19:55:53+00:00,@D3ADSHII ada trauma dengan kucing ke time kecik sampai you takut kucing ?,1411775792967610373,Nsrllimn,[],,[],
50,https://twitter.com/24x7Page/status/1411764035855556614,2021-07-04 19:09:10+00:00,"Now practitioners are warning of a national mental health emergency as people begin to show signs of trauma from the explosion, including nightmares, flashbacks, crying, anxiety, anger and exhaustion. https://t.co/H08q3yplsC via @stcom #DORSCON #Retailer",1411764035855556614,24x7Page,['http://www.straitstimes.com/world/middle-east/nightmares-flashbacks-fatigue-beirut-faces-mental-health-crisis-after-blast'],http://www.straitstimes.com/world/middle-east/nightmares-flashbacks-fatigue-beirut-faces-mental-health-crisis-after-blast,['https://t.co/H08q3yplsC'],https://t.co/H08q3yplsC
51,https://twitter.com/9ty7sthinker/status/1411720864605736962,2021-07-04 16:17:37+00:00,12) i hold grudges for VERY long time for people who has caused me severe trauma which is why i dont think i will ever forgive my bullies even though we were really young in secondary school,1411720864605736962,9ty7sthinker,[],,[],
52,https://twitter.com/thealisyasarah/status/1411704594858594307,2021-07-04 15:12:58+00:00,"""i ve my trauma, smtime i could survive smtime nope.""",1411704594858594307,thealisyasarah,[],,[],
53,https://twitter.com/re3maaa/status/1411695276276867073,2021-07-04 14:35:56+00:00,girls be getting flowers while all i got was trauma😆,1411695276276867073,re3maaa,[],,[],
54,https://twitter.com/junkieft/status/1411672398538018816,2021-07-04 13:05:02+00:00,"when u got raped but instead of trauma u got a rape kink 😔✊🏻

p.s. pls don't invalidate rape victims who suffer sexual trauma, everyone handles with their experiences differently, and i just feel fortunate that it did not cause any huge mental trauma for me",1411672398538018816,junkieft,[],,[],
55,https://twitter.com/nrvlsyh/status/1411655992350109699,2021-07-04 11:59:50+00:00,aih kesian pulak kena handle orang trauma mcm aku 😭 bukan aku takleh lupakan benda lama...,1411655992350109699,nrvlsyh,[],,[],
56,https://twitter.com/heysonzz/status/1411652897742278658,2021-07-04 11:47:32+00:00,is oversharing a trauma response.....asking for a friend,1411652897742278658,heysonzz,[],,[],
57,https://twitter.com/autiumjewels/status/1411644474963501057,2021-07-04 11:14:04+00:00,"Some of the best ideas come from dreams, and with dreams comes inspiration. Pink Spinels can help one's dreams to come alive and heal trauma. It is a stone of new hope and renewal.

W124 MARISSA DANGLING EARRINGS - PINK LONG CUSHION
18K WHITE GOLD, PINK SPINELS AND DIAMONDS https://t.co/EBA45Lc5UB",1411644474963501057,autiumjewels,[],,[],
58,https://twitter.com/AungHei36261150/status/1411618475227836418,2021-07-04 09:30:45+00:00,Now this little girl has to live with mental trauma the military put her through. #WhatsHappeningInMyanmar #CrimesAgainstHumanity @antonioguterres @USAmbUN @SecBlinken @UN_HRC @UNICEF @SchranerBurgen1 https://t.co/u2TaAlz3ap,1411618475227836418,AungHei36261150,['https://twitter.com/rapporteurun/status/1411106019632201729'],https://twitter.com/rapporteurun/status/1411106019632201729,['https://t.co/u2TaAlz3ap'],https://t.co/u2TaAlz3ap
59,https://twitter.com/hannahgohya/status/1411604858952503299,2021-07-04 08:36:39+00:00,"#TheBoldType - getting really sick of how Jane is a journalist and yet is always so biased, closed minded; always projecting her past trauma onto her writing and those around her. Sutton and Kat deserves better.",1411604858952503299,hannahgohya,[],,[],
60,https://twitter.com/putradosmacho/status/1411512836589719552,2021-07-04 02:30:59+00:00,All my trauma just came back while I was trying to sleep so now I'm on fight or flight mode,1411512836589719552,putradosmacho,[],,[],
61,https://twitter.com/elouease/status/1411503727974830082,2021-07-04 01:54:47+00:00,"a shitty thing about trauma is that when your life is stable, it feels like the threshold of suffering is too low.  like heartbreak, anxiety, depression, are invalid, bc you've suffered worse. i keep forgetting that i deserve to live fully. i keep settling for less than i deserve",1411503727974830082,elouease,[],,[],
62,https://twitter.com/jmewhyte/status/1411471553141805063,2021-07-03 23:46:56+00:00,"@jpublik Rupert is old as fuck, can someone please have a word with him and tell him he's made enough money and caused enough trauma for the rest of us and to just leave us be",1411471553141805063,jmewhyte,[],,[],
63,https://twitter.com/Luqyanasb_/status/1411469284820209665,2021-07-03 23:37:55+00:00,"trauma banget pacaran sama anak rantau, when he left, there was nothing left :)",1411469284820209665,Luqyanasb_,[],,[],
64,https://twitter.com/zikhonamakhoba/status/1411458395304046593,2021-07-03 22:54:39+00:00,Trauma bonding...🤔😑,1411458395304046593,zikhonamakhoba,[],,[],
65,https://twitter.com/justcallme_od/status/1411396295001055240,2021-07-03 18:47:53+00:00,H.E.R - Trauma,1411396295001055240,justcallme_od,[],,[],
66,https://twitter.com/AChVoice/status/1411391802838503424,2021-07-03 18:30:02+00:00,"“She explained that our #body freezes at the time of #trauma, holding in the #emotions that we were experiencing”: https://t.co/FutN9GiNFe @klclark525 #MyofascialRelease #MentalHealthAwareness",1411391802838503424,AChVoice,['https://buff.ly/3rv22ZI'],https://buff.ly/3rv22ZI,['https://t.co/FutN9GiNFe'],https://t.co/FutN9GiNFe
67,https://twitter.com/syhrasaturday_/status/1411372476307701767,2021-07-03 17:13:15+00:00,Peristiwa nurin ni buat aku trauma sampai skrg dengan van putih 😌 https://t.co/nY9tNemmXq,1411372476307701767,syhrasaturday_,[],,[],
68,https://twitter.com/rainyfran/status/1411369833749368833,2021-07-03 17:02:45+00:00,"H: I can't forget that incident either. I was scouted as a VJ, but to think I got knocked out on the 1st day I was requested to perform. Even though I don't particularly have a trauma or anything like that...
/+ https://t.co/Q9THaaogiY",1411369833749368833,rainyfran,[],,[],
69,https://twitter.com/rynnyrnry/status/1411357676651438080,2021-07-03 16:14:26+00:00,"HARAP LAKI YG PUKUL ISTERI MATI DALAM KEADAAN PALING NAZAK. DIBAKAR TERSEKSA. 

Benci org laki pukul perempuan. Trauma benda benda cemni. https://t.co/hHnhgWEhuh",1411357676651438080,rynnyrnry,['https://twitter.com/fiihazmii/status/1410912613333016581'],https://twitter.com/fiihazmii/status/1410912613333016581,['https://t.co/hHnhgWEhuh'],https://t.co/hHnhgWEhuh
70,https://twitter.com/enemygirl_/status/1411356362383118337,2021-07-03 16:09:13+00:00,pengen bucin juga kaya kawan” ku tapi trauma dahla https://t.co/DWXciypjCj,1411356362383118337,enemygirl_,[],,[],
71,https://twitter.com/TimeLockedMania/status/1411353875227942916,2021-07-03 15:59:20+00:00,"For lack of a better word, trauma from NS is absolutely present, even if it doesn't show up in most people. Hearing about people dying of heat stroke, training accidents and way more on what felt like a regular occurance in just the past three years alone while knowing that-",1411353875227942916,TimeLockedMania,[],,[],
72,https://twitter.com/kytalli/status/1411343336284196865,2021-07-03 15:17:27+00:00,"but the phenomenon of “matching” also totally makes sense to me, esp re: insurgence of mental health self diagnosis, or trauma labelling, and then groups of people gathering to validate each other’s issues. matching provides community, is an inflexible way 2 understand identity",1411343336284196865,kytalli,[],,[],
73,https://twitter.com/asianfemifesto/status/1411252526205128711,2021-07-03 09:16:36+00:00,@K_IngalaSmith I think the real problem is the public think their outrage is enough to solve the problem of DV and their empathy can heal someone’s trauma so shelters and trained healers aren’t their focus. It’s giving their emotions an inflated sense of importance.,1411252526205128711,asianfemifesto,[],,[],
74,https://twitter.com/ceenaomi/status/1411229660567019520,2021-07-03 07:45:45+00:00,@dr_lovelee Bathong where do you guys refill? Trauma ya exchange!!!,1411229660567019520,ceenaomi,[],,[],
75,https://twitter.com/BernardBernhart/status/1411206289737228291,2021-07-03 06:12:53+00:00,"@Neomasri If you gonna do it, do it like a badass. Go skydiving without a parachute and jump from the plane into an orphanage. Make sure it causes trauma for a poor kid.",1411206289737228291,BernardBernhart,[],,[],
76,https://twitter.com/Jeon_Shin_/status/1411187649180807168,2021-07-03 04:58:48+00:00,Now this little girl has to live with mental trauma the military put her through. #WhatsHappeningInMyanmar #CrimesAgainstHumanity @antonioguterres @USAmbUN @SecBlinken @UN_HRC @UNICEF @SchranerBurgen1 https://t.co/1tgW06zdId,1411187649180807168,Jeon_Shin_,['https://twitter.com/rapporteurun/status/1411106019632201729'],https://twitter.com/rapporteurun/status/1411106019632201729,['https://t.co/1tgW06zdId'],https://t.co/1tgW06zdId
77,https://twitter.com/cho_tthar/status/1411185750666747904,2021-07-03 04:51:16+00:00,Now this little girl has to live with mental trauma the military put her through. #WhatsHappeningInMyanmar #CrimesAgainstHumanity @antonioguterres @USAmbUN @SecBlinken @UN_HRC @UNICEF @SchranerBurgen1 https://t.co/GjxoQ9EIzv,1411185750666747904,cho_tthar,['https://twitter.com/rapporteurun/status/1411106019632201729'],https://twitter.com/rapporteurun/status/1411106019632201729,['https://t.co/GjxoQ9EIzv'],https://t.co/GjxoQ9EIzv
78,https://twitter.com/11Tommie/status/1411185673378287619,2021-07-03 04:50:57+00:00,Now this little girl has to live with mental trauma the military put her through. #WhatsHappeningInMyanmar #CrimesAgainstHumanity @antonioguterres @USAmbUN @SecBlinken @UN_HRC @UNICEF @SchranerBurgen1 https://t.co/SGLkrmHQBA,1411185673378287619,11Tommie,['https://twitter.com/rapporteurun/status/1411106019632201729'],https://twitter.com/rapporteurun/status/1411106019632201729,['https://t.co/SGLkrmHQBA'],https://t.co/SGLkrmHQBA
79,https://twitter.com/torealfreedom/status/1411185533905113088,2021-07-03 04:50:24+00:00,"Now this little girl has to live with mental trauma the military put her through. #WhatsHappeningInMyanmar #CrimesAgainstHumanity  
#MurdererMinAungHlaing https://t.co/R00GyouML5",1411185533905113088,torealfreedom,['https://twitter.com/RapporteurUn/status/1411106019632201729'],https://twitter.com/RapporteurUn/status/1411106019632201729,['https://t.co/R00GyouML5'],https://t.co/R00GyouML5
80,https://twitter.com/NayMyoL73814376/status/1411184477397655554,2021-07-03 04:46:12+00:00,Now this little girl has to live with mental trauma the military put her through. #WhatsHappeningInMyanmar #CrimesAgainstHumanity @antonioguterres @USAmbUN @SecBlinken @UN_HRC @UNICEF @SchranerBurgen1 https://t.co/wFWe5vYxQn,1411184477397655554,NayMyoL73814376,['https://twitter.com/rapporteurun/status/1411106019632201729'],https://twitter.com/rapporteurun/status/1411106019632201729,['https://t.co/wFWe5vYxQn'],https://t.co/wFWe5vYxQn
81,https://twitter.com/loeybella614/status/1411183773773754371,2021-07-03 04:43:24+00:00,Now this little girl has to live with mental trauma the military put her through. #WhatsHappeningInMyanmar #CrimesAgainstHumanity @antonioguterres @USAmbUN @SecBlinken @UN_HRC @UNICEF @SchranerBurgen1 https://t.co/Vc1uHjRk6i,1411183773773754371,loeybella614,['https://twitter.com/rapporteurun/status/1411106019632201729'],https://twitter.com/rapporteurun/status/1411106019632201729,['https://t.co/Vc1uHjRk6i'],https://t.co/Vc1uHjRk6i
82,https://twitter.com/bearphyo/status/1411182969788661762,2021-07-03 04:40:13+00:00,Now this little girl has to live with mental trauma the military put her through. #WhatsHappeningInMyanmar #CrimesAgainstHumanity @antonioguterres @USAmbUN @SecBlinken @UN_HRC @UNICEF @SchranerBurgen1 https://t.co/wbsqmEvYW1,1411182969788661762,bearphyo,['https://twitter.com/rapporteurun/status/1411106019632201729'],https://twitter.com/rapporteurun/status/1411106019632201729,['https://t.co/wbsqmEvYW1'],https://t.co/wbsqmEvYW1
83,https://twitter.com/joonswhistle/status/1411182574332903428,2021-07-03 04:38:38+00:00,"The characters have all lived hard lives and have their own personal issues:
-Jin is desperate for parental approval 
-Namjoon is hard-working, but his family can’t catch a financial break
-Yoongi is depressed + destructive
-Hoseok is struggling with the trauma of abandonment https://t.co/vhRRhFve9g",1411182574332903428,joonswhistle,[],,[],
84,https://twitter.com/mei_chun27/status/1411179586100989956,2021-07-03 04:26:46+00:00,Now this little girl has to live with mental trauma the military put her through. #WhatsHappeningInMyanmar #CrimesAgainstHumanity @antonioguterres @USAmbUN @SecBlinken @UN_HRC @UNICEF @SchranerBurgen1 https://t.co/szjND0szKF,1411179586100989956,mei_chun27,['https://twitter.com/rapporteurun/status/1411106019632201729'],https://twitter.com/rapporteurun/status/1411106019632201729,['https://t.co/szjND0szKF'],https://t.co/szjND0szKF
85,https://twitter.com/AhtarSpring/status/1411179023120535553,2021-07-03 04:24:32+00:00,Now this little girl has to live with mental trauma the military put her through. #WhatsHappeningInMyanmar #CrimesAgainstHumanity @antonioguterres @USAmbUN @SecBlinken @UN_HRC @UNICEF @SchranerBurgen1 https://t.co/V8qMeIZdit,1411179023120535553,AhtarSpring,['https://twitter.com/rapporteurun/status/1411106019632201729'],https://twitter.com/rapporteurun/status/1411106019632201729,['https://t.co/V8qMeIZdit'],https://t.co/V8qMeIZdit
86,https://twitter.com/AyeChitHsu2/status/1411178429035073539,2021-07-03 04:22:10+00:00,Now this little girl has to live with mental trauma the military put her through. #WhatsHappeningInMyanmar #CrimesAgainstHumanity @antonioguterres @USAmbUN @SecBlinken @UN_HRC @UNICEF @SchranerBurgen1 https://t.co/ColisVPES8,1411178429035073539,AyeChitHsu2,['https://twitter.com/rapporteurun/status/1411106019632201729'],https://twitter.com/rapporteurun/status/1411106019632201729,['https://t.co/ColisVPES8'],https://t.co/ColisVPES8
87,https://twitter.com/Snow28122015/status/1411178364614823939,2021-07-03 04:21:55+00:00,Now this little girl has to live with mental trauma the military put her through. #WhatsHappeningInMyanmar #CrimesAgainstHumanity @antonioguterres @USAmbUN @SecBlinken @UN_HRC @UNICEF @SchranerBurgen1 https://t.co/CBZM3kwmkv,1411178364614823939,Snow28122015,['https://twitter.com/rapporteurun/status/1411106019632201729'],https://twitter.com/rapporteurun/status/1411106019632201729,['https://t.co/CBZM3kwmkv'],https://t.co/CBZM3kwmkv
88,https://twitter.com/cherry28238876/status/1411177559707078656,2021-07-03 04:18:43+00:00,Now this little girl has to live with mental trauma the military put her through. #WhatsHappeningInMyanmar #CrimesAgainstHumanity @antonioguterres @USAmbUN @SecBlinken @UN_HRC @UNICEF @SchranerBurgen1 https://t.co/0bL65N6GGs,1411177559707078656,cherry28238876,['https://twitter.com/rapporteurun/status/1411106019632201729'],https://twitter.com/rapporteurun/status/1411106019632201729,['https://t.co/0bL65N6GGs'],https://t.co/0bL65N6GGs
89,https://twitter.com/KkhinesandarAg/status/1411177398457057283,2021-07-03 04:18:04+00:00,Now this little girl has to live with mental trauma the military put her through. #WhatsHappeningInMyanmar #CrimesAgainstHumanity @antonioguterres @USAmbUN @SecBlinken @UN_HRC @UNICEF @SchranerBurgen1 https://t.co/NACqrAqFZI,1411177398457057283,KkhinesandarAg,['https://twitter.com/rapporteurun/status/1411106019632201729'],https://twitter.com/rapporteurun/status/1411106019632201729,['https://t.co/NACqrAqFZI'],https://t.co/NACqrAqFZI
90,https://twitter.com/HtetAungZaw9/status/1411177394438737920,2021-07-03 04:18:03+00:00,Now this little girl has to live with mental trauma the military put her through. #WhatsHappeningInMyanmar #CrimesAgainstHumanity @antonioguterres @USAmbUN @SecBlinken @UN_HRC @UNICEF @SchranerBurgen1 https://t.co/5c0T8eBTg3,1411177394438737920,HtetAungZaw9,['https://twitter.com/rapporteurun/status/1411106019632201729'],https://twitter.com/rapporteurun/status/1411106019632201729,['https://t.co/5c0T8eBTg3'],https://t.co/5c0T8eBTg3
91,https://twitter.com/MyaMoe18/status/1411177305112662024,2021-07-03 04:17:42+00:00,Now this little girl has to live with mental trauma the military put her through. #WhatsHappeningInMyanmar #CrimesAgainstHumanity @antonioguterres @USAmbUN @SecBlinken @UN_HRC @UNICEF @SchranerBurgen1 https://t.co/LAZxbGmtEH,1411177305112662024,MyaMoe18,['https://twitter.com/RapporteurUn/status/1411106019632201729'],https://twitter.com/RapporteurUn/status/1411106019632201729,['https://t.co/LAZxbGmtEH'],https://t.co/LAZxbGmtEH
92,https://twitter.com/SimonCh74086893/status/1411177137843757066,2021-07-03 04:17:02+00:00,Now this little girl has to live with mental trauma the military put her through. #WhatsHappeningInMyanmar #CrimesAgainstHumanity @antonioguterres @USAmbUN @SecBlinken @UN_HRC @UNICEF @SchranerBurgen1 https://t.co/TkCeOv9pg1,1411177137843757066,SimonCh74086893,['https://twitter.com/rapporteurun/status/1411106019632201729'],https://twitter.com/rapporteurun/status/1411106019632201729,['https://t.co/TkCeOv9pg1'],https://t.co/TkCeOv9pg1
93,https://twitter.com/myatthu90279724/status/1411176793210429440,2021-07-03 04:15:40+00:00,Now this little girl has to live with mental trauma the military put her through. #WhatsHappeningInMyanmar #CrimesAgainstHumanity @antonioguterres @USAmbUN @SecBlinken @UN_HRC @UNICEF @SchranerBurgen1 https://t.co/BxOiICEspC,1411176793210429440,myatthu90279724,['https://twitter.com/rapporteurun/status/1411106019632201729'],https://twitter.com/rapporteurun/status/1411106019632201729,['https://t.co/BxOiICEspC'],https://t.co/BxOiICEspC
94,https://twitter.com/WyneWyn94707881/status/1411176355455066115,2021-07-03 04:13:56+00:00,Now this little girl has to live with mental trauma the military put her through. #WhatsHappeningInMyanmar #CrimesAgainstHumanity @antonioguterres @USAmbUN @SecBlinken @UN_HRC @UNICEF @SchranerBurgen1 https://t.co/s5oin2Nkja,1411176355455066115,WyneWyn94707881,['https://twitter.com/rapporteurun/status/1411106019632201729'],https://twitter.com/rapporteurun/status/1411106019632201729,['https://t.co/s5oin2Nkja'],https://t.co/s5oin2Nkja
95,https://twitter.com/emilyyy56999581/status/1411175900222164997,2021-07-03 04:12:07+00:00,Now this little girl has to live with mental trauma the military put her through. #WhatsHappeningInMyanmar #CrimesAgainstHumanity @antonioguterres @USAmbUN @SecBlinken @UN_HRC @UNICEF @SchranerBurgen1 https://t.co/W9pdPvOzNP,1411175900222164997,emilyyy56999581,['https://twitter.com/rapporteurun/status/1411106019632201729'],https://twitter.com/rapporteurun/status/1411106019632201729,['https://t.co/W9pdPvOzNP'],https://t.co/W9pdPvOzNP
96,https://twitter.com/Aungpyaephyotun/status/1411174965018128391,2021-07-03 04:08:24+00:00,Now this little girl has to live with mental trauma the military put her through. #WhatsHappeningInMyanmar #CrimesAgainstHumanity @antonioguterres @USAmbUN @SecBlinken @UN_HRC @UNICEF @SchranerBurgen1 https://t.co/WhPLwBAU93,1411174965018128391,Aungpyaephyotun,['https://twitter.com/rapporteurun/status/1411106019632201729'],https://twitter.com/rapporteurun/status/1411106019632201729,['https://t.co/WhPLwBAU93'],https://t.co/WhPLwBAU93
97,https://twitter.com/Haymar70114041/status/1411174821015130113,2021-07-03 04:07:50+00:00,Now this little girl has to live with mental trauma the military put her through. #WhatsHappeningInMyanmar #CrimesAgainstHumanity @antonioguterres @USAmbUN @SecBlinken @UN_HRC @UNICEF @SchranerBurgen1 https://t.co/He8SIwrpQG,1411174821015130113,Haymar70114041,['https://twitter.com/rapporteurun/status/1411106019632201729'],https://twitter.com/rapporteurun/status/1411106019632201729,['https://t.co/He8SIwrpQG'],https://t.co/He8SIwrpQG
98,https://twitter.com/Booonwwww/status/1411174700512854017,2021-07-03 04:07:21+00:00,Now this little girl has to live with mental trauma the military put her through. #WhatsHappeningInMyanmar #CrimesAgainstHumanity @antonioguterres @USAmbUN @SecBlinken @UN_HRC @UNICEF @SchranerBurgen1 https://t.co/z3rXgSUo5R,1411174700512854017,Booonwwww,['https://twitter.com/rapporteurun/status/1411106019632201729'],https://twitter.com/rapporteurun/status/1411106019632201729,['https://t.co/z3rXgSUo5R'],https://t.co/z3rXgSUo5R
99,https://twitter.com/YeHtet42456045/status/1411173769402458116,2021-07-03 04:03:39+00:00,Now this little girl has to live with mental trauma the military put her through. #WhatsHappeningInMyanmar #CrimesAgainstHumanity @antonioguterres @USAmbUN @SecBlinken @UN_HRC @UNICEF @SchranerBurgen1 https://t.co/DiFTEDrmL9,1411173769402458116,YeHtet42456045,['https://twitter.com/rapporteurun/status/1411106019632201729'],https://twitter.com/rapporteurun/status/1411106019632201729,['https://t.co/DiFTEDrmL9'],https://t.co/DiFTEDrmL9
100,https://twitter.com/heinnthantoo/status/1411173305730486275,2021-07-03 04:01:49+00:00,Now this little girl has to live with mental trauma the military put her through. #WhatsHappeningInMyanmar #CrimesAgainstHumanity @antonioguterres @USAmbUN @SecBlinken @UN_HRC @UNICEF @SchranerBurgen1 https://t.co/VBvTC80J08,1411173305730486275,heinnthantoo,['https://twitter.com/rapporteurun/status/1411106019632201729'],https://twitter.com/rapporteurun/status/1411106019632201729,['https://t.co/VBvTC80J08'],https://t.co/VBvTC80J08
101,https://twitter.com/Thinzar28351047/status/1411173026012438532,2021-07-03 04:00:42+00:00,Now this little girl has to live with mental trauma the military put her through. #WhatsHappeningInMyanmar #CrimesAgainstHumanity @antonioguterres @USAmbUN @SecBlinken @UN_HRC @UNICEF @SchranerBurgen1 https://t.co/bNDXIT8C7S,1411173026012438532,Thinzar28351047,['https://twitter.com/rapporteurun/status/1411106019632201729'],https://twitter.com/rapporteurun/status/1411106019632201729,['https://t.co/bNDXIT8C7S'],https://t.co/bNDXIT8C7S
102,https://twitter.com/YanieYuzz/status/1411172628992172042,2021-07-03 03:59:07+00:00,"@eezzieee Yupppp. That is also my MAIN reason why. Kawan i kat sini, dia baru anak first, pandemic baby la kan. Omg the journey tu, masa dia cerita, i serammm sgt. Dia almost meroyan kat wad. And even masa dia cerita tu pun mata dia still berair sbb trauma tak boleh lupa everythg.",1411172628992172042,YanieYuzz,[],,[],
103,https://twitter.com/evenwhennoone/status/1411170542061645839,2021-07-03 03:50:50+00:00,"My mom doesn't understand that you cant just ask someone with trauma to get out there. There's an underlying reason for isolation. Stop waving it away as ""ai ya of course I know there's a reason, she has mental health issues one"" and looking so gd proud of yourself",1411170542061645839,evenwhennoone,[],,[],
104,https://twitter.com/kenziegtay/status/1411162819739803650,2021-07-03 03:20:09+00:00,the trauma...😋💕 https://t.co/i8Aa8cY2st,1411162819739803650,kenziegtay,[],,[],
105,https://twitter.com/husenattos/status/1411148686411718660,2021-07-03 02:23:59+00:00,@al_fianna Aman bagi yg alergi vitamin tertentu? (Masih trauma geder jantung minum biontri),1411148686411718660,husenattos,[],,[],
106,https://twitter.com/micosaturn/status/1411104778906599426,2021-07-02 23:29:31+00:00,@OpenAcademics Mico from the 🇵🇭 Orthopaedic Trauma / Hip and Knee Surgeon,1411104778906599426,micosaturn,[],,[],
107,https://twitter.com/freriwyn/status/1411032448427642890,2021-07-02 18:42:06+00:00,@creimpie trauma ya,1411032448427642890,freriwyn,[],,[],
108,https://twitter.com/lemonfilmblog/status/1411018174020063239,2021-07-02 17:45:22+00:00,Digging deep into Vietnam's forgotten trauma #asia #lifestyle https://t.co/CKzfVBMfjq,1411018174020063239,lemonfilmblog,['https://bit.ly/2YAG62U'],https://bit.ly/2YAG62U,['https://t.co/CKzfVBMfjq'],https://t.co/CKzfVBMfjq
109,https://twitter.com/yansters_/status/1410998913474056205,2021-07-02 16:28:50+00:00,sjeidjdjjdje my sec sch trauma back in na stream https://t.co/tJbjzyOdoG,1410998913474056205,yansters_,['https://twitter.com/aditibrandon/status/1410605389058510848'],https://twitter.com/aditibrandon/status/1410605389058510848,['https://t.co/tJbjzyOdoG'],https://t.co/tJbjzyOdoG
110,https://twitter.com/nyiko12/status/1410998335373185031,2021-07-02 16:26:32+00:00,@MyNameIsBANDZ @YourBoy_KG She's crying unusual circumstances. Trauma was finishing her.,1410998335373185031,nyiko12,[],,[],
111,https://twitter.com/elouease/status/1410969768291565573,2021-07-02 14:33:01+00:00,"im only at episode 4 but theyre doing trauma discourse pretty well so far for a teen's show, stuff like self-exploration, and some other cool themes like the pains of growing up, how to be a good sibling. like thank god this wasn't too bad for a horror teen drama, like sabrina 🤪",1410969768291565573,elouease,[],,[],
112,https://twitter.com/Raz_nsfw/status/1410964853649514498,2021-07-02 14:13:30+00:00,@urgfz im sorry you went through that devi youre a strong girl thanks for sharing your trauma with us,1410964853649514498,Raz_nsfw,[],,[],
113,https://twitter.com/natashafawzi/status/1410960360106987532,2021-07-02 13:55:38+00:00,"but still dan tries so hard sia even after we get married, so glad now im all healed from all trauma and that i know its danial thats for me 🥺🤍✨ https://t.co/0oKL7Eed69",1410960360106987532,natashafawzi,['https://twitter.com/sanityxash/status/1410586465403162625'],https://twitter.com/sanityxash/status/1410586465403162625,['https://t.co/0oKL7Eed69'],https://t.co/0oKL7Eed69
114,https://twitter.com/diansyuaa/status/1410950940237058050,2021-07-02 13:18:13+00:00,"""Do u get dejavu when shes with uuuuuuuu"" 

YA and call that trauma 💀💀💀",1410950940237058050,diansyuaa,[],,[],
115,https://twitter.com/srtikakusuma/status/1410946516835913731,2021-07-02 13:00:38+00:00,"Udh brp minggu makan sate trs, semoga ga trauma makanan🤣",1410946516835913731,srtikakusuma,[],,[],
116,https://twitter.com/joonswhistle/status/1410933906845564932,2021-07-02 12:10:31+00:00,"ahh yes, a fairytale about the murder of nearly a whole family and the trauma the youngest who HID WHILE THEIR SIBLINGS WERE DYING experienced. So wholesome. https://t.co/r1OXJ2RIae",1410933906845564932,joonswhistle,[],,[],
117,https://twitter.com/garyveesiva/status/1410912935094853632,2021-07-02 10:47:11+00:00,"Writing Can Help Us Heal from Trauma @HarvardBiz #writing #trauma 
https://t.co/DyqvK0pWqG",1410912935094853632,garyveesiva,['https://hbr.org/2021/07/writing-can-help-us-heal-from-trauma'],https://hbr.org/2021/07/writing-can-help-us-heal-from-trauma,['https://t.co/DyqvK0pWqG'],https://t.co/DyqvK0pWqG
118,https://twitter.com/ainahmyra/status/1410832825578790915,2021-07-02 05:28:52+00:00,"Terima kasih kerana telah memberikan aku trauma, akan ku jadikan trauma ini sebagai jalan menuju hijraku :)",1410832825578790915,ainahmyra,[],,[],
119,https://twitter.com/MyAutoBlogging/status/1410804110216081411,2021-07-02 03:34:46+00:00,"Lo Bosworth Details Struggle With ""Trauma"" Caused by The Hills - E! Online
#worldnews #breakingnews #latestnews #politicnews #businessnews
https://t.co/LTLHanRhqw",1410804110216081411,MyAutoBlogging,['https://automaticblogging.com/lo-bosworth-details-struggle-with-trauma-caused-by-the-hills-e-online/?feed_id=30780&_unique_id=60de8955db20a'],https://automaticblogging.com/lo-bosworth-details-struggle-with-trauma-caused-by-the-hills-e-online/?feed_id=30780&_unique_id=60de8955db20a,['https://t.co/LTLHanRhqw'],https://t.co/LTLHanRhqw
120,https://twitter.com/NadiaDaeng/status/1410788847365943303,2021-07-02 02:34:07+00:00,"I’ve had depression for some time now, as a result of family trauma and caregiver burnout. More recently formally diagnosed with MDD.

We talk about how the disease isn’t the person and I know I’m someone with the capacity to love but also generally just doesn’t take shit.",1410788847365943303,NadiaDaeng,[],,[],
121,https://twitter.com/santhiReads/status/1410755828643102721,2021-07-02 00:22:54+00:00,"No disrespect to those who had/ have suffered abuse, trauma

But the constant outpouring makes me wonder if the victim card is played too often

Maybe this is their way of coping, their therapy? 
Am I uncomfortable with it?

I want to sympathise, and even show empathy",1410755828643102721,santhiReads,[],,[],
122,https://twitter.com/lchanwrites/status/1410733736556072965,2021-07-01 22:55:07+00:00,"ANOTHER STORY DAY!

Best friends! Childhood trauma! Urban exploration! A building that isn't quite what it seems, and might or might not what to eat you. 

The Spelunker’s Guide To Unreal Architecture - out in The Dark now

https://t.co/M9QE2VWArI",1410733736556072965,lchanwrites,['https://www.thedarkmagazine.com/the-spelunkers-guide-to-unreal-architecture/'],https://www.thedarkmagazine.com/the-spelunkers-guide-to-unreal-architecture/,['https://t.co/M9QE2VWArI'],https://t.co/M9QE2VWArI
123,https://twitter.com/allander_lima/status/1410732577330065408,2021-07-01 22:50:31+00:00,Los stan com trauma da saída do jota estão tentando descontar a frustração deles https://t.co/KwbbT7KeDu,1410732577330065408,allander_lima,[],,[],
124,https://twitter.com/ZintleTolom/status/1410690521278955529,2021-07-01 20:03:24+00:00,Husband and her ex ting trauma bonding and talking about why the other is better for her. Powerful lo mama ❤,1410690521278955529,ZintleTolom,[],,[],
125,https://twitter.com/c4twoman_/status/1410682176723513345,2021-07-01 19:30:14+00:00,trauma bond,1410682176723513345,c4twoman_,[],,[],
126,https://twitter.com/yaelahtika/status/1410634222390308867,2021-07-01 16:19:41+00:00,Jangan membuat trauma baru ya please,1410634222390308867,yaelahtika,[],,[],
127,https://twitter.com/Raz_nsfw/status/1410632150181765122,2021-07-01 16:11:27+00:00,"so for all of you that have read up till this point i have a message for you

each and every single one of us are living breathing humans on here

especially due to the nature of nsfw twitter, many people have experienced some sort of trauma in their lives as well",1410632150181765122,Raz_nsfw,[],,[],
128,https://twitter.com/thorisotlapuu/status/1410630734654627849,2021-07-01 16:05:50+00:00,"if there's one thing I really really want, is to delete all my trauma. I miss innocence. I miss having a mind and heart at ease. I miss life without having to breathe through the emotional haemorrhage every single day.",1410630734654627849,thorisotlapuu,[],,[],
129,https://twitter.com/amantepaulynnn/status/1410592339723051012,2021-07-01 13:33:15+00:00,trauma malala ✊,1410592339723051012,amantepaulynnn,[],,[],
130,https://twitter.com/doughnutjco/status/1410585364343889936,2021-07-01 13:05:32+00:00,stress sem 4 ada matkul implementasi perpajakan :') liat nama pajak aja gue udh trauma,1410585364343889936,doughnutjco,[],,[],
131,https://twitter.com/hannahnvsir/status/1410584090349236224,2021-07-01 13:00:29+00:00,"scary gila mimpi ya Allah macam film action, but it’s my trauma...",1410584090349236224,hannahnvsir,[],,[],
132,https://twitter.com/badyeenn/status/1410579932439203848,2021-07-01 12:43:57+00:00,tapi tulah aku trauma gila nak cerita pasal ni dekat orang. cuba la faham mental health aku ni dah draining habis?? why people still keep blaming me biadap la ape la… hm aku dah cuba nak jadi normal macam dulu like takde masalah pun,1410579932439203848,badyeenn,[],,[],
133,https://twitter.com/indahhsrys/status/1410571422590636035,2021-07-01 12:10:08+00:00,"🧕 : Nda, mgkn skrg km emang blg ga butuh lak2. ntah karena masih trauma, masih gamau buka hati, apa blm ketemu yang tepat. tapi percayalah, kita sbg perempuan butuh bgt sosok laki-laki, yang bisa jagain, nemenin, dijadiin tempat bertukar cerita, dan masi banya hal seru lainnya.",1410571422590636035,indahhsrys,[],,[],
134,https://twitter.com/milkteacandyy/status/1410549444894871562,2021-07-01 10:42:49+00:00,"@Corner97513942 So far Terashi's method seems to be:

1) Stand beside Lolong

2) ""Lolong moved?!""

3) Witness severe emotional trauma

4) ???

5) Weight loss success!",1410549444894871562,milkteacandyy,[],,[],
135,https://twitter.com/imnkueyteow/status/1410531477926780929,2021-07-01 09:31:25+00:00,@mmuhdnoahh trauma,1410531477926780929,imnkueyteow,[],,[],
136,https://twitter.com/JustMonde/status/1410525676923457537,2021-07-01 09:08:22+00:00,"But then after I had a chat with myself, I was able to say I love him too without glitching. 

Trauma be a bitch! But I really want to be fair on him and not use my past traumas against him.",1410525676923457537,JustMonde,[],,[],
137,https://twitter.com/JustMonde/status/1410525092640169989,2021-07-01 09:06:03+00:00,"Relationship trauma is so weird when you get into a new relationship. 
This man told me he loves me and he means it…my mind was hit by a short-circuit. Ufakhin.",1410525092640169989,JustMonde,[],,[],
138,https://twitter.com/asiaonecom/status/1410524335442436096,2021-07-01 09:03:02+00:00,How can you recognise and help your child cope with trauma? https://t.co/Q3qOEkZdUr https://t.co/nFJ04V9TEs,1410524335442436096,asiaonecom,['https://bit.ly/3ybz9FQ'],https://bit.ly/3ybz9FQ,['https://t.co/Q3qOEkZdUr'],https://t.co/Q3qOEkZdUr
139,https://twitter.com/iamveronica__/status/1410516292654682113,2021-07-01 08:31:04+00:00,@lolitssalimah its all the trauma we had to go through 👀,1410516292654682113,iamveronica__,[],,[],
140,https://twitter.com/nanahoshiren/status/1410480854506168321,2021-07-01 06:10:15+00:00,"@Machi3472805 They have a lot of clashing ideas like the better caffeinated drink and the value of materials. It's like fire and ice. Their colours are like that too.

But of course there's the common trauma and bringing back memories of the past.",1410480854506168321,nanahoshiren,[],,[],
141,https://twitter.com/LwinMarAye15/status/1410478038974750732,2021-07-01 05:59:04+00:00,"""My daughter did not have enough to eat inside, she had to take a bath with toilet water. She did not answer any questions about the inside. She had to go through life with trauma,"" said Soe Htay.😭 @UNICEF @UnicefMyanmar
#CrimesAgainstChildren 
#WhatsHappeningInMyanmar https://t.co/Kq6c6IXrme",1410478038974750732,LwinMarAye15,[],,[],
142,https://twitter.com/hwylhw/status/1410451501030379521,2021-07-01 04:13:37+00:00,"In hindsight: how I felt I needed to explain myself and my interests and convince people to take me seriously -- that was a trauma response to chronically being invalidated, disrespected, and attacked for being me.",1410451501030379521,hwylhw,[],,[],
143,https://twitter.com/Faskal_Ali/status/1410446382062706693,2021-07-01 03:53:16+00:00,"@potatoooguurl Hehh jangan bilang gituh, trauma wajar karna pasti pernah mengalami sesuatu yang menyakitkan, tapi doesn't mean you have to give up in life, Semangat ay..",1410446382062706693,Faskal_Ali,[],,[],
144,https://twitter.com/AndyAozora/status/1410440950275399683,2021-07-01 03:31:41+00:00,Trauma Team's on station.,1410440950275399683,AndyAozora,[],,[],
145,https://twitter.com/Nvdante69/status/1410436334922047488,2021-07-01 03:13:21+00:00,"@firefistsara Parasite,I got kinda trauma after watching bloods that too realistic https://t.co/VM3s7m4sdq",1410436334922047488,Nvdante69,[],,[],
146,https://twitter.com/ellykiiddo/status/1410435776211390467,2021-07-01 03:11:08+00:00,I miss getting love and affection but too bad I have trust issues and trauma,1410435776211390467,ellykiiddo,[],,[],
147,https://twitter.com/LwinMarAye15/status/1410424104503582727,2021-07-01 02:24:45+00:00,"""My daughter did not have enough to eat inside, she had to take a bath with toilet water. She did not answer any questions about the inside. She had to go through life with trauma,"" said Soe Htay.😭 @UNICEF @UnicefMyanmar
#CrimesAgainstChildren 
#WhatsHappeningInMyanmar https://t.co/9GbjYPElWR",1410424104503582727,LwinMarAye15,[],,[],
148,https://twitter.com/_mhhuzaini/status/1410299542436663296,2021-06-30 18:09:47+00:00,Punca overthinking aku ialah trauma dan takut kehilangan,1410299542436663296,_mhhuzaini,[],,[],
149,https://twitter.com/FHxoxo/status/1410288997243494400,2021-06-30 17:27:53+00:00,#Gaza children deal with psychological trauma month after war https://t.co/VJCI3RVPJO via @AlMonitor,1410288997243494400,FHxoxo,['https://www.al-monitor.com/originals/2021/06/gaza-children-deal-psychological-trauma-month-after-war'],https://www.al-monitor.com/originals/2021/06/gaza-children-deal-psychological-trauma-month-after-war,['https://t.co/VJCI3RVPJO'],https://t.co/VJCI3RVPJO
150,https://twitter.com/barakataID/status/1410250082205593601,2021-06-30 14:53:15+00:00,"Dukung Dunia Industri, RSBP Batam Sediakan Trauma Center

#barakataNEWS #rsbpbatam
https://t.co/NypIwJOqcu",1410250082205593601,barakataID,['http://feedproxy.google.com/~r/barakataid/~3/W_9ZSqcUSUI/'],http://feedproxy.google.com/~r/barakataid/~3/W_9ZSqcUSUI/,['https://t.co/NypIwJOqcu'],https://t.co/NypIwJOqcu
151,https://twitter.com/eternalitytan/status/1410244279339913216,2021-06-30 14:30:11+00:00,"Petzold’s unique treatment of the doppelganger story as a Hitchcockian exercise in exorcising the Jewish-German trauma of WWII boasts an extraordinary denouement of unparalleled execution. 

Review #2,205 - https://t.co/xypbKsdHge
#Phoenix #ChristianPetzold #NinaHoss #MUBI",1410244279339913216,eternalitytan,['https://wp.me/pat7iE-3Az'],https://wp.me/pat7iE-3Az,['https://t.co/xypbKsdHge'],https://t.co/xypbKsdHge
152,https://twitter.com/ezlhlmy/status/1410227148191768585,2021-06-30 13:22:07+00:00,@izzullerin @idjwffa Homie got trauma from too much odl classes. I feel you dude 🥴🤣,1410227148191768585,ezlhlmy,[],,[],
153,https://twitter.com/fliki/status/1410224925961424899,2021-06-30 13:13:17+00:00,"Can I get my fellow Twitters to share, tweet, like Singapore Psychological Society for their stand in denouncing conversion trauma?  

 https://t.co/W1KNzlmS66",1410224925961424899,fliki,['https://www.instagram.com/p/CQuSJ3Gl8ZK/?utm_source=ig_web_copy_link'],https://www.instagram.com/p/CQuSJ3Gl8ZK/?utm_source=ig_web_copy_link,['https://t.co/W1KNzlmS66'],https://t.co/W1KNzlmS66
154,https://twitter.com/dnumrh/status/1410221999314509826,2021-06-30 13:01:39+00:00,When the trauma keeps coming back,1410221999314509826,dnumrh,[],,[],
155,https://twitter.com/GamingZaft/status/1410200733404700672,2021-06-30 11:37:09+00:00,"Co-op series Dead by daylight Survivor Ft - Niikiko EP1
#survivor #jukes #co-op #Deadbydaylight #Trauma #hideyomamas #hideyokids #theboogeymaniscoming",1410200733404700672,GamingZaft,[],,[],
156,https://twitter.com/Amirfxezli/status/1409441175941959684,2021-06-28 09:18:57+00:00,Mimpi kau itu indah tetapi ketika kita dalam trauma.,1409441175941959684,Amirfxezli,[],,[],
157,https://twitter.com/dinastik/status/1408754148997095427,2021-06-26 11:48:57+00:00,"Noise and Cloud and Us is a new exhibition at @objectifscentre, by emerging Burmese photographer @ShweWuttHmon. It is an exploration of trauma, empathy and kinship, emerging out of personal experience caring for a loved one struggling with mental illness. https://t.co/L9niZVlmRr",1408754148997095427,dinastik,[],,[],
158,https://twitter.com/_Tqal/status/1408466714761695234,2021-06-25 16:46:47+00:00,What if kene lagi sekali? Damn imagine the trauma 😔,1408466714761695234,_Tqal,[],,[],
159,https://twitter.com/thekfederation/status/1408138623799627776,2021-06-24 19:03:04+00:00,"This was a struggle to watch. Your greatest love story and heartbreak being told before your very eyes. I wouldn’t have lasted it either. Makes you recall the sh*tty trauma and torture you went thru that you so tried very hard to get over with.

#IPromisedYouTheMoonEp5 https://t.co/s8U6x5EuCA",1408138623799627776,thekfederation,['https://twitter.com/k____wj/status/1408058651948978193'],https://twitter.com/k____wj/status/1408058651948978193,['https://t.co/s8U6x5EuCA'],https://t.co/s8U6x5EuCA
160,https://twitter.com/pinssfa/status/1408090342172233733,2021-06-24 15:51:13+00:00,Aku dah gigil sangat. Penat. Takut. Trauma. Aku dah cuba pejam mata tidue.,1408090342172233733,pinssfa,[],,[],
161,https://twitter.com/fatinkimcisushi/status/1407903958346047494,2021-06-24 03:30:35+00:00,Dulu2 durian murah je harga. My late uncle suka beli and i love durian. So mmg makan banyak lah sampai I batuk teruk sgt tau.. Lepas tu terus trauma nk makan banyak2. Lg skrg harga mahal mmg nk beli pun berkira 😂 Merasa nk mkn durian bila ada org bg je https://t.co/KK92eQT3eJ,1407903958346047494,fatinkimcisushi,['https://twitter.com/drcheputeh/status/1407658563036610564'],https://twitter.com/drcheputeh/status/1407658563036610564,['https://t.co/KK92eQT3eJ'],https://t.co/KK92eQT3eJ
162,https://twitter.com/gadishatitisuu/status/1406940128786874372,2021-06-21 11:40:41+00:00,Wehhhh ! maybe I would be trauma gila nak mati if I were that girl . https://t.co/u9if1Ix5Uu,1406940128786874372,gadishatitisuu,[],,[],
163,https://twitter.com/leejanhau/status/1406189293203124233,2021-06-19 09:57:07+00:00,"#trauma #neurotrauma 
#PedsICU 

@brain_trauma https://t.co/7DUgP3Kw7x",1406189293203124233,leejanhau,['https://twitter.com/Paucaporal/status/1405896408847290368'],https://twitter.com/Paucaporal/status/1405896408847290368,['https://t.co/7DUgP3Kw7x'],https://t.co/7DUgP3Kw7x
164,https://twitter.com/DANlELRICCIARDO/status/1406167360608759809,2021-06-19 08:29:58+00:00,"@vettowel i just hate it when people use it as an excuse to be a horrible person like “sorry for causing you emotional trauma through my horrible actions, i’m a scorpio 🤪” like fuck. off.",1406167360608759809,DANlELRICCIARDO,[],,[],
165,https://twitter.com/nadianaimm/status/1405523433899782148,2021-06-17 13:51:14+00:00,"Aku trauma sikit orang yg tak rapat, tak pernah bertegur pun tetiba pm kat fb. Lagi2 bila dapat tahu dia ejen ins. Terus delete je la chat tu ek 🤔🤣🤣",1405523433899782148,nadianaimm,[],,[],
166,https://twitter.com/txtfromnc/status/1405128601863802893,2021-06-16 11:42:19+00:00,"Baru mau buka hati,eh di bikin trauma lg kontol",1405128601863802893,txtfromnc,[],,[],
167,https://twitter.com/Xutegrl__/status/1404673060200849411,2021-06-15 05:32:09+00:00,@walay24 Trauma,1404673060200849411,Xutegrl__,[],,[],
168,https://twitter.com/hanisassss/status/1404227930222436353,2021-06-14 00:03:22+00:00,simi what lj bro u caused people trauma fk outta here,1404227930222436353,hanisassss,[],,[],
169,https://twitter.com/sbrnrzk/status/1404082227621679109,2021-06-13 14:24:24+00:00,masih trauma tengok bilik dia memula masuk and katil dlm icu 😢,1404082227621679109,sbrnrzk,[],,[],
170,https://twitter.com/sbrnrzk/status/1404081472651206659,2021-06-13 14:21:24+00:00,weyh aku tkleh lahhh tengok patient vc family members sebelum kene intubate. trauma terokkk 😩😩,1404081472651206659,sbrnrzk,[],,[],
171,https://twitter.com/abluekindoflove/status/1403925390406475782,2021-06-13 04:01:11+00:00,my dad like to talk about the athleticism/body shape i got from him but don't want to acknowledge all the trauma and mental problems 😇😇,1403925390406475782,abluekindoflove,[],,[],
172,https://twitter.com/ironram320/status/1402855906853883909,2021-06-10 05:11:26+00:00,The job is one that's mired in perpetual trauma.,1402855906853883909,ironram320,[],,[],
173,https://twitter.com/kinkongking/status/1402787717377708036,2021-06-10 00:40:29+00:00,My neighbour 1 level above me also came down thrice to complain about the noises came frm my house. For a while I felt the trauma. I was so scared to even make teeny tiny noise. Now I don’t care. It’s public housing seh. U live at private house also must use common sense.,1402787717377708036,kinkongking,[],,[],
174,https://twitter.com/_ainnana/status/1401454331094732801,2021-06-06 08:22:04+00:00,@sabbycadburry Trauma terus tknk drive dah 🤣🤣,1401454331094732801,_ainnana,[],,[],
175,https://twitter.com/restiputr_/status/1401206524958044162,2021-06-05 15:57:23+00:00,Tidak ada lelaki tulus di mata wanita yang trauma.,1401206524958044162,restiputr_,[],,[],
176,https://twitter.com/psstkitty/status/1400831167901798410,2021-06-04 15:05:51+00:00,"@hellofatgirl Hahahahaha mmg benda gini boleh trauma siak. Eeeee masuk botol kat pepek? Nonsense sak nak rogol, rogol je lah pehal kau nak experiment skali anjir anjir",1400831167901798410,psstkitty,[],,[],
177,https://twitter.com/Riskaoktaa/status/1399650947446444037,2021-06-01 08:56:04+00:00,"@annagona @WatchmenID Iya, trauma sesaat habis nonton liat anak kecil.",1399650947446444037,Riskaoktaa,[],,[],
178,https://twitter.com/hoeriyono/status/1399604295239041024,2021-06-01 05:50:42+00:00,sweet lord baby mama this just reopened some childhood trauma https://t.co/BxXnKpPF3T,1399604295239041024,hoeriyono,['https://twitter.com/ManMilk2/status/1398985688285126658'],https://twitter.com/ManMilk2/status/1398985688285126658,['https://t.co/BxXnKpPF3T'],https://t.co/BxXnKpPF3T
179,https://twitter.com/ModernWhoreFare/status/1399383748752248832,2021-05-31 15:14:19+00:00,For people claiming compensation for trauma on every small little shits.. CAN THE MONEY MAKE YOU ANY LESS TRAUMATISED? 🤑,1399383748752248832,ModernWhoreFare,[],,[],
180,https://twitter.com/bijikemirih/status/1396820054117740544,2021-05-24 13:27:07+00:00,Oalah pelatihnya trauma atau balas dendam ni https://t.co/l12AXajPp0,1396820054117740544,bijikemirih,['https://twitter.com/SeputarMadrid/status/1396775027232628737'],https://twitter.com/SeputarMadrid/status/1396775027232628737,['https://t.co/l12AXajPp0'],https://t.co/l12AXajPp0
181,https://twitter.com/danibogo/status/1396010415876755460,2021-05-22 07:49:54+00:00,". @PrimeVideo has 3 shows that are raising interesting questions about spirituality, love, afterlife. #Undone is a thought-provoking ride on trauma. #TalesFromTheLoop the whole thing lives + dies in the mysteries of the universe. #Forever eternal life in a world beyond this one. https://t.co/JUnEToTzwC",1396010415876755460,danibogo,[],,[],
182,https://twitter.com/chachochaa/status/1395740491786850304,2021-05-21 13:57:19+00:00,Kesian weh jiran pakistan aku tiap kali dengar bunyi mercun jerit mcm org histeria. Trauma mungkin,1395740491786850304,chachochaa,[],,[],
183,https://twitter.com/farhanarashid/status/1395676302183596035,2021-05-21 09:42:15+00:00,"dah lah lepas ni mandi dgn air coway jela, trauma siak tengok air tangki berlendir kotor 😭 kenapa lah aku pergi tengok 😭 aku terus bayang selama ni aku gosok gigi pakai air paip dari tangki tu 😭😭😭😭",1395676302183596035,farhanarashid,[],,[],
184,https://twitter.com/sawayamadoll/status/1395672698227884032,2021-05-21 09:27:56+00:00,can you tell that more than 1 aquarius gave me trauma,1395672698227884032,sawayamadoll,[],,[],
185,https://twitter.com/putraaaws/status/1395217054295154692,2021-05-20 03:17:22+00:00,@TSwiftFTC @taylorswift13 @lorde @ladygaga @MeghanTrainor Bad Romance deserved that #1 so bad the trauma… 😩😩,1395217054295154692,putraaaws,[],,[],
186,https://twitter.com/ndreyeet/status/1395026605999722497,2021-05-19 14:40:35+00:00,Do ppl usually start sneezing n hv runny nose after the swab. or is it just the mental trauma,1395026605999722497,ndreyeet,[],,[],
187,https://twitter.com/rausahmule/status/1394854227302752259,2021-05-19 03:15:37+00:00,@aareyyouu Trauma ga sih adeknya 😭😭😭,1394854227302752259,rausahmule,[],,[],
188,https://twitter.com/AditiBrandon/status/1394782846921842688,2021-05-18 22:31:59+00:00,@MothershipSG Emotional trauma? Tf we all have that. None of this is an excuse for her behaviour. Even the fucking beow tan can keep her mask on while being a racist nuisance.,1394782846921842688,AditiBrandon,[],,[],
189,https://twitter.com/Justinkim9834/status/1394749397544554497,2021-05-18 20:19:04+00:00,"@dynamix_e2 Iya, makanya dia juga jadinya rada trauma kalau dapat pacar yg agak kasar. Jadi suka serangan panik😭😭😭",1394749397544554497,Justinkim9834,[],,[],
190,https://twitter.com/vani_khare/status/1394233967025397767,2021-05-17 10:10:56+00:00,"This should be the burning question amidst all the child right activist. How are we going to take care of the children, who are facing extreme trauma. https://t.co/U0kYzyBonb",1394233967025397767,vani_khare,['https://twitter.com/ArtForCause/status/1394217667003703296'],https://twitter.com/ArtForCause/status/1394217667003703296,['https://t.co/U0kYzyBonb'],https://t.co/U0kYzyBonb
191,https://twitter.com/yanarsssss/status/1391630698545434629,2021-05-10 05:46:28+00:00,"🤣🤣Jangan meluat sangt la. Kau nak ke pegi sekolah kalau predator masih berkeliaran?

Fikir sikit. Budak tu trauma. Bukan cari attention. Budak ni dapat apa kalau dia asyik nak attention je. DIA minta kau sokong #MakeSchoolASaferPlace je.. bukan donate duit pun..",1391630698545434629,yanarsssss,[],,[],
192,https://twitter.com/lenatikah/status/1390718053944492035,2021-05-07 17:19:57+00:00,Bila kau banyak trauma dgn lelaki sebab banyak situation kau kena hadap sepanjang kau membesar ni. 🥴 itu pun salah satu kot tak bersedia in relationship w someone.,1390718053944492035,lenatikah,[],,[],
193,https://twitter.com/DTrain/status/1389877934043762689,2021-05-05 09:41:36+00:00,"""Why we loving the culture, but not the bodies though / We co-sign the oppression, purchase the trauma, yo"" 

https://t.co/uAlujNe7uv",1389877934043762689,DTrain,['https://youtu.be/KfgOD5CalF8'],https://youtu.be/KfgOD5CalF8,['https://t.co/uAlujNe7uv'],https://t.co/uAlujNe7uv
194,https://twitter.com/sitizarizza/status/1388441902244978690,2021-05-01 10:35:20+00:00,"Trauma dengan ape yg jadi. Takot, resah semua ada",1388441902244978690,sitizarizza,[],,[],
195,https://twitter.com/leejanhau/status/1388279715253735425,2021-04-30 23:50:51+00:00,"#PedsICU 
#NeuroPICU
#Trauma 
#TBI https://t.co/jxyC0fEkHI",1388279715253735425,leejanhau,['https://twitter.com/PECCAfrica/status/1388278750610001921'],https://twitter.com/PECCAfrica/status/1388278750610001921,['https://t.co/jxyC0fEkHI'],https://t.co/jxyC0fEkHI
196,https://twitter.com/leejanhau/status/1388275142157996032,2021-04-30 23:32:41+00:00,"Early Coagulopathy in Pediatric TBI- is it time for a clinical trial? 
Kudos to @paccman_asia for examining observational data this area in #pediatric #trauma 
#PedsICU
#NeuroPICU 
@brain_trauma 
@NeurosurgeryCNS 

https://t.co/bfgrFGQETv",1388275142157996032,leejanhau,['https://academic.oup.com/neurosurgery/advance-article-abstract/doi/10.1093/neuros/nyab157/6258459#.YIySz7tlgI0.twitter'],https://academic.oup.com/neurosurgery/advance-article-abstract/doi/10.1093/neuros/nyab157/6258459#.YIySz7tlgI0.twitter,['https://t.co/bfgrFGQETv'],https://t.co/bfgrFGQETv
197,https://twitter.com/_Wanudeen/status/1387756665701867522,2021-04-29 13:12:27+00:00,@finizakir @tashazain_ aku trauma dengan fies,1387756665701867522,_Wanudeen,[],,[],
198,https://twitter.com/tentangindah2/status/1387679081433485316,2021-04-29 08:04:09+00:00,"yang membuatku trauma adalah,
ketika seseorang yang sudah tau persis apa yang aku lalui,
kemudian dia berjanji untuk memberikan sesuatu yang berbeda-_-
namun berakhir melakukan hal yang sama~ https://t.co/dDc2buCTGl",1387679081433485316,tentangindah2,[],,[],
199,https://twitter.com/homiliai/status/1387608946651942913,2021-04-29 03:25:28+00:00,"Trauma, debt and poverty mindset also an inheritance? If so I’m set for life. 🙌🏼 https://t.co/9UqBMSBMpA",1387608946651942913,homiliai,['https://twitter.com/AyoCaesar/status/1387090838661083143'],https://twitter.com/AyoCaesar/status/1387090838661083143,['https://t.co/9UqBMSBMpA'],https://t.co/9UqBMSBMpA
200,https://twitter.com/randomrobin/status/1387217727362768898,2021-04-28 01:30:54+00:00,My 3 y/o asked me when 'we' are going to get our vaccine. No 3 y/o should have to think of such things. The trauma our children will grow up with is something I cannot fathom. 😔😔😔,1387217727362768898,randomrobin,[],,[],
201,https://twitter.com/sywnian/status/1386810065340878848,2021-04-26 22:30:59+00:00,"Someone said to me “nis sebenarnya ramai yang jealous dengan life kau, ramai kata kau beruntung” b if only you knew what ive gone through since i was a kid sampai lah sekolah, dealing with trauma for years, you wouldn’t want to have my “life” :’)",1386810065340878848,sywnian,[],,[],
202,https://twitter.com/aeenzmohdghzli/status/1386128777160269826,2021-04-25 01:23:48+00:00,Kau twu benda y aku takut. Eksiden atau kematian. Sbb dua2 buat aku trauma. Pstu double standards. Good la malaysia. https://t.co/LffIMwCh8p,1386128777160269826,aeenzmohdghzli,['https://twitter.com/iqbal_syamil/status/1385612403308589062'],https://twitter.com/iqbal_syamil/status/1385612403308589062,['https://t.co/LffIMwCh8p'],https://t.co/LffIMwCh8p
203,https://twitter.com/slhnrzmi/status/1385739350588022784,2021-04-23 23:36:21+00:00,"Back pain is NOT an emergency. Unless trauma is experienced. Where an ambulance is required. Leg pain, hand pain are all treatable in the clinics &amp; such.",1385739350588022784,slhnrzmi,[],,[],
204,https://twitter.com/_________syamin/status/1385458872601628672,2021-04-23 05:01:50+00:00,"Just bc u are rich, doesn't mean you have to be rude. I don't care if you have million money in your bank acc, drive an import car, big houses or shit. If you are throwing people shit or trauma to them, u are nothing.",1385458872601628672,_________syamin,[],,[],
205,https://twitter.com/BambangKajairi/status/1385041739551973379,2021-04-22 01:24:18+00:00,@SheaSonia The stray cats in my area sometimes bleed when there are cat fights for territory. But these are normally just scratches. More severe trauma may mean they are hit by a moving vehicle or object by someone.,1385041739551973379,BambangKajairi,[],,[],
206,https://twitter.com/swiftly_mad/status/1384531735732310022,2021-04-20 15:37:43+00:00,Can’t wait for Taylor release Dear John so I can relive all of my trauma all over again!!!! Exciting!!  🥲🥲🥲,1384531735732310022,swiftly_mad,[],,[],
207,https://twitter.com/Fairuz_Ayush/status/1384075700513042442,2021-04-19 09:25:36+00:00,Aku suka fish n chip ni tapi ada sikit trauma lah sebab beberapa kali pernah kena scam fish nyaa indah khabar dari ghopeeee https://t.co/fJrANNJGI3,1384075700513042442,Fairuz_Ayush,['https://twitter.com/GordonRamsay/status/1384057107096293378'],https://twitter.com/GordonRamsay/status/1384057107096293378,['https://t.co/fJrANNJGI3'],https://t.co/fJrANNJGI3
208,https://twitter.com/FirqinIzzuddin/status/1384058761745100808,2021-04-19 08:18:18+00:00,"إِنَّا لِلّهِ وَإِنَّـا إِلَيْهِ رَاجِعونَ (@ Unit Kecemasan&amp;Trauma Hospital Pontian in Pontian, Johor) https://t.co/ZsArCmSHxY",1384058761745100808,FirqinIzzuddin,['https://www.swarmapp.com/c/9iSBwr9mAYA'],https://www.swarmapp.com/c/9iSBwr9mAYA,['https://t.co/ZsArCmSHxY'],https://t.co/ZsArCmSHxY
209,https://twitter.com/EqmalJamaludin/status/1381940563730067457,2021-04-13 12:01:20+00:00,@YnaRaimy2 Kau tk prnh kena lagi naa bleh lah ckp exercise hahahha sumpah trauma doh,1381940563730067457,EqmalJamaludin,[],,[],
210,https://twitter.com/Helen15435621/status/1381860222805835779,2021-04-13 06:42:05+00:00,"Illustration of a kid telling his mom that he didn't want to have a flying experience anymore. He already got ""plane trauma"" cause Myanmar military air bombardment attack on their villages.
Dear @UN , We need #NoFlyZoneInMyanmar.
#WhatsHappeningInMyanmar https://t.co/PAHxSlDjkz",1381860222805835779,Helen15435621,[],,[],
211,https://twitter.com/hninzar5/status/1381819173928542214,2021-04-13 03:58:58+00:00,"Illustration of a kid telling his mom that he didn't want to have a flying experience anymore. He already got ""plane trauma"" cause Myanmar military air bombardment attack on their villages.
Dear @UN , We need #NoFlyZoneInMyanmar.
#Apr13Coup https://t.co/QWA5jLckfD",1381819173928542214,hninzar5,[],,[],
212,https://twitter.com/yaya_violin/status/1381292463055273985,2021-04-11 17:06:01+00:00,Gw sangking kesel sama temen gw yg namanya Tiara . Sampe trauma gw sama nama ini . 2 kali temen Baek yg namanya Tiara juga matahin hati gw sepatah2nya . Sampe trauma . Apa sebaiknya gw ganti nama aja ? Jadi munaroh / Mae . Mae Munah 🤔🤔🤔,1381292463055273985,yaya_violin,[],,[],
213,https://twitter.com/movieperson8583/status/1380210086065238017,2021-04-08 17:25:02+00:00,"#TheVigilMovie ties nicely with ancient horror and modern emotional trauma. Trapped within a house, the scares are simple yet leaves to audience imagination. https://t.co/3MPpJhITXT",1380210086065238017,movieperson8583,[],,[],
214,https://twitter.com/mackismagic/status/1379841507176316938,2021-04-07 17:00:26+00:00,YA ALLAH PLEEEEAAASEEEE!! TERLAMPAU BANYAK SCENE YANG BUATKAN AKU TRAUMA! YANG NI SALAH SATUNYA. https://t.co/UrbJf64Ta1,1379841507176316938,mackismagic,['https://twitter.com/nothingtodolorh/status/1379809366937759747'],https://twitter.com/nothingtodolorh/status/1379809366937759747,['https://t.co/UrbJf64Ta1'],https://t.co/UrbJf64Ta1
215,https://twitter.com/Elvita241/status/1379114891194245120,2021-04-05 16:53:07+00:00,Pen belajar tpi takut kek dlu lagi 😌 trauma aku tu😌,1379114891194245120,Elvita241,[],,[],
216,https://twitter.com/MuzaniAT/status/1378710930247151621,2021-04-04 14:07:55+00:00,Trauma tu masih ada. Memang org cakap barang yang lepas jangan dikenang. Tapi peristiwa tu benda yg paling gila jadi kt hidup aku.,1378710930247151621,MuzaniAT,[],,[],
217,https://twitter.com/nurulifariza/status/1377779884152348672,2021-04-02 00:28:16+00:00,"kalau aku kena, auto trauma taknak naik kereta dah 🤣 https://t.co/AVhuWsnXS4",1377779884152348672,nurulifariza,['https://twitter.com/adilakaman/status/1377570271377321984'],https://twitter.com/adilakaman/status/1377570271377321984,['https://t.co/AVhuWsnXS4'],https://t.co/AVhuWsnXS4
218,https://twitter.com/iqipls/status/1377611177425952771,2021-04-01 13:17:54+00:00,$25 to give my brother trauma? do they do international shipping? https://t.co/VH6rLsJZi6,1377611177425952771,iqipls,['https://twitter.com/jaynooch/status/1377260860272484356'],https://twitter.com/jaynooch/status/1377260860272484356,['https://t.co/VH6rLsJZi6'],https://t.co/VH6rLsJZi6
219,https://twitter.com/therealfaezil/status/1376806807230812163,2021-03-30 08:01:37+00:00,@ibnu_sukri95 @UMonline Sbb dia profesional. Dia lawan perasaan trauma tu,1376806807230812163,therealfaezil,[],,[],
220,https://twitter.com/mimimaw64/status/1376756333148471298,2021-03-30 04:41:03+00:00,"@JoeBiden Today (30.03.2021) In Myanmar YANGON South Dagon Township, Coup D'etat Army burnt people and left at road Junction to threaten people around. Please sell arms to CRPH and Myanmar people to protect from terrorist . All innocent people get psychological trauma eac second. https://t.co/XXqpRrlFTd",1376756333148471298,mimimaw64,[],,[],
221,https://twitter.com/jmaolla/status/1375382936174743554,2021-03-26 09:43:40+00:00,Wth kalau degil pon kenapa buat mcm ni😭 confirm budak ni trauma. Dia pikir budak lupa ke nanti bila dia dah besar 😠 https://t.co/umwT3oWSun,1375382936174743554,jmaolla,['https://twitter.com/InfoKuala/status/1375306583136030725'],https://twitter.com/InfoKuala/status/1375306583136030725,['https://t.co/umwT3oWSun'],https://t.co/umwT3oWSun
222,https://twitter.com/TS_Frima/status/1375247369483079681,2021-03-26 00:44:58+00:00,Ternyata trauma itu beneran bisa kebawa sampe mimpi. Bangun-bangun rasanya gak enak banget.,1375247369483079681,TS_Frima,[],,[],
223,https://twitter.com/myranotmira/status/1374659602357256195,2021-03-24 09:49:23+00:00,trauma dah dgn orang macam tu :),1374659602357256195,myranotmira,[],,[],
224,https://twitter.com/sadputriaf/status/1374587735025930244,2021-03-24 05:03:49+00:00,trauma nya anak broken home belum sampai sini saja. masih panjang..,1374587735025930244,sadputriaf,[],,[],
225,https://twitter.com/lenatikah/status/1374237517340311559,2021-03-23 05:52:10+00:00,Aku ni sampai jadi trauma tau sbb benda ni asik berlaku je dalam hidup aku. Lepastu orang lain bising kenapa aku taknak kahwin apa sbb aku trauma la dgn laki2 ni and trust issue pun satu hal jugak. Overthinking jelah aku ni. 😩,1374237517340311559,lenatikah,[],,[],
226,https://twitter.com/tihahahmadrozi/status/1372601669653983233,2021-03-18 17:31:54+00:00,@annurrb malas aku trauma dah bhahaha,1372601669653983233,tihahahmadrozi,[],,[],
227,https://twitter.com/GenesitKUN/status/1370751787334987781,2021-03-13 15:01:08+00:00,Putang ina talaga nung Trauma ni Kaya dito sa S2E27 😭 hello puta buti nalang dumating si Sasha?!!!!!!,1370751787334987781,GenesitKUN,[],,[],
228,https://twitter.com/Xxd3Ad_RosesxX/status/1370701618681815044,2021-03-13 11:41:46+00:00,crying ova sexual trauma,1370701618681815044,Xxd3Ad_RosesxX,[],,[],
229,https://twitter.com/NitaSilviana6/status/1370383060009558019,2021-03-12 14:35:56+00:00,"Sedang di fase trauma untuk buka hati, karena pernah di ingkari.,",1370383060009558019,NitaSilviana6,[],,[],
230,https://twitter.com/Lola_Jiang/status/1370193205765971969,2021-03-12 02:01:31+00:00,"@MarkDice Don’t wanna show off, but Singapore spent 2 months to flat the curve , within less than 4 months, we were able to eat in the resturant and have 4 people gathering as a group. America has everything they need to cure the trauma. Don’t understand, why things have gone such far.",1370193205765971969,Lola_Jiang,[],,[],
231,https://twitter.com/nictophile/status/1369662241784537088,2021-03-10 14:51:40+00:00,"1. What I found interesting is the introduction of two concepts: etiology vs teleology 

The latter is the fascinating one because the characters discuss trauma. Our past does not define us, and it's all down to what meaning we give our experiences",1369662241784537088,nictophile,[],,[],
232,https://twitter.com/aleeepaiman/status/1369373210744139785,2021-03-09 19:43:09+00:00,"aku trauma dengan keganasan rumah tangga , sebab aku membesar dalam keadaan yang macam tu, jadi bila aku dengar orang bergaduh ke apa especially bila berkait rapat dengan rumah tangga aku akan menangis, sebab bende tu semua mengingatkan aku atas apa yang aku alami 💔",1369373210744139785,aleeepaiman,[],,[],
233,https://twitter.com/Nsuzieee/status/1369213787023155202,2021-03-09 09:09:40+00:00,Aku czer and trauma aku tk habis lagi takkan laa aku nak pregnant lagi 😂 anak aku pun kecik lagi weh,1369213787023155202,Nsuzieee,[],,[],
234,https://twitter.com/djaashiq_sg/status/1368714822821449729,2021-03-08 00:06:57+00:00,"If it is possible I would love to erase my memory from 2019 feb to 2021 jan. 

Thinking about it just for a minute can cause me months of trauma.",1368714822821449729,djaashiq_sg,[],,[],
235,https://twitter.com/marthameliasb/status/1368511717345349633,2021-03-07 10:39:53+00:00,Mungkin ini juga alasan Papa Mama ga pernah desak anak gadisnya buru-buru nikah padahal udah tua hahaha. Mereka tau anak gadisnya butuh waktu buat heal semua trauma.,1368511717345349633,marthameliasb,[],,[],
236,https://twitter.com/redaktur01/status/1367801580498522112,2021-03-05 11:38:03+00:00,"Rumah Sakit BP Batam Resmikan Layanan Trauma Centre...

 https://t.co/B0oC6PwHXO",1367801580498522112,redaktur01,['https://www.pelitatoday.com/2021/03/rumah-sakit-bp-batam-resmikan-layanan.html'],https://www.pelitatoday.com/2021/03/rumah-sakit-bp-batam-resmikan-layanan.html,['https://t.co/B0oC6PwHXO'],https://t.co/B0oC6PwHXO
237,https://twitter.com/marthameliasb/status/1367508017344880643,2021-03-04 16:11:33+00:00,"ini bener. jadi ingat cerita Papa Mama Noah, mereka sejauh ini cerita jadi gampang cape. Belum cerita ada efek lain sih, mungkin karena kami sekeluarga juga milih buat ga bahas itu, karena tau banget Papa Mama Noah kaya sedikit ""trauma"" masalah covid ini. https://t.co/Q94jYy35HY",1367508017344880643,marthameliasb,['https://twitter.com/memekriot/status/1367364871839387654'],https://twitter.com/memekriot/status/1367364871839387654,['https://t.co/Q94jYy35HY'],https://t.co/Q94jYy35HY
238,https://twitter.com/sitizarizza/status/1367331866072641540,2021-03-04 04:31:35+00:00,"First time ever, semalam something was happened, i need to call my husband then terpaksa call 999. Dia punye trauma dan terkejut tu sampai harini 😢 https://t.co/sCgVNLQYl0",1367331866072641540,sitizarizza,[],,[],
239,https://twitter.com/tihahahmadrozi/status/1366297033015877633,2021-03-01 07:59:31+00:00,@nose_bleed_sect kasi yang nama lain la sebab kita tengok nama sama ni dah trauma,1366297033015877633,tihahahmadrozi,[],,[],
240,https://twitter.com/profgenius91/status/1366290493231951872,2021-03-01 07:33:32+00:00,@hagiasofia_ Hope you jumpa someone yang buat you hilang you punya trauma meen.,1366290493231951872,profgenius91,[],,[],
241,https://twitter.com/profgenius91/status/1366287267384332290,2021-03-01 07:20:43+00:00,"Btw this topic i heard on clubhouse this afternoon. 
Some said theyre not ready,
Some said bcoz of trauma.
Some said, dah ada semua, kerja, duit, family, so marriage are not their priority. 
Some said, they are worried married with wrong people.",1366287267384332290,profgenius91,[],,[],
242,https://twitter.com/fizoto/status/1365954026064416776,2021-02-28 09:16:32+00:00,"The answer to How to deal with being bullied for your interests is NOT to “pay” it forward by bullying other people’s interests, ya dig?

Get therapy for your trauma, please",1365954026064416776,fizoto,[],,[],
243,https://twitter.com/Loganray86/status/1364406395710234624,2021-02-24 02:46:48+00:00,"@Eve_Darkangel Haahahahaaa...
Most probably trauma tu..lol!",1364406395710234624,Loganray86,[],,[],
244,https://twitter.com/Loganray86/status/1364404803082719232,2021-02-24 02:40:29+00:00,"@Eve_Darkangel Mantap sis! Ada pengalaman da ek?
Boleh bgtau sape mangsa tu? Nak interbiu tanya trauma or a night that will forever in his heart..hahahaha",1364404803082719232,Loganray86,[],,[],
245,https://twitter.com/g33k5p34k/status/1364187840486117383,2021-02-23 12:18:21+00:00,"Every time I start getting over the trauma of skinning a Pied Imperial Pigeon (FAT EVERYWHERE), another one knocks into a window and kills itself.",1364187840486117383,g33k5p34k,[],,[],
246,https://twitter.com/MurnyMay/status/1362330830635298819,2021-02-18 09:19:15+00:00,Aku Trauma pulang kampung di desa @SidamanikElect #desa #rumah #sidamanik https://t.co/7U4GrDgFSh,1362330830635298819,MurnyMay,[],,[],
247,https://twitter.com/faiezmoehammad/status/1361574516497915911,2021-02-16 07:13:56+00:00,"Trauma liat postingan"" kucing, kebayang terus 😌",1361574516497915911,faiezmoehammad,[],,[],
248,https://twitter.com/DionysusYeo/status/1361515514149761027,2021-02-16 03:19:28+00:00,"🕯️🕯️🕯️🕯️
🚪🪑🛏️🚬
The #trigger
Social #trauma is a #scary #thing @ Singapore https://t.co/NDvZjTOdub",1361515514149761027,DionysusYeo,['https://www.instagram.com/p/CLVnbsYHrAP/?igshid=19lzytbu5b85x'],https://www.instagram.com/p/CLVnbsYHrAP/?igshid=19lzytbu5b85x,['https://t.co/NDvZjTOdub'],https://t.co/NDvZjTOdub
249,https://twitter.com/aliyahkml/status/1361158648504807424,2021-02-15 03:41:25+00:00,yay no surgery for Bluey🥰🥺 cant imagine the pain and trauma he’d have to go through AGAIN if he was scheduled for one,1361158648504807424,aliyahkml,[],,[],
250,https://twitter.com/SzhyObeKK/status/1360834303966343168,2021-02-14 06:12:35+00:00,@kucinxgalaq @AREAJULID Bener. Mngkin dia ada trauma x ya. Makanya kek spontan gt sama yg kyk ginian.,1360834303966343168,SzhyObeKK,[],,[],
251,https://twitter.com/pauseraphina/status/1360473810366042112,2021-02-13 06:20:07+00:00,*screams in y1 rs trauma* https://t.co/9SaEda0GOp,1360473810366042112,pauseraphina,['https://twitter.com/zoraslovechild/status/1359869659470827522'],https://twitter.com/zoraslovechild/status/1359869659470827522,['https://t.co/9SaEda0GOp'],https://t.co/9SaEda0GOp
252,https://twitter.com/Aethallin/status/1360196250088312832,2021-02-12 11:57:11+00:00,@PacoLeUnique Putain mais ce message vous a trauma jpp,1360196250088312832,Aethallin,[],,[],
253,https://twitter.com/Risabionita/status/1359196741803778048,2021-02-09 17:45:30+00:00,"Emang dari dulu paling ga suka, benci, ga nyaman aja sama cowo yg ga pernah pamer cewenya dgn alasan yg menurut logika gue itu semua bacot.. 
Pengalaman pribadi, jd trauma aja gtu..",1359196741803778048,Risabionita,[],,[],
254,https://twitter.com/M_s_t_r_T/status/1358405849144717319,2021-02-07 13:22:47+00:00,"I cannot imagine the hurt and trauma he experienced but I can definitely say it was a total dick move by the “key holder” AND the alleged key holder.

#notcool",1358405849144717319,M_s_t_r_T,[],,[],
255,https://twitter.com/juwitastiawati/status/1356961627682131968,2021-02-03 13:43:57+00:00,Di selingkuhin buat trauma yang dalem buat aku pribadi,1356961627682131968,juwitastiawati,[],,[],
256,https://twitter.com/caacaannn/status/1356652425067720704,2021-02-02 17:15:18+00:00,niatnya mau buat trauma owner eh malah trauma sendiri https://t.co/73K2PXFvpu,1356652425067720704,caacaannn,['https://twitter.com/recehtapisayng/status/1356603204893429760'],https://twitter.com/recehtapisayng/status/1356603204893429760,['https://t.co/73K2PXFvpu'],https://t.co/73K2PXFvpu
257,https://twitter.com/NadPandaa/status/1356067519639916548,2021-02-01 02:31:05+00:00,"@BanyuSadewa Udah 'pernah' nikah, dan entah mau nikah lagi atau enggak 😅 trauma banget rasanya.

Mungkin, kalopun iya, pengennya sama yang luar negeri dan tinggal di negara yang beda juga, misal dapet cowok Malaysia terus kita tinggal aja di sini, Singapore. Jadi gak perlu deket keluarga",1356067519639916548,NadPandaa,[],,[],
258,https://twitter.com/Najihahnasirun/status/1355523597050159110,2021-01-30 14:29:44+00:00,@AqilahShaid Betul weh! Aku igt dulu kau la paling kerap katak ada dalam kasut dan paling trauma dgn katak😂,1355523597050159110,Najihahnasirun,[],,[],
259,https://twitter.com/thankgodimhaziq/status/1355365727130161155,2021-01-30 04:02:25+00:00,@hylmanska I totally get the trauma.,1355365727130161155,thankgodimhaziq,[],,[],
260,https://twitter.com/fdzfitriiiii/status/1355080093094170625,2021-01-29 09:07:25+00:00,@shafafandi @acil656 Hahahahah terkejut aku. Sikit lagi aku nak kena pakai spec. Trauma in a lifetime 🤣🤣🤣🤣🤣,1355080093094170625,fdzfitriiiii,[],,[],
261,https://twitter.com/nedhamzah/status/1353771805668896768,2021-01-25 18:28:44+00:00,@borara Betul tu man. Aku ingatkan accident biasa je. Skali dengan treler weh. Trauma habis.,1353771805668896768,nedhamzah,[],,[],
262,https://twitter.com/iAmNaaash/status/1353179320659935237,2021-01-24 03:14:25+00:00,"I'm at Unit Kecemasan&amp;Trauma Hospital Pontian in Pontian, Johor https://t.co/AibJwtaKrM",1353179320659935237,iAmNaaash,['https://www.swarmapp.com/c/2kM97lKRTLk'],https://www.swarmapp.com/c/2kM97lKRTLk,['https://t.co/AibJwtaKrM'],https://t.co/AibJwtaKrM
263,https://twitter.com/BanananAji/status/1352975219867095040,2021-01-23 13:43:24+00:00,"Pada yg positif, get well soon. Yg tgh kuarantin, rest cukup2 bro. Yg kene keje, doa jelah slalu dpt trauma lane. Hahahaha",1352975219867095040,BanananAji,[],,[],
264,https://twitter.com/edhannorshareza/status/1352609567105048578,2021-01-22 13:30:25+00:00,@protanist Hahahah trauma,1352609567105048578,edhannorshareza,[],,[],
265,https://twitter.com/nabilasyu/status/1351172703508697095,2021-01-18 14:20:50+00:00,Nak buat sup ayam tapi saya trauma dgn diri sendiri🤭🤭,1351172703508697095,nabilasyu,[],,[],
266,https://twitter.com/alfiyah12__/status/1350361981446811650,2021-01-16 08:39:19+00:00,Mamski alfiyah trauma di setirin im sorry 😶,1350361981446811650,alfiyah12__,[],,[],
267,https://twitter.com/NazsKenyang/status/1350059783655571463,2021-01-15 12:38:29+00:00,"MEMBER TRAUMA TUKAR “TAYAR SPARE” 😂

Full Video : https://t.co/8eBZph2vQQ https://t.co/uoZ5wwmhc5",1350059783655571463,NazsKenyang,['https://youtu.be/vWHydu6rDYg'],https://youtu.be/vWHydu6rDYg,['https://t.co/8eBZph2vQQ'],https://t.co/8eBZph2vQQ
268,https://twitter.com/_ejoyyz/status/1349738730370727941,2021-01-14 15:22:44+00:00,"be carefull untuk sape yg makan coklat ni pakai white shirt , sebab aku dah trauma 😌 mohon tukar chopstick tu kepada sudu https://t.co/V7hNmw1tQ8",1349738730370727941,_ejoyyz,['https://twitter.com/Nurintashaa/status/1349656348212957188'],https://twitter.com/Nurintashaa/status/1349656348212957188,['https://t.co/V7hNmw1tQ8'],https://t.co/V7hNmw1tQ8
269,https://twitter.com/SzhyObeKK/status/1347866473675411460,2021-01-09 11:23:04+00:00,"Nyess ati katanya ad ank bayi di pesawat. Reflek lngsng megang perut.
Kena gelombang aja pas dr moro ke tg batu kemaren trauma ga ilang2 smpe skrg..
Aku ga mau naik pesawat 😭😭😭
#sj182",1347866473675411460,SzhyObeKK,[],,[],
270,https://twitter.com/rahmatillah0512/status/1347820267553243137,2021-01-09 08:19:27+00:00,"@kdrama_menfess 😭tonton sampai tamat, tapi kalau belum mulai gausah di tonton 
 Gue ampe trauma liat dging bgt",1347820267553243137,rahmatillah0512,[],,[],
271,https://twitter.com/atiqah_asri/status/1345000751156797442,2021-01-01 13:35:42+00:00,"Babycot adalah yg terpaling useless. Pernah terjadi 1 kes tu, sampai trauma nk letak afifa tido dlm babycot. Sekali tu je pakai. Afifa jenis tdo lasak. Hujung2 tdo sebelah mak dia je. Babycot jadi tmpat simpan bantal golek dgn blanket je. https://t.co/fDqDAXkOfm",1345000751156797442,atiqah_asri,['https://twitter.com/dreamonnisha/status/1344276621642010624'],https://twitter.com/dreamonnisha/status/1344276621642010624,['https://t.co/fDqDAXkOfm'],https://t.co/fDqDAXkOfm
272,https://twitter.com/adernny/status/1344796160976777216,2021-01-01 00:02:44+00:00,That was the man who left. That was the man who was supposed to show me how a real love from a man should actually feel like. That was the man that left me with a trauma that lasts forever till i die. That was the man who gave me a reason to not trust anybody in my life.,1344796160976777216,adernny,[],,[],
