,url,date,content,id,username,outlinks,outlinksss,tcooutlinks,tcooutlinksss
0,https://twitter.com/bryanbma/status/1332222588148346881,2020-11-27 07:19:51+00:00,"Indonesia smartphones +21% YoY in 3Q20 due to pent-up lockdown demand, home-based learning. Vivo still led, Xiaomi moved past Samsung to #3 via @febrianris @IDCIndo https://t.co/C0HJbUAjdl",1332222588148346881,bryanbma,[],,[],
1,https://twitter.com/PravinSixfoot/status/1319081612076707841,2020-10-22 01:02:18+00:00,FML. Today home based learning and I’m in the grab otw to RP.. 💸💸,1319081612076707841,PravinSixfoot,[],,[],
2,https://twitter.com/_nsyqh/status/1310270954665209856,2020-09-27 17:31:53+00:00,tak keje = every other day buat elearning kat rumah. i feel like im doing HBL at home. home based learning cos of HL 😅😝,1310270954665209856,_nsyqh,[],,[],
3,https://twitter.com/megziannone/status/1272161745038004225,2020-06-14 13:39:30+00:00,"With the likelihood of mixed home and school-based learning in 20/21, the need to consider all stakeholder’s views of recent learning and getting the balance right for our school community is so important https://t.co/eGQBoijLnH",1272161745038004225,megziannone,['https://twitter.com/edutopia/status/1271869697160630274'],https://twitter.com/edutopia/status/1271869697160630274,['https://t.co/eGQBoijLnH'],https://t.co/eGQBoijLnH
4,https://twitter.com/MiltonGohBlog/status/1257828623836311553,2020-05-06 00:24:47+00:00,"Blessed 51st month to our little princess Maeleth! Amen We are thankful that she’s happy to stay home, and has been doing so for many weeks already with no complaints. Such a lovable, precious girl ❤️ #circuitbreakersg #homebasedlearning https://t.co/VCpEAPPqTY",1257828623836311553,MiltonGohBlog,[],,[],
5,https://twitter.com/gluttonlucas/status/1256277263710064640,2020-05-01 17:40:14+00:00,"Engineering Good started a campaign on Computers Against Covid #CAC, where we collect donated laptops - bring them to processing centres to sanitise, refurbish and install required software for Home Based Learning… https://t.co/Cq96Wuo4pE",1256277263710064640,gluttonlucas,['https://www.instagram.com/p/B_p2nLHHrVp/?igshid=k7qp7ule7aki'],https://www.instagram.com/p/B_p2nLHHrVp/?igshid=k7qp7ule7aki,['https://t.co/Cq96Wuo4pE'],https://t.co/Cq96Wuo4pE
6,https://twitter.com/NTUsg/status/1255150132204433410,2020-04-28 15:01:25+00:00,Learning beyond school: #NTUsg final-year business and accounting student Andy Teo created a platform to connect tutors from all over the island to help students with their learning difficulties during COVID-19. #covid19 #homebasedlearning #circuitbreaker https://t.co/V8Ki0HJJNQ https://t.co/SXzblYH7cq,1255150132204433410,NTUsg,['http://tiny.cc/soyinz'],http://tiny.cc/soyinz,['https://t.co/V8Ki0HJJNQ'],https://t.co/V8Ki0HJJNQ
7,https://twitter.com/ttaekoyaki/status/1253962393127809024,2020-04-25 08:21:46+00:00,petition to put this up as part of home-based learning resource 😂😂😂😭😭😭 https://t.co/j5eHza1oMy,1253962393127809024,ttaekoyaki,['https://twitter.com/taepokkiii/status/1253958575925288960'],https://twitter.com/taepokkiii/status/1253958575925288960,['https://t.co/j5eHza1oMy'],https://t.co/j5eHza1oMy
8,https://twitter.com/MaddDayat/status/1249515933455904769,2020-04-13 01:53:08+00:00,"Home Based Learning on going.
#distancelearning #HBL #StayHomeStaySafe #StaySafeStayHome
#SGUnited https://t.co/EFqYrKqzAd",1249515933455904769,MaddDayat,[],,[],
9,https://twitter.com/mohamadfazil33/status/1249482609689853957,2020-04-12 23:40:43+00:00,"Good morning peeps! 

#catsofinstagram #photolab #stayhome #homebasedlearning #siberiancat #blessed #naughtycat @ Kingsford Waterbay - Upper Serangoon View https://t.co/p0cIWPJLxF",1249482609689853957,mohamadfazil33,['https://www.instagram.com/p/B-5kxC0H4t9/?igshid=p6wpisxnq6wg'],https://www.instagram.com/p/B-5kxC0H4t9/?igshid=p6wpisxnq6wg,['https://t.co/p0cIWPJLxF'],https://t.co/p0cIWPJLxF
10,https://twitter.com/ttaekoyaki/status/1248239617679056896,2020-04-09 13:21:30+00:00,this is amazing!!! and this is also similar to one of the home-based learning activities we planned for the children ;u; https://t.co/JiV3BQzihI,1248239617679056896,ttaekoyaki,['https://twitter.com/AinIsmail_/status/1248171287819603969'],https://twitter.com/AinIsmail_/status/1248171287819603969,['https://t.co/JiV3BQzihI'],https://t.co/JiV3BQzihI
11,https://twitter.com/AaronUnKoch/status/1246249796022628359,2020-04-04 01:34:40+00:00,"As Singapore school going children will do home based learning from Wednesday onwards, they will be exposed to teleconference tools like Microsoft Teams, Zoom, Google Hangouts, etc..

Employers better be ready for this generation.",1246249796022628359,AaronUnKoch,[],,[],
12,https://twitter.com/nellyasleigh/status/1246013485646921728,2020-04-03 09:55:39+00:00,"Fuck this virus istg, I was excited for sch, and my part time job is affected and I don’t have a FUCKIJG laptop to do full home based learning , I was planning to get a laptop on May when I have enough money",1246013485646921728,nellyasleigh,[],,[],
13,https://twitter.com/cnbcSri/status/1245986249673850883,2020-04-03 08:07:25+00:00,#Singapore PM Lee says will move to full home-based learning starting next Wednesday to restrict #COVIDー19,1245986249673850883,cnbcSri,[],,[],
14,https://twitter.com/juzcrap/status/1243709918395293696,2020-03-28 01:22:06+00:00,"This #MOE home based learning thing is driving working parents crazy. How to sustain? 
Plus suspending all enrichment classes?? - gdness. The kids and parents are now so free and roaming public areas all over the country. #doesnotmakesense",1243709918395293696,juzcrap,[],,[],
