,url,date,content,id,username,outlinks,outlinksss,tcooutlinks,tcooutlinksss
0,https://twitter.com/Critzebiakoffsk/status/1412816975483576331,2021-07-07 16:53:10+00:00,"Früher hatten wir kein 
#Gendersternchen
 und keine Gender-Pause mitten im Wort... 

...aber dafür konnten Frauen unbehelligt im Stadtpark joggen gehen, ohne Angst U-Bahn fahren und unversehrt eine Beziehung beenden. https://t.co/wy7YKRlm1I",1412816975483576331,Critzebiakoffsk,[],,[],
1,https://twitter.com/kitlune/status/1412779070115381248,2021-07-07 14:22:33+00:00,@hxrnyrage or maybe angst,1412779070115381248,kitlune,[],,[],
2,https://twitter.com/AFatElectron/status/1412735515393069059,2021-07-07 11:29:28+00:00,"Whoever say Singapore is a boring or soulless place needs to have a debate with me.

I wil prove categorically that you are a boring person who cannot accept the fact that you will die and not exist one day. Hence you dump load your existential doomer angst onto a good Country.",1412735515393069059,AFatElectron,[],,[],
3,https://twitter.com/btohtoh/status/1412710337996939270,2021-07-07 09:49:26+00:00,@etiennefd I have a secret alt that is since 2012 but it has too much cringe of my teenage angst,1412710337996939270,btohtoh,[],,[],
4,https://twitter.com/_royalsunshine_/status/1412684438509473793,2021-07-07 08:06:31+00:00,@eris_trashbin the angst in detoxified ep 7 is just - huhuhu. I can't even. 😭,1412684438509473793,_royalsunshine_,[],,[],
5,https://twitter.com/sharutocy/status/1412671906436681734,2021-07-07 07:16:43+00:00,@K1Y00MI Hq angst week!,1412671906436681734,sharutocy,[],,[],
6,https://twitter.com/fujoshibutterfl/status/1412660922980601858,2021-07-07 06:33:04+00:00,"@Doumeki_Sama I was reading this last night, and i'm like waaaaah! the angst is about to start... huhuhuhu! but hiatus... Hopefully the author's OK... Her notice is so cute...",1412660922980601858,fujoshibutterfl,[],,[],
7,https://twitter.com/FrightLight1/status/1412649580374597635,2021-07-07 05:48:00+00:00,"@ayakanica ""Atsushi deserves happiness and only happiness!!""
*proceeds to make dazatsu angst*",1412649580374597635,FrightLight1,[],,[],
8,https://twitter.com/Mizushima_S4/status/1412393351152689152,2021-07-06 12:49:50+00:00,"Yo chapt 4 Mo Yi... MC is crying... 
( ･ั﹏･ั)
What are you doing why is she crying  ... ( ；∀；) I love angst.",1412393351152689152,Mizushima_S4,[],,[],
9,https://twitter.com/Meggie_Vectors/status/1412380010233556993,2021-07-06 11:56:49+00:00,Next few pieces of TOH fan art are my personal favourites!! Can't confirm if there'll be angst or not haha.,1412380010233556993,Meggie_Vectors,[],,[],
10,https://twitter.com/rosevests/status/1412358691546832900,2021-07-06 10:32:07+00:00,lrt i fkn lov e xiaoven..... god im so happy its the one type of angst i’ll eat anyday,1412358691546832900,rosevests,[],,[],
11,https://twitter.com/rosevests/status/1412345989906665498,2021-07-06 09:41:38+00:00,@tc2oh thank u for daily dose of xiaoven angst,1412345989906665498,rosevests,[],,[],
12,https://twitter.com/Haiqelogic/status/1412300528684474384,2021-07-06 06:40:59+00:00,Today is angst day https://t.co/l05t2ird7g,1412300528684474384,Haiqelogic,[],,[],
13,https://twitter.com/itsalwaysrye/status/1412278970427445249,2021-07-06 05:15:20+00:00,LRT sorry for Bennettfischl angst on tl :&gt;,1412278970427445249,itsalwaysrye,[],,[],
14,https://twitter.com/teutatesherring/status/1412101552412712967,2021-07-05 17:30:20+00:00,@sushisalmon95 u ruin him so good 😭,1412101552412712967,teutatesherring,[],,[],
15,https://twitter.com/teutatesherring/status/1412099907075252237,2021-07-05 17:23:48+00:00,@EmoStuntTwink u cant just... say words in this order and expect my brain to comprehend them....... i am Ascending,1412099907075252237,teutatesherring,[],,[],
16,https://twitter.com/adorabllue6/status/1412066766398783489,2021-07-05 15:12:06+00:00,@yoongeerine @rendemour MAU MUDITAAAA AAAA cinta bgttt sama mudita soalnya itu AU pertama yang dora baca au yg buat dora into ke dalam kapal2 ini ueueue pengen mudita dulu soalnya ini bakalan fluff sih dari teaser nya dora sedang tobat baca angst 😭😭 btw tenkyuuu kaaa https://t.co/nq7WD46SVk,1412066766398783489,adorabllue6,[],,[],
17,https://twitter.com/khanKiVoter/status/1411924622333906946,2021-07-05 05:47:16+00:00,@AmiNAVODAYAN @tech_benchmark @HalimaKennedy @cjwerleman @MaktoobMedia It was never tolerant. Modi just exposed india. Riots angst muslims and other minorities were already happening. Y cant we see opposition standing for minorities?,1411924622333906946,khanKiVoter,[],,[],
18,https://twitter.com/MuhdShafiqSani/status/1411820923770966018,2021-07-04 22:55:13+00:00,- I dont wish to start the new week in angst mode. Although its building up now.,1411820923770966018,MuhdShafiqSani,[],,[],
19,https://twitter.com/teutatesherring/status/1411788886184017924,2021-07-04 20:47:54+00:00,@genderqueernoct alt pants tho bc im like. right on the line for those lmao https://t.co/HNNCm56AmB,1411788886184017924,teutatesherring,[],,[],
20,https://twitter.com/teutatesherring/status/1411788788792279041,2021-07-04 20:47:31+00:00,@genderqueernoct absolutely vibin https://t.co/DAsvd8viF7,1411788788792279041,teutatesherring,[],,[],
21,https://twitter.com/brendawry_/status/1411736613923672071,2021-07-04 17:20:12+00:00,Ooooo angst is real https://t.co/JGIgYYgCmz https://t.co/6tDffZtwPK,1411736613923672071,brendawry_,['https://twitter.com/attyarr/status/1411721778255175682'],https://twitter.com/attyarr/status/1411721778255175682,['https://t.co/JGIgYYgCmz'],https://t.co/JGIgYYgCmz
22,https://twitter.com/karan10489/status/1411657099881304066,2021-07-04 12:04:14+00:00,"@InvestmentTalkk ""Tsundoko"" - As usual the Japanese have a word for capturing angst that English can't",1411657099881304066,karan10489,[],,[],
23,https://twitter.com/miczjen/status/1411645649859321859,2021-07-04 11:18:44+00:00,Sino po b c authornim pagsinta bkt parang relate msyado in rl ngyyre sa BW.. 😁 😁.. Manalig tau kay  authornim and BW wlang angst. This the right love on right time na. https://t.co/nLuFH5y46m,1411645649859321859,miczjen,['https://twitter.com/tinesgf/status/1411612199659794432'],https://twitter.com/tinesgf/status/1411612199659794432,['https://t.co/nLuFH5y46m'],https://t.co/nLuFH5y46m
24,https://twitter.com/hallyuxx/status/1411560461124784131,2021-07-04 05:40:14+00:00,"[210522] the tension and angst here 🥵🔥 

“i wish you’d die. 
i wish you’d experience it. 
because then you’d understand how i feel.”

#DoomAtYourService https://t.co/ziV1eDwkZp",1411560461124784131,hallyuxx,[],,[],
25,https://twitter.com/poooshitter/status/1411504798969450496,2021-07-04 01:59:03+00:00,"Hooty angst arc,, https://t.co/VBm12RrTL7",1411504798969450496,poooshitter,['https://twitter.com/LenaM_2311/status/1411282256191266827'],https://twitter.com/LenaM_2311/status/1411282256191266827,['https://t.co/VBm12RrTL7'],https://t.co/VBm12RrTL7
26,https://twitter.com/Cric_Writer/status/1411494739090710529,2021-07-04 01:19:04+00:00,"An interesting clash. Anger and boorish behaviour on one side or justified angst? And on the other, fake injury or justified indignation after an injury scare? #Tomljanovic #Ostapenko #WimbledonThing #Wimbledon2021 https://t.co/h8icfsIrUM",1411494739090710529,Cric_Writer,['https://twitter.com/abcsport/status/1411492544764989444'],https://twitter.com/abcsport/status/1411492544764989444,['https://t.co/h8icfsIrUM'],https://t.co/h8icfsIrUM
27,https://twitter.com/iiiiiiera/status/1411319878007418880,2021-07-03 13:44:14+00:00,"I hate how my body craves for MORE ANGST everytime i come across ONE angst shit.

Like, CHILL I WANT TO FUNCTION TOMORROW.",1411319878007418880,iiiiiiera,[],,[],
28,https://twitter.com/ajihunomoto/status/1411031664432607232,2021-07-02 18:38:59+00:00,Me taking advantage of my angst boredom to do work 💀💀💀,1411031664432607232,ajihunomoto,[],,[],
29,https://twitter.com/berrimelon/status/1410977264859189255,2021-07-02 15:02:49+00:00,"12 HOURS UNTIL EISHIN'S 4KOMA
HA.....Eishin kun. Show you me your angst/dorkiness",1410977264859189255,berrimelon,[],,[],
30,https://twitter.com/btsbutter__/status/1410951787033493506,2021-07-02 13:21:34+00:00,@tapir_salto @taehyungcola Mintaa yg angst,1410951787033493506,btsbutter__,[],,[],
31,https://twitter.com/kitlune/status/1410865602915278853,2021-07-02 07:39:07+00:00,"keep my heart in your socks drawer
• milcob
• 2.4k
• office setting
• crack + fluff + angst

https://t.co/49gxHlxuN0 https://t.co/xAXumXFTaF",1410865602915278853,kitlune,['https://archiveofourown.org/works/32318713'],https://archiveofourown.org/works/32318713,['https://t.co/49gxHlxuN0'],https://t.co/49gxHlxuN0
32,https://twitter.com/carrotsucker64/status/1410859753891270665,2021-07-02 07:15:52+00:00,GIMME MARCANNE ANGST I AM ASKING POLITELY,1410859753891270665,carrotsucker64,[],,[],
33,https://twitter.com/xxxesallice/status/1410831610451136512,2021-07-02 05:24:02+00:00,"@vkookfess Ih dulu prnah ada ya. Ceritanya te ini pembantunya J , te nya suka sama J tapi J  nya songong. Trs trnyta J pnya kembaran. Angst banget sumpah 😭😭😭😭",1410831610451136512,xxxesallice,[],,[],
34,https://twitter.com/berrimelon/status/1410822473147375621,2021-07-02 04:47:44+00:00,"Anyways, I do hope Eishin's 4koma will be light hearted only because I feel his true angst will be revealed when you produce him and find out he's a disappointment to his family or something",1410822473147375621,berrimelon,[],,[],
35,https://twitter.com/dfordeejay/status/1410819660984078338,2021-07-02 04:36:33+00:00,"Tell Me About Tomorrow is good! Just feels like a remake of the latest MGK album (considering all the tracks are produced by Travis, the producer of ...Downfall)

Jxdn's energy and style is ushering in a new wave of pop-punk angst and I'm for it.",1410819660984078338,dfordeejay,[],,[],
36,https://twitter.com/berrimelon/status/1410809291645231113,2021-07-02 03:55:21+00:00,It's okay...cfirst can hurt me with angst but I got the power of Hayato to remedy that,1410809291645231113,berrimelon,[],,[],
37,https://twitter.com/carrotsucker64/status/1410773651037724674,2021-07-02 01:33:43+00:00,plz give me more marcanne angst!!! I want to feel pain!!!!,1410773651037724674,carrotsucker64,[],,[],
38,https://twitter.com/TamagoKaito2/status/1410672875862851585,2021-07-01 18:53:17+00:00,@ghostdeeer I saw from review we got to suffer angst before we get sweet,1410672875862851585,TamagoKaito2,[],,[],
39,https://twitter.com/someone_fan/status/1410606510049087499,2021-07-01 14:29:34+00:00,@samyutrash @noona96nwrite encourage me to do angst video 🙈🙈🙈,1410606510049087499,someone_fan,[],,[],
40,https://twitter.com/winipie1/status/1410510384792936448,2021-07-01 08:07:36+00:00,Not advisable to read angst AUs midday 🥺,1410510384792936448,winipie1,[],,[],
41,https://twitter.com/nanahoshiren/status/1410494879164030982,2021-07-01 07:05:59+00:00,"@Machi3472805 the brocon we never had but it's all angst in canon

brother's class instead of military lab yep",1410494879164030982,nanahoshiren,[],,[],
42,https://twitter.com/fongkokhoong/status/1410467462886215681,2021-07-01 05:17:03+00:00,"@mrbrown Not sure about a decade. Shall we tell them also about puberty angst, raging hormones and tech addiction?",1410467462886215681,fongkokhoong,[],,[],
43,https://twitter.com/Joytyhea/status/1410421390046482433,2021-07-01 02:13:58+00:00,"@angst_lord Oooo ok.

Energy of clowning too stronk today huh",1410421390046482433,Joytyhea,[],,[],
44,https://twitter.com/Joytyhea/status/1410420513457856514,2021-07-01 02:10:29+00:00,"@angst_lord Oh noes, take care!",1410420513457856514,Joytyhea,[],,[],
45,https://twitter.com/teutatesherring/status/1410416525329240064,2021-07-01 01:54:38+00:00,@mercurialcrown as soon as i saw them interact for the first time an important thought struck me: kazu gets pegged,1410416525329240064,teutatesherring,[],,[],
46,https://twitter.com/Lililittle_/status/1410295321599504389,2021-06-30 17:53:01+00:00,unexpected twist naman mare 🤧 bakit feel ko may heavy angst sa mga susunod na ud ? https://t.co/WmyfYWHjRH,1410295321599504389,Lililittle_,['https://twitter.com/bcimboredoki/status/1410283309473558532'],https://twitter.com/bcimboredoki/status/1410283309473558532,['https://t.co/WmyfYWHjRH'],https://t.co/WmyfYWHjRH
47,https://twitter.com/Jiajjangmyeon/status/1410270396906098689,2021-06-30 16:13:58+00:00,"Current WIP: Diluc joining the Fatui after Crepus's Death and returns to Mondstadt with nefarious plans.

Kaeya tries desperately to get Diluc back after finding out about it. 

Tags: Angst, Villain!Diluc Kaeluc",1410270396906098689,Jiajjangmyeon,[],,[],
48,https://twitter.com/someone_fan/status/1410268688637325316,2021-06-30 16:07:11+00:00,Editing a short samyu FMV with my recent favourite song 嘉宾 (The Guest) by 张远 Zhang Yuan ~ (yes gonna be angst) I am super close to completing it but I don't want to rush it 🙈 still a few parts I am not very satisfied with 🤔,1410268688637325316,someone_fan,[],,[],
49,https://twitter.com/sharutocy/status/1410260622571294720,2021-06-30 15:35:08+00:00,@Lemonie_inhell HAHAHA omg that’s gonna be me tonight I always tear up whenever those emotional commercials come on nwainwjw but isokay I kinda love the pain with angst fics 🥲👌👌,1410260622571294720,sharutocy,[],,[],
50,https://twitter.com/sharutocy/status/1410256619502379009,2021-06-30 15:19:14+00:00,@Lemonie_inhell Oh my gosh thank you so much you really came through for me 🥺 Haha I love a little angst too some I’m ready! Thank you so much I’ll definitely go through this list!! 😌👌💖💖,1410256619502379009,sharutocy,[],,[],
51,https://twitter.com/alec_trik/status/1410228748214050818,2021-06-30 13:28:29+00:00,"@frank_thelen @fdp Ihre ""Überzeugungen"" sind Ihnen natürlich unbenommen (auch ohne FDP in der Regierung), aber #R2G als Drohkulisse, das ist derzeit nichts weiter als ein Strohmann. Halten Sie die Wahlberechtigten für Kinder - und so ein bisschen Angst und Schrecken für gutes Erziehen?",1410228748214050818,alec_trik,[],,[],
52,https://twitter.com/iiiiiiera/status/1408091967867686912,2021-06-24 15:57:40+00:00,ANY WRITER WANT TO SHARE KAELUC ANGST (or anything cuz beggars cant be choosers) CAUSE I THINK I NEED TO WASH THIS PAIN OFF TONIGHT SO LETS HAVE A CRYING PARTY,1408091967867686912,iiiiiiera,[],,[],
53,https://twitter.com/exputtzen/status/1404274317119004672,2021-06-14 03:07:42+00:00,"baru bangun tidur, di kasih sarapan angst😔💔 https://t.co/ucEgPMWamg",1404274317119004672,exputtzen,['https://twitter.com/coconutsoil_/status/1404265378834907140'],https://twitter.com/coconutsoil_/status/1404265378834907140,['https://t.co/ucEgPMWamg'],https://t.co/ucEgPMWamg
54,https://twitter.com/lady_aphrael/status/1402082964733763587,2021-06-08 02:00:02+00:00,@400masha Fck I’m still hurting from this. And now I’m at work. Feeling angst. https://t.co/mRwHkJlkNx,1402082964733763587,lady_aphrael,[],,[],
55,https://twitter.com/lady_aphrael/status/1401976678927114260,2021-06-07 18:57:42+00:00,"I REFUSE TO HURT ALONE.

Read this fcking #jikook masterpiece if you are into angst. https://t.co/4Xks2E5WM5",1401976678927114260,lady_aphrael,['https://twitter.com/_pjiminie/status/1011505998429736960'],https://twitter.com/_pjiminie/status/1011505998429736960,['https://t.co/4Xks2E5WM5'],https://t.co/4Xks2E5WM5
56,https://twitter.com/BambangKajairi/status/1401695825617514498,2021-06-07 00:21:41+00:00,"@holasaraa I can understand the angst but I am not sure if this will have the desired outcome. If anything he will hunker down. Some politicians believe that if there are people against them, it means they are doing things right.",1401695825617514498,BambangKajairi,[],,[],
57,https://twitter.com/sehof/status/1399266715830165506,2021-05-31 07:29:16+00:00,"Waarom nog altijd max. drie kinderen:
1) Inertie, belangen van gevestigde bureaucratie;
2) Drang naar controle en gewoonte van beperking;
3) Angst dat anders de ‘verkeerde’ mensen van ‘lage kwaliteit’ te veel kinderen krijgen, d.w.z. plattelanders en achtergebleven minderheden. https://t.co/ZuZewbPoVC",1399266715830165506,sehof,['https://twitter.com/sjoerddendaas/status/1399265712800108545'],https://twitter.com/sjoerddendaas/status/1399265712800108545,['https://t.co/ZuZewbPoVC'],https://t.co/ZuZewbPoVC
58,https://twitter.com/ii_Renzy/status/1397110719955357697,2021-05-25 08:42:07+00:00,"Drawing sbi angst

#sleepyboisinc #sleepytwt",1397110719955357697,ii_Renzy,[],,[],
59,https://twitter.com/Rohit_Sahgal/status/1396012686853378056,2021-05-22 07:58:55+00:00,"@c4rmenk4ss @historyogi An insightful opinion, some very broad strokes and angst that colours and blurs the narrative but otherwise an interesting point of view.",1396012686853378056,Rohit_Sahgal,[],,[],
60,https://twitter.com/klariceenaj/status/1385370274111975429,2021-04-22 23:09:46+00:00,"Rather than being preoccupied with only our own needs or angst, we become invested in others’ well-being. Rather than protecting what we assume we need to thrive, we joyfully pursue whatever helps others flourish.",1385370274111975429,klariceenaj,[],,[],
61,https://twitter.com/Thomas_Ehinger/status/1380730435475402756,2021-04-10 03:52:43+00:00,"Georg Elser, Freiheitskämpfer und Widerstandsheld, ermordet am 09. April 1945. 🖤 Und heute sitzen wieder Nazis in deutschen Parlamenten, PoC müssen um ihr Leben fürchten, Juden haben Angst, Kipa oder Davidstern zu tragen. Es ist zum Verzweifeln. https://t.co/nEBQXi7UeR",1380730435475402756,Thomas_Ehinger,[],,[],
62,https://twitter.com/yijunian/status/1380428354017370113,2021-04-09 07:52:21+00:00,@mike772k i might or might not have drawn from a real place of angst 😌,1380428354017370113,yijunian,[],,[],
63,https://twitter.com/racunberapi/status/1377062834400468994,2021-03-31 00:58:58+00:00,@aggravatingg Angst teenager,1377062834400468994,racunberapi,[],,[],
64,https://twitter.com/lady_aphrael/status/1362596263900848129,2021-02-19 02:53:59+00:00,"@sue_baker7 @Iampsv1 @thehazeleyed Our fav angst AU writer has gone offline, thanks to a lot of stupid keyboard warriors",1362596263900848129,lady_aphrael,[],,[],
65,https://twitter.com/PANDORA0S04/status/1362580282587586560,2021-02-19 01:50:29+00:00,So angst bye i sleepy.,1362580282587586560,PANDORA0S04,[],,[],
66,https://twitter.com/PANDORA0S04/status/1360436663927808006,2021-02-13 03:52:31+00:00,ugh angst,1360436663927808006,PANDORA0S04,[],,[],
67,https://twitter.com/PANDORA0S04/status/1357390991766953985,2021-02-04 18:10:06+00:00,zzzz fucking angst w everyone,1357390991766953985,PANDORA0S04,[],,[],
68,https://twitter.com/Jasmineeeszxc/status/1355652041339662336,2021-01-30 23:00:08+00:00,#ATaleOfThousandStars STARTED OFF FRIGGIN GOOOOOOD. IM READY FOR THIS ANGST LAI LAI LAI,1355652041339662336,Jasmineeeszxc,[],,[],
69,https://twitter.com/Yohanbubz/status/1354560413266972676,2021-01-27 22:42:23+00:00,"My man really be posting at near 2am and be all why not. But babe, you made my morning. You made my whole sleepy angst self smile in the morning https://t.co/VLqOO75qs8",1354560413266972676,Yohanbubz,[],,[],
70,https://twitter.com/AliIsBk1/status/1351865314284339200,2021-01-20 12:13:02+00:00,"@burntpuffs Naturally. Raelle felt betrayed and broken and Taylor’s (and Amalia’s too) performance in episode 9 was just heartbreaking. 

That’s where the angst is and a test of their love for each other, I guess.",1351865314284339200,AliIsBk1,[],,[],
71,https://twitter.com/chaesobas/status/1348242659895250948,2021-01-10 12:17:53+00:00,"slight angst, friends to lovers, domestic , triggered elda , hurt , emotional ,slowburn

7k words
ao3
den https://t.co/XLMxb0n2SC",1348242659895250948,chaesobas,['https://twitter.com/back2doie/status/1348228822173446144'],https://twitter.com/back2doie/status/1348228822173446144,['https://t.co/XLMxb0n2SC'],https://t.co/XLMxb0n2SC
