,url,date,content,id,username,outlinks,outlinksss,tcooutlinks,tcooutlinksss
0,https://twitter.com/FAYSERN/status/1339171716216414208,2020-12-16 11:33:12+00:00,"As if retrenchment wasn’t bad enough, SQ still fucks us in the ass",1339171716216414208,FAYSERN,[],,[],
1,https://twitter.com/madkuman/status/1330880374977622019,2020-11-23 14:26:22+00:00,"Still cant believe i got 2 weeks hospital leaves, 1 week plus furlough, this year 5.2 months bonus and retrenchment package. Banyak kenyang oh. Thanks Pratt.",1330880374977622019,madkuman,[],,[],
2,https://twitter.com/Pedroelleo/status/1325344198778785792,2020-11-08 07:47:35+00:00,"yang kene retrenchment baru nak slowly recover utk survival, gomen buat pkpb kepale abah kau pm-8 #NotMyPM #MuhyiddinOut https://t.co/s0CpGERrWu",1325344198778785792,Pedroelleo,['https://twitter.com/YOEPCD/status/1324995325589819394'],https://twitter.com/YOEPCD/status/1324995325589819394,['https://t.co/s0CpGERrWu'],https://t.co/s0CpGERrWu
3,https://twitter.com/akmlhkmbz_/status/1324599784733224961,2020-11-06 06:29:33+00:00,"Tapi jangan berat sebelah dalam retrenchment, biar based on their performance &amp; reasonable untuk retrenchment. Management yg teruk akan jejaskan imej company.",1324599784733224961,akmlhkmbz_,[],,[],
4,https://twitter.com/madkuman/status/1322372315544346625,2020-10-31 02:58:23+00:00,"2nd round retrenchment. To my ex colleagues at Pratt. May the odd be ever in your favour. And to the managements, good fuck to u. 😂",1322372315544346625,madkuman,[],,[],
5,https://twitter.com/SgPRelations/status/1311244770090430464,2020-09-30 10:01:29+00:00,@Shell to cut 10% of staff jobs due to #reorganisation #COVID19 #retrenchment @business https://t.co/gw6VkdjVxe,1311244770090430464,SgPRelations,['https://www.bloomberg.com/news/articles/2020-09-30/shell-to-cut-up-to-9-000-jobs-as-virus-forces-reorganization'],https://www.bloomberg.com/news/articles/2020-09-30/shell-to-cut-up-to-9-000-jobs-as-virus-forces-reorganization,['https://t.co/gw6VkdjVxe'],https://t.co/gw6VkdjVxe
6,https://twitter.com/malikmajidjp/status/1308351135611191304,2020-09-22 10:23:13+00:00,"nice captured sir. 
I'm sure, if you lose job in retrenchment exercise, you can't be unemployed and can start private photography business. 😆 https://t.co/fl6cEFn9es",1308351135611191304,malikmajidjp,['https://twitter.com/leehsienloong/status/1308306469209567234'],https://twitter.com/leehsienloong/status/1308306469209567234,['https://t.co/fl6cEFn9es'],https://t.co/fl6cEFn9es
7,https://twitter.com/HeroesSwim/status/1308192317556178949,2020-09-21 23:52:08+00:00,2008年にユナイテッド航空にRetrenchment された時、次の仕事探すのに精一杯ですぐに気づかなかったけど、解雇される側って精神的にも凄く傷つくんだよ。,1308192317556178949,HeroesSwim,[],,[],
8,https://twitter.com/mediumshawn/status/1300757951104262144,2020-09-01 11:30:37+00:00,"I wonder if any of the Suntec staff that were recently retrenched held two full-time jobs.

If they didn’t, it’s their fault for not preventing their retrenchment by ensuring they had ‘bEtTeR jOb SeCuRity”. https://t.co/Gk45sAXctc",1300757951104262144,mediumshawn,[],,[],
9,https://twitter.com/Shuraim_Basir/status/1293474448985612290,2020-08-12 09:08:34+00:00,The real world is a bitch. Ya’ll think school is tough. Wait till you enter the workforce during a pandemic and they threaten your livelihood with retrenchment wtf,1293474448985612290,Shuraim_Basir,[],,[],
10,https://twitter.com/lufiasap/status/1290444195761664002,2020-08-04 00:27:26+00:00,"This brother of mine @nuradeabas just shared with me about the retrenchment over at Pratt &amp; Whitley. Its an aerospace company which we went for an interview right after our NS. My prayers are with the those who are affected by it, especially during this pandemic.",1290444195761664002,lufiasap,[],,[],
11,https://twitter.com/sufxender/status/1290197908399128577,2020-08-03 08:08:46+00:00,Hilang doh semangat nak keje sume batchmate aku kena retrenchment. Tinggal aku n Daniel je last man standing ni night shift nnt. GG,1290197908399128577,sufxender,[],,[],
12,https://twitter.com/sufxender/status/1289909364493451266,2020-08-02 13:02:12+00:00,"Ikutkan, plan balik lagi exciting dari plan untuk stay sini. Pape pon tggu result retrenchment esok jela . Bole da slow2 packing ni 🤣",1289909364493451266,sufxender,[],,[],
13,https://twitter.com/miraclistbadru/status/1289657830698442754,2020-08-01 20:22:42+00:00,1.Retrenchment 2. Final exam please pray for me https://t.co/FK5ONgBbfz,1289657830698442754,miraclistbadru,['https://twitter.com/Rechiecorpuz07/status/1289230218520010752'],https://twitter.com/Rechiecorpuz07/status/1289230218520010752,['https://t.co/FK5ONgBbfz'],https://t.co/FK5ONgBbfz
14,https://twitter.com/poortan/status/1288595706161201153,2020-07-29 22:02:11+00:00,"NTUC, unions stepped in to stop unfair retrenchment by aircraft maintenance firm; industry action averted https://t.co/80HQj9tExc a barking dog with no sharp canines",1288595706161201153,poortan,['https://str.sg/Jno4'],https://str.sg/Jno4,['https://t.co/80HQj9tExc'],https://t.co/80HQj9tExc
15,https://twitter.com/terence_sim/status/1284094233511694337,2020-07-17 11:54:57+00:00,"RWS had announced the retrenchment of its staff, although it declined to disclose the number of workers affected. Approximately 2,000 employees were laid off.

RWS had more than 7,000 employees as at the end of last… https://t.co/xUJSZHcwgL",1284094233511694337,terence_sim,['https://www.instagram.com/p/CCvgT9UnY8C/?igshid=sxpo8of7m0nn'],https://www.instagram.com/p/CCvgT9UnY8C/?igshid=sxpo8of7m0nn,['https://t.co/xUJSZHcwgL'],https://t.co/xUJSZHcwgL
16,https://twitter.com/FarzannaSyahida/status/1281699729944895488,2020-07-10 21:20:03+00:00,"Solat. Walaupun dia teruk buat aku hampir meroyan menangis setiap malam rasa nak tampar2 muka anak tgah malam minta susu while dia melepak kat luar, tapi dia tak tinggal solat. Syukur juga sbb dia kena retrenchment dulu. Dari situ dia sedar dia ada satu tanggungjawab besar.",1281699729944895488,FarzannaSyahida,[],,[],
17,https://twitter.com/DebWongCNA/status/1280557702125465600,2020-07-07 17:42:02+00:00,"@yourSDP says its campaign strategy is focused on helping Singaporeans navigate a post-covid world - such as proposing #GST suspendion, retrenchment insurance and elderly support. That's crystallized in its 4Y1N campaign #singaporevotes",1280557702125465600,DebWongCNA,[],,[],
18,https://twitter.com/AqwaAsyraff/status/1279259701243334656,2020-07-04 03:44:14+00:00,"@FaizAkmalHassan July ni bulan nak tengok mana IKS betul2 dapat bertahan, even subsidised by kerajaan, masih tak dapat cover B, banyak dah start retrenchment program.",1279259701243334656,AqwaAsyraff,[],,[],
19,https://twitter.com/Shuraim_Basir/status/1278542788393492481,2020-07-02 04:15:29+00:00,Shouldn’t retrenchment start from the top? Doesn’t add up to me.,1278542788393492481,Shuraim_Basir,[],,[],
20,https://twitter.com/wawaNAMI/status/1277839743489732610,2020-06-30 05:41:50+00:00,Abang ipar aku pon da dapat letter of retrenchment,1277839743489732610,wawaNAMI,[],,[],
21,https://twitter.com/thatslilysam/status/1276022140018417664,2020-06-25 05:19:20+00:00,"So many retrenchment happening in SG now.... all these articles im reading.

🥺🥺🥺",1276022140018417664,thatslilysam,[],,[],
22,https://twitter.com/madkuman/status/1270920511640334336,2020-06-11 03:27:17+00:00,Planes started flying again . Aerospace industry just started furlough/short work week. Even worst retrenchment coming. Hais,1270920511640334336,madkuman,[],,[],
23,https://twitter.com/jmaolla/status/1268480906324373505,2020-06-04 09:53:09+00:00,"Hi assalamualaikum!

Saya fulltime baking during this PKP due to retrenchment 🥺 And my main income fully from my small business

Minta jasa baik korang tlg RT twt ni utk rezeki saya♡

Saya open order area Pasir Gudang and JB :)

Boleh tengok dekat https://t.co/ReNrYPowmo https://t.co/ydnkmR0QLd",1268480906324373505,jmaolla,['http://instagram.com/chovastra.bakes'],http://instagram.com/chovastra.bakes,['https://t.co/ReNrYPowmo'],https://t.co/ReNrYPowmo
24,https://twitter.com/AdyAdyva/status/1268070329684918273,2020-06-03 06:41:40+00:00,Retrenchment Compensation by HR,1268070329684918273,AdyAdyva,[],,[],
25,https://twitter.com/ShafiqShahril25/status/1263033795382398976,2020-05-20 09:08:17+00:00,I miss cooking hmm its kinda hard after goin through retrenchment phase (dinasihatkan berhenti). I've lost my wisdom to cook. I'm at my lowest rn. All those hardwork but still can't do the best. Insyallah rezeki ada di mana mana. Maximum effort! 💪🏻 https://t.co/EDp9AbOFeK,1263033795382398976,ShafiqShahril25,[],,[],
26,https://twitter.com/FarieRose/status/1255616502608224256,2020-04-29 21:54:37+00:00,"I'm genuinely wondering if the oil refineries in SG are still fully operational. Asking cuz if retrenchment starts in that industry, we would have reached the deep end of a recession.",1255616502608224256,FarieRose,[],,[],
27,https://twitter.com/madkuman/status/1250241097189568512,2020-04-15 01:54:40+00:00,Nasib furlough bukan retrenchment. 😰,1250241097189568512,madkuman,[],,[],
28,https://twitter.com/dannyxrchxn/status/1247005870568824835,2020-04-06 03:39:02+00:00,@_afiqasmuni It’s ok bro..everyone will need to get through a paycut or retrenchment but the main objective is to sacrifice in order to save lives..inshaallah we’ll get back our lives on track next year..rezeki tangan tuhan bukan kat tangan manusia..😘,1247005870568824835,dannyxrchxn,[],,[],
29,https://twitter.com/Hiizir/status/1246120959062360064,2020-04-03 17:02:43+00:00,"Not that I am discounting a teacher's plight to plan HBL for students,

But my heart also goes out to all my friends who are on the verge of not receiving pay during the closure and even a possibility of a retrenchment.",1246120959062360064,Hiizir,[],,[],
30,https://twitter.com/PatchouliW/status/1245164888504381440,2020-04-01 01:43:38+00:00,@sedvitae Absenteeism is grounds for retrenchment in many jobs.,1245164888504381440,PatchouliW,[],,[],
31,https://twitter.com/1mpzz/status/1242648583540592642,2020-03-25 03:04:44+00:00,An auntie working at the food court told me she may face retrenchment soon due to the coronavirus outbreak. #retrenchment #lossofjob #COVID19 #COVID2019 #singapore #sg,1242648583540592642,1mpzz,[],,[],
32,https://twitter.com/poortan/status/1240784219393028096,2020-03-19 23:36:25+00:00,SIA is in trouble and it deserves a helping hand https://t.co/iWzyPISMMd Ven please write an article on helping the workers of hospitality who suffered retrenchment and pay cut. Income drops to 50% or less n zero for those entrenched. Help SIA they have the reserve to help them,1240784219393028096,poortan,['https://str.sg/JfcA'],https://str.sg/JfcA,['https://t.co/iWzyPISMMd'],https://t.co/iWzyPISMMd
33,https://twitter.com/machinationstu/status/1239790545704087552,2020-03-17 05:47:54+00:00,"@RealSexyCyborg Some retrenchment is starting. Many are definitely giving part timers no shifts and enforcing full timers to burn their annual leave. Some are forced to take no pay leave. It's corporations first here.

One telco just shed 50. You'd think telcos benefit from social distancing",1239790545704087552,machinationstu,[],,[],
34,https://twitter.com/GregDAustin/status/1231400758936924161,2020-02-23 02:09:53+00:00,Fair point. Data points on retrenchment of openness are good https://t.co/cY3LixviwG,1231400758936924161,GregDAustin,['https://twitter.com/gwbstr/status/1231400335458979840'],https://twitter.com/gwbstr/status/1231400335458979840,['https://t.co/cY3LixviwG'],https://t.co/cY3LixviwG
35,https://twitter.com/yuveraaaj/status/1231084247726772226,2020-02-22 05:12:11+00:00,"Things to be assured 
1. No wrongful termination, right before retrenchment to avoid paying retrenchment compensation to laborers https://t.co/k9h0soOXzQ",1231084247726772226,yuveraaaj,['https://twitter.com/theSundaily/status/1230724303538098182'],https://twitter.com/theSundaily/status/1230724303538098182,['https://t.co/k9h0soOXzQ'],https://t.co/k9h0soOXzQ
36,https://twitter.com/jecMARIELLE/status/1227410850253692928,2020-02-12 01:55:25+00:00,"Yesterday, the CEO, COO and senior VPO of our company already informed us that their salary was already cut. Who cares right? But if you see the bigger picture...mapapa-tangina ka nalang. If magtuloy-tuloy to, aabot to ng retrenchment. 😓😓😓😓",1227410850253692928,jecMARIELLE,[],,[],
