,url,date,content,id,username,outlinks,outlinksss,tcooutlinks,tcooutlinksss
0,https://twitter.com/saidzalehan/status/1412911093664477188,2021-07-07 23:07:10+00:00,"@SyafiqBazit Bendera Putih tu bukan sekadar mintak bantuan makanan atau kewangan. Banyak maksud bantuan dari Bendera Putih ni salah satunya yang paling kita perlu ambik berat Suicide, depressions yang boleh membawa maut. Itu susah nak dipulihkan",1412911093664477188,saidzalehan,[],,[],
1,https://twitter.com/happentobeshort/status/1412859649016008707,2021-07-07 19:42:44+00:00,@gittelspawn OH ok that's not as bad - I googled suicide awareness necklace and the horrors I saw..,1412859649016008707,happentobeshort,[],,[],
2,https://twitter.com/fakhrilnajmi/status/1412816925910999043,2021-07-07 16:52:58+00:00,Cause experience many time. But for the first time I want commit suicide. Please god save me 🙏🏻 https://t.co/jWaj3q4WtE,1412816925910999043,fakhrilnajmi,['https://twitter.com/nrnsywa/status/1412747927613706253'],https://twitter.com/nrnsywa/status/1412747927613706253,['https://t.co/jWaj3q4WtE'],https://t.co/jWaj3q4WtE
3,https://twitter.com/suicide889/status/1412789729993453568,2021-07-07 15:04:54+00:00,@u9XkFYvW9XIIVMU 哇,1412789729993453568,suicide889,[],,[],
4,https://twitter.com/suicide889/status/1412787583839522820,2021-07-07 14:56:22+00:00,出个门ba https://t.co/LPfdc9aCZP,1412787583839522820,suicide889,[],,[],
5,https://twitter.com/samaritansofsg/status/1412760828084985858,2021-07-07 13:10:03+00:00,"Saying phrases like ""cheer up!"" or ""things will get better"" could be interpreted as dismissing someone's feelings or struggles. Instead, try describing your observations and express your genuine concern. Find out more on how to #chatsafe about suicide on https://t.co/SRq8PNAE9y. https://t.co/72kHrbcJum",1412760828084985858,samaritansofsg,['http://sos.org.sg/chatsafe'],http://sos.org.sg/chatsafe,['https://t.co/SRq8PNAE9y'],https://t.co/SRq8PNAE9y
6,https://twitter.com/hrcrtrvl360/status/1412750624182075397,2021-07-07 12:29:31+00:00,"People lost their job/income until many chose to commit suicide. Student's future is dark and uncertain...as this clown gets promoted for screwing up #COVID19 and talking cock every single day for the past 16 months!
#lawan #ismailsabriout #MuhyiddinOut #KerajaanBangsat https://t.co/tgiPHJQeFK",1412750624182075397,hrcrtrvl360,['https://twitter.com/staronline/status/1412735006892511237'],https://twitter.com/staronline/status/1412735006892511237,['https://t.co/tgiPHJQeFK'],https://t.co/tgiPHJQeFK
7,https://twitter.com/ArpYorashol/status/1412647429761949698,2021-07-07 05:39:27+00:00,"Saw a meme online that says Coding is a game where you're the victim, detective AND murderer.

Its like solving your own murder to only find out it was a suicide.",1412647429761949698,ArpYorashol,[],,[],
8,https://twitter.com/Suchitrk/status/1412617100913373184,2021-07-07 03:38:56+00:00,Seoul using AI to detect and prevent suicide attempts on bridges https://t.co/BK2zmjYIza,1412617100913373184,Suchitrk,['https://www.euronews.com/2021/06/30/us-southkorea-suicide-ai'],https://www.euronews.com/2021/06/30/us-southkorea-suicide-ai,['https://t.co/BK2zmjYIza'],https://t.co/BK2zmjYIza
9,https://twitter.com/dream_scape/status/1412589828038828037,2021-07-07 01:50:34+00:00,"After two days of grief and loss workshop, didnt expect to come back to work to attend a seminar on suicide. Heavy heart.",1412589828038828037,dream_scape,[],,[],
10,https://twitter.com/mrpaku_87/status/1412479397685121026,2021-07-06 18:31:45+00:00,"@JatIkhwan Tenang lah kak,sy juga begitu,dalam proses mensibukkan diri supaya lupa ape saja berkenaan suicide",1412479397685121026,mrpaku_87,[],,[],
11,https://twitter.com/aziziarshad/status/1412467911160074243,2021-07-06 17:46:07+00:00,@zahirikaputra Penyabar pun dah 7++ kes suicide since PKP. Tak sikit numbers tu,1412467911160074243,aziziarshad,[],,[],
12,https://twitter.com/jacknwellis/status/1412448499933728771,2021-07-06 16:28:59+00:00,"Thanks to the vaccine, the young Meister didn't develop the disease, and lived long into the next century. In his later years he became the caretaker of the @institutpasteur in Paris, dying of suicide at the age of 64 amid the German invasion of the city in 1940. /3",1412448499933728771,jacknwellis,[],,[],
13,https://twitter.com/mdharris/status/1412416460358619142,2021-07-06 14:21:40+00:00,"You know what the worst thing be a man? No matter you do is never good enough. We supposed open the door for them, help them carry heavy stuff and so on. Your mental health does not fucking matter. FACT is male suicide make up 3x than female suicide",1412416460358619142,mdharris,[],,[],
14,https://twitter.com/Leong328Kok/status/1412410492405137415,2021-07-06 13:57:57+00:00,Govt urged to impose moratorium on charges against those attempting suicide https://t.co/xUTAWTT1LZ,1412410492405137415,Leong328Kok,['https://www.nst.com.my/news/nation/2021/07/705742/govt-urged-impose-moratorium-charges-against-those-attempting-suicide#.YORhDqPTJRs.twitter'],https://www.nst.com.my/news/nation/2021/07/705742/govt-urged-impose-moratorium-charges-against-those-attempting-suicide#.YORhDqPTJRs.twitter,['https://t.co/xUTAWTT1LZ'],https://t.co/xUTAWTT1LZ
15,https://twitter.com/CryptoCaligh/status/1412390269354340353,2021-07-06 12:37:35+00:00,"$ALPHA

If you listened to all the bear talks from ' experts' abt 'entering alts is suicide cuz BTC going 13k'  you missed the train https://t.co/XG1Rj0plA1",1412390269354340353,CryptoCaligh,[],,[],
16,https://twitter.com/FarhannaFatin/status/1412383402100097024,2021-07-06 12:10:18+00:00,"for the frst time since 18/3/2020 rasa down nye dengan covid ni 😭😭😭 tolong lah, dah penat duduk rumah almost 1mnth 2weeks takboleh kerja. now i knw how people cn think abt suicide 😭😭",1412383402100097024,FarhannaFatin,[],,[],
17,https://twitter.com/apphil/status/1412382319789367299,2021-07-06 12:06:00+00:00,Volvo unveils EV concept with suicide doors as 'manifesto' for its all-electric future https://t.co/oqHklWHq5U,1412382319789367299,apphil,['https://www.cnbc.com/2021/06/30/volvo-unveils-ev-concept-with-suicide-doors-as-manifesto-for-its-all-electric-future.html?recirc=taboolainternal'],https://www.cnbc.com/2021/06/30/volvo-unveils-ev-concept-with-suicide-doors-as-manifesto-for-its-all-electric-future.html?recirc=taboolainternal,['https://t.co/oqHklWHq5U'],https://t.co/oqHklWHq5U
18,https://twitter.com/NitroX72/status/1412323422613377032,2021-07-06 08:11:58+00:00,"did you know? 27 *children* committed suicide in a single year, due to the immense pressures of the education system and culture surrounding it. there is an unusually high rate of depression in teenagers.",1412323422613377032,NitroX72,[],,[],
19,https://twitter.com/juzMarc/status/1412306191418499074,2021-07-06 07:03:30+00:00,@tanhuiyi @tangenghui Such kids probably end up being potential suicide cases.,1412306191418499074,juzMarc,[],,[],
20,https://twitter.com/Cyborg_Kid936/status/1412296832277905409,2021-07-06 06:26:18+00:00,@thegreyzen I'm going to suicide if that's the last character,1412296832277905409,Cyborg_Kid936,[],,[],
21,https://twitter.com/Chinesepop/status/1412240045239529480,2021-07-06 02:40:39+00:00,Henry Golding challenges Malaysians to reach out to friends in post about suicide prevention https://t.co/HU6sNJAPKB,1412240045239529480,Chinesepop,['https://cnalifestyle.channelnewsasia.com/trending/henry-golding-reach-out-3-friends-suicide-prevention-malaysia-15157676'],https://cnalifestyle.channelnewsasia.com/trending/henry-golding-reach-out-3-friends-suicide-prevention-malaysia-15157676,['https://t.co/HU6sNJAPKB'],https://t.co/HU6sNJAPKB
22,https://twitter.com/kytalli/status/1412193236085448704,2021-07-05 23:34:39+00:00,"there are girls in pinafores everywhere, i realise that it is close to judgement time, it is the sense of my integrity that brings me back to where I should die. I prepare myself and think of the times I looked out of a building and prepared for suicide.",1412193236085448704,kytalli,[],,[],
23,https://twitter.com/syazaniaznee/status/1412065534430957569,2021-07-05 15:07:12+00:00,"@clubcasket this is where you stand with your point. don't go around trying to blame me for not seeing it properly lmao after you initiate it. like if someone's making fun of suicide, just stop. thanks for clarifying anyways.",1412065534430957569,syazaniaznee,[],,[],
24,https://twitter.com/diniehql/status/1412052864101326855,2021-07-05 14:16:52+00:00,Suicide is really going to happen this time,1412052864101326855,diniehql,[],,[],
25,https://twitter.com/apphil/status/1412034267085955072,2021-07-05 13:02:58+00:00,Seoul using AI to detect and prevent suicide attempts on bridges https://t.co/KYb44Nhgn5,1412034267085955072,apphil,['https://www.reuters.com/world/asia-pacific/seoul-using-ai-detect-prevent-suicide-attempts-bridges-2021-06-30/'],https://www.reuters.com/world/asia-pacific/seoul-using-ai-detect-prevent-suicide-attempts-bridges-2021-06-30/,['https://t.co/KYb44Nhgn5'],https://t.co/KYb44Nhgn5
26,https://twitter.com/ahZhenWei/status/1411990431978594307,2021-07-05 10:08:47+00:00,Girl Explores Japans Haunted Suícíde Forest To Find Her Sister https://t.co/JCtsmBvcYi via @YouTube,1411990431978594307,ahZhenWei,['https://youtu.be/s4vEEOWI3ZI'],https://youtu.be/s4vEEOWI3ZI,['https://t.co/JCtsmBvcYi'],https://t.co/JCtsmBvcYi
27,https://twitter.com/FirdausAirways/status/1411988227146207232,2021-07-05 10:00:01+00:00,EASA unveils aero-medical tool advised after Germanwings suicide crash https://t.co/dAilKKg7SY,1411988227146207232,FirdausAirways,['https://www.flightglobal.com/safety/easa-unveils-aero-medical-tool-advised-after-germanwings-suicide-crash/144416.article'],https://www.flightglobal.com/safety/easa-unveils-aero-medical-tool-advised-after-germanwings-suicide-crash/144416.article,['https://t.co/dAilKKg7SY'],https://t.co/dAilKKg7SY
28,https://twitter.com/TODAYonline/status/1411959061965250560,2021-07-05 08:04:07+00:00,"According to the survey, nearly one in four respondents said they felt anxious, while one in five said they were depressed. 

Nearly four in 10 respondents said they had considered suicide at some point, with 13% thinking about it at least once a week. https://t.co/T9GmGFcgRo",1411959061965250560,TODAYonline,['http://tdy.sg/36e8rAg'],http://tdy.sg/36e8rAg,['https://t.co/T9GmGFcgRo'],https://t.co/T9GmGFcgRo
29,https://twitter.com/AJAXEASH/status/1411952201832931332,2021-07-05 07:36:52+00:00,"@vivekanandg @ips_nupurprasad We are sure CBI to declare Suicide too under political bonhomie. Otherwise CBI should have all evidences by now. Black day in democracy if and when it happens. Murder of justice. Still I trust PMO and CBI, they will overturn this decision.",1411952201832931332,AJAXEASH,[],,[],
30,https://twitter.com/SingaporeNewsN1/status/1411944203446374401,2021-07-05 07:05:05+00:00,"Elaine, who lost her firstborn to suicide, asserted: ""Mental illness does not discriminate...it's just like cancer - it does not discriminate. So why do we want to discriminate against children who are struggling and label them as 'weak' or 'spoiled'?"" https://t.co/tNxTjerZ6k",1411944203446374401,SingaporeNewsN1,['https://singaporenewsnetwork.com/snn-plus/bereaved-mothers-say-suicidal-thoughts-are-like-cancer-it-doesnt-discriminate-and-can-afflict-anyone/'],https://singaporenewsnetwork.com/snn-plus/bereaved-mothers-say-suicidal-thoughts-are-like-cancer-it-doesnt-discriminate-and-can-afflict-anyone/,['https://t.co/tNxTjerZ6k'],https://t.co/tNxTjerZ6k
31,https://twitter.com/MyFinBGroup/status/1411931501151735809,2021-07-05 06:14:36+00:00,"“Sector Focus – Artificial Intelligence: Fad or Business Staple. If you’re a fan of astronomy, you will discover how AI is helping us understand abt e Universe. Additionally, with e increase of suicide rate in some parts of the world, Seoul adopts AI for suicide prevention.”

1/3 https://t.co/eEwIOmxj3O",1411931501151735809,MyFinBGroup,[],,[],
32,https://twitter.com/thebencheah/status/1411924984604237828,2021-07-05 05:48:43+00:00,"The people are so kiasi that the government cannot NOT impose draconian measures.

To do this would be political suicide.

When the world pushes masks, lockdowns and vaccines, the government must too.

And doth does culture damn people to tyranny born from desire for safety.

/6",1411924984604237828,thebencheah,[],,[],
33,https://twitter.com/shity_scholar/status/1411919153879937026,2021-07-05 05:25:33+00:00,"As requested by @arunbothra

""May I please get 2 followers to copy and re-post this tweet? I'm trying to demonstrate that someone is always listening

#SuicidePrevention  
1-800-273-8255 

Suicide prevention helpline India
9152987821
9820466726""",1411919153879937026,shity_scholar,[],,[],
34,https://twitter.com/Speicherx/status/1411907307416416257,2021-07-05 04:38:28+00:00,"Applied for &lt;Antler&gt; as a program intern, got a reply back, but passed on the interview because it lowkey didn’t feel like what I wanted to do + commitment issues. It’s self-suicide.",1411907307416416257,Speicherx,[],,[],
35,https://twitter.com/keanferdy/status/1411906761712300033,2021-07-05 04:36:18+00:00,"'Nearly four in 10 respondents said they had considered suicide at some point, with 13 per cent thinking about it at least once a week.'

https://t.co/tjf6XIQzDu",1411906761712300033,keanferdy,['https://www.todayonline.com/singapore/singaporeans-leading-healthier-lives-but-experiencing-more-mental-health-problems-survey'],https://www.todayonline.com/singapore/singaporeans-leading-healthier-lives-but-experiencing-more-mental-health-problems-survey,['https://t.co/tjf6XIQzDu'],https://t.co/tjf6XIQzDu
36,https://twitter.com/ChannelNewsAsia/status/1411902953045123072,2021-07-05 04:21:10+00:00,Henry Golding challenges Malaysians to reach out to friends in post about suicide prevention https://t.co/3JmOyR9hzv https://t.co/pjDkNfSTn2,1411902953045123072,ChannelNewsAsia,['https://cna.asia/3hEmYe5'],https://cna.asia/3hEmYe5,['https://t.co/3JmOyR9hzv'],https://t.co/3JmOyR9hzv
37,https://twitter.com/aabar101066/status/1411892362712813569,2021-07-05 03:39:05+00:00,@SenToday @TODAYonline 40% considered suicide??? Thats worrying. God help us all.,1411892362712813569,aabar101066,[],,[],
38,https://twitter.com/HIREMAIDEA/status/1411890222166470659,2021-07-05 03:30:35+00:00,An Indonesian maid committed suicide over a soured relationship with a Bangladesh worker https://t.co/WahLkbORHY,1411890222166470659,HIREMAIDEA,['http://dlvr.it/S33yZ1'],http://dlvr.it/S33yZ1,['https://t.co/WahLkbORHY'],https://t.co/WahLkbORHY
39,https://twitter.com/kaushikburman/status/1411884628500045824,2021-07-05 03:08:21+00:00,"#SuicidePrevention  
1-800-273-8255 
Suicide prevention helpline India
9152987821
9820466726 @arunbothra",1411884628500045824,kaushikburman,[],,[],
40,https://twitter.com/SenToday/status/1411858710259847170,2021-07-05 01:25:22+00:00,"24 per cent felt anxious, 21 per cent felt depressed, nearly four in 10 had considered suicide at some point. Very worrying findings about mental health in the pandemic. https://t.co/vKPQGBPfsR",1411858710259847170,SenToday,['https://twitter.com/TODAYonline/status/1411845548609458177'],https://twitter.com/TODAYonline/status/1411845548609458177,['https://t.co/vKPQGBPfsR'],https://t.co/vKPQGBPfsR
41,https://twitter.com/epochtimestoday/status/1411833033829740546,2021-07-04 23:43:20+00:00,"#HongKong  Man Commits Suicide After Stabbing #Policeman
#NationalSecurityLaw
#hongkongpolicestate https://t.co/48JV3lv82K",1411833033829740546,epochtimestoday,['https://epochtimes.today/hong-kong-man-commits-suicide-after-stabbing-policeman/'],https://epochtimes.today/hong-kong-man-commits-suicide-after-stabbing-policeman/,['https://t.co/48JV3lv82K'],https://t.co/48JV3lv82K
42,https://twitter.com/hidayah_kamsun/status/1411823759732842498,2021-07-04 23:06:29+00:00,@Remyishensem Suh gi mampus tapi jangan suicide canne tu? Sksksksk,1411823759732842498,hidayah_kamsun,[],,[],
43,https://twitter.com/ManishS_SG/status/1411805897786077188,2021-07-04 21:55:30+00:00,"May I please get 2 followers to copy &amp; re-post this tweet to demonstrate that someone is always listening?

#SuicidePrevention
1-800-273-8255

Suicide prevention helpline India
9152987821
9820466726
Just 2. Any 2 🙏🏻 #MentalHealthMatters 

Carrying it forward. https://t.co/biDNQSG8Up",1411805897786077188,ManishS_SG,['https://twitter.com/IAmGMishra/status/1411802750040514563'],https://twitter.com/IAmGMishra/status/1411802750040514563,['https://t.co/biDNQSG8Up'],https://t.co/biDNQSG8Up
44,https://twitter.com/AJAXEASH/status/1411753109328519169,2021-07-04 18:25:45+00:00,"@republic That clearly explains why CBI is not filing any chargesheet in SSR case, not even 306. It will declare it as Suicide.",1411753109328519169,AJAXEASH,[],,[],
45,https://twitter.com/lwxnxn/status/1411703740009107468,2021-07-04 15:09:34+00:00,It’s always defending suicide joke then *tweets not loading right now*,1411703740009107468,lwxnxn,[],,[],
46,https://twitter.com/iamblackduck/status/1411690231028346884,2021-07-04 14:15:53+00:00,"last feb a friend from my NS days committed suicide and man.... still thinking about that boy. RIP CPL ang, we could’ve been SGT together by now and laugh it off knowing we didn’t put effort during our station time.",1411690231028346884,iamblackduck,[],,[],
47,https://twitter.com/iamblackduck/status/1411688341662093313,2021-07-04 14:08:23+00:00,why would you make fun of suicide like it’s a joke?,1411688341662093313,iamblackduck,[],,[],
48,https://twitter.com/asianfemifesto/status/1411686229075107841,2021-07-04 13:59:59+00:00,"We hardly hear of restitution towards the victim, for therapy fees, emotional turmoil and psychic distress. She almost died from suicide! #MeToo 

https://t.co/y2shUN64OU",1411686229075107841,asianfemifesto,['https://www.todayonline.com/singapore/probation-24-year-old-man-who-molested-close-female-friend-after-drinking-her-home'],https://www.todayonline.com/singapore/probation-24-year-old-man-who-molested-close-female-friend-after-drinking-her-home,['https://t.co/y2shUN64OU'],https://t.co/y2shUN64OU
49,https://twitter.com/samaritansofsg/status/1411671214964215812,2021-07-04 13:00:19+00:00,"This Youth Day, while we celebrate young people's achievements, let’s not forget to look out for each other. If you’re worried a young person you know is thinking about suicide, find out how you can reach out for help by visiting https://t.co/SRq8PNAE9y. #PauseBeforeYouPost https://t.co/0xBDkcX1Je",1411671214964215812,samaritansofsg,['http://sos.org.sg/chatsafe'],http://sos.org.sg/chatsafe,['https://t.co/SRq8PNAE9y'],https://t.co/SRq8PNAE9y
50,https://twitter.com/putradosmacho/status/1411669792386256899,2021-07-04 12:54:40+00:00,"&gt;have mental condition in NS

&gt;Book in camp, superiors make suicide jokes in front of you, section mates think you chao keng

&gt;Book out camp, hoping to release your frustration

&gt;Some bitch on Twitter makes jokes about it",1411669792386256899,putradosmacho,[],,[],
51,https://twitter.com/sooyuyun/status/1411665854123577344,2021-07-04 12:39:01+00:00,Why suicide rate increasing? Please watch this. https://t.co/cG5CA0ud42,1411665854123577344,sooyuyun,[],,[],
52,https://twitter.com/Chinesepop/status/1411649836818984960,2021-07-04 11:35:22+00:00,"Make a call now and prevent a suicide, says actor https://t.co/uNhLAQu6Ey",1411649836818984960,Chinesepop,['https://www.freemalaysiatoday.com/category/nation/2021/07/04/make-a-call-now-and-prevent-a-suicide-says-actor/'],https://www.freemalaysiatoday.com/category/nation/2021/07/04/make-a-call-now-and-prevent-a-suicide-says-actor/,['https://t.co/uNhLAQu6Ey'],https://t.co/uNhLAQu6Ey
53,https://twitter.com/Chinesepop/status/1411644677904687107,2021-07-04 11:14:52+00:00,EDITORIAL: We need to talk about youth suicide https://t.co/mgNSYnoFtd,1411644677904687107,Chinesepop,['https://singaporenewsnetwork.com/snn-plus/editorial-we-need-to-talk-about-youth-suicide/'],https://singaporenewsnetwork.com/snn-plus/editorial-we-need-to-talk-about-youth-suicide/,['https://t.co/mgNSYnoFtd'],https://t.co/mgNSYnoFtd
54,https://twitter.com/SingaporeNewsN1/status/1411625939344183301,2021-07-04 10:00:25+00:00,"SNN believes that society has a very important role to play in keeping our children safe and secure. To do that, we need to have open conversations about youth suicide and how we can better protect our children’s mental health. https://t.co/rYFIaIYxPz",1411625939344183301,SingaporeNewsN1,['https://singaporenewsnetwork.com/snn-plus/editorial-we-need-to-talk-about-youth-suicide/'],https://singaporenewsnetwork.com/snn-plus/editorial-we-need-to-talk-about-youth-suicide/,['https://t.co/rYFIaIYxPz'],https://t.co/rYFIaIYxPz
55,https://twitter.com/suicide889/status/1411622162327388163,2021-07-04 09:45:24+00:00,害羞羞 想跟姐姐羞羞. https://t.co/YWKXMnUg8i,1411622162327388163,suicide889,[],,[],
56,https://twitter.com/suicide889/status/1411619395609284615,2021-07-04 09:34:25+00:00,我今年21 能不能有21个女朋友. https://t.co/5XZRNCDqij,1411619395609284615,suicide889,[],,[],
57,https://twitter.com/suicide889/status/1411613764210900994,2021-07-04 09:12:02+00:00,@XutlHOiFuWiyNf6 认识一下吧,1411613764210900994,suicide889,[],,[],
58,https://twitter.com/shareuhan/status/1411601923896057857,2021-07-04 08:24:59+00:00,It’s ok for your oomfs to make a suicide joke directed at men but I can’t make a misogynistic joke?? Some of you bitches are dumb 😩,1411601923896057857,shareuhan,[],,[],
59,https://twitter.com/1uk3inh0/status/1411592440985776139,2021-07-04 07:47:18+00:00,"@chialdwin First tweet was funny ngl, not this suicide bs fam",1411592440985776139,1uk3inh0,[],,[],
60,https://twitter.com/Ganas_Gaming/status/1411591261748826119,2021-07-04 07:42:37+00:00,Was promoted a tweet about the SAF and suicide as a joke. I really don't see how its funny and i wont RT it because it will only promote her. There are many suicides in the SAF kept quiet and i personally had to deal with a case that thankfully failed because the gun had jammed.,1411591261748826119,Ganas_Gaming,[],,[],
61,https://twitter.com/_Ungku_/status/1411588790989168643,2021-07-04 07:32:48+00:00,Was promoted a tweet about the SAF and suicide as a joke. I really don't see how its funny and i wont RT it because it will only promote her. There are many suicides in the SAF kept quiet and i personally had to deal with a case that thankfully failed because the gun had jammed.,1411588790989168643,_Ungku_,[],,[],
62,https://twitter.com/1337empire/status/1411555641693335553,2021-07-04 05:21:05+00:00,"@_natashahassan In the shadowplay, acting out your own death, knowing no more, Curtis suffered from epilepsy and depression and died by suicide on the eve of Joy Division's first North American tour and shortly before the release of Closer. His death led to the band's dissolution and the subsequ",1411555641693335553,1337empire,[],,[],
63,https://twitter.com/nawfalaqasha/status/1411540755412180993,2021-07-04 04:21:55+00:00,u must be a sick fuck to be joking abt suicide and think its okay,1411540755412180993,nawfalaqasha,[],,[],
64,https://twitter.com/adindaristian/status/1411530462434971651,2021-07-04 03:41:01+00:00,"I remember he was sing this song before he decided to suicide. He looks so happy with his family. But in fact, we don't know what his feels. Depression everywhere… take care of those around you. https://t.co/1sKwQGKV3s",1411530462434971651,adindaristian,[],,[],
65,https://twitter.com/InstinctMino/status/1411416624654028800,2021-07-03 20:08:40+00:00,"I’m so confused, you supported a tweet, then the response from it was about a suicide so you said it ain’t it yet you still continue to support the joke??

HUH",1411416624654028800,InstinctMino,[],,[],
66,https://twitter.com/imrun/status/1411367519365918723,2021-07-03 16:53:33+00:00,@Eugeneksk @geneontherocks Asking someone to commit suicide is not ok. What’s wrong with this bish,1411367519365918723,imrun,[],,[],
67,https://twitter.com/bbyxnbaeks/status/1411357562469949440,2021-07-03 16:13:59+00:00,"for real do people really joke about suicide in real-life conversations 🥴 theres plenty of other ways to prove a point (yes, even if the point is ‘im trying to be funny/ relatable’)",1411357562469949440,bbyxnbaeks,[],,[],
68,https://twitter.com/AyamInevitable/status/1411354616889892869,2021-07-03 16:02:17+00:00,"“If you haven’t committed suicide via rifle, NS is not as bad as you think it is. “ https://t.co/j1nzXolKh3",1411354616889892869,AyamInevitable,[],,[],
69,https://twitter.com/pahtorres_/status/1411350584192475137,2021-07-03 15:46:15+00:00,day by day suicide is nothing 😔,1411350584192475137,pahtorres_,[],,[],
70,https://twitter.com/KnorionNoe/status/1411349570743726087,2021-07-03 15:42:13+00:00,"Tw // Self-harm An old grandpa in North Okkalapa,Yangon,committed suicide by hanging from the bridge because #MyanmarMilitaryTerrorists confiscated his hired motorcycle and he had no money to compensate or to eat #WhatsHappeningInMyanmar #July3RevileStrike https://t.co/0i5MVp0Ij6",1411349570743726087,KnorionNoe,[],,[],
71,https://twitter.com/syazaniaznee/status/1411328236403912711,2021-07-03 14:17:27+00:00,@PLUGlNBABY yes. bc i heard calling names is worse than a 'suicide joke'. wasn't meant to be against any gender. it's just that moment i was so heat up by the whole thing.,1411328236403912711,syazaniaznee,[],,[],
72,https://twitter.com/syazaniaznee/status/1411326727175827464,2021-07-03 14:11:27+00:00,@9plus11 @PLUGlNBABY he clearly didn't understand the whole point of the thread. people be finding faults when suicide in NS actually happened.,1411326727175827464,syazaniaznee,[],,[],
73,https://twitter.com/mezzaninelover/status/1411325958074757124,2021-07-03 14:08:24+00:00,@HELlUM3 yeah :( why r we so horrified about suicide n mental health issues in general but somehow ok with making fun of dudes for (understandably) getting messed up by this obligation that they have no choice but to fulfil….,1411325958074757124,mezzaninelover,[],,[],
74,https://twitter.com/y_inzali/status/1411325345060458497,2021-07-03 14:05:58+00:00,"Tw // Self-harm  An old man in North Okkalapa,Yangon, committed suicide by hanging from the bridge because #MyanmarMilitaryTerrorists confiscated his hired motorcycle and he had no money to compensate or to eat #WhatsHappeningInMyanmar #July3RevileStrike https://t.co/HqJBACLNBX",1411325345060458497,y_inzali,[],,[],
75,https://twitter.com/ThinzarSoeSoe/status/1411315981704601602,2021-07-03 13:28:45+00:00,"Tw// Self-harm An old grandpa in North Okkalapa,Yangon, committed suicide by hanging from the bridge because #MyanmarMilitaryTerrorists confiscated his hired motorcycle and he had no money to compensate or to eat #WhatsHappeningInMyanmar #July3RevileStrike https://t.co/WdV2gF4Het",1411315981704601602,ThinzarSoeSoe,[],,[],
76,https://twitter.com/WyneWyn94707881/status/1411294855364366341,2021-07-03 12:04:48+00:00,"Self-harm   An old grandpa in North Okkalapa,Yangon, committed suicide by hanging from the bridge because #MyanmarMilitaryTerrorists confiscated his hired motorcycle and he had no money to compensate or to eat #WhatsHappeningInMyanmar #July3RevileStrike https://t.co/aB7HT3A4Ma",1411294855364366341,WyneWyn94707881,[],,[],
77,https://twitter.com/LwinMarAye15/status/1411294807805157384,2021-07-03 12:04:37+00:00,"Tw // Self-harm 
An old grandpa in #NorthOkkalapa,#Yangon, committed suicide by hanging from the bridge because #MyanmarMilitaryTerrorists confiscated his hired motorcycle and he had no money to compensate or to eat.

#WhatsHappeningInMyanmar
#July3Coup https://t.co/GiK45BreDP",1411294807805157384,LwinMarAye15,[],,[],
78,https://twitter.com/mm93564973/status/1411293218549886981,2021-07-03 11:58:18+00:00,"An old grandpa in North Okkalapa,Yangon, committed suicide by hanging from the bridge because #MyanmarMilitaryTerrorists confiscated his hired motorcycle and he had no money to compensate or to eat #WhatsHappeningInMyanmar #July3RevileStrike https://t.co/EPdXBVD49v",1411293218549886981,mm93564973,[],,[],
79,https://twitter.com/unaninohussin/status/1411282386780786692,2021-07-03 11:15:16+00:00,"@SayaDakArchi Bayangkan pulak ada yang nak terbersalin, nak ke hospital atas emergency case, ada yang nak commit suicide dkt tingkat atas. Macam mana nak hulur bantuan?! Dah lah lambat berfikir, bantuan pon lambat. BODOH LAH KERAJAAN! #KerajaanGagal",1411282386780786692,unaninohussin,[],,[],
80,https://twitter.com/khana82590190/status/1411279031534764032,2021-07-03 11:01:56+00:00,"#ImranKhanStudentsKiSunLo 
Bhai ab koi omeed nahi mai itna depress hon suicide karo kia karo koi news wale jawab nhi de rahe koi education minister jawab nhi de raha kia kare????
#ImranKhan 
#ShafqatMahmood",1411279031534764032,khana82590190,[],,[],
81,https://twitter.com/nr_ndash/status/1411255144264527872,2021-07-03 09:27:00+00:00,Mental health is real. Deppresion is real. suicide is real.,1411255144264527872,nr_ndash,[],,[],
82,https://twitter.com/Wellon_Chou/status/1411221014068015104,2021-07-03 07:11:23+00:00,"A Tragic Story Of Kidnap, Murder, And Suicide Erupts An Entire Talk Show Studio Into Tears https://t.co/g2ufrfHBdI",1411221014068015104,Wellon_Chou,['https://ift.tt/3xgsutE'],https://ift.tt/3xgsutE,['https://t.co/g2ufrfHBdI'],https://t.co/g2ufrfHBdI
83,https://twitter.com/PatientsEngage/status/1411153325358157827,2021-07-03 02:42:25+00:00,@anupsoans 1-800-273-8255 is a US national suicide prevention line @anupsoans. The other two link to Indian suicide prevention helplines,1411153325358157827,PatientsEngage,[],,[],
84,https://twitter.com/Ambasnakeman/status/1411129418009890820,2021-07-03 01:07:25+00:00,@FelixSchlang I think they will land it by 2028 even if it requires a suicide mission to plant a flag.,1411129418009890820,Ambasnakeman,[],,[],
85,https://twitter.com/tnfarahain/status/1411127194898731019,2021-07-03 00:58:35+00:00,"aku ni rasa cemuh dengan kerja sendiri, sedangkan orang lain tutup business, jadi gelandangan, worst case, suicide😭

income aku tak affected pun😭😭😭😭😭😭😭😭😭😭😭😭😭😭 kenapa la perangai macam gini",1411127194898731019,tnfarahain,[],,[],
86,https://twitter.com/eXAKR/status/1411055384027033604,2021-07-02 20:13:14+00:00,"@mrx1983 Cloudflare has been accused of complicity in a bullycide case by staying silent and continuing to provide services for online bullying forum Kiwifarms, after they bullied Near, a transgender person (who was well-known for their work in SNES emulation), into suicide.",1411055384027033604,eXAKR,[],,[],
87,https://twitter.com/Ncuresma/status/1411044121758912515,2021-07-02 19:28:29+00:00,"Yoh this shit is mad. A year and a half later and he ""commits suicide"" in prison https://t.co/OPQzMxZ5Rm",1411044121758912515,Ncuresma,['https://twitter.com/officialmcafee/status/1200864283766251521'],https://twitter.com/officialmcafee/status/1200864283766251521,['https://t.co/OPQzMxZ5Rm'],https://t.co/OPQzMxZ5Rm
88,https://twitter.com/suicide889/status/1411012319979741184,2021-07-02 17:22:07+00:00,@xuhuimin10089 好看 耶,1411012319979741184,suicide889,[],,[],
89,https://twitter.com/lavakumarm01/status/1411004623431733252,2021-07-02 16:51:32+00:00,"May I please get 2 followers to copy and re-post this tweet? I'm trying to demonstrate that someone is always listening.

#SuicidePrevention  
1-800-273-8255 
Suicide prevention helpline India
9152987821
9820466726

Just two. Any two. Copy, not retweet.",1411004623431733252,lavakumarm01,[],,[],
90,https://twitter.com/ssammundiswary/status/1410989199147245575,2021-07-02 15:50:14+00:00,"come come , we suicide together ! https://t.co/HyCOjNyOcK",1410989199147245575,ssammundiswary,['https://twitter.com/SyamalanAyush/status/1410982972698730499'],https://twitter.com/SyamalanAyush/status/1410982972698730499,['https://t.co/HyCOjNyOcK'],https://t.co/HyCOjNyOcK
91,https://twitter.com/wuvxadamant/status/1410986252371779585,2021-07-02 15:38:32+00:00,It's all a joke to you until they committed suicide https://t.co/4rcDXL1lP5,1410986252371779585,wuvxadamant,[],,[],
92,https://twitter.com/boxboxterence/status/1410985385182711810,2021-07-02 15:35:05+00:00,"Mind: Let’s suicide and end this pain.

Heart: Mom will cry.",1410985385182711810,boxboxterence,[],,[],
93,https://twitter.com/AlphaNale/status/1410984682510901249,2021-07-02 15:32:17+00:00,"Nemu lagu bagus. Jejepangan. Asik banget dengernya.

Muterin lagu di kantor.

Pas baca liriknya.

“You sick fuck, isnt this song about suicide?”",1410984682510901249,AlphaNale,[],,[],
94,https://twitter.com/toidi_diputs/status/1410946431129579522,2021-07-02 13:00:17+00:00,@PrestonPysh @rperezmarco @BaldBitcoin You just pointed how Nassim Taleban committed suicide by publishing that whitepaper,1410946431129579522,toidi_diputs,[],,[],
95,https://twitter.com/hmpapejelahfara/status/1410934559718273025,2021-07-02 12:13:07+00:00,I've just received one video from someone. They were suicide together. After kawan dia jump then dia pun jump juga.,1410934559718273025,hmpapejelahfara,[],,[],
96,https://twitter.com/AJAXEASH/status/1410911970245505027,2021-07-02 10:43:21+00:00,"@MeenaDasNarayan @ips_nupurprasad @PMOIndia @AmitShah My guess CBI to close this case as normal suicide, not even 306, so no chargesheet. PMO &amp; HMO to device another strategy to break the chain either via NCB, ED etc but justice will be done one way or the other. Can't disregard the global sentiments of Indians around the globe.",1410911970245505027,AJAXEASH,[],,[],
97,https://twitter.com/asiaonecom/status/1410901983859458048,2021-07-02 10:03:40+00:00,"Man who stabbed Hong Kong police officer left multiple suicide notes, said he was doing it for the city https://t.co/OHiovEibP4 https://t.co/73h3NU7QNL",1410901983859458048,asiaonecom,['https://bit.ly/3xdN0LG'],https://bit.ly/3xdN0LG,['https://t.co/OHiovEibP4'],https://t.co/OHiovEibP4
98,https://twitter.com/its_vaalmiki/status/1410889388137992192,2021-07-02 09:13:37+00:00,"#SuicidePrevention  
1-800-273-8255 
Suicide prevention helpline India
9152987821
9820466726

Copy and Paste, not Retweet.",1410889388137992192,its_vaalmiki,[],,[],
99,https://twitter.com/DrakeLim/status/1410862630986665984,2021-07-02 07:27:18+00:00,"@whynosignal @taro_taylor @ConcernedHk @RichScotford This is just like another suicide bomber. Except, no explosion to cause larger damage, like what happened in Xinjiang.",1410862630986665984,DrakeLim,[],,[],
100,https://twitter.com/jolovanwham/status/1410862594508812288,2021-07-02 07:27:09+00:00,"CW: suicide, depression
Tying someone to the bed, leaving the lights on for 24 hours, in a hot and stuffy room, without mental health support, is not how you help someone who is suicidal. @SingaporePrison needs to change how it treats it's inmates
https://t.co/RXVIaSbWHJ",1410862594508812288,jolovanwham,['https://youtu.be/gbP7ZNygSYs'],https://youtu.be/gbP7ZNygSYs,['https://t.co/RXVIaSbWHJ'],https://t.co/RXVIaSbWHJ
101,https://twitter.com/ProtestingGirl/status/1410848386908033024,2021-07-02 06:30:42+00:00,"Curious questions on I have

1. Niyoga offers other men to impregnate an impotent man's wife
   Why then Kunti can't stop at 1 child?
   Why with 3 different men?

2. Was Sati mandatory?
If not why then Madri had to commit suicide on Pandu's pyre as if that is the only option?",1410848386908033024,ProtestingGirl,[],,[],
102,https://twitter.com/SakamotoMath/status/1410833238969389059,2021-07-02 05:30:30+00:00,"How pervasive is Covid-mindedness worldwide as the second, third, or fourth wave of the pandemic sweeps across so many nations with a vengeance? #coronavirus #Covid-19 #delta #variant #paranoia #fear #anxiety #suicide #death #lockdown #fatigue #joblessness https://t.co/Zx8TKQdeds",1410833238969389059,SakamotoMath,[],,[],
103,https://twitter.com/minkhantck/status/1410807513189027843,2021-07-02 03:48:17+00:00,"@wakeuponmybed I feel ya, mate. I’m losing my future since February 1. Sometimes, I even wanna suicide. Being a human in this cruel world ain’t that easy.",1410807513189027843,minkhantck,[],,[],
104,https://twitter.com/Chinesepop/status/1410788463998234624,2021-07-02 02:32:35+00:00,Statement on deaths by suicide among children — Rashed Mustafa Sarwar | Malay Mail https://t.co/MRAC6vlCki,1410788463998234624,Chinesepop,['https://www.malaymail.com/news/what-you-think/2021/07/01/statement-on-deaths-by-suicide-among-children-rashed-mustafa-sarwar/1986454#.YN56ulFFj5g.twitter'],https://www.malaymail.com/news/what-you-think/2021/07/01/statement-on-deaths-by-suicide-among-children-rashed-mustafa-sarwar/1986454#.YN56ulFFj5g.twitter,['https://t.co/MRAC6vlCki'],https://t.co/MRAC6vlCki
105,https://twitter.com/melannypoop/status/1410779304426758151,2021-07-02 01:56:11+00:00,@ansufatino1fan i wldve commit suicide,1410779304426758151,melannypoop,[],,[],
106,https://twitter.com/ILZM_/status/1410772708548247553,2021-07-02 01:29:59+00:00,@rabsterzz ohhh i thought u were talking about like seppuku like the japanese ver. of ritual suicide but u used sudoku like as a censor but i guess its the same thing right,1410772708548247553,ILZM_,[],,[],
107,https://twitter.com/rezarazali/status/1410739411910729734,2021-07-01 23:17:40+00:00,"Majority of suicide cases is not among middle aged old men…

Most are women with majority being teenagers aged 15 - 18 

😔😔 https://t.co/LmxfJnJFBX",1410739411910729734,rezarazali,['https://twitter.com/Nicholas_Gomez/status/1410594674968989696'],https://twitter.com/Nicholas_Gomez/status/1410594674968989696,['https://t.co/LmxfJnJFBX'],https://t.co/LmxfJnJFBX
108,https://twitter.com/__ltt_/status/1410671630859128833,2021-07-01 18:48:20+00:00,"@chernayavdova1 @isaacstonefish @cnmediaproject Does stabbing normal policeman on his back and commit suicide looks martyr to you?

https://t.co/YfRzDKYW7X",1410671630859128833,__ltt_,['https://www.scmp.com/video/hong-kong/3139504/hong-kong-police-officer-stabbed-city-marks-anniversary-return-chinese'],https://www.scmp.com/video/hong-kong/3139504/hong-kong-police-officer-stabbed-city-marks-anniversary-return-chinese,['https://t.co/YfRzDKYW7X'],https://t.co/YfRzDKYW7X
109,https://twitter.com/AfiqAziz__/status/1410638593089957889,2021-07-01 16:37:03+00:00,@aqmalboon Hahahha apa yg sampah siak. Btw AXA tak cover suicide,1410638593089957889,AfiqAziz__,[],,[],
110,https://twitter.com/Raz_nsfw/status/1410632145446440962,2021-07-01 16:11:26+00:00,"i’ve been either resting in my bunk or doing menial tasks around the office

and i just can’t help but to feel helpless and being alone in my bunk just makes me feel really lonely too, sometimes i just get into my own head and start thinking about suicide / sh for no reason",1410632145446440962,Raz_nsfw,[],,[],
111,https://twitter.com/Raz_nsfw/status/1410632137473085444,2021-07-01 16:11:24+00:00,"tw // depression suicide

hey everyone

most of you guys would probably scroll past this tweet since this is nsfw twitter and you guys just come here to get off so it’s understandable 

but for those that do read through everything till the end i appreciate and love you a lot",1410632137473085444,Raz_nsfw,[],,[],
112,https://twitter.com/BlackVyper3/status/1410626391209431041,2021-07-01 15:48:34+00:00,"To people who accuse others with scars of self harm or expressed thoughts of suicide as attention seeking. 

I hope you never know what it feels like to be so alone and afraid to ask for help because of the people who think like you.",1410626391209431041,BlackVyper3,[],,[],
113,https://twitter.com/badyeenn/status/1410577758913130496,2021-07-01 12:35:19+00:00,rasa nak sambung belajar pun macam down dah. rasa macam nak suicide pun ada hm,1410577758913130496,badyeenn,[],,[],
114,https://twitter.com/afiqmuse/status/1410552893854208003,2021-07-01 10:56:31+00:00,Babi aku penat la layan menteri malaysia bodoh ni. Tutup la kilang sial. Kenapa kau babi sangat. Lockdown apa macam ni. Kau memang babi la menteri. Aku dh lama x jumpa mak ayah aku bodo. Aku ni otak bukan sihat sangat. Silap masa aku boleh suicide je. Pukimak manusia xde hati,1410552893854208003,afiqmuse,[],,[],
115,https://twitter.com/FirdausJamil1/status/1410492982713716738,2021-07-01 06:58:27+00:00,"Dengan kes durian,hari2 ada suicide.
Kes naik lagi.

Orang hilang pertimbangan.

Doom.",1410492982713716738,FirdausJamil1,[],,[],
116,https://twitter.com/gurms/status/1410492162756673538,2021-07-01 06:55:11+00:00,Malaysia suicide cases are up https://t.co/4AvI6pZWW6,1410492162756673538,gurms,['https://twitter.com/ayshardzn/status/1410487378620211205'],https://twitter.com/ayshardzn/status/1410487378620211205,['https://t.co/4AvI6pZWW6'],https://t.co/4AvI6pZWW6
117,https://twitter.com/WannnabeA/status/1410463328426594304,2021-07-01 05:00:37+00:00,Real people don’t die from suicide. They die from sadness and that’s facts…,1410463328426594304,WannnabeA,[],,[],
118,https://twitter.com/tax_oz/status/1410418135446921217,2021-07-01 02:01:02+00:00,"@aid_taz @murpharoo Overall mortality up 5% on 5 year average 2015-2019. Not suicide but rather a range of other illness (consistent with Doctors concerns of reductions in visits/tests and procedures). 

https://t.co/nuPly4gRoD",1410418135446921217,tax_oz,['https://www.abs.gov.au/statistics/health/causes-death/provisional-mortality-statistics/latest-release'],https://www.abs.gov.au/statistics/health/causes-death/provisional-mortality-statistics/latest-release,['https://t.co/nuPly4gRoD'],https://t.co/nuPly4gRoD
119,https://twitter.com/heavygustave/status/1410302804208586760,2021-06-30 18:22:45+00:00,"@Danielle_hatem You know how the conversation between Riad and the mafia would have went right? “No no we need to keep the 1500 peg. That’s political suicide for us if we remove it.” 2 years later, salary increase for public workers…criminals",1410302804208586760,heavygustave,[],,[],
120,https://twitter.com/AJAXEASH/status/1410294859152257029,2021-06-30 17:51:11+00:00,"@soniaRainaV That should be true, cuz case is being closed as normal suicide, not even 306, forget 302. Hence the demand for the new team is the right direction. But political pressure will stop any CBI team...only voice of SSREAN and boycott bullywood will change any such suppression of case",1410294859152257029,AJAXEASH,[],,[],
121,https://twitter.com/suhgarette/status/1410258552015392773,2021-06-30 15:26:54+00:00,"@Askrlfess all the bright places, tapi ada tw mental illness, suicide thoughts, suicide, sama suicidal nya.",1410258552015392773,suhgarette,[],,[],
122,https://twitter.com/stevenbold/status/1410230223401009155,2021-06-30 13:34:20+00:00,New Modern Art Banksy Suicide David Statue Creative Resin Art&amp;Craft Character Sculpture Street Abstract Art Home Decoration https://t.co/DIz5bWDka9,1410230223401009155,stevenbold,['https://wallcorners.com/product/new-modern-art-banksy-suicide-david-statue-creative-resin-artcraft-character-sculpture-street-abstract-art-home-decoration/'],https://wallcorners.com/product/new-modern-art-banksy-suicide-david-statue-creative-resin-artcraft-character-sculpture-street-abstract-art-home-decoration/,['https://t.co/DIz5bWDka9'],https://t.co/DIz5bWDka9
123,https://twitter.com/STForeignDesk/status/1410228763590238210,2021-06-30 13:28:32+00:00,Seoul using AI to detect and prevent suicide attempts on bridges https://t.co/IycqQk0XmP,1410228763590238210,STForeignDesk,['http://www.straitstimes.com/asia/east-asia/seoul-using-ai-to-detect-and-prevent-suicide-attempts-on-bridges?utm_source=twitter&utm_medium=social-organic&utm_keyword=dlvr.it'],http://www.straitstimes.com/asia/east-asia/seoul-using-ai-to-detect-and-prevent-suicide-attempts-on-bridges?utm_source=twitter&utm_medium=social-organic&utm_keyword=dlvr.it,['https://t.co/IycqQk0XmP'],https://t.co/IycqQk0XmP
124,https://twitter.com/iampriths/status/1410212708071342081,2021-06-30 12:24:44+00:00,@Reineguerrieree Mcafee was one of the best. Sad to see the owner committed suicide,1410212708071342081,iampriths,[],,[],
125,https://twitter.com/ffneezahh/status/1410211536426078208,2021-06-30 12:20:05+00:00,Commit suicide https://t.co/sjqSJHMrG9,1410211536426078208,ffneezahh,['https://twitter.com/fyaaz/status/1410199311346925568'],https://twitter.com/fyaaz/status/1410199311346925568,['https://t.co/sjqSJHMrG9'],https://t.co/sjqSJHMrG9
126,https://twitter.com/marktivates/status/1410133498032099332,2021-06-30 07:09:59+00:00,@iamalfred This looks like a suicide pack y’all good bestie?,1410133498032099332,marktivates,[],,[],
127,https://twitter.com/eddydaud/status/1409846850757136387,2021-06-29 12:10:57+00:00,"@MuhyiddinYassin @IsmailSabri60 @RadziJidin @DrAdhamBaba

A shocking statistic - four suicide cases a day in first three months https://t.co/oCG8RglhQk",1409846850757136387,eddydaud,['https://www.freemalaysiatoday.com/category/nation/2021/06/29/a-shocking-statistic-four-suicide-cases-a-day-in-2021/'],https://www.freemalaysiatoday.com/category/nation/2021/06/29/a-shocking-statistic-four-suicide-cases-a-day-in-2021/,['https://t.co/oCG8RglhQk'],https://t.co/oCG8RglhQk
128,https://twitter.com/eddydaud/status/1409645086757978113,2021-06-28 22:49:13+00:00,"@ULucq Something's happening Bro, for the 1st time in my life i am receiving recent pictures of people committing suicide in JB.The despair, the depression caused by ppl losing their jobs due to lockdowns is real.Its sad,will help where i can, but these lockdowns must be eased now lah.",1409645086757978113,eddydaud,[],,[],
129,https://twitter.com/heyitspian/status/1409595498894221318,2021-06-28 19:32:10+00:00,"Suicide did came through my mind for thousand times but I just didn’t want to hurt my parents, I didn’t want my sister lose her best friend, also I didn’t want my friends lose me. I did an online test for mental health. Yea I know it’s just online test and guess what?",1409595498894221318,heyitspian,[],,[],
130,https://twitter.com/yatttt__/status/1409510362731319301,2021-06-28 13:53:52+00:00,"Lagu yang aku akan dengar bila down...

Suicide Door by Mona Haydar ft Drea D'Nur",1409510362731319301,yatttt__,[],,[],
131,https://twitter.com/Sukhveer_Sandhu/status/1409324641210945537,2021-06-28 01:35:53+00:00,My tenant just sent me some suicide pictures that happened outside my condo in Balakong. What is going on la. @MuhyiddinYassin bangun la. Berapa dosa lagi kamu nak pikul? Nak merana di akhirat ke ? People need help NOW ! Not Monday or Tuesday,1409324641210945537,Sukhveer_Sandhu,[],,[],
132,https://twitter.com/_chiq/status/1408710316150517764,2021-06-26 08:54:46+00:00,Banyak nya kes suicide sebab depression.,1408710316150517764,_chiq,[],,[],
133,https://twitter.com/napiseuu/status/1408250353569521671,2021-06-25 02:27:02+00:00,"No one: 

BTS fan: committed suicide https://t.co/ccaw1MF5Xv",1408250353569521671,napiseuu,['https://twitter.com/mdxhaziq/status/1407764716651307008'],https://twitter.com/mdxhaziq/status/1407764716651307008,['https://t.co/ccaw1MF5Xv'],https://t.co/ccaw1MF5Xv
134,https://twitter.com/Jzvxr/status/1406514445862408192,2021-06-20 07:29:10+00:00,"If you were to look through the eyes of nature, you’ll find that suicide is actually very poetic and beautiful.",1406514445862408192,Jzvxr,[],,[],
135,https://twitter.com/randomrobin/status/1406233647846334465,2021-06-19 12:53:22+00:00,"My friend Shalini is doing brave, bold work to break the stigma around mental health and suicide by sharing her story. I am so proud of her. She is one of the firecest people I know. https://t.co/NMCevYyWL0",1406233647846334465,randomrobin,['https://twitter.com/ShaliniTuscano/status/1405711762775851014'],https://twitter.com/ShaliniTuscano/status/1405711762775851014,['https://t.co/NMCevYyWL0'],https://t.co/NMCevYyWL0
136,https://twitter.com/wce917/status/1405783401160843266,2021-06-18 07:04:15+00:00,"@PeterHoskinsTV @Tetburyboy Yeah should be. Somewhat remember thinking at the time this was akin to suicide by cop though more tame as ""deportation by cop"". Like you *know* the consequences, man",1405783401160843266,wce917,[],,[],
137,https://twitter.com/ecownomics/status/1404816788102139905,2021-06-15 15:03:17+00:00,@dinoXsg that will be suicide...,1404816788102139905,ecownomics,[],,[],
138,https://twitter.com/LoradelFelicid1/status/1404288317466714117,2021-06-14 04:03:19+00:00,"@IrnzTeron @SB19RTSquad_125 @JnnyM07 @SB19Official @jah447798 Super suicide kaps!4m achieve.

   2TELLYTALE MakeAWish
@SB19Official #SB19 @jah447798 

#AHJustin
#100AsianHeartthrobs2021 https://t.co/xGOWgvomKV",1404288317466714117,LoradelFelicid1,[],,[],
139,https://twitter.com/rishabhm/status/1401814143120732163,2021-06-07 08:11:50+00:00,@k_ra_mr I agree that Yoga is a net +ve. Should people know better - sure. But we can't have people like Ramde telling people to dump their insulin  or chemo in favor of Yoga and they wi be cured. It's the equivalent of a public figure inciting suicide.,1401814143120732163,rishabhm,[],,[],
140,https://twitter.com/EpistleSetina/status/1401027955967422468,2021-06-05 04:07:49+00:00,"My first cousin which is very dear to me committed suicide this morning. It was heartbreaking news for our family. Like, for a spur of the moment we felt like the world clouded with darkness.",1401027955967422468,EpistleSetina,[],,[],
141,https://twitter.com/sharkdududu94/status/1398504757484949505,2021-05-29 05:01:31+00:00,"There's two people i want to end their lives:
1) Israel
2) That MF who put the poll on gangbang SG ustazah.

I'll make this MF go insane till he have the thought of suicide",1398504757484949505,sharkdududu94,[],,[],
142,https://twitter.com/wrath5_s/status/1395605481423470596,2021-05-21 05:00:50+00:00,"Good men always there, you may meet bad apples but that’s just life. On the other hand, radical feminist campaign of misoandry is the reason why men can’t show weakness anymore. Seriously, if all men are going to suicide, would they care? https://t.co/x01FOZUvRJ",1395605481423470596,wrath5_s,['https://twitter.com/hardladki/status/1393897349424967684'],https://twitter.com/hardladki/status/1393897349424967684,['https://t.co/x01FOZUvRJ'],https://t.co/x01FOZUvRJ
143,https://twitter.com/genghisShampoo/status/1391345201482919936,2021-05-09 10:52:00+00:00,ATTENTION ALL NYAKII12 AKA ANYA FALLON IS HOMOPHONIC PLEASE REPORT HER FOR SUICIDE THREAT https://t.co/PGhvVmT1pw,1391345201482919936,genghisShampoo,[],,[],
144,https://twitter.com/bakwwa/status/1389903191249129476,2021-05-05 11:21:58+00:00,"@01100110011101_ i got happiness, dead, plastic surgery so i guess suicide pact?",1389903191249129476,bakwwa,[],,[],
145,https://twitter.com/genghisShampoo/status/1389496689032146944,2021-05-04 08:26:40+00:00,@Nyakii12 Playing caustic rn is pretty much suicide,1389496689032146944,genghisShampoo,[],,[],
146,https://twitter.com/genghisShampoo/status/1389496380289392640,2021-05-04 08:25:27+00:00,@Nyakii12 She is throwing my apex games someone report her for suicide threat,1389496380289392640,genghisShampoo,[],,[],
147,https://twitter.com/jonrob5000/status/1388948786135801859,2021-05-02 20:09:30+00:00,Thinking of the suicide booths in Futurama. Possibly the darkest throwaway gag while also being an idea I can see becoming a reality. https://t.co/BPNntMce89,1388948786135801859,jonrob5000,[],,[],
148,https://twitter.com/zarithshahani/status/1385175567272583172,2021-04-22 10:16:05+00:00,"Baru baca pasal suicide case tu. Ya Allah. Tak nak cakap banyak, sebab kita tak tahu apa yg dia alami. Al fatihah 🥺",1385175567272583172,zarithshahani,[],,[],
149,https://twitter.com/RKMUKHERJEE4/status/1383433703410462721,2021-04-17 14:54:32+00:00,@rockyandmayur I once asked the anchor of a lapdog news channel to dub maro in chullu bhar paani. Twitter locked my account that I was instigating someone to commit suicide 😂😂😂😂,1383433703410462721,RKMUKHERJEE4,[],,[],
150,https://twitter.com/skullfucker2/status/1381274567058976771,2021-04-11 15:54:54+00:00,im bout to go commit suicide,1381274567058976771,skullfucker2,[],,[],
151,https://twitter.com/QillinAurora/status/1380677063674236928,2021-04-10 00:20:38+00:00,Please no more suicide forest https://t.co/81l0wvH6hS,1380677063674236928,QillinAurora,['https://twitter.com/MothershipSG/status/1380477917570854913'],https://twitter.com/MothershipSG/status/1380477917570854913,['https://t.co/81l0wvH6hS'],https://t.co/81l0wvH6hS
152,https://twitter.com/DarkoMiljkovic8/status/1380220708156928003,2021-04-08 18:07:14+00:00,"A suspected suicide bomb attack outside a Catholic church in the Indonesian city of Makassar has left at least 14 people wounded, police say. 28.March.21  jedan primjer za koji vjerujem da nemate na vašim lokalnim vjestima na Balkanu.",1380220708156928003,DarkoMiljkovic8,[],,[],
153,https://twitter.com/djaashiq_sg/status/1378807560065609732,2021-04-04 20:31:53+00:00,"I don't talk proud about myself but the least I would say is.... 
I saved myself from suicide no matter how many times I tried. 
The only thing came into my mind is my family. 
That really matters alot.",1378807560065609732,djaashiq_sg,[],,[],
154,https://twitter.com/zlkrhmt/status/1378321868369752064,2021-04-03 12:21:56+00:00,kalau aku play lagu perempuan ni kat kedai time orang ramai mesti jadi mass suicide HAHAHAHAHAH,1378321868369752064,zlkrhmt,[],,[],
155,https://twitter.com/rezaprabowo/status/1376843044717088770,2021-03-30 10:25:37+00:00,Lol. Joked about this few years ago that autopilot will just commit suicide when they have to face Jakartan traffic. https://t.co/4Jn5tvbOPw,1376843044717088770,rezaprabowo,['https://twitter.com/TuhmSG/status/1376749976420671488'],https://twitter.com/TuhmSG/status/1376749976420671488,['https://t.co/4Jn5tvbOPw'],https://t.co/4Jn5tvbOPw
156,https://twitter.com/AFatElectron/status/1375952499534753794,2021-03-27 23:26:54+00:00,"If u add in those alive now but their total health has being cut down by 60%, we have to be sorry for even more people. 

Their life has totally irreversibly changed . It has become much more suffering and painful. And they have to adapt to new them otherwise they may suicide.",1375952499534753794,AFatElectron,[],,[],
157,https://twitter.com/mikeevanteo/status/1375530866517114881,2021-03-26 19:31:29+00:00,How on Earth did they manage to make the new Suicide Squad look worse than the original one? What’s the point of it now?,1375530866517114881,mikeevanteo,[],,[],
158,https://twitter.com/DeeJayMich/status/1374990800401002499,2021-03-25 07:45:27+00:00,Fucking disgusting publishing/being a part of a video with a bit making fun of suicide. These guys think they're edgy and cool af but their lack of empathy is the brightest thing about their personality. https://t.co/hXPSg99ppB,1374990800401002499,DeeJayMich,['https://twitter.com/KEEMSTAR/status/1374775326526599175'],https://twitter.com/KEEMSTAR/status/1374775326526599175,['https://t.co/hXPSg99ppB'],https://t.co/hXPSg99ppB
159,https://twitter.com/ZhengpingLiow/status/1373902229795532801,2021-03-22 07:39:52+00:00,"I did a week long Design Thinking *wipes of sweat* to 16-17 y/o kids and I overheard this - Suicide is not about getting rid of the pain of this world, the pain is just transferred to another person. Coming from a 16/17 Y/o is just too profound. #TooTrue 
#TooDepressing",1373902229795532801,ZhengpingLiow,[],,[],
160,https://twitter.com/AwesomeEditsPr1/status/1370192626385788930,2021-03-12 01:59:13+00:00,"I want to Batfleck, Deathstroke &amp; Suicide Squad 3 movies. Make it Happen! #SnyderCut https://t.co/C5iPlWChAH",1370192626385788930,AwesomeEditsPr1,['https://twitter.com/getFANDOM/status/1370119243946061824'],https://twitter.com/getFANDOM/status/1370119243946061824,['https://t.co/C5iPlWChAH'],https://t.co/C5iPlWChAH
161,https://twitter.com/MFerrisN/status/1367704727048183813,2021-03-05 05:13:12+00:00,"Chris Benoit could not live with his shame &amp; guilt of murdering his wife, so he drugged &amp; smothered his own child &amp; then a day later, committed suicide by breaking his own neck.",1367704727048183813,MFerrisN,[],,[],
162,https://twitter.com/rmani2020/status/1365998343042732036,2021-02-28 12:12:38+00:00,@polimernews he’s said going to suicide haven’t yet?! NTK fool,1365998343042732036,rmani2020,[],,[],
163,https://twitter.com/azerahk/status/1364811956788453377,2021-02-25 05:38:22+00:00,"Harini I just got to know 2 sad and horrifying news.
1. 2 days ago ada orang suicide in my block apartment. He jumped and landed nearby the pool.
2. Few years back, ada orang suicide jugak. She jumped from area rumah sampah which is just few steps away from my unit 😭",1364811956788453377,azerahk,[],,[],
164,https://twitter.com/MissFortuneCat/status/1364001364192288775,2021-02-22 23:57:21+00:00,Dunno why people are so shook about all their Korean idols or whatever being bullies. Korean schools have always had a bullying problem. It is Korean culture. 2 out of 5 kids participate in bullying. No wonder their suicide rate for children is so high.,1364001364192288775,MissFortuneCat,[],,[],
165,https://twitter.com/MissFortuneCat/status/1360822629620355079,2021-02-14 05:26:12+00:00,"People are always like ""oh your grandpa is like that because of his dementia"". No dey, he was a terrible person before his dementia too. He used to threaten to commit suicide when my aunt didn't do what he wanted her to do. He made my grandma cry all the time.",1360822629620355079,MissFortuneCat,[],,[],
166,https://twitter.com/HeartsJeff/status/1355129391982862336,2021-01-29 12:23:18+00:00,Why do men are Soo weak in emotionally??? In real life and even showing in the dramas!!!  commiting suicide isit a solution?? 🤦🏾‍♂️,1355129391982862336,HeartsJeff,[],,[],
167,https://twitter.com/SenorAmierul/status/1352629612572884993,2021-01-22 14:50:04+00:00,I really can’t imagine what was in his head before he committing suicide. What he’s going through and everything. https://t.co/2mDrnlBQ07,1352629612572884993,SenorAmierul,['https://twitter.com/501Awani/status/1352629153326002176'],https://twitter.com/501Awani/status/1352629153326002176,['https://t.co/2mDrnlBQ07'],https://t.co/2mDrnlBQ07
168,https://twitter.com/nonoyAiny/status/1352304267529371648,2021-01-21 17:17:16+00:00,Also I'm so glad that I have my best friends that I can contact wherenever I felt down or stress. Both of us almost suicide but then God save us from the range feelings..,1352304267529371648,nonoyAiny,[],,[],
169,https://twitter.com/TheSyira/status/1352163001084755968,2021-01-21 07:55:56+00:00,Ramainya commit suicide sekarang. Aduh siapa siapa perlukan bahu carilah saya saya volunteer ni asalkan jangan diam sendiri. Sakit simpan sendiri #depression #anxiety #Berjuang Untuk Rakyat,1352163001084755968,TheSyira,[],,[],
170,https://twitter.com/DaningWahyu/status/1350635020587683840,2021-01-17 02:44:17+00:00,"""suicide""
Kata yg saat ini terngiang di pikiranku. Capek.",1350635020587683840,DaningWahyu,[],,[],
171,https://twitter.com/AFatElectron/status/1349129807376707584,2021-01-12 23:03:06+00:00,"University computers and slowly accessible using slow method by students not savvy with computer...

Eventually with pressure front them about case which goes up to 11 years in jail possibly ...

Aaron swartz killed himself.

His suicide triggered a corresponding support from",1349129807376707584,AFatElectron,[],,[],
172,https://twitter.com/nasheirlss/status/1347851604817375235,2021-01-09 10:23:59+00:00,"everytime i enter a new school, i always commit career suicide over and over again and it's unstoppable af",1347851604817375235,nasheirlss,[],,[],
173,https://twitter.com/aisyahhhhlatif_/status/1347199436762476545,2021-01-07 15:12:30+00:00,malas nak cakap pasal past time ni kalau ingat balik tuhan je tahu hati aku dengan fitnah manusia ni ya Allah sampai tahap rasa nak suicide disebabkan fitnah orang struggle nak spm . ujian betul,1347199436762476545,aisyahhhhlatif_,[],,[],
174,https://twitter.com/eddydaud/status/1346760810182262784,2021-01-06 10:09:33+00:00,@DrAmarMOH Mass suicide.,1346760810182262784,eddydaud,[],,[],
175,https://twitter.com/paraparazi/status/1345609478553550849,2021-01-03 05:54:34+00:00,commit suicide using Beheading technique in the South East Asia .,1345609478553550849,paraparazi,[],,[],
176,https://twitter.com/AFatElectron/status/1345442800360280064,2021-01-02 18:52:15+00:00,"Landed on my bed safely. 
I realized for real that health is not a given.
I really could have stroke and be permanently half paralysed now forever till I die and either I commit suicide or I adapt to new normal.

I really need to prepare for all worst case scenario.",1345442800360280064,AFatElectron,[],,[],
177,https://twitter.com/biarkasibasah/status/1344837355761332226,2021-01-01 02:46:26+00:00,@_4idill_  ride to suicide tower pe bosskur,1344837355761332226,biarkasibasah,[],,[],
